eta,gamma,controller,precision,diverged,converged,converged_step,final_loss,log_final_loss,final_alpha,min_alpha,min_update_cosine,max_grad_sat,max_curvature_proxy,max_curvature_for_control,max_hessian_lambda,max_hessian_spectral_norm,max_margin_lambda_raw,max_margin_lambda_ctrl,max_margin_norm_raw,max_margin_norm_ctrl,max_spectral_radius_raw,max_spectral_radius_ctrl,final_margin_lambda_raw,final_margin_lambda_ctrl,min_controller_feasible,min_alpha_min_bound,max_alpha_min_bound,min_alpha_max_bound,max_alpha_max_bound
0.01,1.0,gt-order-1,"ap_fixed<16,6,AP_RND,AP_SAT>",False,True,1000.0,0.093658447265625,-1.0284530465232582,1.0,0.10000000149011612,0.4137224853038788,0.0,1.106797218322754,1.106797218322754,1.082200634657274,1.082200634657274,0.010822006104682048,0.010822006104682048,0.010822006104682048,0.010822006104682048,0.9992320035581912,0.9999232003546745,0.010822006104682036,0.010822006104682036,1.0,0.0,0.0,1.0,1.0
0.011415633046188459,1.0,gt-order-1,"ap_fixed<16,6,AP_RND,AP_SAT>",False,True,1000.0,0.0755157470703125,-1.1219624768067917,1.0,0.10000000149011612,0.4024503529071808,0.0,1.15870201587677,1.15870201587677,1.082200634657274,1.082200634657274,0.012354005681234747,0.012354005681234747,0.012354005681234747,0.012354005681234747,0.9991232833992609,0.9999123283386194,0.012354005681234742,0.012354005681234742,1.0,0.0,0.0,1.0,1.0
0.013031667784522994,1.0,gt-order-1,"ap_fixed<16,6,AP_RND,AP_SAT>",False,True,1000.0,0.0606842041015625,-1.2169243396305622,1.0,0.10000000149011612,0.3925384283065796,0.0,1.3311102390289307,1.3311102390289307,1.0822006346572737,1.0822006346572737,0.014102879412411895,0.014102879412411895,0.014102879412411895,0.014102879412411895,0.9989991725098633,0.999899917249495,0.014102879412411883,0.014102879412411883,1.0,0.0,0.0,1.0,1.0
0.014876473740795015,1.0,gt-order-1,"ap_fixed<16,6,AP_RND,AP_SAT>",False,True,1000.0,0.0482177734375,-1.3167928479962885,1.0,0.10000000149011612,0.3862919509410858,0.0,1.3311102390289307,1.3311102390289307,1.082200634657274,1.082200634657274,0.016099329274234256,0.016099329274234256,0.016099329274234256,0.016099329274234256,0.9988574920880174,0.999885749207099,0.016099329274234242,0.016099329274234242,1.0,0.0,0.0,1.0,1.0
0.016982436524617443,1.0,gt-order-1,"ap_fixed<16,6,AP_RND,AP_SAT>",False,True,1000.0,0.0370635986328125,-1.431052415806851,1.0,0.10000000149011612,0.38504302501678467,0.0,1.3311102390289307,1.3311102390289307,1.082200634657274,1.082200634657274,0.01837840321214683,0.01837840321214683,0.01837840321214683,0.01837840321214683,0.9986957549148903,0.9998695754895454,0.018378403212146812,0.018378403212146812,1.0,0.0,0.0,1.0,1.0
0.019386526359522076,1.0,gt-order-1,"ap_fixed<16,6,AP_RND,AP_SAT>",False,True,1000.0,0.0283660888671875,-1.5472005408364902,1.0,0.10000000149011612,0.39283236861228943,0.0,1.3311102390289307,1.3311102390289307,1.082200634657274,1.082200634657274,0.020980110954404354,0.020980110954404354,0.020980110954404354,0.020980110954404354,0.9985111216528727,0.9998511121630687,0.020980110954404337,0.020980110954404337,1.0,0.0,0.0,1.0,1.0
0.022130947096056376,1.0,gt-order-1,"ap_fixed<16,6,AP_RND,AP_SAT>",False,True,1000.0,0.021881103515625,-1.65993077927207,1.0,0.10000000149011612,0.38737401366233826,0.0,1.1523408889770508,1.1523408889770508,1.082200634657274,1.082200634657274,0.023950125495076708,0.023950125495076708,0.023950125495076708,0.023950125495076708,0.9983003510640102,0.9998300351038683,0.023950125495076677,0.023950125495076677,1.0,0.0,0.0,1.0,1.0
0.025263877101318954,1.0,gt-order-1,"ap_fixed<16,6,AP_RND,AP_SAT>",False,True,1000.0,0.0167083740234375,-1.7770658114215694,1.0,0.10000000149011612,0.38480815291404724,0.0,1.1523408889770508,1.1523408889770508,1.082200634657274,1.082200634657274,0.027340584356964546,0.027340584356964546,0.027340584356964546,0.027340584356964546,0.998059743147433,0.9998059743118519,0.027340584356964525,0.027340584356964525,1.0,0.0,0.0,1.0,1.0
0.028840315031266057,1.0,gt-order-1,"ap_fixed<16,6,AP_RND,AP_SAT>",False,True,1000.0,0.0126800537109375,-1.896878906805338,1.0,0.10000000149011612,0.38276219367980957,0.0,1.1523408889770508,1.1523408889770508,1.082200634657274,1.082200634657274,0.031211006760471317,0.031211006760471317,0.031211006760471317,0.031211006760471317,0.9977850740513858,0.999778507401838,0.03121100676047129,0.03121100676047129,1.0,0.0,0.0,1.0,1.0
0.03292304533334065,1.0,gt-order-1,"ap_fixed<16,6,AP_RND,AP_SAT>",False,True,1000.0,0.0098419189453125,-2.0069202159443043,1.0,0.10000000149011612,0.3870621621608734,0.0,1.1336076259613037,1.1336076259613037,1.082200634657274,1.082200634657274,0.03562934181659982,0.03562934181659982,0.03562934181659982,0.03562934181659982,0.9974715216869716,0.9997471521649295,0.03562934181659979,0.03562934181659979,1.0,0.0,0.0,1.0,1.0
0.037583740428844416,1.0,gt-order-1,"ap_fixed<16,6,AP_RND,AP_SAT>",False,True,1000.0,0.0075225830078125,-2.123633011288737,1.0,0.10000000149011612,0.3936561644077301,0.0,1.1760038137435913,1.1760038137435913,1.082200634657274,1.082200634657274,0.04067314975982911,0.04067314975982911,0.04067314975982911,0.04067314975982911,0.997113581900568,0.9997113581857555,0.04067314975982907,0.04067314975982907,1.0,0.0,0.0,1.0,1.0
0.04290421892388853,1.0,gt-order-1,"ap_fixed<16,6,AP_RND,AP_SAT>",False,True,1000.0,0.0057830810546875,-2.2378407205805293,1.0,0.10000000149011612,0.39587897062301636,0.0,1.1823920011520386,1.1823920011520386,1.0822006346572737,1.0822006346572737,0.04643097467778886,0.04643097467778886,0.04643097467778886,0.04643097467778886,0.9967049710564436,0.9996704971007342,0.046430974677788825,0.046430974677788825,1.0,0.0,0.0,1.0,1.0
0.04897788193684462,1.0,gt-order-1,"ap_fixed<16,6,AP_RND,AP_SAT>",False,True,1000.0,0.004486083984375,-2.3481326001147327,1.0,0.10000000149011612,0.39662179350852966,0.0,1.1823920011520386,1.1823920011520386,1.082200634657274,1.082200634657274,0.05300389462744088,0.05300389462744088,0.05300389462744088,0.05300389462744088,0.9962385160309335,0.9996238515974882,0.05300389462744084,0.05300389462744084,1.0,0.0,0.0,1.0,1.0
0.05591135275705602,1.0,gt-order-1,"ap_fixed<16,6,AP_RND,AP_SAT>",False,True,1000.0,0.0034942626953125,-2.456644448159523,1.0,0.10000000149011612,0.3949480950832367,0.0,1.1363285779953003,1.1363285779953003,1.082200634657274,1.082200634657274,0.060507299531661646,0.060507299531661646,0.060507299531661646,0.060507299531661646,0.9957060280419089,0.9995706027977923,0.060507299531661604,0.060507299531661604,1.0,0.0,0.0,1.0,1.0
0.06382634861905485,1.0,gt-order-1,"ap_fixed<16,6,AP_RND,AP_SAT>",False,True,1000.0,0.0026092529296875,-2.5834838200651014,1.0,0.10000000149011612,0.39674603939056396,0.0,1.1329851150512695,1.1329851150512695,1.082200634657274,1.082200634657274,0.06907291096651658,0.06907291096651658,0.06907291096651658,0.06907291096651658,0.9950981593121876,0.9995098159239142,0.06907291096651653,0.06907291096651653,1.0,0.0,0.0,1.0,1.0
0.07286181745132274,1.0,gt-order-1,"ap_fixed<16,6,AP_RND,AP_SAT>",False,True,1000.0,0.0019683837890625,-2.7058902201038153,1.0,0.10000000149011612,0.4021144211292267,0.0,1.1163883209228516,1.1163883209228516,1.082200634657274,1.082200634657274,0.07885110834341007,0.07885110834341007,0.07885110834341007,0.07885110834341007,0.9944042379892719,0.9994404237905888,0.07885110834341001,0.07885110834341001,1.0,0.0,0.0,1.0,1.0
0.08317637711026708,1.0,gt-order-1,"ap_fixed<16,6,AP_RND,AP_SAT>",False,True,1000.0,0.00146484375,-2.8342086972876523,1.0,0.10000000149011612,0.4098173975944519,0.0,1.1024625301361084,1.1024625301361084,1.0822006346572737,1.0822006346572737,0.09001352520250776,0.09001352520250776,0.09001352520250776,0.09001352520250776,0.9936120838963196,0.9993612083801133,0.09001352520250769,0.09001352520250769,1.0,0.0,0.0,1.0,1.0
0.09495109992021983,1.0,gt-order-1,"ap_fixed<16,6,AP_RND,AP_SAT>",False,True,1000.0,0.001190185546875,-2.9243853275683223,1.0,0.10000000149011612,0.40475648641586304,0.0,1.1064563989639282,1.1064563989639282,1.082200634657274,1.082200634657274,0.10275614138207653,0.10275614138207653,0.10275614138207653,0.10275614138207653,0.9927077890926959,0.9992707788984033,0.10275614138207646,0.10275614138207646,1.0,0.0,0.0,1.0,1.0
0.10839269140212034,1.0,gt-order-1,"ap_fixed<16,6,AP_RND,AP_SAT>",False,True,1000.0,0.0008392333984375,-3.076117240611966,1.0,0.10000000149011612,0.4117807149887085,0.0,1.094515323638916,1.094515323638916,1.082200634657274,1.082200634657274,0.11730264126758486,0.11730264126758486,0.11730264126758486,0.11730264126758486,0.99167547955186,0.9991675479427814,0.11730264126758479,0.11730264126758479,1.0,0.0,0.0,1.0,1.0
0.12373711899353519,1.0,gt-order-1,"ap_fixed<16,6,AP_RND,AP_SAT>",False,True,1000.0,0.0006866455078125,-3.1632674162158683,1.0,0.10000000149011612,0.4301550090312958,0.0,1.1031638383865356,1.1031638383865356,1.082200634657274,1.082200634657274,0.13390838886206693,0.13390838886206693,0.13390838886206693,0.13390838886206693,0.9904970330658034,0.9990497032924198,0.13390838886206685,0.13390838886206685,1.0,0.0,0.0,1.0,1.0
0.1412537544622754,1.0,gt-order-1,"ap_fixed<16,6,AP_RND,AP_SAT>",False,True,1000.0,0.00054931640625,-3.260177429065803,1.0,0.10000000149011612,0.4160408079624176,0.0,1.1003128290176392,1.1003128290176392,1.082200634657274,1.082200634657274,0.15286490276391557,0.15286490276391557,0.15286490276391557,0.15286490276391557,0.9891517616729673,0.9989151761511316,0.15286490276391543,0.15286490276391543,1.0,0.0,0.0,1.0,1.0
0.16125010273377416,1.0,gt-order-1,"ap_fixed<16,6,AP_RND,AP_SAT>",False,True,1000.0,0.000396728515625,-3.4015065815581917,1.0,0.10000000149011612,0.4240477979183197,0.0,1.09307062625885,1.09307062625885,1.0822006346572737,1.0822006346572737,0.17450496006047334,0.17450496006047334,0.17450496006047334,0.17450496006047334,0.9876160494544062,0.998761604926987,0.17450496006047325,0.17450496006047325,1.0,0.0,0.0,1.0,1.0
0.18407720014689555,1.0,gt-order-1,"ap_fixed<16,6,AP_RND,AP_SAT>",False,True,1000.0,0.0002899169921875,-3.5377263281728744,1.0,0.10000000149011612,0.3862622380256653,0.0,1.0831167697906494,1.0831167697906494,1.082200634657274,1.082200634657274,0.19920846620881336,0.19920846620881336,0.19920846620881336,0.19920846620881336,0.9858629359707676,0.9985862935760106,0.19920846620881327,0.19920846620881327,1.0,0.0,0.0,1.0,1.0
0.21013577690467466,1.0,gt-order-1,"ap_fixed<16,6,AP_RND,AP_SAT>",False,True,1000.0,0.0002593994140625,-3.5860310075711945,1.0,0.10000000149011612,0.4551859200000763,0.0,1.0875880718231201,1.0875880718231201,1.082200634657274,1.082200634657274,0.22740906671464056,0.22740906671464056,0.22740906671464056,0.22740906671464056,0.983861647056692,0.9983861646816211,0.22740906671464034,0.22740906671464034,1.0,0.0,0.0,1.0,1.0
0.239883291901949,1.0,gt-order-1,"ap_fixed<16,6,AP_RND,AP_SAT>",False,True,1000.0,0.000152587890625,-3.816479927777507,1.0,0.10000000149011612,0.48056933283805847,0.0,1.0864208936691284,1.0864208936691284,1.082200634657274,1.082200634657274,0.25960184731930525,0.25960184731930525,0.25960184731930525,0.25960184731930525,0.9815770483679488,0.9981577048093427,0.25960184731930513,0.25960184731930513,1.0,0.0,0.0,1.0,1.0
0.27384196342643613,1.0,gt-order-1,"ap_fixed<16,6,AP_RND,AP_SAT>",False,True,1000.0,0.0001068115234375,-3.9713818865434534,1.0,0.10000000149011612,0.44172608852386475,0.0,1.0850780010223389,1.0850780010223389,1.082200634657274,1.082200634657274,0.2963519614344669,0.2963519614344669,0.2963519614344669,0.2963519614344669,0.9789690331253482,0.9978969032811961,0.2963519614344667,0.2963519614344667,1.0,0.0,0.0,1.0,1.0
0.3126079367123954,1.0,gt-order-1,"ap_fixed<16,6,AP_RND,AP_SAT>",False,True,1000.0,9.1552734375e-05,-4.038328675496402,1.0,0.10000000149011612,0.5163977742195129,0.0,1.0831955671310425,1.0831955671310425,1.0822006346572737,1.0822006346572737,0.3383045154083545,0.3383045154083545,0.3383045154083545,0.3383045154083545,0.9759918205951489,0.99759918202374,0.3383045154083543,0.3383045154083543,1.0,0.0,0.0,1.0,1.0
0.35686174928348097,1.0,gt-order-1,"ap_fixed<16,6,AP_RND,AP_SAT>",False,True,1000.0,6.103515625e-05,-4.214419932180256,1.0,0.10000000149011612,0.4728662371635437,0.0,1.0733908414840698,1.0733908414840698,1.082200634657274,1.082200634657274,0.386196001892452,0.386196001892452,0.386196001892452,0.386196001892452,0.9725931447066897,0.9972593144298295,0.3861960018924517,0.3861960018924517,1.0,0.0,0.0,1.0,1.0
0.4073802778041126,1.0,gt-order-1,"ap_fixed<16,6,AP_RND,AP_SAT>",False,True,1000.0,6.103515625e-05,-4.214419932180256,1.0,0.10000000149011612,0.5416762232780457,0.0,1.076982021331787,1.076982021331787,1.082200634657274,1.082200634657274,0.4408672006783791,0.4408672006783791,0.4408672006783791,0.4408672006783791,0.9687133385292683,0.996871333806306,0.440867200678379,0.440867200678379,1.0,0.0,0.0,1.0,1.0
0.46505037616660627,1.0,gt-order-1,"ap_fixed<16,6,AP_RND,AP_SAT>",False,True,1000.0,4.57763671875e-05,-4.339358666416729,1.0,0.10000000149011612,0.532413899898529,0.0,1.0792756080627441,1.0792756080627441,1.082200634657274,1.082200634657274,0.5032778050217052,0.5032778050217052,0.5032778050217052,0.5032778050217052,0.9642842962978008,0.9964284295765592,0.5032778050217048,0.5032778050217048,1.0,0.0,0.0,1.0,1.0
0.5308844442309882,1.0,gt-order-1,"ap_fixed<16,6,AP_RND,AP_SAT>",False,True,1000.0,4.57763671875e-05,-4.339358666416729,1.0,0.10000000149011612,0.492664635181427,0.0,1.0724891424179077,1.0724891424179077,1.082200634657274,1.082200634657274,0.5745234829987242,0.5745234829987242,0.5745234829987242,0.5745234829987242,0.9592282626334913,0.9959228262025945,0.5745234829987237,0.5745234829987237,1.0,0.0,0.0,1.0,1.0
0.606038200527066,1.0,gt-order-1,"ap_fixed<16,6,AP_RND,AP_SAT>",False,True,1000.0,3.0517578125e-05,-4.515449920728757,1.0,0.10000000149011612,0.5207556486129761,0.0,1.0722553730010986,1.0722553730010986,1.082200634657274,1.082200634657274,0.6558549384929464,0.6558549384929464,0.6558549384929464,0.6558549384929464,0.9534564798584194,0.9953456479164866,0.655854938492946,0.655854938492946,1.0,0.0,0.0,1.0,1.0
0.6918309709189363,1.0,gt-order-1,"ap_fixed<16,6,AP_RND,AP_SAT>",False,True,1000.0,3.0517578125e-05,-4.515449920728757,1.0,0.10000000149011612,0.6060914993286133,0.0,1.0736526250839233,1.0736526250839233,1.0822006346572737,1.0822006346572737,0.7486999393740718,0.7486999393740718,0.7486999393740718,0.7486999393740718,0.9468676247398081,0.9946867623948072,0.7486999393740713,0.7486999393740713,1.0,0.0,0.0,1.0,1.0
0.7897688493998856,1.0,gt-order-1,"ap_fixed<16,6,AP_RND,AP_SAT>",False,True,1000.0,1.52587890625e-05,-4.816479902161777,1.0,0.10000000149011612,0.6000000238418579,0.0,1.0729084014892578,1.0729084014892578,1.0822006346572737,1.0822006346572737,0.8546883773736321,0.8546883773736321,0.8546883773736321,0.8546883773736321,0.9393460300863582,0.9939346029182541,0.8546883773736316,0.8546883773736316,1.0,0.0,0.0,1.0,1.0
0.9015711376059565,1.0,gt-order-1,"ap_fixed<16,6,AP_RND,AP_SAT>",False,True,1000.0,1.52587890625e-05,-4.816479902161777,1.0,0.10000000149011612,0.5388158559799194,0.0,1.071498990058899,1.071498990058899,1.082200634657274,1.082200634657274,0.975680875690774,0.975680875690774,0.975680875690774,0.975680875690774,0.9307596545757244,0.9930759653543962,0.9756808756907732,0.9756808756907732,1.0,0.0,0.0,1.0,1.0
1.0292005271944276,1.0,gt-order-1,"ap_fixed<16,6,AP_RND,AP_SAT>",False,True,1000.0,1.52587890625e-05,-4.816479902161777,0.9716292023658752,0.10000000149011612,0.5773502588272095,0.0,1.0715947151184082,1.0715947151184082,1.082200634657274,1.082200634657274,1.1138014926137512,1.113801492613751,1.1138014926137512,1.113801492613751,0.9209577619033994,0.9920957760725579,1.1138014926137503,1.0822020558622194,1.0,0.0,0.0,1.0,1.0
1.174897554939529,1.0,gt-order-1,"ap_fixed<16,6,AP_RND,AP_SAT>",False,True,1000.0,0.0,-12.0,0.8511391878128052,0.10000000149011612,0.6666666865348816,0.0,1.0689510107040405,1.0689510107040405,1.082200634657274,1.082200634657274,1.2714748759301424,1.271474875930142,1.2714748759301424,1.271474875930142,0.9097682840761213,0.9909768282731561,1.271474875930141,1.0822020932235676,1.0,0.0,0.0,1.0,1.0
1.3412199354053709,1.0,gt-order-1,"ap_fixed<16,6,AP_RND,AP_SAT>",False,True,1000.0,0.0,-12.0,0.74559086561203,0.10000000149011612,0.6666666865348816,0.0,1.0691454410552979,1.0691454410552979,1.0822006346572737,1.0822006346572737,1.4514690292011114,1.4514690292011114,1.4514690292011114,1.4514690292011114,0.8969947864527223,0.9896994784917824,1.4514690292011105,1.082202049891109,1.0,0.0,0.0,1.0,1.0
1.5310874616820287,1.0,gt-order-1,"ap_fixed<16,6,AP_RND,AP_SAT>",False,True,1000.0,0.0,-12.0,0.653131365776062,0.10000000149011612,0.6666666269302368,0.0,1.0701165199279785,1.0701165199279785,1.082200634657274,1.082200634657274,1.656943883412264,1.6569438834122634,1.656943883412264,1.6569438834122634,0.8824130207995724,0.988241301904739,1.6569438834122627,1.0822020215873431,1.0,0.0,0.0,1.0,1.0
1.7478332624182173,1.0,gt-order-1,"ap_fixed<16,6,AP_RND,AP_SAT>",False,True,1000.0,0.0,-12.0,0.572137713432312,0.10000000149011612,0.6666666865348816,0.0,1.0688104629516602,1.0688104629516602,1.082200634657274,1.082200634657274,1.8915062545387589,1.8915062545387584,1.8915062545387589,1.8915062545387584,0.8915062545387583,0.9865767023161848,1.8915062545387569,1.0822020634147211,1.0,0.0,0.0,1.0,1.0
1.9952623149688795,1.0,gt-order-1,"ap_fixed<16,6,AP_RND,AP_SAT>",False,True,1000.0,1.52587890625e-05,-4.816479902161777,0.5011879205703735,0.10000000149011612,0.7071067690849304,0.0,1.0696686506271362,1.0696686506271362,1.0822006346572737,1.0822006346572737,2.159274089712975,2.1592740897129747,2.159274089712975,2.1592740897129747,1.1592740897129754,1.1592740897129752,2.159274089712974,1.0822020909647316,1.0,0.0,0.0,1.0,1.0
0.01,1.0352649238413776,gt-order-1,"ap_fixed<16,6,AP_RND,AP_SAT>",False,True,1000.0,0.0889129638671875,-1.0510349125286647,1.0,0.10000000149011612,0.4088248014450073,0.0,1.2371553182601929,1.2371553182601929,1.1598739217028846,1.1598739217028846,0.011598738957776822,0.011598738957776822,0.011598738957776822,0.011598738957776822,0.999176881793202,0.9999176881780936,0.011598738957776815,0.011598738957776815,1.0,0.0,0.0,1.0,1.0
0.011415633046188459,1.0352649238413776,gt-order-1,"ap_fixed<16,6,AP_RND,AP_SAT>",False,True,1000.0,0.0717010498046875,-1.1444744855946902,1.0,0.10000000149011612,0.3971640169620514,0.0,1.3953827619552612,1.3953827619552612,1.1598739217028848,1.1598739217028848,0.013240695449020316,0.013240695449020316,0.013240695449020316,0.013240695449020316,0.9990603584118556,0.9999060358397852,0.013240695449020299,0.013240695449020299,1.0,0.0,0.0,1.0,1.0
0.013031667784522994,1.0352649238413776,gt-order-1,"ap_fixed<16,6,AP_RND,AP_SAT>",False,True,1000.0,0.057708740234375,-1.2387584061071526,1.0,0.10000000149011612,0.39039257168769836,0.0,1.3953827619552612,1.3953827619552612,1.1598739217028846,1.1598739217028846,0.015115091903967879,0.015115091903967879,0.015115091903967879,0.015115091903967879,0.9989273396540025,0.9998927339638017,0.015115091903967865,0.015115091903967865,1.0,0.0,0.0,1.0,1.0
0.014876473740795015,1.0352649238413776,gt-order-1,"ap_fixed<16,6,AP_RND,AP_SAT>",False,True,1000.0,0.04510498046875,-1.3457755008912824,1.0,0.10000000149011612,0.3868376910686493,0.0,1.3953827619552612,1.3953827619552612,1.1598739217028846,1.1598739217028846,0.017254833885775558,0.017254833885775558,0.017254833885775558,0.017254833885775558,0.998775490337496,0.9998775490319247,0.01725483388577554,0.01725483388577554,1.0,0.0,0.0,1.0,1.0
0.016982436524617443,1.0352649238413776,gt-order-1,"ap_fixed<16,6,AP_RND,AP_SAT>",False,True,1000.0,0.0347442626953125,-1.4591168999960566,1.0,0.10000000149011612,0.38363441824913025,0.0,1.3953827619552612,1.3953827619552612,1.1598739217028844,1.1598739217028844,0.019697484852298643,0.019697484852298643,0.019697484852298643,0.019697484852298643,0.9986021447271914,0.9998602144706359,0.01969748485229863,0.01969748485229863,1.0,0.0,0.0,1.0,1.0
0.019386526359522076,1.0352649238413776,gt-order-1,"ap_fixed<16,6,AP_RND,AP_SAT>",False,True,1000.0,0.0264892578125,-1.576930209766831,1.0,0.10000000149011612,0.3898527920246124,0.0,1.3953827619552612,1.3953827619552612,1.1598739217028844,1.1598739217028844,0.02248592616853633,0.02248592616853633,0.02248592616853633,0.02248592616853633,0.9984042596963842,0.9998404259672607,0.022485926168536313,0.022485926168536313,1.0,0.0,0.0,1.0,1.0
0.022130947096056376,1.0352649238413776,gt-order-1,"ap_fixed<16,6,AP_RND,AP_SAT>",False,True,1000.0,0.0206298828125,-1.6855032389970304,1.0,0.10000000149011612,0.3904693126678467,0.0,1.1955894231796265,1.1955894231796265,1.1598739217028848,1.1598739217028848,0.025669108937501538,0.025669108937501538,0.025669108937501538,0.025669108937501538,0.998178361372244,0.9998178361345098,0.025669108937501506,0.025669108937501506,1.0,0.0,0.0,1.0,1.0
0.025263877101318954,1.0352649238413776,gt-order-1,"ap_fixed<16,6,AP_RND,AP_SAT>",False,True,1000.0,0.0157470703125,-1.8028002333049273,1.0,0.10000000149011612,0.3909585773944855,0.0,1.1955894231796265,1.1955894231796265,1.1598739217028846,1.1598739217028846,0.02930291277255061,0.02930291277255061,0.02930291277255061,0.02930291277255061,0.9979204841920221,0.9997920484161034,0.029302912772550583,0.029302912772550583,1.0,0.0,0.0,1.0,1.0
0.028840315031266057,1.0352649238413776,gt-order-1,"ap_fixed<16,6,AP_RND,AP_SAT>",False,True,1000.0,0.011810302734375,-1.927738969904034,1.0,0.10000000149011612,0.39238664507865906,0.0,1.1955894231796265,1.1955894231796265,1.1598739217028844,1.1598739217028844,0.03345112879464137,0.03345112879464137,0.03345112879464137,0.03345112879464137,0.9976261011434902,0.9997626101108116,0.03345112879464136,0.03345112879464136,1.0,0.0,0.0,1.0,1.0
0.03292304533334065,1.0352649238413776,gt-order-1,"ap_fixed<16,6,AP_RND,AP_SAT>",False,True,1000.0,0.0091552734375,-2.038328680192619,1.0,0.10000000149011612,0.3899914026260376,0.0,1.2459192276000977,1.2459192276000977,1.1598739217028846,1.1598739217028846,0.03818658305777075,0.03818658305777075,0.03818658305777075,0.03818658305777075,0.9972900440397281,0.9997290043999345,0.03818658305777073,0.03818658305777073,1.0,0.0,0.0,1.0,1.0
0.037583740428844416,1.0352649238413776,gt-order-1,"ap_fixed<16,6,AP_RND,AP_SAT>",False,True,1000.0,0.0068511962890625,-2.164233589556986,1.0,0.10000000149011612,0.3885798156261444,0.0,1.2348666191101074,1.2348666191101074,1.1598739217028848,1.1598739217028848,0.043592402563025656,0.043592402563025656,0.043592402563025656,0.043592402563025656,0.9969064136749409,0.999690641362884,0.0435924025630256,0.0435924025630256,1.0,0.0,0.0,1.0,1.0
0.04290421892388853,1.0352649238413776,gt-order-1,"ap_fixed<16,6,AP_RND,AP_SAT>",False,True,1000.0,0.00531005859375,-2.274900686595331,1.0,0.10000000149011612,0.39606520533561707,0.0,1.2348666191101074,1.2348666191101074,1.1598739217028848,1.1598739217028848,0.04976348651381965,0.04976348651381965,0.04976348651381965,0.04976348651381965,0.9964684754150946,0.999646847536247,0.049763486513819614,0.049763486513819614,1.0,0.0,0.0,1.0,1.0
0.04897788193684462,1.0352649238413776,gt-order-1,"ap_fixed<16,6,AP_RND,AP_SAT>",False,True,1000.0,0.0040740966796875,-2.389968669152525,1.0,0.10000000149011612,0.3887147307395935,0.0,1.2348666191101074,1.2348666191101074,1.1598739217028844,1.1598739217028844,0.05680816768928059,0.05680816768928059,0.05680816768928059,0.05680816768928059,0.9959685412965911,0.9995968541236518,0.05680816768928056,0.05680816768928056,1.0,0.0,0.0,1.0,1.0
0.05591135275705602,1.0352649238413776,gt-order-1,"ap_fixed<16,6,AP_RND,AP_SAT>",False,True,1000.0,0.0031890869140625,-2.4963336443764637,1.0,0.10000000149011612,0.376552551984787,0.0,1.1805896759033203,1.1805896759033203,1.1598739217028846,1.1598739217028846,0.06485011794662765,0.06485011794662765,0.06485011794662765,0.06485011794662765,0.9953978348000411,0.9995397834731461,0.06485011794662757,0.06485011794662757,1.0,0.0,0.0,1.0,1.0
0.06382634861905485,1.0352649238413776,gt-order-1,"ap_fixed<16,6,AP_RND,AP_SAT>",False,True,1000.0,0.0023651123046875,-2.6261482322697822,1.0,0.10000000149011612,0.376028448343277,0.0,1.2072211503982544,1.2072211503982544,1.1598739217028848,1.1598739217028848,0.0740305129755722,0.0740305129755722,0.0740305129755722,0.0740305129755722,0.9947463372259139,0.9994746337147628,0.07403051297557209,0.07403051297557209,1.0,0.0,0.0,1.0,1.0
0.07286181745132274,1.0352649238413776,gt-order-1,"ap_fixed<16,6,AP_RND,AP_SAT>",False,True,1000.0,0.0018463134765625,-2.7336945600720264,1.0,0.10000000149011612,0.40049871802330017,0.0,1.1881382465362549,1.1881382465362549,1.1598739217028848,1.1598739217028848,0.08451052543861615,0.08451052543861615,0.08451052543861615,0.08451052543861615,0.9940026107658902,0.9994002610676523,0.08451052543861609,0.08451052543861609,1.0,0.0,0.0,1.0,1.0
0.08317637711026708,1.0352649238413776,gt-order-1,"ap_fixed<16,6,AP_RND,AP_SAT>",False,True,1000.0,0.0013427734375,-2.8719972581500994,1.0,0.10000000149011612,0.3931770324707031,0.0,1.1809685230255127,1.1809685230255127,1.1598739217028844,1.1598739217028844,0.09647410760944371,0.09647410760944371,0.09647410760944371,0.09647410760944371,0.9931536010296436,0.9993153600927625,0.0964741076094436,0.0964741076094436,1.0,0.0,0.0,1.0,1.0
0.09495109992021983,1.0352649238413776,gt-order-1,"ap_fixed<16,6,AP_RND,AP_SAT>",False,True,1000.0,0.00103759765625,-2.983971017498905,1.0,0.10000000149011612,0.3899458944797516,0.0,1.1844985485076904,1.1844985485076904,1.1598739217028846,1.1598739217028846,0.11013130547796256,0.11013130547796256,0.11013130547796256,0.11013130547796256,0.9921844018554619,0.9992184401739,0.11013130547796246,0.11013130547796246,1.0,0.0,0.0,1.0,1.0
0.10839269140212034,1.0352649238413776,gt-order-1,"ap_fixed<16,6,AP_RND,AP_SAT>",False,True,1000.0,0.0007781982421875,-3.1089097539676858,1.0,0.10000000149011612,0.37771475315093994,0.0,1.1680079698562622,1.1680079698562622,1.1598739217028846,1.1598739217028846,0.12572185803257124,0.12572185803257124,0.12572185803257124,0.12572185803257124,0.9910779998829318,0.9991077999749981,0.12572185803257113,0.12572185803257113,1.0,0.0,0.0,1.0,1.0
0.12373711899353519,1.0352649238413776,gt-order-1,"ap_fixed<16,6,AP_RND,AP_SAT>",False,True,1000.0,0.0006103515625,-3.2144199385841885,1.0,0.10000000149011612,0.39460259675979614,0.0,1.1621007919311523,1.1621007919311523,1.1598739217028848,1.1598739217028848,0.14351945763508847,0.14351945763508847,0.14351945763508847,0.14351945763508847,0.9898149722104005,0.998981497205863,0.1435194576350883,0.1435194576350883,1.0,0.0,0.0,1.0,1.0
0.1412537544622754,1.0352649238413776,gt-order-1,"ap_fixed<16,6,AP_RND,AP_SAT>",False,True,1000.0,0.00048828125,-3.311329951414358,1.0,0.10000000149011612,0.3879454433917999,0.0,1.1760987043380737,1.1760987043380737,1.1598739217028844,1.1598739217028844,0.16383654618319818,0.16383654618319818,0.16383654618319818,0.16383654618319818,0.9883731460296437,0.998837314585639,0.1638365461831981,0.1638365461831981,1.0,0.0,0.0,1.0,1.0
0.16125010273377416,1.0352649238413776,gt-order-1,"ap_fixed<16,6,AP_RND,AP_SAT>",False,True,1000.0,0.0003509521484375,-3.4547520933686315,1.0,0.10000000149011612,0.37336283922195435,0.0,1.1578887701034546,1.1578887701034546,1.1598739217028846,1.1598739217028846,0.1870297853281582,0.1870297853281582,0.1870297853281582,0.1870297853281582,0.9867272104254077,0.9986727210227627,0.1870297853281581,0.1870297853281581,1.0,0.0,0.0,1.0,1.0
0.18407720014689555,1.0352649238413776,gt-order-1,"ap_fixed<16,6,AP_RND,AP_SAT>",False,True,1000.0,0.0002593994140625,-3.5860310075711945,1.0,0.10000000149011612,0.4208584129810333,0.0,1.1624534130096436,1.1624534130096436,1.1598739217028848,1.1598739217028848,0.21350634765725043,0.21350634765725043,0.21350634765725043,0.21350634765725043,0.9848482699142156,0.9984848269688438,0.21350634765725002,0.21350634765725002,1.0,0.0,0.0,1.0,1.0
0.21013577690467466,1.0352649238413776,gt-order-1,"ap_fixed<16,6,AP_RND,AP_SAT>",False,True,1000.0,0.000213623046875,-3.6703518929124668,1.0,0.10000000149011612,0.3851855993270874,0.0,1.156179428100586,1.156179428100586,1.1598739217028844,1.1598739217028844,0.24373100291577265,0.24373100291577265,0.24373100291577265,0.24373100291577265,0.9827033415622576,0.9982703341304517,0.24373100291577246,0.24373100291577246,1.0,0.0,0.0,1.0,1.0
0.239883291901949,1.0352649238413776,gt-order-1,"ap_fixed<16,6,AP_RND,AP_SAT>",False,True,1000.0,0.0001220703125,-3.913389940074015,1.0,0.10000000149011612,0.40050092339515686,0.0,1.1580685377120972,1.1580685377120972,1.1598739217028844,1.1598739217028844,0.2782343708631387,0.2782343708631387,0.2782343708631387,0.2782343708631387,0.9802547693117114,0.9980254769017483,0.27823437086313846,0.27823437086313846,1.0,0.0,0.0,1.0,1.0
0.27384196342643613,1.0352649238413776,gt-order-1,"ap_fixed<16,6,AP_RND,AP_SAT>",False,True,1000.0,0.0001068115234375,-3.9713818865434534,1.0,0.10000000149011612,0.44038552045822144,0.0,1.1585932970046997,1.1585932970046997,1.1598739217028844,1.1598739217028844,0.31762216792840314,0.31762216792840314,0.31762216792840314,0.31762216792840314,0.9774595677809139,0.9977459567445036,0.3176221679284029,0.3176221679284029,1.0,0.0,0.0,1.0,1.0
0.3126079367123954,1.0352649238413776,gt-order-1,"ap_fixed<16,6,AP_RND,AP_SAT>",False,True,1000.0,7.62939453125e-05,-4.117509920595296,1.0,0.10000000149011612,0.40637126564979553,0.0,1.154503345489502,1.154503345489502,1.1598739217028846,1.1598739217028846,0.3625858019763126,0.3625858019763126,0.3625858019763126,0.3625858019763126,0.9742686703942769,0.997426867001085,0.3625858019763122,0.3625858019763122,1.0,0.0,0.0,1.0,1.0
0.35686174928348097,1.0352649238413776,gt-order-1,"ap_fixed<16,6,AP_RND,AP_SAT>",False,True,1000.0,6.103515625e-05,-4.214419932180256,1.0,0.10000000149011612,0.4728662371635437,0.0,1.148890495300293,1.148890495300293,1.1598739217028848,1.1598739217028848,0.41391462628631004,0.41391462628631004,0.41391462628631004,0.41391462628631004,0.9706260597641974,0.9970626059326493,0.41391462628630954,0.41391462628630954,1.0,0.0,0.0,1.0,1.0
0.4073802778041126,1.0352649238413776,gt-order-1,"ap_fixed<16,6,AP_RND,AP_SAT>",False,True,1000.0,6.103515625e-05,-4.214419932180256,1.0,0.10000000149011612,0.5482823252677917,0.0,1.1485978364944458,1.1485978364944458,1.1598739217028844,1.1598739217028844,0.472509766327152,0.472509766327152,0.472509766327152,0.472509766327152,0.9664677864576685,0.9966467785957998,0.472509766327152,0.472509766327152,1.0,0.0,0.0,1.0,1.0
0.46505037616660627,1.0352649238413776,gt-order-1,"ap_fixed<16,6,AP_RND,AP_SAT>",False,True,1000.0,4.57763671875e-05,-4.339358666416729,1.0,0.10000000149011612,0.5282705426216125,0.0,1.1489026546478271,1.1489026546478271,1.1598739217028846,1.1598739217028846,0.5393997958626325,0.5393997958626325,0.5393997958626325,0.5393997958626325,0.9617208565229259,0.9961720855952522,0.5393997958626322,0.5393997958626322,1.0,0.0,0.0,1.0,1.0
0.5308844442309882,1.0352649238413776,gt-order-1,"ap_fixed<16,6,AP_RND,AP_SAT>",False,True,1000.0,3.0517578125e-05,-4.515449920728757,1.0,0.10000000149011612,0.42163699865341187,0.0,1.1504402160644531,1.1504402160644531,1.1598739217028844,1.1598739217028844,0.6157590228610127,0.6157590228610127,0.6157590228610127,0.6157590228610127,0.956301933808291,0.9956301933157138,0.6157590228610123,0.6157590228610123,1.0,0.0,0.0,1.0,1.0
0.606038200527066,1.0352649238413776,gt-order-1,"ap_fixed<16,6,AP_RND,AP_SAT>",False,True,1000.0,3.0517578125e-05,-4.515449920728757,1.0,0.10000000149011612,0.5207556486129761,0.0,1.1519372463226318,1.1519372463226318,1.1598739217028848,1.1598739217028848,0.70292791855452,0.70292791855452,0.70292791855452,0.70292791855452,0.9501158901898397,0.9950115889446511,0.7029279185545192,0.7029279185545192,1.0,0.0,0.0,1.0,1.0
0.6918309709189363,1.0352649238413776,gt-order-1,"ap_fixed<16,6,AP_RND,AP_SAT>",False,True,1000.0,1.52587890625e-05,-4.816479902161777,1.0,0.10000000149011612,0.5883484482765198,0.0,1.1505203247070312,1.1505203247070312,1.1598739217028846,1.1598739217028846,0.8024367266570055,0.8024367266570055,0.8024367266570055,0.8024367266570055,0.9430541301153926,0.9943054129266831,0.8024367266570049,0.8024367266570049,1.0,0.0,0.0,1.0,1.0
0.7897688493998856,1.0352649238413776,gt-order-1,"ap_fixed<16,6,AP_RND,AP_SAT>",False,True,1000.0,1.52587890625e-05,-4.816479902161777,1.0,0.10000000149011612,0.5669466853141785,0.0,1.1486283540725708,1.1486283540725708,1.1598739217028844,1.1598739217028844,0.9160323218736403,0.9160323218736403,0.9160323218736403,0.9160323218736403,0.9349926845586564,0.9934992683589973,0.9160323218736394,0.9160323218736394,1.0,0.0,0.0,1.0,1.0
0.9015711376059565,1.0352649238413776,gt-order-1,"ap_fixed<16,6,AP_RND,AP_SAT>",False,True,1000.0,1.52587890625e-05,-4.816479902161777,1.0,0.10000000149011612,0.5388158559799194,0.0,1.1500810384750366,1.1500810384750366,1.1598739217028844,1.1598739217028844,1.045708870773629,1.045708870773629,1.045708870773629,1.045708870773629,0.9257900351341865,0.9925790034028371,1.0457088707736284,1.0457088707736284,1.0,0.0,0.0,1.0,1.0
1.0292005271944276,1.0352649238413776,gt-order-1,"ap_fixed<16,6,AP_RND,AP_SAT>",False,True,1000.0,1.52587890625e-05,-4.816479902161777,0.9716292023658752,0.10000000149011612,0.4472135603427887,0.0,1.1478995084762573,1.1478995084762573,1.1598739217028848,1.1598739217028848,1.193742882663865,1.1937428826638645,1.193742882663865,1.1937428826638645,0.9152846266707461,0.9915284625408389,1.193742882663864,1.1598754449126307,1.0,0.0,0.0,1.0,1.0
1.174897554939529,1.0352649238413776,gt-order-1,"ap_fixed<16,6,AP_RND,AP_SAT>",False,True,1000.0,0.0,-12.0,0.8511391878128052,0.10000000149011612,0.6324555277824402,0.0,1.145889163017273,1.145889163017273,1.1598739217028846,1.1598739217028846,1.3627330306998269,1.3627330306998267,1.3627330306998269,1.3627330306998267,0.903292041259149,0.9903292039818086,1.3627330306998253,1.159875484955532,1.0,0.0,0.0,1.0,1.0
1.3412199354053709,1.0352649238413776,gt-order-1,"ap_fixed<16,6,AP_RND,AP_SAT>",False,True,1000.0,0.0,-12.0,0.74559086561203,0.10000000149011612,0.8164965510368347,0.0,1.146373987197876,1.146373987197876,1.1598739217028846,1.1598739217028846,1.5556459876434399,1.5556459876434394,1.5556459876434399,1.5556459876434394,0.8896017454635757,0.988960174381851,1.5556459876434383,1.1598754385129526,1.0,0.0,0.0,1.0,1.0
1.5310874616820287,1.0352649238413776,gt-order-1,"ap_fixed<16,6,AP_RND,AP_SAT>",False,True,1000.0,0.0,-12.0,0.653131365776062,0.10000000149011612,0.6666666269302368,0.0,1.1455881595611572,1.1455881595611572,1.1598739217028846,1.1598739217028846,1.775868483669506,1.7758684836695056,1.775868483669506,1.7758684836695056,0.8739733959778667,0.9873973394099921,1.7758684836695042,1.1598754081777276,1.0,0.0,0.0,1.0,1.0
1.7478332624182173,1.0352649238413776,gt-order-1,"ap_fixed<16,6,AP_RND,AP_SAT>",False,True,1000.0,0.0,-12.0,0.572137713432312,0.10000000149011612,0.6666666865348816,0.0,1.1470075845718384,1.1470075845718384,1.1598739217028844,1.1598739217028844,2.027266208425577,2.027266208425577,2.027266208425577,2.027266208425577,1.0272662084255773,1.0272662084255764,2.027266208425575,1.1598754530072015,1.0,0.0,0.0,1.0,1.0
1.9952623149688795,1.0352649238413776,gt-order-1,"ap_fixed<16,6,AP_RND,AP_SAT>",False,True,1000.0,0.0,-12.0,0.5011879205703735,0.10000000149011612,0.8164966106414795,0.0,1.1463173627853394,1.1463173627853394,1.1598739217028844,1.1598739217028844,2.3142526683695483,2.314252668369548,2.3142526683695483,2.314252668369548,1.314252668369549,1.3142526683695477,2.3142526683695466,1.1598754825345714,1.0,0.0,0.0,1.0,1.0
0.01,1.0717734625362931,gt-order-1,"ap_fixed<16,6,AP_RND,AP_SAT>",False,True,1000.0,0.084442138671875,-1.0734407758136228,1.0,0.10000000149011612,0.40474897623062134,0.0,1.2403979301452637,1.2403979301452637,1.2431220891194494,1.2431220891194494,0.012431220613335054,0.012431220613335054,0.012431220613335054,0.012431220613335054,0.9991178037519918,0.9999117803738846,0.012431220613335051,0.012431220613335051,1.0,0.0,0.0,1.0,1.0
0.011415633046188459,1.0717734625362931,gt-order-1,"ap_fixed<16,6,AP_RND,AP_SAT>",False,True,1000.0,0.068023681640625,-1.1673398664730956,1.0,0.10000000149011612,0.39405789971351624,0.0,1.3311102390289307,1.3311102390289307,1.2431220891194497,1.2431220891194497,0.014191026007218822,0.014191026007218822,0.014191026007218822,0.014191026007218822,0.9989929170844632,0.9998992917069456,0.014191026007218811,0.014191026007218811,1.0,0.0,0.0,1.0,1.0
0.013031667784522994,1.0717734625362931,gt-order-1,"ap_fixed<16,6,AP_RND,AP_SAT>",False,True,1000.0,0.0543975830078125,-1.264420396427831,1.0,0.10000000149011612,0.391823410987854,0.0,1.3311102390289307,1.3311102390289307,1.2431220891194497,1.2431220891194497,0.01619995438582357,0.01619995438582357,0.01619995438582357,0.01619995438582357,0.9988503511101918,0.9998850351093062,0.01619995438582356,0.01619995438582356,1.0,0.0,0.0,1.0,1.0
0.014876473740795015,1.0717734625362931,gt-order-1,"ap_fixed<16,6,AP_RND,AP_SAT>",False,True,1000.0,0.0420684814453125,-1.376043164507602,1.0,0.10000000149011612,0.383695125579834,0.0,1.3311102390289307,1.3311102390289307,1.2431220891194497,1.2431220891194497,0.018493273058508352,0.018493273058508352,0.018493273058508352,0.018493273058508352,0.9986876030429297,0.9998687603023375,0.018493273058508338,0.018493273058508338,1.0,0.0,0.0,1.0,1.0
0.016982436524617443,1.0717734625362931,gt-order-1,"ap_fixed<16,6,AP_RND,AP_SAT>",False,True,1000.0,0.0325164794921875,-1.487896480896141,1.0,0.10000000149011612,0.3865858316421509,0.0,1.3311102390289307,1.3311102390289307,1.2431220891194497,1.2431220891194497,0.02111124154256197,0.02111124154256197,0.02111124154256197,0.02111124154256197,0.998501815818499,0.9998501815796172,0.02111124154256195,0.02111124154256195,1.0,0.0,0.0,1.0,1.0
0.019386526359522076,1.0717734625362931,gt-order-1,"ap_fixed<16,6,AP_RND,AP_SAT>",False,True,1000.0,0.024688720703125,-1.6075014133298549,1.0,0.10000000149011612,0.383514404296875,0.0,1.3286504745483398,1.3286504745483398,1.2431220891194497,1.2431220891194497,0.024099818947026053,0.024099818947026053,0.024099818947026053,0.024099818947026053,0.9982897278944641,0.9998289727868979,0.024099818947026043,0.024099818947026043,1.0,0.0,0.0,1.0,1.0
0.022130947096056376,1.0717734625362931,gt-order-1,"ap_fixed<16,6,AP_RND,AP_SAT>",False,True,1000.0,0.0191802978515625,-1.7171446529150987,1.0,0.10000000149011612,0.38475415110588074,0.0,1.3286504745483398,1.3286504745483398,1.2431220891194497,1.2431220891194497,0.027511469765069622,0.027511469765069622,0.027511469765069622,0.027511469765069622,0.998047616066124,0.9998047616037031,0.027511469765069595,0.027511469765069595,1.0,0.0,0.0,1.0,1.0
0.025263877101318954,1.0717734625362931,gt-order-1,"ap_fixed<16,6,AP_RND,AP_SAT>",False,True,1000.0,0.0146331787109375,-1.8346613234233569,1.0,0.10000000149011612,0.3879545331001282,0.0,1.3286504745483398,1.3286504745483398,1.2431220891194497,1.2431220891194497,0.03140608428338244,0.03140608428338244,0.03140608428338244,0.03140608428338244,0.9977712301485729,0.9997771230115361,0.031406084283382416,0.031406084283382416,1.0,0.0,0.0,1.0,1.0
0.028840315031266057,1.0717734625362931,gt-order-1,"ap_fixed<16,6,AP_RND,AP_SAT>",False,True,1000.0,0.0110321044921875,-1.957341633289802,1.0,0.10000000149011612,0.3928508162498474,0.0,1.3286504745483398,1.3286504745483398,1.2431220891194497,1.2431220891194497,0.035852032132549796,0.035852032132549796,0.035852032132549796,0.035852032132549796,0.9974557182102546,0.9997455718172343,0.03585203213254976,0.03585203213254976,1.0,0.0,0.0,1.0,1.0
0.03292304533334065,1.0717734625362931,gt-order-1,"ap_fixed<16,6,AP_RND,AP_SAT>",False,True,1000.0,0.0085296630859375,-2.06906812268636,1.0,0.10000000149011612,0.4033437669277191,0.0,1.2841256856918335,1.2841256856918335,1.2431220891194494,1.2431220891194494,0.040927366344623704,0.040927366344623704,0.040927366344623704,0.040927366344623704,0.9970955411255941,0.9997095541082314,0.0409273663446237,0.0409273663446237,1.0,0.0,0.0,1.0,1.0
0.037583740428844416,1.0717734625362931,gt-order-1,"ap_fixed<16,6,AP_RND,AP_SAT>",False,True,1000.0,0.0065460205078125,-2.18402263837263,1.0,0.10000000149011612,0.3920420706272125,0.0,1.3138467073440552,1.3138467073440552,1.2431220891194494,1.2431220891194494,0.0467211802333858,0.0467211802333858,0.0467211802333858,0.0467211802333858,0.9966843762823892,0.9996684376232983,0.04672118023338578,0.04672118023338578,1.0,0.0,0.0,1.0,1.0
0.04290421892388853,1.0717734625362931,gt-order-1,"ap_fixed<16,6,AP_RND,AP_SAT>",False,True,1000.0,0.004974365234375,-2.3032623304684536,1.0,0.10000000149011612,0.39509955048561096,0.0,1.3138467073440552,1.3138467073440552,1.2431220891194497,1.2431220891194497,0.05333518424666654,0.05333518424666654,0.05333518424666654,0.05333518424666654,0.9962150056786232,0.9996215005622224,0.053335184246666494,0.053335184246666494,1.0,0.0,0.0,1.0,1.0
0.04897788193684462,1.0717734625362931,gt-order-1,"ap_fixed<16,6,AP_RND,AP_SAT>",False,True,1000.0,0.0037689208984375,-2.423782977248803,1.0,0.10000000149011612,0.3985370099544525,0.0,1.3138467073440552,1.3138467073440552,1.2431220891194497,1.2431220891194497,0.060885486582253324,0.060885486582253324,0.060885486582253324,0.060885486582253324,0.9956791895589542,0.9995679189494572,0.06088548658225327,0.06088548658225327,1.0,0.0,0.0,1.0,1.0
0.05591135275705602,1.0717734625362931,gt-order-1,"ap_fixed<16,6,AP_RND,AP_SAT>",False,True,1000.0,0.0030364990234375,-2.5176268540709676,1.0,0.10000000149011612,0.4056369364261627,0.0,1.3001532554626465,1.3001532554626465,1.2431220891194497,1.2431220891194497,0.0695046354547709,0.0695046354547709,0.0695046354547709,0.0695046354547709,0.9950675214828357,0.9995067521409335,0.06950463545477083,0.06950463545477083,1.0,0.0,0.0,1.0,1.0
0.06382634861905485,1.0717734625362931,gt-order-1,"ap_fixed<16,6,AP_RND,AP_SAT>",False,True,1000.0,0.00225830078125,-2.6462182150364315,1.0,0.10000000149011612,0.41029083728790283,0.0,1.3001532554626465,1.3001532554626465,1.2431220891194497,1.2431220891194497,0.07934393922200116,0.07934393922200116,0.07934393922200116,0.07934393922200116,0.9943692636740122,0.9994369263590105,0.07934393922200107,0.07934393922200107,1.0,0.0,0.0,1.0,1.0
0.07286181745132274,1.0717734625362931,gt-order-1,"ap_fixed<16,6,AP_RND,AP_SAT>",False,True,1000.0,0.001708984375,-2.7672619076993934,1.0,0.10000000149011612,0.39830419421195984,0.0,1.263033390045166,1.263033390045166,1.2431220891194497,1.2431220891194497,0.09057613846649312,0.09057613846649312,0.09057613846649312,0.09057613846649312,0.9935721573930937,0.999357215729731,0.09057613846649303,0.09057613846649303,1.0,0.0,0.0,1.0,1.0
0.08317637711026708,1.0717734625362931,gt-order-1,"ap_fixed<16,6,AP_RND,AP_SAT>",False,True,1000.0,0.0012664794921875,-2.8974018379047104,1.0,0.10000000149011612,0.4019070565700531,0.0,1.261978268623352,1.261978268623352,1.2431220891194497,1.2431220891194497,0.10339838835354687,0.10339838835354687,0.10339838835354687,0.10339838835354687,0.9926622112909984,0.9992662211181657,0.1033983883535468,0.1033983883535468,1.0,0.0,0.0,1.0,1.0
0.09495109992021983,1.0717734625362931,gt-order-1,"ap_fixed<16,6,AP_RND,AP_SAT>",False,True,1000.0,0.0009613037109375,-3.0171393807183406,1.0,0.10000000149011612,0.4081840217113495,0.0,1.2642093896865845,1.2642093896865845,1.2431220891194497,1.2431220891194497,0.11803581060104855,0.11803581060104855,0.11803581060104855,0.11803581060104855,0.9916234493392226,0.9991623449214401,0.11803581060104852,0.11803581060104852,1.0,0.0,0.0,1.0,1.0
0.10839269140212034,1.0717734625362931,gt-order-1,"ap_fixed<16,6,AP_RND,AP_SAT>",False,True,1000.0,0.000701904296875,-3.153722098323388,1.0,0.10000000149011612,0.41371437907218933,0.0,1.2540066242218018,1.2540066242218018,1.2431220891194494,1.2431220891194494,0.13474535109468883,0.13474535109468883,0.13474535109468883,0.13474535109468883,0.9904376370696193,0.9990437636927131,0.13474535109468874,0.13474535109468874,1.0,0.0,0.0,1.0,1.0
0.12373711899353519,1.0717734625362931,gt-order-1,"ap_fixed<16,6,AP_RND,AP_SAT>",False,True,1000.0,0.0005645751953125,-3.248278205787463,1.0,0.10000000149011612,0.4145880937576294,0.0,1.2477400302886963,1.2477400302886963,1.2431220891194494,1.2431220891194494,0.15382034604475214,0.15382034604475214,0.15382034604475214,0.15382034604475214,0.9890839575316921,0.9989083957369029,0.15382034604475198,0.15382034604475198,1.0,0.0,0.0,1.0,1.0
0.1412537544622754,1.0717734625362931,gt-order-1,"ap_fixed<16,6,AP_RND,AP_SAT>",False,True,1000.0,0.0004425048828125,-3.3540819317432975,1.0,0.10000000149011612,0.41256847977638245,0.0,1.2516508102416992,1.2516508102416992,1.2431220891194497,1.2431220891194497,0.17559566238574742,0.17559566238574742,0.17559566238574742,0.17559566238574742,0.9875386464980659,0.9987538646312377,0.17559566238574728,0.17559566238574728,1.0,0.0,0.0,1.0,1.0
0.16125010273377416,1.0717734625362931,gt-order-1,"ap_fixed<16,6,AP_RND,AP_SAT>",False,True,1000.0,0.000335693359375,-3.474057248507769,1.0,0.10000000149011612,0.4225001335144043,0.0,1.2417365312576294,1.2417365312576294,1.2431220891194497,1.2431220891194497,0.20045356061058164,0.20045356061058164,0.20045356061058164,0.20045356061058164,0.9857745764015375,0.9985774576189562,0.2004535606105815,0.2004535606105815,1.0,0.0,0.0,1.0,1.0
0.18407720014689555,1.0717734625362931,gt-order-1,"ap_fixed<16,6,AP_RND,AP_SAT>",False,True,1000.0,0.000244140625,-3.612359946188904,1.0,0.10000000149011612,0.392857164144516,0.0,1.2356503009796143,1.2356503009796143,1.2431220891194497,1.2431220891194497,0.22883043749295853,0.22883043749295853,0.22883043749295853,0.22883043749295853,0.9837607778298202,0.9983760777587836,0.22883043749295837,0.22883043749295837,1.0,0.0,0.0,1.0,1.0
0.21013577690467466,1.0717734625362931,gt-order-1,"ap_fixed<16,6,AP_RND,AP_SAT>",False,True,1000.0,0.00018310546875,-3.7372986822042473,1.0,0.10000000149011612,0.43549415469169617,0.0,1.2299970388412476,1.2299970388412476,1.2431220891194497,1.2431220891194497,0.2612244209120582,0.2612244209120582,0.2612244209120582,0.2612244209120582,0.9814619005498426,0.9981461900273605,0.261224420912058,0.261224420912058,1.0,0.0,0.0,1.0,1.0
0.239883291901949,1.0717734625362931,gt-order-1,"ap_fixed<16,6,AP_RND,AP_SAT>",False,True,1000.0,0.0001220703125,-3.913389940074015,1.0,0.10000000149011612,0.4210526645183563,0.0,1.2405434846878052,1.2405434846878052,1.2431220891194497,1.2431220891194497,0.298204215044695,0.298204215044695,0.298204215044695,0.298204215044695,0.9788375857982446,0.9978837585482901,0.2982042150446948,0.2982042150446948,1.0,0.0,0.0,1.0,1.0
0.27384196342643613,1.0717734625362931,gt-order-1,"ap_fixed<16,6,AP_RND,AP_SAT>",False,True,1000.0,9.1552734375e-05,-4.038328675496402,1.0,0.10000000149011612,0.4924580454826355,0.0,1.2358287572860718,1.2358287572860718,1.2431220891194497,1.2431220891194497,0.340419010685326,0.340419010685326,0.340419010685326,0.340419010685326,0.9758417629838165,0.9975841762623829,0.34041901068532576,0.34041901068532576,1.0,0.0,0.0,1.0,1.0
0.3126079367123954,1.0717734625362931,gt-order-1,"ap_fixed<16,6,AP_RND,AP_SAT>",False,True,1000.0,6.103515625e-05,-4.214419932180256,1.0,0.10000000149011612,0.4330127239227295,0.0,1.2397109270095825,1.2397109270095825,1.2431220891194497,1.2431220891194497,0.38860984043514585,0.38860984043514585,0.38860984043514585,0.38860984043514585,0.9724218438530989,0.9972421843442153,0.38860984043514546,0.38860984043514546,1.0,0.0,0.0,1.0,1.0
0.35686174928348097,1.0717734625362931,gt-order-1,"ap_fixed<16,6,AP_RND,AP_SAT>",False,True,1000.0,6.103515625e-05,-4.214419932180256,1.0,0.10000000149011612,0.44597652554512024,0.0,1.2349945306777954,1.2349945306777954,1.2431220891194497,1.2431220891194497,0.4436227121915937,0.4436227121915937,0.4436227121915937,0.4436227121915937,0.9685177904567929,0.996851778998767,0.4436227121915932,0.4436227121915932,1.0,0.0,0.0,1.0,1.0
0.4073802778041126,1.0717734625362931,gt-order-1,"ap_fixed<16,6,AP_RND,AP_SAT>",False,True,1000.0,4.57763671875e-05,-4.339358666416729,1.0,0.10000000149011612,0.45749568939208984,0.0,1.2348532676696777,1.2348532676696777,1.2431220891194497,1.2431220891194497,0.5064234283184603,0.5064234283184603,0.5064234283184603,0.5064234283184603,0.964061063489857,0.9964061062954324,0.5064234283184599,0.5064234283184599,1.0,0.0,0.0,1.0,1.0
0.46505037616660627,1.0717734625362931,gt-order-1,"ap_fixed<16,6,AP_RND,AP_SAT>",False,True,1000.0,3.0517578125e-05,-4.515449920728757,1.0,0.10000000149011612,0.4662523865699768,0.0,1.232736349105835,1.232736349105835,1.2431220891194497,1.2431220891194497,0.5781143868799967,0.5781143868799967,0.5781143868799967,0.5781143868799967,0.9589734299720921,0.9958973429360749,0.5781143868799963,0.5781143868799963,1.0,0.0,0.0,1.0,1.0
0.5308844442309882,1.0717734625362931,gt-order-1,"ap_fixed<16,6,AP_RND,AP_SAT>",False,True,1000.0,3.0517578125e-05,-4.515449920728757,1.0,0.10000000149011612,0.48112520575523376,0.0,1.2332240343093872,1.2332240343093872,1.2431220891194497,1.2431220891194497,0.6599541799933801,0.6599541799933801,0.6599541799933801,0.6599541799933801,0.9531655724279195,0.995316557173003,0.6599541799933796,0.6599541799933796,1.0,0.0,0.0,1.0,1.0
0.606038200527066,1.0717734625362931,gt-order-1,"ap_fixed<16,6,AP_RND,AP_SAT>",False,True,1000.0,1.52587890625e-05,-4.816479902161777,1.0,0.10000000149011612,0.5252257585525513,0.0,1.2328542470932007,1.2328542470932007,1.2431220891194497,1.2431220891194497,0.7533794891525475,0.7533794891525475,0.7533794891525475,0.7533794891525475,0.9465355350588734,0.9946535534262191,0.7533794891525466,0.7533794891525466,1.0,0.0,0.0,1.0,1.0
0.6918309709189363,1.0717734625362931,gt-order-1,"ap_fixed<16,6,AP_RND,AP_SAT>",False,True,1000.0,1.52587890625e-05,-4.816479902161777,1.0,0.10000000149011612,0.42008399963378906,0.0,1.233398199081421,1.233398199081421,1.2431220891194494,1.2431220891194494,0.8600303889611525,0.8600303889611525,0.8600303889611525,0.8600303889611525,0.9389669280343169,0.9938966927124854,0.8600303889611525,0.8600303889611525,1.0,0.0,0.0,1.0,1.0
0.7897688493998856,1.0717734625362931,gt-order-1,"ap_fixed<16,6,AP_RND,AP_SAT>",False,True,1000.0,1.52587890625e-05,-4.816479902161777,1.0,0.10000000149011612,0.5669466853141785,0.0,1.2322641611099243,1.2322641611099243,1.2431220891194497,1.2431220891194497,0.981779133370499,0.981779133370499,0.981779133370499,0.981779133370499,0.9303268846420795,0.993032688360387,0.9817791333704983,0.9817791333704983,1.0,0.0,0.0,1.0,1.0
0.9015711376059565,1.0717734625362931,gt-order-1,"ap_fixed<16,6,AP_RND,AP_SAT>",False,True,1000.0,1.52587890625e-05,-4.816479902161777,1.0,0.10000000149011612,0.588348388671875,0.0,1.228847861289978,1.228847861289978,1.2431220891194497,1.2431220891194497,1.1207630171892515,1.1207630171892515,1.1207630171892515,1.1207630171892515,0.9204637292326218,0.9920463728047438,1.1207630171892509,1.1207630171892509,1.0,0.0,0.0,1.0,1.0
1.0292005271944276,1.0717734625362931,gt-order-1,"ap_fixed<16,6,AP_RND,AP_SAT>",False,True,1000.0,0.0,-12.0,0.9716292023658752,0.10000000149011612,0.6255432367324829,0.0,1.2295377254486084,1.2295377254486084,1.2431220891194497,1.2431220891194497,1.2794219426796574,1.2794219426796571,1.2794219426796574,1.2794219426796571,0.9092043112611816,0.9909204309908217,1.2794219426796565,1.2431237216552333,1.0,0.0,0.0,1.0,1.0
1.174897554939529,1.0717734625362931,gt-order-1,"ap_fixed<16,6,AP_RND,AP_SAT>",False,True,1000.0,0.0,-12.0,0.8511391878128052,0.10000000149011612,0.6324555277824402,0.0,1.2289637327194214,1.2289637327194214,1.2431220891194497,1.2431220891194497,1.4605410987674547,1.4605410987674543,1.4605410987674547,1.4605410987674543,0.8963509765072516,0.9896350974962759,1.460541098767454,1.243123764572153,1.0,0.0,0.0,1.0,1.0
1.3412199354053709,1.0717734625362931,gt-order-1,"ap_fixed<16,6,AP_RND,AP_SAT>",False,True,1000.0,0.0,-12.0,0.74559086561203,0.10000000149011612,0.6324555277824402,0.0,1.2294838428497314,1.2294838428497314,1.2431220891194497,1.2431220891194497,1.667300086590776,1.667300086590775,1.667300086590776,1.667300086590775,0.8816780808220008,0.9881678079058865,1.6673000865907748,1.2431237147962284,1.0,0.0,0.0,1.0,1.0
1.5310874616820287,1.0717734625362931,gt-order-1,"ap_fixed<16,6,AP_RND,AP_SAT>",False,True,1000.0,0.0,-12.0,0.653131365776062,0.10000000149011612,0.6324555277824402,0.0,1.2270293235778809,1.2270293235778809,1.2431220891194497,1.2431220891194497,1.9033287136756005,1.9033287136756,1.9033287136756005,1.9033287136756,0.9033287136755999,0.9864928028616009,1.9033287136755987,1.243123682283739,1.0,0.0,0.0,1.0,1.0
1.7478332624182173,1.0717734625362931,gt-order-1,"ap_fixed<16,6,AP_RND,AP_SAT>",False,True,1000.0,0.0,-12.0,0.572137713432312,0.10000000149011612,0.6324555277824402,0.0,1.2286633253097534,1.2286633253097534,1.2431220891194497,1.2431220891194497,2.17277012360041,2.172770123600409,2.17277012360041,2.172770123600409,1.1727701236004093,1.1727701236004089,2.1727701236004084,1.2431237303307796,1.0,0.0,0.0,1.0,1.0
1.9952623149688795,1.0717734625362931,gt-order-1,"ap_fixed<16,6,AP_RND,AP_SAT>",False,True,1000.0,0.0,-12.0,0.5011879205703735,0.10000000149011612,0.6666666269302368,0.0,1.2277898788452148,1.2277898788452148,1.2431220891194497,1.2431220891194497,2.4803545954633215,2.4803545954633197,2.4803545954633215,2.4803545954633197,1.4803545954633202,1.4803545954633197,2.4803545954633193,1.2431237619774311,1.0,0.0,0.0,1.0,1.0
0.01,1.109569472067845,gt-order-1,"ap_fixed<16,6,AP_RND,AP_SAT>",False,True,1000.0,0.08038330078125,-1.0948341643285502,1.0,0.10000000149011612,0.4020822048187256,0.0,1.3470396995544434,1.3470396995544434,1.3323452654735446,1.3323452654735446,0.013323452356933073,0.013323452356933073,0.013323452356933073,0.013323452356933073,0.9990544854711433,0.9999054485457055,0.013323452356933054,0.013323452356933054,1.0,0.0,0.0,1.0,1.0
0.011415633046188459,1.109569472067845,gt-order-1,"ap_fixed<16,6,AP_RND,AP_SAT>",False,True,1000.0,0.0641937255859375,-1.1925074185999374,1.0,0.10000000149011612,0.3958108723163605,0.0,1.470126748085022,1.470126748085022,1.3323452654735446,1.3323452654735446,0.015209565076848343,0.015209565076848343,0.015209565076848343,0.015209565076848343,0.9989206352548505,0.9998920635238768,0.015209565076848331,0.015209565076848331,1.0,0.0,0.0,1.0,1.0
0.013031667784522994,1.109569472067845,gt-order-1,"ap_fixed<16,6,AP_RND,AP_SAT>",False,True,1000.0,0.0513458251953125,-1.2894948620552453,1.0,0.10000000149011612,0.3926835060119629,0.0,1.470126748085022,1.470126748085022,1.3323452654735448,1.3323452654735448,0.017362681200627797,0.017362681200627797,0.017362681200627797,0.017362681200627797,0.9987678368267245,0.9998767836808363,0.01736268120062778,0.01736268120062778,1.0,0.0,0.0,1.0,1.0
0.014876473740795015,1.109569472067845,gt-order-1,"ap_fixed<16,6,AP_RND,AP_SAT>",False,True,1000.0,0.0395050048828125,-1.4033478801778336,1.0,0.10000000149011612,0.3869985044002533,0.0,1.470126748085022,1.470126748085022,1.3323452654735446,1.3323452654735446,0.019820599294527938,0.019820599294527938,0.019820599294527938,0.019820599294527938,0.9985934077668787,0.9998593407745922,0.019820599294527924,0.019820599294527924,1.0,0.0,0.0,1.0,1.0
0.016982436524617443,1.109569472067845,gt-order-1,"ap_fixed<16,6,AP_RND,AP_SAT>",False,True,1000.0,0.030609130859375,-1.5141490019251114,1.0,0.10000000149011612,0.38894447684288025,0.0,1.470126748085022,1.470126748085022,1.3323452654735446,1.3323452654735446,0.02262646844078251,0.02262646844078251,0.02262646844078251,0.02262646844078251,0.9983942859497412,0.9998394285925816,0.02262646844078249,0.02262646844078249,1.0,0.0,0.0,1.0,1.0
0.019386526359522076,1.109569472067845,gt-order-1,"ap_fixed<16,6,AP_RND,AP_SAT>",False,True,1000.0,0.023223876953125,-1.6340652781704448,1.0,0.10000000149011612,0.386872798204422,0.0,1.419601321220398,1.419601321220398,1.3323452654735444,1.3323452654735444,0.025829546392811667,0.025829546392811667,0.025829546392811667,0.025829546392811667,0.9981669757406773,0.9998166975713364,0.02582954639281165,0.02582954639281165,1.0,0.0,0.0,1.0,1.0
0.022130947096056376,1.109569472067845,gt-order-1,"ap_fixed<16,6,AP_RND,AP_SAT>",False,True,1000.0,0.0178680419921875,-1.7479230355270303,1.0,0.10000000149011612,0.3887404203414917,0.0,1.419601321220398,1.419601321220398,1.3323452654735444,1.3323452654735444,0.029486063202105145,0.029486063202105145,0.029486063202105145,0.029486063202105145,0.9979074867076867,0.9997907486676505,0.02948606320210512,0.02948606320210512,1.0,0.0,0.0,1.0,1.0
0.025263877101318954,1.109569472067845,gt-order-1,"ap_fixed<16,6,AP_RND,AP_SAT>",False,True,1000.0,0.0137176513671875,-1.8627202388588109,1.0,0.10000000149011612,0.3954451382160187,0.0,1.419601321220398,1.419601321220398,1.3323452654735446,1.3323452654735446,0.03366020768858447,0.03366020768858447,0.03366020768858447,0.03366020768858447,0.9976112636153692,0.9997611263579775,0.033660207688584444,0.033660207688584444,1.0,0.0,0.0,1.0,1.0
0.028840315031266057,1.109569472067845,gt-order-1,"ap_fixed<16,6,AP_RND,AP_SAT>",False,True,1000.0,0.0102691650390625,-1.9884648663574311,1.0,0.10000000149011612,0.3924473524093628,0.0,1.3614990711212158,1.3614990711212158,1.3323452654735446,1.3323452654735446,0.03842525660793582,0.03842525660793582,0.03842525660793582,0.03842525660793582,0.9972731062922324,0.9997273106251598,0.03842525660793578,0.03842525660793578,1.0,0.0,0.0,1.0,1.0
0.03292304533334065,1.109569472067845,gt-order-1,"ap_fixed<16,6,AP_RND,AP_SAT>",False,True,1000.0,0.0077972412109375,-2.108059030433288,1.0,0.10000000149011612,0.39531391859054565,0.0,1.4110769033432007,1.4110769033432007,1.3323452654735446,1.3323452654735446,0.04386486512856184,0.04386486512856184,0.04386486512856184,0.04386486512856184,0.9968870780504704,0.9996887078004083,0.04386486512856181,0.04386486512856181,1.0,0.0,0.0,1.0,1.0
0.037583740428844416,1.109569472067845,gt-order-1,"ap_fixed<16,6,AP_RND,AP_SAT>",False,True,1000.0,0.0059814453125,-2.2231938635306348,1.0,0.10000000149011612,0.3919055461883545,0.0,1.418792724609375,1.418792724609375,1.3323452654735446,1.3323452654735446,0.05007452109983893,0.05007452109983893,0.05007452109983893,0.05007452109983893,0.9964464024820999,0.9996446402429148,0.05007452109983889,0.05007452109983889,1.0,0.0,0.0,1.0,1.0
0.04290421892388853,1.109569472067845,gt-order-1,"ap_fixed<16,6,AP_RND,AP_SAT>",False,True,1000.0,0.0045166015625,-2.3451882194686053,1.0,0.10000000149011612,0.39956551790237427,0.0,1.418792724609375,1.418792724609375,1.3323452654735446,1.3323452654735446,0.057163235080586856,0.057163235080586856,0.057163235080586856,0.057163235080586856,0.9959433435240949,0.9995943343463648,0.05716323508058679,0.05716323508058679,1.0,0.0,0.0,1.0,1.0
0.04897788193684462,1.109569472067845,gt-order-1,"ap_fixed<16,6,AP_RND,AP_SAT>",False,True,1000.0,0.0035552978515625,-2.449124009475526,1.0,0.10000000149011612,0.4024600684642792,0.0,1.3577377796173096,1.3577377796173096,1.3323452654735446,1.3323452654735446,0.06525544875594556,0.06525544875594556,0.06525544875594556,0.06525544875594556,0.9953690700253282,0.9995369069956321,0.06525544875594555,0.06525544875594555,1.0,0.0,0.0,1.0,1.0
0.05591135275705602,1.109569472067845,gt-order-1,"ap_fixed<16,6,AP_RND,AP_SAT>",False,True,1000.0,0.0027923583984375,-2.55402884073774,1.0,0.10000000149011612,0.4048466682434082,0.0,1.3743888139724731,1.3743888139724731,1.3323452654735446,1.3323452654735446,0.07449322378482044,0.07449322378482044,0.07449322378482044,0.07449322378482044,0.9947135004124291,0.9994713500333654,0.07449322378482041,0.07449322378482041,1.0,0.0,0.0,1.0,1.0
0.06382634861905485,1.109569472067845,gt-order-1,"ap_fixed<16,6,AP_RND,AP_SAT>",False,True,1000.0,0.002044677734375,-2.689375132046489,1.0,0.10000000149011612,0.4029669165611267,0.0,1.3476301431655884,1.3476301431655884,1.3323452654735444,1.3323452654735444,0.08503872844970102,0.08503872844970102,0.08503872844970102,0.08503872844970102,0.9939651262217422,0.9993965126131814,0.08503872844970096,0.08503872844970096,1.0,0.0,0.0,1.0,1.0
0.07286181745132274,1.109569472067845,gt-order-1,"ap_fixed<16,6,AP_RND,AP_SAT>",False,True,1000.0,0.001556396484375,-2.807879758582743,1.0,0.10000000149011612,0.40700653195381165,0.0,1.3522472381591797,1.3522472381591797,1.3323452654735444,1.3323452654735444,0.09707710152281951,0.09707710152281951,0.09707710152281951,0.09707710152281951,0.9931108088616839,0.9993110808759028,0.09707710152281943,0.09707710152281943,1.0,0.0,0.0,1.0,1.0
0.08317637711026708,1.109569472067845,gt-order-1,"ap_fixed<16,6,AP_RND,AP_SAT>",False,True,1000.0,0.0011138916015625,-2.953157070113354,1.0,0.10000000149011612,0.3838648796081543,0.0,1.3339091539382935,1.3339091539382935,1.3323452654735446,1.3323452654735446,0.11081964867829301,0.11081964867829301,0.11081964867829301,0.11081964867829301,0.9921355527755807,0.9992135552658391,0.1108196486782929,0.1108196486782929,1.0,0.0,0.0,1.0,1.0
0.09495109992021983,1.109569472067845,gt-order-1,"ap_fixed<16,6,AP_RND,AP_SAT>",False,True,1000.0,0.0009002685546875,-3.0456279184991493,1.0,0.10000000149011612,0.3911149501800537,0.0,1.3253710269927979,1.3253710269927979,1.3323452654735446,1.3323452654735446,0.12650764939913134,0.12650764939913134,0.12650764939913134,0.12650764939913134,0.9910222352800179,0.9991022235146235,0.12650764939913126,0.12650764939913126,1.0,0.0,0.0,1.0,1.0
0.10839269140212034,1.109569472067845,gt-order-1,"ap_fixed<16,6,AP_RND,AP_SAT>",False,True,1000.0,0.0006561279296875,-3.1830114743822073,1.0,0.10000000149011612,0.3885651230812073,0.0,1.3261032104492188,1.3261032104492188,1.3323452654735446,1.3323452654735446,0.14441649146685598,0.14441649146685598,0.14441649146685598,0.14441649146685598,0.989751313155901,0.9989751313003185,0.14441649146685587,0.14441649146685587,1.0,0.0,0.0,1.0,1.0
0.12373711899353519,1.109569472067845,gt-order-1,"ap_fixed<16,6,AP_RND,AP_SAT>",False,True,1000.0,0.0005340576171875,-3.2724118854602255,1.0,0.10000000149011612,0.3880711793899536,0.0,1.3392668962478638,1.3392668962478638,1.3323452654735444,1.3323452654735444,0.16486056484717104,0.16486056484717104,0.16486056484717104,0.16486056484717104,0.9883004753480824,0.9988300475173745,0.16486056484717093,0.16486056484717093,1.0,0.0,0.0,1.0,1.0
0.1412537544622754,1.109569472067845,gt-order-1,"ap_fixed<16,6,AP_RND,AP_SAT>",False,True,1000.0,0.0004119873046875,-3.3851161654105666,1.0,0.10000000149011612,0.3651483356952667,0.0,1.3334617614746094,1.3334617614746094,1.3323452654735446,1.3323452654735446,0.1881987710338733,0.1881987710338733,0.1881987710338733,0.1881987710338733,0.9866442519882632,0.9986644251789247,0.1881987710338731,0.1881987710338731,1.0,0.0,0.0,1.0,1.0
0.16125010273377416,1.109569472067845,gt-order-1,"ap_fixed<16,6,AP_RND,AP_SAT>",False,True,1000.0,0.0002899169921875,-3.5377263281728744,1.0,0.10000000149011612,0.3740878105163574,0.0,1.3333195447921753,1.3333195447921753,1.3323452654735446,1.3323452654735446,0.21484080667893274,0.21484080667893274,0.21484080667893274,0.21484080667893274,0.9847535684697661,0.9984753568242579,0.21484080667893252,0.21484080667893252,1.0,0.0,0.0,1.0,1.0
0.18407720014689555,1.109569472067845,gt-order-1,"ap_fixed<16,6,AP_RND,AP_SAT>",False,True,1000.0,0.0002288818359375,-3.6403886696705565,1.0,0.10000000149011612,0.3966701328754425,0.0,1.338413953781128,1.338413953781128,1.3323452654735446,1.3323452654735446,0.24525439026342297,0.24525439026342297,0.24525439026342297,0.24525439026342297,0.9825952325982995,0.9982595232338948,0.24525439026342274,0.24525439026342274,1.0,0.0,0.0,1.0,1.0
0.21013577690467466,1.109569472067845,gt-order-1,"ap_fixed<16,6,AP_RND,AP_SAT>",False,True,1000.0,0.0001678466796875,-3.7750872428780267,1.0,0.10000000149011612,0.4009634852409363,0.0,1.3306649923324585,1.3306649923324585,1.3323452654735444,1.3323452654735444,0.2799734020290636,0.2799734020290636,0.2799734020290636,0.2799734020290636,0.9801313569321031,0.9980131356636038,0.27997340202906346,0.27997340202906346,1.0,0.0,0.0,1.0,1.0
0.239883291901949,1.109569472067845,gt-order-1,"ap_fixed<16,6,AP_RND,AP_SAT>",False,True,1000.0,0.0001068115234375,-3.9713818865434534,1.0,0.10000000149011612,0.4433981776237488,0.0,1.3180612325668335,1.3180612325668335,1.3323452654735446,1.3323452654735446,0.3196073640204435,0.3196073640204435,0.3196073640204435,0.3196073640204435,0.9773186860195583,0.9977318685681579,0.3196073640204432,0.3196073640204432,1.0,0.0,0.0,1.0,1.0
0.27384196342643613,1.109569472067845,gt-order-1,"ap_fixed<16,6,AP_RND,AP_SAT>",False,True,1000.0,9.1552734375e-05,-4.038328675496402,1.0,0.10000000149011612,0.5178917646408081,0.0,1.3264305591583252,1.3264305591583252,1.3323452654735446,1.3323452654735446,0.3648520617030083,0.3648520617030083,0.3648520617030083,0.3648520617030083,0.9741078426235257,0.99741078422377,0.36485206170300805,0.36485206170300805,1.0,0.0,0.0,1.0,1.0
0.3126079367123954,1.109569472067845,gt-order-1,"ap_fixed<16,6,AP_RND,AP_SAT>",False,True,1000.0,6.103515625e-05,-4.214419932180256,1.0,0.10000000149011612,0.3999999761581421,0.0,1.3272686004638672,1.3272686004638672,1.3323452654735444,1.3323452654735444,0.41650171415339166,0.41650171415339166,0.41650171415339166,0.41650171415339166,0.9704424640494171,0.9970442463608975,0.4165017141533915,0.4165017141533915,1.0,0.0,0.0,1.0,1.0
0.35686174928348097,1.109569472067845,gt-order-1,"ap_fixed<16,6,AP_RND,AP_SAT>",False,True,1000.0,4.57763671875e-05,-4.339358666416729,1.0,0.10000000149011612,0.5533715486526489,0.0,1.3219890594482422,1.3219890594482422,1.3323452654735446,1.3323452654735446,0.4754630501849355,0.4754630501849355,0.4754630501849355,0.4754630501849355,0.9662582032163274,0.9966258202713535,0.4754630501849351,0.4754630501849351,1.0,0.0,0.0,1.0,1.0
0.4073802778041126,1.109569472067845,gt-order-1,"ap_fixed<16,6,AP_RND,AP_SAT>",False,True,1000.0,3.0517578125e-05,-4.515449920728757,1.0,0.10000000149011612,0.42874646186828613,0.0,1.3226125240325928,1.3226125240325928,1.3323452654735446,1.3323452654735446,0.5427711911409434,0.5427711911409434,0.5427711911409434,0.5427711911409434,0.9614816015158566,0.9961481600941888,0.542771191140943,0.542771191140943,1.0,0.0,0.0,1.0,1.0
0.46505037616660627,1.109569472067845,gt-order-1,"ap_fixed<16,6,AP_RND,AP_SAT>",False,True,1000.0,3.0517578125e-05,-4.515449920728757,1.0,0.10000000149011612,0.534522533416748,0.0,1.322858452796936,1.322858452796936,1.3323452654735444,1.3323452654735444,0.6196076580115315,0.6196076580115315,0.6196076580115315,0.6196076580115315,0.9560288109157996,0.9956028810260577,0.6196076580115312,0.6196076580115312,1.0,0.0,0.0,1.0,1.0
0.5308844442309882,1.109569472067845,gt-order-1,"ap_fixed<16,6,AP_RND,AP_SAT>",False,True,1000.0,3.0517578125e-05,-4.515449920728757,1.0,0.10000000149011612,0.3980148732662201,0.0,1.3191081285476685,1.3191081285476685,1.3323452654735444,1.3323452654735444,0.7073213764277066,0.7073213764277066,0.7073213764277066,0.7073213764277066,0.9498041033159393,0.9949804102567962,0.7073213764277063,0.7073213764277063,1.0,0.0,0.0,1.0,1.0
0.606038200527066,1.109569472067845,gt-order-1,"ap_fixed<16,6,AP_RND,AP_SAT>",False,True,1000.0,3.0517578125e-05,-4.515449920728757,1.0,0.10000000149011612,0.4923659563064575,0.0,1.3166778087615967,1.3166778087615967,1.3323452654735444,1.3323452654735444,0.8074521434883973,0.8074521434883973,0.8074521434883973,0.8074521434883973,0.9426982051969561,0.9942698204343092,0.8074521434883966,0.8074521434883966,1.0,0.0,0.0,1.0,1.0
0.6918309709189363,1.109569472067845,gt-order-1,"ap_fixed<16,6,AP_RND,AP_SAT>",False,True,1000.0,1.52587890625e-05,-4.816479902161777,1.0,0.10000000149011612,0.40824827551841736,0.0,1.3197859525680542,1.3197859525680542,1.3323452654735446,1.3323452654735446,0.9217577476299346,0.9217577476299346,0.9217577476299346,0.9217577476299346,0.9345863730268675,0.9934586372052129,0.9217577476299343,0.9217577476299343,1.0,0.0,0.0,1.0,1.0
0.7897688493998856,1.109569472067845,gt-order-1,"ap_fixed<16,6,AP_RND,AP_SAT>",False,True,1000.0,1.52587890625e-05,-4.816479902161777,1.0,0.10000000149011612,0.7171371579170227,0.0,1.3192894458770752,1.3192894458770752,1.3323452654735446,1.3323452654735446,1.0522448209519457,1.0522448209519457,1.0522448209519457,1.0522448209519457,0.9253262037892893,0.9925326202676562,1.0522448209519453,1.0522448209519453,1.0,0.0,0.0,1.0,1.0
0.9015711376059565,1.109569472067845,gt-order-1,"ap_fixed<16,6,AP_RND,AP_SAT>",False,True,1000.0,1.52587890625e-05,-4.816479902161777,1.0,0.10000000149011612,0.7171370983123779,0.0,1.318858027458191,1.318858027458191,1.3323452654735448,1.3323452654735448,1.2012040593113946,1.2012040593113946,1.2012040593113946,1.2012040593113946,0.9147551355478767,0.991475513427763,1.201204059311393,1.201204059311393,1.0,0.0,0.0,1.0,1.0
1.0292005271944276,1.109569472067845,gt-order-1,"ap_fixed<16,6,AP_RND,AP_SAT>",False,True,1000.0,0.0,-12.0,0.9716292023658752,0.10000000149011612,0.4364357590675354,0.0,1.3190703392028809,1.3190703392028809,1.3323452654735446,1.3323452654735446,1.371250485203478,1.3712504852034773,1.371250485203478,1.3712504852034773,0.9026875901434359,0.9902687588693366,1.3712504852034768,1.3323470151820738,1.0,0.0,0.0,1.0,1.0
1.174897554939529,1.109569472067845,gt-order-1,"ap_fixed<16,6,AP_RND,AP_SAT>",False,True,1000.0,0.0,-12.0,0.8511391878128052,0.10000000149011612,0.6324555277824402,0.0,1.3188296556472778,1.3188296556472778,1.3323452654735446,1.3323452654735446,1.5653691902061957,1.565369190206195,1.5653691902061957,1.565369190206195,0.8889117270273352,0.988891172537199,1.5653691902061944,1.3323470611792887,1.0,0.0,0.0,1.0,1.0
1.3412199354053709,1.109569472067845,gt-order-1,"ap_fixed<16,6,AP_RND,AP_SAT>",False,True,1000.0,0.0,-12.0,0.74559086561203,0.10000000149011612,0.6324555277824402,0.0,1.3171029090881348,1.3171029090881348,1.3323452654735446,1.3323452654735446,1.7869679864399857,1.7869679864399854,1.7869679864399857,1.7869679864399854,0.8731857067884988,0.9873185704898819,1.7869679864399846,1.3323470078307744,1.0,0.0,0.0,1.0,1.0
1.5310874616820287,1.109569472067845,gt-order-1,"ap_fixed<16,6,AP_RND,AP_SAT>",False,True,1000.0,0.0,-12.0,0.653131365776062,0.10000000149011612,0.6324555277824402,0.0,1.3161991834640503,1.3161991834640503,1.3323452654735446,1.3323452654735446,2.039937205284322,2.039937205284321,2.039937205284322,2.039937205284321,1.0399372052843214,1.0399372052843214,2.0399372052843208,1.3323469729847515,1.0,0.0,0.0,1.0,1.0
1.7478332624182173,1.109569472067845,gt-order-1,"ap_fixed<16,6,AP_RND,AP_SAT>",False,True,1000.0,0.0,-12.0,0.572137713432312,0.10000000149011612,0.6666666865348816,0.0,1.316868543624878,1.316868543624878,1.3323452654735444,1.3323452654735444,2.328717358076975,2.3287173580769736,2.328717358076975,2.3287173580769736,1.3287173580769736,1.3287173580769724,2.3287173580769736,1.3323470244802942,1.0,0.0,0.0,1.0,1.0
1.9952623149688795,1.109569472067845,gt-order-1,"ap_fixed<16,6,AP_RND,AP_SAT>",False,True,1000.0,0.0,-12.0,0.5011879205703735,0.10000000149011612,0.6666666269302368,0.0,1.3160337209701538,1.3160337209701538,1.3323452654735446,1.3323452654735446,2.6583782324244125,2.658378232424411,2.6583782324244125,2.658378232424411,1.6583782324244116,1.6583782324244103,2.6583782324244107,1.3323470583983354,1.0,0.0,0.0,1.0,1.0
0.01,1.148698354997035,gt-order-1,"ap_fixed<16,6,AP_RND,AP_SAT>",False,True,1000.0,0.075439453125,-1.1224014685371828,1.0,0.10000000149011612,0.39691677689552307,0.0,1.6744592189788818,1.6744592189788818,1.427972298162132,1.427972298162132,0.014279722662444637,0.014279722662444637,0.014279722662444637,0.014279722662444637,0.9989866226254003,0.9998986622610301,0.014279722662444632,0.014279722662444632,1.0,0.0,0.0,1.0,1.0
0.011415633046188459,1.148698354997035,gt-order-1,"ap_fixed<16,6,AP_RND,AP_SAT>",False,True,1000.0,0.0605621337890625,-1.2177988317093646,1.0,0.10000000149011612,0.3905884027481079,0.0,1.6744592189788818,1.6744592189788818,1.427972298162132,1.427972298162132,0.016301208222565554,0.016301208222565554,0.016301208222565554,0.016301208222565554,0.9988431655164541,0.9998843165499215,0.016301208222565547,0.016301208222565547,1.0,0.0,0.0,1.0,1.0
0.013031667784522994,1.148698354997035,gt-order-1,"ap_fixed<16,6,AP_RND,AP_SAT>",False,True,1000.0,0.048309326171875,-1.3159690200883722,1.0,0.10000000149011612,0.3842889070510864,0.0,1.6744592189788818,1.6744592189788818,1.427972298162132,1.427972298162132,0.01860886094529318,0.01860886094529318,0.01860886094529318,0.01860886094529318,0.9986794002170203,0.9998679400197339,0.01860886094529316,0.01860886094529316,1.0,0.0,0.0,1.0,1.0
0.014876473740795015,1.148698354997035,gt-order-1,"ap_fixed<16,6,AP_RND,AP_SAT>",False,True,1000.0,0.0368804931640625,-1.4332032802042731,1.0,0.10000000149011612,0.3877546489238739,0.0,1.6744592189788818,1.6744592189788818,1.427972298162132,1.427972298162132,0.021243192330854414,0.021243192330854414,0.021243192330854414,0.021243192330854414,0.9984924517806653,0.9998492451758204,0.021243192330854397,0.021243192330854397,1.0,0.0,0.0,1.0,1.0
0.016982436524617443,1.148698354997035,gt-order-1,"ap_fixed<16,6,AP_RND,AP_SAT>",False,True,1000.0,0.02862548828125,-1.5432470965654819,1.0,0.10000000149011612,0.38790902495384216,0.0,1.5371134281158447,1.5371134281158447,1.427972298162132,1.427972298162132,0.02425044842051019,0.02425044842051019,0.02425044842051019,0.02425044842051019,0.998279038302482,0.9998279038276836,0.02425044842051016,0.02425044842051016,1.0,0.0,0.0,1.0,1.0
0.019386526359522076,1.148698354997035,gt-order-1,"ap_fixed<16,6,AP_RND,AP_SAT>",False,True,1000.0,0.021697998046875,-1.6635803342099362,1.0,0.10000000149011612,0.38529613614082336,0.0,1.50506591796875,1.50506591796875,1.4279722981621323,1.4279722981621323,0.027683422367189004,0.027683422367189004,0.027683422367189004,0.027683422367189004,0.9980354132540553,0.9998035413224781,0.02768342236718897,0.02768342236718897,1.0,0.0,0.0,1.0,1.0
0.022130947096056376,1.148698354997035,gt-order-1,"ap_fixed<16,6,AP_RND,AP_SAT>",False,True,1000.0,0.0167236328125,-1.77666937644938,1.0,0.10000000149011612,0.38626551628112793,0.0,1.50506591796875,1.50506591796875,1.427972298162132,1.427972298162132,0.03160238004786156,0.03160238004786156,0.03160238004786156,0.03160238004786156,0.9977572997962881,0.9997757299762869,0.031602380047861534,0.031602380047861534,1.0,0.0,0.0,1.0,1.0
0.025263877101318954,1.148698354997035,gt-order-1,"ap_fixed<16,6,AP_RND,AP_SAT>",False,True,1000.0,0.0127105712890625,-1.8958349291827434,1.0,0.10000000149011612,0.3888513743877411,0.0,1.50506591796875,1.50506591796875,1.427972298162132,1.427972298162132,0.03607611733629645,0.03607611733629645,0.03607611733629645,0.03607611733629645,0.9974398157487913,0.999743981571064,0.036076117336296405,0.036076117336296405,1.0,0.0,0.0,1.0,1.0
0.028840315031266057,1.148698354997035,gt-order-1,"ap_fixed<16,6,AP_RND,AP_SAT>",False,True,1000.0,0.009613037109375,-2.01713938112494,1.0,0.10000000149011612,0.3930835723876953,0.0,1.5081291198730469,1.5081291198730469,1.4279722981621323,1.4279722981621323,0.04118317031464191,0.041183170314641894,0.04118317031464191,0.041183170314641894,0.9970773877057908,0.9997077387662241,0.04118317031464188,0.04118317031464188,1.0,0.0,0.0,1.0,1.0
0.03292304533334065,1.148698354997035,gt-order-1,"ap_fixed<16,6,AP_RND,AP_SAT>",False,True,1000.0,0.0073394775390625,-2.134334854190695,1.0,0.10000000149011612,0.4011213183403015,0.0,1.5237494707107544,1.5237494707107544,1.427972298162132,1.427972298162132,0.04701319837237652,0.04701319837237652,0.04701319837237652,0.04701319837237652,0.9966636528828778,0.9996663652833163,0.04701319837237648,0.04701319837237648,1.0,0.0,0.0,1.0,1.0
0.037583740428844416,1.148698354997035,gt-order-1,"ap_fixed<16,6,AP_RND,AP_SAT>",False,True,1000.0,0.0055999755859375,-2.2518138662940568,1.0,0.10000000149011612,0.4048822224140167,0.0,1.5237494707107544,1.5237494707107544,1.427972298162132,1.427972298162132,0.05366854285243451,0.05366854285243451,0.05366854285243451,0.05366854285243451,0.996191348505847,0.9996191348449095,0.053668542852434456,0.053668542852434456,1.0,0.0,0.0,1.0,1.0
0.04290421892388853,1.148698354997035,gt-order-1,"ap_fixed<16,6,AP_RND,AP_SAT>",False,True,1000.0,0.004302978515625,-2.366230822203409,1.0,0.10000000149011612,0.39589136838912964,0.0,1.5237494707107544,1.5237494707107544,1.427972298162132,1.427972298162132,0.061266038378869916,0.061266038378869916,0.061266038378869916,0.061266038378869916,0.9956521832676897,0.9995652183202902,0.06126603837886989,0.06126603837886989,1.0,0.0,0.0,1.0,1.0
0.04897788193684462,1.148698354997035,gt-order-1,"ap_fixed<16,6,AP_RND,AP_SAT>",False,True,1000.0,0.0033416748046875,-2.4760358156536175,1.0,0.10000000149011612,0.40450361371040344,0.0,1.4501360654830933,1.4501360654830933,1.427972298162132,1.427972298162132,0.06993905824742024,0.06993905824742024,0.06993905824742024,0.06993905824742024,0.9950366921750395,0.9995036692101081,0.06993905824742021,0.06993905824742021,1.0,0.0,0.0,1.0,1.0
0.05591135275705602,1.148698354997035,gt-order-1,"ap_fixed<16,6,AP_RND,AP_SAT>",False,True,1000.0,0.002593994140625,-2.586031009078002,1.0,0.10000000149011612,0.40746381878852844,0.0,1.4995040893554688,1.4995040893554688,1.427972298162132,1.427972298162132,0.07983986037411128,0.07983986037411128,0.07983986037411128,0.07983986037411128,0.9943340700651602,0.9994334069980729,0.07983986037411124,0.07983986037411124,1.0,0.0,0.0,1.0,1.0
0.06382634861905485,1.148698354997035,gt-order-1,"ap_fixed<16,6,AP_RND,AP_SAT>",False,True,1000.0,0.00189208984375,-2.7230582452319325,1.0,0.10000000149011612,0.42245393991470337,0.0,1.470908522605896,1.470908522605896,1.427972298162132,1.427972298162132,0.09114225242054291,0.09114225242054291,0.09114225242054291,0.09114225242054291,0.993531982472182,0.9993531982375801,0.09114225242054283,0.09114225242054283,1.0,0.0,0.0,1.0,1.0
0.07286181745132274,1.148698354997035,gt-order-1,"ap_fixed<16,6,AP_RND,AP_SAT>",False,True,1000.0,0.0014495849609375,-2.838756325035252,1.0,0.10000000149011612,0.4053684175014496,0.0,1.4602441787719727,1.4602441787719727,1.427972298162132,1.427972298162132,0.10404466120963729,0.10404466120963729,0.10404466120963729,0.10404466120963729,0.9926163478023926,0.9992616347692368,0.10404466120963723,0.10404466120963723,1.0,0.0,0.0,1.0,1.0
0.08317637711026708,1.148698354997035,gt-order-1,"ap_fixed<16,6,AP_RND,AP_SAT>",False,True,1000.0,0.0010528564453125,-2.977630839473952,1.0,0.10000000149011612,0.4102252721786499,0.0,1.457005262374878,1.457005262374878,1.427972298162132,1.427972298162132,0.11877355855534755,0.11877355855534755,0.11877355855534755,0.11877355855534755,0.9915710942161864,0.9991571094090586,0.11877355855534746,0.11877355855534746,1.0,0.0,0.0,1.0,1.0
0.09495109992021983,1.148698354997035,gt-order-1,"ap_fixed<16,6,AP_RND,AP_SAT>",False,True,1000.0,0.0008697509765625,-3.0606050744518756,1.0,0.10000000149011612,0.39881062507629395,0.0,1.4594923257827759,1.4594923257827759,1.427972298162132,1.427972298162132,0.13558754140456233,0.13558754140456233,0.13558754140456233,0.13558754140456233,0.9903778700759781,0.9990377869932594,0.13558754140456233,0.13558754140456233,1.0,0.0,0.0,1.0,1.0
0.10839269140212034,1.148698354997035,gt-order-1,"ap_fixed<16,6,AP_RND,AP_SAT>",False,True,1000.0,0.0006256103515625,-3.2036960732097706,1.0,0.10000000149011612,0.4067259430885315,0.0,1.4396265745162964,1.4396265745162964,1.427972298162132,1.427972298162132,0.15478176307335934,0.15478176307335934,0.15478176307335934,0.15478176307335934,0.9890157294782915,0.9989015729314612,0.1547817630733593,0.1547817630733593,1.0,0.0,0.0,1.0,1.0
0.12373711899353519,1.148698354997035,gt-order-1,"ap_fixed<16,6,AP_RND,AP_SAT>",False,True,1000.0,0.0005035400390625,-3.297965989883329,1.0,0.10000000149011612,0.42742520570755005,0.0,1.4347829818725586,1.4347829818725586,1.427972298162132,1.427972298162132,0.17669317838379525,0.17669317838379525,0.17669317838379525,0.17669317838379525,0.9874607600264366,0.9987460759839586,0.17669317838379514,0.17669317838379514,1.0,0.0,0.0,1.0,1.0
0.1412537544622754,1.148698354997035,gt-order-1,"ap_fixed<16,6,AP_RND,AP_SAT>",False,True,1000.0,0.0003814697265625,-3.418539920813185,1.0,0.10000000149011612,0.4203255772590637,0.0,1.4338388442993164,1.4338388442993164,1.427972298162132,1.427972298162132,0.20170644843250293,0.20170644843250293,0.20170644843250293,0.20170644843250293,0.9856856637916342,0.9985685663578332,0.20170644843250274,0.20170644843250274,1.0,0.0,0.0,1.0,1.0
0.16125010273377416,1.148698354997035,gt-order-1,"ap_fixed<16,6,AP_RND,AP_SAT>",False,True,1000.0,0.000274658203125,-3.561207423939175,1.0,0.10000000149011612,0.42640143632888794,0.0,1.4266349077224731,1.4266349077224731,1.427972298162132,1.427972298162132,0.230260675218659,0.230260675218659,0.230260675218659,0.230260675218659,0.9836592793821952,0.9983659279138698,0.23026067521865887,0.23026067521865887,1.0,0.0,0.0,1.0,1.0
0.18407720014689555,1.148698354997035,gt-order-1,"ap_fixed<16,6,AP_RND,AP_SAT>",False,True,1000.0,0.0001983642578125,-3.7025365761274838,1.0,0.10000000149011612,0.4068497121334076,0.0,1.4280797243118286,1.4280797243118286,1.427972298162132,1.427972298162132,0.2628571469981078,0.2628571469981078,0.2628571469981078,0.2628571469981078,0.9813460322853198,0.9981346032007353,0.2628571469981076,0.2628571469981076,1.0,0.0,0.0,1.0,1.0
0.21013577690467466,1.148698354997035,gt-order-1,"ap_fixed<16,6,AP_RND,AP_SAT>",False,True,1000.0,0.0001373291015625,-3.8622374180219383,1.0,0.10000000149011612,0.46236446499824524,0.0,1.425272822380066,1.425272822380066,1.4279722981621321,1.4279722981621321,0.3000680624459734,0.3000680624459734,0.3000680624459734,0.3000680624459734,0.9787053157466015,0.9978705315429286,0.3000680624459733,0.3000680624459733,1.0,0.0,0.0,1.0,1.0
0.239883291901949,1.148698354997035,gt-order-1,"ap_fixed<16,6,AP_RND,AP_SAT>",False,True,1000.0,0.0001068115234375,-3.9713818865434534,1.0,0.10000000149011612,0.4839338958263397,0.0,1.4279907941818237,1.4279907941818237,1.427972298162132,1.427972298162132,0.3425466911143356,0.3425466911143356,0.3425466911143356,0.3425466911143356,0.9756907697211542,0.9975690769358918,0.34254669111433533,0.34254669111433533,1.0,0.0,0.0,1.0,1.0
0.27384196342643613,1.148698354997035,gt-order-1,"ap_fixed<16,6,AP_RND,AP_SAT>",False,True,1000.0,7.62939453125e-05,-4.117509920595296,1.0,0.10000000149011612,0.4316384494304657,0.0,1.4165252447128296,1.4165252447128296,1.4279722981621321,1.4279722981621321,0.391038757400517,0.391038757400517,0.391038757400517,0.391038757400517,0.972249472996865,0.9972249472583349,0.3910387574005167,0.3910387574005167,1.0,0.0,0.0,1.0,1.0
0.3126079367123954,1.148698354997035,gt-order-1,"ap_fixed<16,6,AP_RND,AP_SAT>",False,True,1000.0,4.57763671875e-05,-4.339358666416729,1.0,0.10000000149011612,0.4399413466453552,0.0,1.4228876829147339,1.4228876829147339,1.427972298162132,1.427972298162132,0.4463954842341095,0.4463954842341095,0.4463954842341095,0.4463954842341095,0.9683210175337476,0.9968321017061692,0.4463954842341093,0.4463954842341093,1.0,0.0,0.0,1.0,1.0
0.35686174928348097,1.148698354997035,gt-order-1,"ap_fixed<16,6,AP_RND,AP_SAT>",False,True,1000.0,4.57763671875e-05,-4.339358666416729,1.0,0.10000000149011612,0.44597652554512024,0.0,1.4225009679794312,1.4225009679794312,1.427972298162132,1.427972298162132,0.5095886794947603,0.5095886794947603,0.5095886794947603,0.5095886794947603,0.963836437838495,0.9963836437299616,0.5095886794947599,0.5095886794947599,1.0,0.0,0.0,1.0,1.0
0.4073802778041126,1.148698354997035,gt-order-1,"ap_fixed<16,6,AP_RND,AP_SAT>",False,True,1000.0,4.57763671875e-05,-4.339358666416729,1.0,0.10000000149011612,0.5416762232780457,0.0,1.419376254081726,1.419376254081726,1.4279722981621321,1.4279722981621321,0.5817277587684877,0.5817277587684877,0.5817277587684877,0.5817277587684877,0.9587170029244863,0.9958717002309321,0.5817277587684874,0.5817277587684874,1.0,0.0,0.0,1.0,1.0
0.46505037616660627,1.148698354997035,gt-order-1,"ap_fixed<16,6,AP_RND,AP_SAT>",False,True,1000.0,3.0517578125e-05,-4.515449920728757,1.0,0.10000000149011612,0.4975185692310333,0.0,1.4196116924285889,1.4196116924285889,1.4279722981621321,1.4279722981621321,0.6640790448976543,0.6640790448976543,0.6640790448976543,0.6640790448976543,0.9528728466964381,0.9952872845994187,0.6640790448976542,0.6640790448976542,1.0,0.0,0.0,1.0,1.0
0.5308844442309882,1.148698354997035,gt-order-1,"ap_fixed<16,6,AP_RND,AP_SAT>",False,True,1000.0,3.0517578125e-05,-4.515449920728757,1.0,0.10000000149011612,0.47471266984939575,0.0,1.4159270524978638,1.4159270524978638,1.4279722981621321,1.4279722981621321,0.758088280576196,0.758088280576196,0.758088280576196,0.758088280576196,0.9462013703175136,0.9946201369515851,0.7580882805761955,0.7580882805761955,1.0,0.0,0.0,1.0,1.0
0.606038200527066,1.148698354997035,gt-order-1,"ap_fixed<16,6,AP_RND,AP_SAT>",False,True,1000.0,1.52587890625e-05,-4.816479902161777,1.0,0.10000000149011612,0.5812381505966187,0.0,1.4184428453445435,1.4184428453445435,1.427972298162132,1.427972298162132,0.8654057794720786,0.8654057794720786,0.8654057794720786,0.8654057794720786,0.9385854573302268,0.993858545641508,0.8654057794720781,0.8654057794720781,1.0,0.0,0.0,1.0,1.0
0.6918309709189363,1.148698354997035,gt-order-1,"ap_fixed<16,6,AP_RND,AP_SAT>",False,True,1000.0,1.52587890625e-05,-4.816479902161777,1.0,0.10000000149011612,0.5393599271774292,0.0,1.4159693717956543,1.4159693717956543,1.4279722981621321,1.4279722981621321,0.9879154925837083,0.9879154925837083,0.9879154925837083,0.9879154925837083,0.9298914109281498,0.9929891409883448,0.9879154925837074,0.9879154925837074,1.0,0.0,0.0,1.0,1.0
0.7897688493998856,1.148698354997035,gt-order-1,"ap_fixed<16,6,AP_RND,AP_SAT>",False,True,1000.0,1.52587890625e-05,-4.816479902161777,1.0,0.10000000149011612,0.6255432367324829,0.0,1.415183186531067,1.415183186531067,1.427972298162132,1.427972298162132,1.1277680749440742,1.1277680749440742,1.1277680749440742,1.1277680749440742,0.919966607338222,0.9919966606145632,1.1277680749440735,1.1277680749440735,1.0,0.0,0.0,1.0,1.0
0.9015711376059565,1.148698354997035,gt-order-1,"ap_fixed<16,6,AP_RND,AP_SAT>",False,True,1000.0,1.52587890625e-05,-4.816479902161777,1.0,0.10000000149011612,0.6546536087989807,0.0,1.4127401113510132,1.4127401113510132,1.4279722981621321,1.4279722981621321,1.2874186335828828,1.2874186335828828,1.2874186335828828,1.2874186335828828,0.9086368169920592,0.990863681563064,1.2874186335828819,1.2874186335828819,1.0,0.0,0.0,1.0,1.0
1.0292005271944276,1.148698354997035,gt-order-1,"ap_fixed<16,6,AP_RND,AP_SAT>",False,True,1000.0,0.0,-12.0,0.9716292023658752,0.10000000149011612,0.45883145928382874,0.0,1.4147616624832153,1.4147616624832153,1.4279722981621321,1.4279722981621321,1.469669880213816,1.4696698802138153,1.469669880213816,1.4696698802138153,0.8957031421445643,0.9895703140590422,1.4696698802138148,1.4279741734533005,1.0,0.0,0.0,1.0,1.0
1.174897554939529,1.148698354997035,gt-order-1,"ap_fixed<16,6,AP_RND,AP_SAT>",False,True,1000.0,0.0,-12.0,0.8511391878128052,0.10000000149011612,0.6324555277824402,0.0,1.4126031398773193,1.4126031398773193,1.427972298162132,1.427972298162132,1.6777211567727235,1.6777211567727233,1.6777211567727235,1.6777211567727233,0.8809385377187393,0.9880938535944583,1.6777211567727222,1.4279742227518948,1.0,0.0,0.0,1.0,1.0
1.3412199354053709,1.148698354997035,gt-order-1,"ap_fixed<16,6,AP_RND,AP_SAT>",False,True,1000.0,0.0,-12.0,0.74559086561203,0.10000000149011612,0.6324555277824402,0.0,1.4135096073150635,1.4135096073150635,1.4279722981621321,1.4279722981621321,1.9152248658548126,1.9152248658548117,1.9152248658548126,1.9152248658548117,0.915224865854812,0.986408380462779,1.9152248658548119,1.4279741655743734,1.0,0.0,0.0,1.0,1.0
1.5310874616820287,1.148698354997035,gt-order-1,"ap_fixed<16,6,AP_RND,AP_SAT>",False,True,1000.0,0.0,-12.0,0.653131365776062,0.10000000149011612,0.6324555277824402,0.0,1.412550687789917,1.412550687789917,1.427972298162132,1.427972298162132,2.1863505613921745,2.1863505613921737,2.1863505613921745,2.1863505613921737,1.1863505613921734,1.1863505613921725,2.1863505613921723,1.4279741282273295,1.0,0.0,0.0,1.0,1.0
1.7478332624182173,1.148698354997035,gt-order-1,"ap_fixed<16,6,AP_RND,AP_SAT>",False,True,1000.0,0.0,-12.0,0.572137713432312,0.10000000149011612,0.6324555277824402,0.0,1.4131202697753906,1.4131202697753906,1.4279722981621321,1.4279722981621321,2.4958574655956967,2.4958574655956958,2.4958574655956967,2.4958574655956958,1.4958574655956958,1.4958574655956942,2.4958574655956944,1.427974183418886,1.0,0.0,0.0,1.0,1.0
1.9952623149688795,1.148698354997035,gt-order-1,"ap_fixed<16,6,AP_RND,AP_SAT>",False,True,1000.0,0.0,-12.0,0.5011879205703735,0.10000000149011612,0.6666666269302368,0.0,1.4119096994400024,1.4119096994400024,1.427972298162132,1.427972298162132,2.849179242281512,2.849179242281511,2.849179242281512,2.849179242281511,1.8491792422815119,1.8491792422815105,2.8491792422815108,1.427974219771343,1.0,0.0,0.0,1.0,1.0
0.01,1.189207115002721,gt-order-1,"ap_fixed<16,6,AP_RND,AP_SAT>",False,True,1000.0,0.0716552734375,-1.14475184237808,1.0,0.10000000149011612,0.4007406234741211,0.0,1.6744592189788818,1.6744592189788818,1.5304628124678656,1.5304628124678656,0.01530462778259356,0.01530462778259356,0.01530462778259356,0.01530462778259356,0.9989138890238175,0.9998913889007633,0.015304627782593543,0.015304627782593543,1.0,0.0,0.0,1.0,1.0
0.011415633046188459,1.189207115002721,gt-order-1,"ap_fixed<16,6,AP_RND,AP_SAT>",False,True,1000.0,0.0567474365234375,-1.2460537522570734,1.0,0.10000000149011612,0.3897017538547516,0.0,1.6744592189788818,1.6744592189788818,1.5304628124678656,1.5304628124678656,0.017471202358086177,0.017471202358086177,0.017471202358086177,0.017471202358086177,0.9987601355016419,0.9998760135483165,0.01747120235808616,0.01747120235808616,1.0,0.0,0.0,1.0,1.0
0.013031667784522994,1.189207115002721,gt-order-1,"ap_fixed<16,6,AP_RND,AP_SAT>",False,True,1000.0,0.045440673828125,-1.3425552371979843,1.0,0.10000000149011612,0.3856133818626404,0.0,1.6744592189788818,1.6744592189788818,1.5304628124678654,1.5304628124678654,0.019944483303921335,0.019944483303921335,0.019944483303921335,0.019944483303921335,0.9985846161998585,0.9998584616178768,0.01994448330392132,0.01994448330392132,1.0,0.0,0.0,1.0,1.0
0.014876473740795015,1.189207115002721,gt-order-1,"ap_fixed<16,6,AP_RND,AP_SAT>",False,True,1000.0,0.0345001220703125,-1.4621793682657511,1.0,0.10000000149011612,0.3883619010448456,0.0,1.6744592189788818,1.6744592189788818,1.5304628124678654,1.5304628124678654,0.02276788977091475,0.02276788977091475,0.02276788977091475,0.02276788977091475,0.9983842498271779,0.9998384249803097,0.022767889770914738,0.022767889770914738,1.0,0.0,0.0,1.0,1.0
0.016982436524617443,1.189207115002721,gt-order-1,"ap_fixed<16,6,AP_RND,AP_SAT>",False,True,1000.0,0.0267791748046875,-1.5722028098056386,1.0,0.10000000149011612,0.3839779198169708,0.0,1.6815539598464966,1.6815539598464966,1.5304628124678654,1.5304628124678654,0.02599098703877445,0.02599098703877445,0.02599098703877445,0.02599098703877445,0.9981555189250183,0.9998155518897536,0.02599098703877443,0.02599098703877443,1.0,0.0,0.0,1.0,1.0
0.019386526359522076,1.189207115002721,gt-order-1,"ap_fixed<16,6,AP_RND,AP_SAT>",False,True,1000.0,0.0198974609375,-1.7012023392059712,1.0,0.10000000149011612,0.38982057571411133,0.0,1.6815539598464966,1.6815539598464966,1.5304628124678654,1.5304628124678654,0.029670357407741092,0.029670357407741092,0.029670357407741092,0.029670357407741092,0.9978944080636538,0.9997894408032277,0.029670357407741075,0.029670357407741075,1.0,0.0,0.0,1.0,1.0
0.022130947096056376,1.189207115002721,gt-order-1,"ap_fixed<16,6,AP_RND,AP_SAT>",False,True,1000.0,0.0155181884765625,-1.8091589776729684,1.0,0.10000000149011612,0.3922787606716156,0.0,1.6815539598464966,1.6815539598464966,1.5304628124678654,1.5304628124678654,0.03387059224536655,0.03387059224536655,0.03387059224536655,0.03387059224536655,0.9975963334404422,0.9997596333404624,0.03387059224536653,0.03387059224536653,1.0,0.0,0.0,1.0,1.0
0.025263877101318954,1.189207115002721,gt-order-1,"ap_fixed<16,6,AP_RND,AP_SAT>",False,True,1000.0,0.0118408203125,-1.9266182093288329,1.0,0.10000000149011612,0.3941780626773834,0.0,1.5853298902511597,1.5853298902511597,1.5304628124678654,1.5304628124678654,0.03866542514339454,0.03866542514339454,0.03866542514339454,0.03866542514339454,0.9972560624640102,0.999725606242312,0.03866542514339451,0.03866542514339451,1.0,0.0,0.0,1.0,1.0
0.028840315031266057,1.189207115002721,gt-order-1,"ap_fixed<16,6,AP_RND,AP_SAT>",False,True,1000.0,0.0088958740234375,-2.050811375815865,1.0,0.10000000149011612,0.3918361961841583,0.0,1.610834002494812,1.610834002494812,1.5304628124678654,1.5304628124678654,0.04413902899041645,0.04413902899041645,0.04413902899041645,0.04413902899041645,0.9968676217059614,0.9996867621659284,0.04413902899041642,0.04413902899041642,1.0,0.0,0.0,1.0,1.0
0.03292304533334065,1.189207115002721,gt-order-1,"ap_fixed<16,6,AP_RND,AP_SAT>",False,True,1000.0,0.0068511962890625,-2.164233589556986,1.0,0.10000000149011612,0.4011213481426239,0.0,1.6287147998809814,1.6287147998809814,1.5304628124678659,1.5304628124678659,0.05038749834062092,0.05038749834062092,0.05038749834062092,0.05038749834062092,0.9964241917028274,0.9996424191649544,0.05038749834062086,0.05038749834062086,1.0,0.0,0.0,1.0,1.0
0.037583740428844416,1.189207115002721,gt-order-1,"ap_fixed<16,6,AP_RND,AP_SAT>",False,True,1000.0,0.0052642822265625,-2.2786608354679267,1.0,0.10000000149011612,0.40404632687568665,0.0,1.6201452016830444,1.6201452016830444,1.5304628124678656,1.5304628124678656,0.05752051992934613,0.05752051992934613,0.05752051992934613,0.05752051992934613,0.9959179884059609,0.9995917988345134,0.057520519929346085,0.057520519929346085,1.0,0.0,0.0,1.0,1.0
0.04290421892388853,1.189207115002721,gt-order-1,"ap_fixed<16,6,AP_RND,AP_SAT>",False,True,1000.0,0.0039215087890625,-2.4065468071816576,1.0,0.10000000149011612,0.3986247181892395,0.0,1.5864903926849365,1.5864903926849365,1.5304628124678656,1.5304628124678656,0.06566331400599995,0.06566331400599995,0.06566331400599995,0.06566331400599995,0.9953401254125526,0.9995340125343116,0.06566331400599992,0.06566331400599992,1.0,0.0,0.0,1.0,1.0
0.04897788193684462,1.189207115002721,gt-order-1,"ap_fixed<16,6,AP_RND,AP_SAT>",False,True,1000.0,0.0030364990234375,-2.5176268540709676,1.0,0.10000000149011612,0.3975759744644165,0.0,1.5930356979370117,1.5930356979370117,1.5304628124678654,1.5304628124678654,0.07495882652938371,0.07495882652938371,0.07495882652938371,0.07495882652938371,0.9946804583939025,0.9994680458314632,0.07495882652938364,0.07495882652938364,1.0,0.0,0.0,1.0,1.0
0.05591135275705602,1.189207115002721,gt-order-1,"ap_fixed<16,6,AP_RND,AP_SAT>",False,True,1000.0,0.00238037109375,-2.6233553320867893,1.0,0.10000000149011612,0.4086741805076599,0.0,1.5930356979370117,1.5930356979370117,1.5304628124678656,1.5304628124678656,0.08557024349314821,0.08557024349314821,0.08557024349314821,0.08557024349314821,0.9939274066633464,0.9993927406572858,0.08557024349314812,0.08557024349314812,1.0,0.0,0.0,1.0,1.0
0.06382634861905485,1.189207115002721,gt-order-1,"ap_fixed<16,6,AP_RND,AP_SAT>",False,True,1000.0,0.00177001953125,-2.752021941151419,1.0,0.10000000149011612,0.400638222694397,0.0,1.5623990297317505,1.5623990297317505,1.5304628124678654,1.5304628124678654,0.09768384733634555,0.09768384733634555,0.09768384733634555,0.09768384733634555,0.9930677504677093,0.999306775036441,0.0976838473363455,0.0976838473363455,1.0,0.0,0.0,1.0,1.0
0.07286181745132274,1.189207115002721,gt-order-1,"ap_fixed<16,6,AP_RND,AP_SAT>",False,True,1000.0,0.001373291015625,-2.8622374208681305,1.0,0.10000000149011612,0.41503381729125977,0.0,1.5485869646072388,1.5485869646072388,1.5304628124678654,1.5304628124678654,0.11151230666176971,0.11151230666176971,0.11151230666176971,0.11151230666176971,0.9920863975285596,0.9992086397410638,0.11151230666176963,0.11151230666176963,1.0,0.0,0.0,1.0,1.0
0.08317637711026708,1.189207115002721,gt-order-1,"ap_fixed<16,6,AP_RND,AP_SAT>",False,True,1000.0,0.0009918212890625,-3.003566573542968,1.0,0.10000000149011612,0.39934882521629333,0.0,1.5667216777801514,1.5667216777801514,1.5304628124678654,1.5304628124678654,0.12729834794932052,0.12729834794932052,0.12729834794932052,0.12729834794932052,0.9909661224747367,0.9990966122340119,0.1272983479493204,0.1272983479493204,1.0,0.0,0.0,1.0,1.0
0.09495109992021983,1.189207115002721,gt-order-1,"ap_fixed<16,6,AP_RND,AP_SAT>",False,True,1000.0,0.0007171630859375,-3.1443820720824087,1.0,0.10000000149011612,0.38624876737594604,0.0,1.5584886074066162,1.5584886074066162,1.5304628124678656,1.5304628124678656,0.14531912854381493,0.14531912854381493,0.14531912854381493,0.14531912854381493,0.9896872565081092,0.9989687256354437,0.1453191285438148,0.1453191285438148,1.0,0.0,0.0,1.0,1.0
0.10839269140212034,1.189207115002721,gt-order-1,"ap_fixed<16,6,AP_RND,AP_SAT>",False,True,1000.0,0.00054931640625,-3.260177429065803,1.0,0.10000000149011612,0.37938904762268066,0.0,1.5588239431381226,1.5588239431381226,1.5304628124678656,1.5304628124678656,0.16589098593640375,0.16589098593640375,0.16589098593640375,0.16589098593640375,0.9882273503652121,0.9988227350189786,0.16589098593640358,0.16589098593640358,1.0,0.0,0.0,1.0,1.0
0.12373711899353519,1.189207115002721,gt-order-1,"ap_fixed<16,6,AP_RND,AP_SAT>",False,True,1000.0,0.0004425048828125,-3.3540819317432975,1.0,0.10000000149011612,0.3750457763671875,0.0,1.5402073860168457,1.5402073860168457,1.5304628124678656,1.5304628124678656,0.1893750593629834,0.1893750593629834,0.1893750593629834,0.1893750593629834,0.9865607753738819,0.9986560775173623,0.18937505936298332,0.18937505936298332,1.0,0.0,0.0,1.0,1.0
0.1412537544622754,1.189207115002721,gt-order-1,"ap_fixed<16,6,AP_RND,AP_SAT>",False,True,1000.0,0.0003509521484375,-3.4547520933686315,1.0,0.10000000149011612,0.3782402575016022,0.0,1.525086760520935,1.525086760520935,1.5304628124678654,1.5304628124678654,0.21618361837847266,0.21618361837847266,0.21618361837847266,0.21618361837847266,0.9846582743385098,0.9984658274109901,0.2161836183784725,0.2161836183784725,1.0,0.0,0.0,1.0,1.0
0.16125010273377416,1.189207115002721,gt-order-1,"ap_fixed<16,6,AP_RND,AP_SAT>",False,True,1000.0,0.000244140625,-3.612359946188904,1.0,0.10000000149011612,0.3757345676422119,0.0,1.530614972114563,1.530614972114563,1.5304628124678656,1.5304628124678656,0.24678728085233945,0.24678728085233945,0.24678728085233945,0.24678728085233945,0.9824864493064717,0.9982486449045499,0.24678728085233922,0.24678728085233922,1.0,0.0,0.0,1.0,1.0
0.18407720014689555,1.189207115002721,gt-order-1,"ap_fixed<16,6,AP_RND,AP_SAT>",False,True,1000.0,0.0001983642578125,-3.7025365761274838,1.0,0.10000000149011612,0.4399413466453552,0.0,1.5325143337249756,1.5325143337249756,1.5304628124678654,1.5304628124678654,0.28172331423359787,0.28172331423359787,0.28172331423359787,0.28172331423359787,0.9800071724590577,0.9980007172161144,0.2817233142335977,0.2817233142335977,1.0,0.0,0.0,1.0,1.0
0.21013577690467466,1.189207115002721,gt-order-1,"ap_fixed<16,6,AP_RND,AP_SAT>",False,True,1000.0,0.0001373291015625,-3.8622374180219383,1.0,0.10000000149011612,0.4029114842414856,0.0,1.5241163969039917,1.5241163969039917,1.5304628124678656,1.5304628124678656,0.3216049858767674,0.3216049858767674,0.3216049858767674,0.3216049858767674,0.9771769225545529,0.997717692221446,0.3216049858767671,0.3216049858767671,1.0,0.0,0.0,1.0,1.0
0.239883291901949,1.189207115002721,gt-order-1,"ap_fixed<16,6,AP_RND,AP_SAT>",False,True,1000.0,9.1552734375e-05,-4.038328675496402,1.0,0.10000000149011612,0.4629100561141968,0.0,1.52016282081604,1.52016282081604,1.5304628124678654,1.5304628124678654,0.36713245275076295,0.36713245275076295,0.36713245275076295,0.36713245275076295,0.9739460121271928,0.9973946011738958,0.36713245275076273,0.36713245275076273,1.0,0.0,0.0,1.0,1.0
0.27384196342643613,1.189207115002721,gt-order-1,"ap_fixed<16,6,AP_RND,AP_SAT>",False,True,1000.0,6.103515625e-05,-4.214419932180256,1.0,0.10000000149011612,0.4267975091934204,0.0,1.5241464376449585,1.5241464376449585,1.5304628124678654,1.5304628124678654,0.4191049624739879,0.4191049624739879,0.4191049624739879,0.4191049624739879,0.970257721626305,0.9970257721183111,0.4191049624739875,0.4191049624739875,1.0,0.0,0.0,1.0,1.0
0.3126079367123954,1.189207115002721,gt-order-1,"ap_fixed<16,6,AP_RND,AP_SAT>",False,True,1000.0,6.103515625e-05,-4.214419932180256,1.0,0.10000000149011612,0.41015154123306274,0.0,1.5244981050491333,1.5244981050491333,1.5304628124678654,1.5304628124678654,0.47843483319192537,0.47843483319192537,0.47843483319192537,0.47843483319192537,0.9660473073177945,0.996604730681186,0.4784348331919251,0.4784348331919251,1.0,0.0,0.0,1.0,1.0
0.35686174928348097,1.189207115002721,gt-order-1,"ap_fixed<16,6,AP_RND,AP_SAT>",False,True,1000.0,4.57763671875e-05,-4.339358666416729,1.0,0.10000000149011612,0.5416762232780457,0.0,1.5216087102890015,1.5216087102890015,1.5304628124678654,1.5304628124678654,0.546163622799345,0.546163622799345,0.546163622799345,0.546163622799345,0.9612408538162034,0.9961240853238648,0.5461636227993445,0.5461636227993445,1.0,0.0,0.0,1.0,1.0
0.4073802778041126,1.189207115002721,gt-order-1,"ap_fixed<16,6,AP_RND,AP_SAT>",False,True,1000.0,3.0517578125e-05,-4.515449920728757,1.0,0.10000000149011612,0.4335549771785736,0.0,1.520207166671753,1.520207166671753,1.5304628124678654,1.5304628124678654,0.6234803734787587,0.6234803734787587,0.6234803734787587,0.6234803734787587,0.9557539793395038,0.9955753978680184,0.6234803734787583,0.6234803734787583,1.0,0.0,0.0,1.0,1.0
0.46505037616660627,1.189207115002721,gt-order-1,"ap_fixed<16,6,AP_RND,AP_SAT>",False,True,1000.0,3.0517578125e-05,-4.515449920728757,1.0,0.10000000149011612,0.5547002553939819,0.0,1.5200732946395874,1.5200732946395874,1.5304628124678654,1.5304628124678654,0.7117422964458948,0.7117422964458948,0.7117422964458948,0.7117422964458948,0.9494903677917182,0.9949490367039064,0.7117422964458944,0.7117422964458944,1.0,0.0,0.0,1.0,1.0
0.5308844442309882,1.189207115002721,gt-order-1,"ap_fixed<16,6,AP_RND,AP_SAT>",False,True,1000.0,3.0517578125e-05,-4.515449920728757,1.0,0.10000000149011612,0.3831305205821991,0.0,1.5181077718734741,1.5181077718734741,1.5304628124678654,1.5304628124678654,0.8124989003518058,0.8124989003518058,0.8124989003518058,0.8124989003518058,0.9423400564623845,0.9942340055603184,0.8124989003518052,0.8124989003518052,1.0,0.0,0.0,1.0,1.0
0.606038200527066,1.189207115002721,gt-order-1,"ap_fixed<16,6,AP_RND,AP_SAT>",False,True,1000.0,1.52587890625e-05,-4.816479902161777,1.0,0.10000000149011612,0.4923659563064575,0.0,1.517638921737671,1.517638921737671,1.5304628124678656,1.5304628124678656,0.9275189475884374,0.9275189475884374,0.9275189475884374,0.9275189475884374,0.9341775230405097,0.9934177522059677,0.9275189475884366,0.9275189475884366,1.0,0.0,0.0,1.0,1.0
0.6918309709189363,1.189207115002721,gt-order-1,"ap_fixed<16,6,AP_RND,AP_SAT>",False,True,1000.0,1.52587890625e-05,-4.816479902161777,1.0,0.10000000149011612,0.39056673645973206,0.0,1.5189695358276367,1.5189695358276367,1.5304628124678654,1.5304628124678654,1.058821606838041,1.058821606838041,1.058821606838041,1.058821606838041,0.9248594748371303,0.9924859473717448,1.0588216068380405,1.0588216068380405,1.0,0.0,0.0,1.0,1.0
0.7897688493998856,1.189207115002721,gt-order-1,"ap_fixed<16,6,AP_RND,AP_SAT>",False,True,1000.0,1.52587890625e-05,-4.816479902161777,1.0,0.10000000149011612,0.7171371579170227,0.0,1.5151069164276123,1.5151069164276123,1.5304628124678654,1.5304628124678654,1.2087118930891245,1.2087118930891245,1.2087118930891245,1.2087118930891245,0.9142223337427455,0.991422233246456,1.2087118930891239,1.2087118930891239,1.0,0.0,0.0,1.0,1.0
0.9015711376059565,1.189207115002721,gt-order-1,"ap_fixed<16,6,AP_RND,AP_SAT>",False,True,1000.0,1.52587890625e-05,-4.816479902161777,1.0,0.10000000149011612,0.6963106393814087,0.0,1.5158534049987793,1.5158534049987793,1.5304628124678656,1.5304628124678656,1.379821124900479,1.379821124900479,1.379821124900479,1.379821124900479,0.9020793651298212,0.9902079363670689,1.3798211249004781,1.3798211249004781,1.0,0.0,0.0,1.0,1.0
1.0292005271944276,1.189207115002721,gt-order-1,"ap_fixed<16,6,AP_RND,AP_SAT>",False,True,1000.0,0.0,-12.0,0.9716292023658752,0.10000000149011612,0.5,0.0,1.5142548084259033,1.5142548084259033,1.5304628124678654,1.5304628124678654,1.575153174306162,1.5751531743061618,1.575153174306162,1.5751531743061618,0.888217395673688,0.9888217394007998,1.5751531743061613,1.5304648223551718,1.0,0.0,0.0,1.0,1.0
1.174897554939529,1.189207115002721,gt-order-1,"ap_fixed<16,6,AP_RND,AP_SAT>",False,True,1000.0,0.0,-12.0,0.8511391878128052,0.10000000149011612,0.6666666865348816,0.0,1.5157252550125122,1.5157252550125122,1.5304628124678656,1.5304628124678656,1.798137011086253,1.7981370110862525,1.798137011086253,1.7981370110862525,0.8723930844863452,0.9872393082584855,1.798137011086251,1.5304648751920968,1.0,0.0,0.0,1.0,1.0
1.3412199354053709,1.189207115002721,gt-order-1,"ap_fixed<16,6,AP_RND,AP_SAT>",False,True,1000.0,0.0,-12.0,0.74559086561203,0.10000000149011612,0.6324555277824402,0.0,1.5154204368591309,1.5154204368591309,1.5304628124678654,1.5304628124678654,2.052687183411831,2.0526871834118308,2.052687183411831,2.0526871834118308,1.0526871834118305,1.0526871834118303,2.0526871834118303,1.5304648139107464,1.0,0.0,0.0,1.0,1.0
1.5310874616820287,1.189207115002721,gt-order-1,"ap_fixed<16,6,AP_RND,AP_SAT>",False,True,1000.0,0.0,-12.0,0.653131365776062,0.10000000149011612,0.5669467449188232,0.0,1.513932466506958,1.513932466506958,1.5304628124678654,1.5304628124678654,2.3432725085322663,2.3432725085322654,2.3432725085322663,2.3432725085322654,1.3432725085322659,1.3432725085322654,2.3432725085322645,1.530464773883177,1.0,0.0,0.0,1.0,1.0
1.7478332624182173,1.189207115002721,gt-order-1,"ap_fixed<16,6,AP_RND,AP_SAT>",False,True,1000.0,0.0,-12.0,0.572137713432312,0.10000000149011612,0.6324554681777954,0.0,1.5143702030181885,1.5143702030181885,1.5304628124678656,1.5304628124678656,2.674993794509035,2.6749937945090325,2.674993794509035,2.6749937945090325,1.6749937945090347,1.674993794509033,2.674993794509033,1.530464833036022,1.0,0.0,0.0,1.0,1.0
1.9952623149688795,1.189207115002721,gt-order-1,"ap_fixed<16,6,AP_RND,AP_SAT>",False,True,1000.0,0.0,-12.0,0.5011879205703735,0.10000000149011612,0.5,0.0,1.5162348747253418,1.5162348747253418,1.5304628124678656,1.5304628124678656,3.053674698017235,3.0536746980172342,3.053674698017235,3.0536746980172342,2.053674698017234,2.0536746980172325,3.053674698017232,1.5304648719976197,1.0,0.0,0.0,1.0,1.0
0.01,1.2311444133449163,gt-order-1,"ap_fixed<16,6,AP_RND,AP_SAT>",False,True,1000.0,0.06732177734375,-1.171844426849095,1.0,0.10000000149011612,0.39851921796798706,0.0,1.8876386880874634,1.8876386880874634,1.6403094308640174,1.6403094308640174,0.016403093942002445,0.016403093942002445,0.016403093942002445,0.016403093942002445,0.9988359350723721,0.9998835935055025,0.016403093942002435,0.016403093942002435,1.0,0.0,0.0,1.0,1.0
0.011415633046188459,1.2311444133449163,gt-order-1,"ap_fixed<16,6,AP_RND,AP_SAT>",False,True,1000.0,0.053863525390625,-1.2687052252278137,1.0,0.10000000149011612,0.39106106758117676,0.0,1.8876386880874634,1.8876386880874634,1.6403094308640174,1.6403094308640174,0.01872517108095636,0.01872517108095636,0.01872517108095636,0.01872517108095636,0.9986711461266853,0.9998671146106882,0.018725171080956348,0.018725171080956348,1.0,0.0,0.0,1.0,1.0
0.013031667784522994,1.2311444133449163,gt-order-1,"ap_fixed<16,6,AP_RND,AP_SAT>",False,True,1000.0,0.0427703857421875,-1.3688568328532589,1.0,0.10000000149011612,0.38669776916503906,0.0,1.8876386880874634,1.8876386880874634,1.6403094308640174,1.6403094308640174,0.02137596796904793,0.02137596796904793,0.02137596796904793,0.02137596796904793,0.9984830291959036,0.9998483029173301,0.021375967969047914,0.021375967969047914,1.0,0.0,0.0,1.0,1.0
0.014876473740795015,1.2311444133449163,gt-order-1,"ap_fixed<16,6,AP_RND,AP_SAT>",False,True,1000.0,0.032379150390625,-1.4897345510449644,1.0,0.10000000149011612,0.38171038031578064,0.0,1.8876386880874634,1.8876386880874634,1.6403094308640174,1.6403094308640174,0.024402020099974175,0.024402020099974175,0.024402020099974175,0.024402020099974175,0.9982682818337753,0.999826828180797,0.024402020099974157,0.024402020099974157,1.0,0.0,0.0,1.0,1.0
0.016982436524617443,1.2311444133449163,gt-order-1,"ap_fixed<16,6,AP_RND,AP_SAT>",False,True,1000.0,0.024688720703125,-1.6075014133298549,1.0,0.10000000149011612,0.38905566930770874,0.0,1.72511887550354,1.72511887550354,1.6403094308640174,1.6403094308640174,0.027856450225288515,0.027856450225288515,0.027856450225288515,0.027856450225288515,0.9980231341215181,0.999802313409206,0.027856450225288498,0.027856450225288498,1.0,0.0,0.0,1.0,1.0
0.019386526359522076,1.2311444133449163,gt-order-1,"ap_fixed<16,6,AP_RND,AP_SAT>",False,True,1000.0,0.0185699462890625,-1.7311893523702473,1.0,0.10000000149011612,0.3947504162788391,0.0,1.72511887550354,1.72511887550354,1.6403094308640171,1.6403094308640171,0.03179990175295137,0.03179990175295137,0.03179990175295137,0.03179990175295137,0.9977432824280889,0.9997743282394461,0.031799901752951366,0.031799901752951366,1.0,0.0,0.0,1.0,1.0
0.022130947096056376,1.2311444133449163,gt-order-1,"ap_fixed<16,6,AP_RND,AP_SAT>",False,True,1000.0,0.0142822265625,-1.8452040818551858,1.0,0.10000000149011612,0.38537734746932983,0.0,1.72511887550354,1.72511887550354,1.6403094308640176,1.6403094308640176,0.03630160199674303,0.03630160199674303,0.03630160199674303,0.03630160199674303,0.9974238139554319,0.9997423813917043,0.036301601996742996,0.036301601996742996,1.0,0.0,0.0,1.0,1.0
0.025263877101318954,1.2311444133449163,gt-order-1,"ap_fixed<16,6,AP_RND,AP_SAT>",False,True,1000.0,0.0111236572265625,-1.9537524022666821,1.0,0.10000000149011612,0.38621199131011963,0.0,1.7359869480133057,1.7359869480133057,1.6403094308640174,1.6403094308640174,0.04144057666373938,0.04144057666373938,0.04144057666373938,0.04144057666373938,0.9970591205509455,0.9997059120507122,0.041440576663739334,0.041440576663739334,1.0,0.0,0.0,1.0,1.0
0.028840315031266057,1.2311444133449163,gt-order-1,"ap_fixed<16,6,AP_RND,AP_SAT>",False,True,1000.0,0.008087158203125,-2.0922040609692085,1.0,0.10000000149011612,0.38359329104423523,0.0,1.7072416543960571,1.7072416543960571,1.6403094308640174,1.6403094308640174,0.04730704002236615,0.04730704002236615,0.04730704002236615,0.04730704002236615,0.9966428000525602,0.9996642800002533,0.047307040022366104,0.047307040022366104,1.0,0.0,0.0,1.0,1.0
0.03292304533334065,1.2311444133449163,gt-order-1,"ap_fixed<16,6,AP_RND,AP_SAT>",False,True,1000.0,0.0063323974609375,-2.1984318338430233,1.0,0.10000000149011612,0.3841177821159363,0.0,1.6998581886291504,1.6998581886291504,1.6403094308640174,1.6403094308640174,0.05400398366588923,0.05400398366588923,0.05400398366588923,0.05400398366588923,0.9961675435402649,0.9996167543483157,0.05400398366588918,0.05400398366588918,1.0,0.0,0.0,1.0,1.0
0.037583740428844416,1.2311444133449163,gt-order-1,"ap_fixed<16,6,AP_RND,AP_SAT>",False,True,1000.0,0.004913330078125,-2.3086240588394773,1.0,0.10000000149011612,0.38985833525657654,0.0,1.6998581886291504,1.6998581886291504,1.6403094308640174,1.6403094308640174,0.06164896692665583,0.06164896692665583,0.06164896692665583,0.06164896692665583,0.9956250082772451,0.9995625008212055,0.061648966926655786,0.061648966926655786,1.0,0.0,0.0,1.0,1.0
0.04290421892388853,1.2311444133449163,gt-order-1,"ap_fixed<16,6,AP_RND,AP_SAT>",False,True,1000.0,0.003662109375,-2.436268688793502,1.0,0.10000000149011612,0.3944564461708069,0.0,1.6867401599884033,1.6867401599884033,1.6403094308640176,1.6403094308640176,0.07037619754520402,0.07037619754520402,0.07037619754520402,0.07037619754520402,0.9950056700527432,0.9995005669978322,0.07037619754520397,0.07037619754520397,1.0,0.0,0.0,1.0,1.0
0.04897788193684462,1.2311444133449163,gt-order-1,"ap_fixed<16,6,AP_RND,AP_SAT>",False,True,1000.0,0.0028076171875,-2.551662107459478,1.0,0.10000000149011612,0.396435409784317,0.0,1.7230523824691772,1.7230523824691772,1.6403094308640174,1.6403094308640174,0.08033888120703989,0.08033888120703989,0.08033888120703989,0.08033888120703989,0.9942986564444078,0.9994298656359449,0.08033888120703983,0.08033888120703983,1.0,0.0,0.0,1.0,1.0
0.05591135275705602,1.2311444133449163,gt-order-1,"ap_fixed<16,6,AP_RND,AP_SAT>",False,True,1000.0,0.0021820068359375,-2.6611438929596027,1.0,0.10000000149011612,0.3977150619029999,0.0,1.6822535991668701,1.6822535991668701,1.6403094308640174,1.6403094308640174,0.09171191632994247,0.09171191632994247,0.09171191632994247,0.09171191632994247,0.9934915555795305,0.9993491555482547,0.09171191632994237,0.09171191632994237,1.0,0.0,0.0,1.0,1.0
0.06382634861905485,1.2311444133449163,gt-order-1,"ap_fixed<16,6,AP_RND,AP_SAT>",False,True,1000.0,0.0016632080078125,-2.779053432421957,1.0,0.10000000149011612,0.39535844326019287,0.0,1.6900986433029175,1.6900986433029175,1.6403094308640171,1.6403094308640171,0.10469495548899713,0.10469495548899713,0.10469495548899713,0.10469495548899713,0.9925701988774035,0.9992570198766692,0.10469495548899703,0.10469495548899703,1.0,0.0,0.0,1.0,1.0
0.07286181745132274,1.2311444133449163,gt-order-1,"ap_fixed<16,6,AP_RND,AP_SAT>",False,True,1000.0,0.001312255859375,-2.8819814790491787,1.0,0.10000000149011612,0.4243718087673187,0.0,1.6759240627288818,1.6759240627288818,1.6403094308640171,1.6403094308640171,0.11951593124941859,0.11951593124941859,0.11951593124941859,0.11951593124941859,0.991518410834432,0.9991518410708045,0.11951593124941852,0.11951593124941852,1.0,0.0,0.0,1.0,1.0
0.08317637711026708,1.2311444133449163,gt-order-1,"ap_fixed<16,6,AP_RND,AP_SAT>",False,True,1000.0,0.0009765625,-3.0102999561950945,1.0,0.10000000149011612,0.4181149899959564,0.0,1.6714824438095093,1.6714824438095093,1.6403094308640174,1.6403094308640174,0.13643499141150406,0.13643499141150406,0.13643499141150406,0.13643499141150406,0.9903177297548288,0.9990317729610552,0.13643499141150395,0.13643499141150395,1.0,0.0,0.0,1.0,1.0
0.09495109992021983,1.2311444133449163,gt-order-1,"ap_fixed<16,6,AP_RND,AP_SAT>",False,True,1000.0,0.000732421875,-3.135238692655155,1.0,0.10000000149011612,0.4400208592414856,0.0,1.652091383934021,1.652091383934021,1.6403094308640176,1.6403094308640176,0.15574918586292993,0.15574918586292993,0.15574918586292993,0.15574918586292993,0.9889470751426078,0.9988947074977906,0.15574918586292977,0.15574918586292977,1.0,0.0,0.0,1.0,1.0
0.10839269140212034,1.2311444133449163,gt-order-1,"ap_fixed<16,6,AP_RND,AP_SAT>",False,True,1000.0,0.00048828125,-3.311329951414358,1.0,0.10000000149011612,0.41996049880981445,0.0,1.6599512100219727,1.6599512100219727,1.6403094308640176,1.6403094308640176,0.17779755673254988,0.17779755673254988,0.17779755673254988,0.17779755673254988,0.9873823864728108,0.9987382386284792,0.17779755673254974,0.17779755673254974,1.0,0.0,0.0,1.0,1.0
0.12373711899353519,1.2311444133449163,gt-order-1,"ap_fixed<16,6,AP_RND,AP_SAT>",False,True,1000.0,0.00042724609375,-3.3693218982649826,1.0,0.10000000149011612,0.4593152105808258,0.0,1.6508053541183472,1.6508053541183472,1.6403094308640174,1.6403094308640174,0.2029671634704009,0.2029671634704009,0.2029671634704009,0.2029671634704009,0.9855961956145908,0.9985596195399958,0.20296716347040072,0.20296716347040072,1.0,0.0,0.0,1.0,1.0
0.1412537544622754,1.2311444133449163,gt-order-1,"ap_fixed<16,6,AP_RND,AP_SAT>",False,True,1000.0,0.0003204345703125,-3.49426063453445,1.0,0.10000000149011612,0.42640143632888794,0.0,1.6561996936798096,1.6561996936798096,1.6403094308640174,1.6403094308640174,0.2316998656456816,0.2316998656456816,0.2316998656456816,0.2316998656456816,0.9835571454819453,0.9983557145236928,0.2316998656456814,0.2316998656456814,1.0,0.0,0.0,1.0,1.0
0.16125010273377416,1.2311444133449163,gt-order-1,"ap_fixed<16,6,AP_RND,AP_SAT>",False,True,1000.0,0.0002288818359375,-3.6403886696705565,1.0,0.10000000149011612,0.433912992477417,0.0,1.641666293144226,1.641666293144226,1.6403094308640171,1.6403094308640171,0.26450005900282453,0.26450005900282453,0.26450005900282453,0.26450005900282453,0.9812294410353647,0.9981229440755661,0.26450005900282436,0.26450005900282436,1.0,0.0,0.0,1.0,1.0
0.18407720014689555,1.2311444133449163,gt-order-1,"ap_fixed<16,6,AP_RND,AP_SAT>",False,True,1000.0,0.0001678466796875,-3.7750872428780267,1.0,0.10000000149011612,0.4030088186264038,0.0,1.6387604475021362,1.6387604475021362,1.6403094308640171,1.6403094308640171,0.3019435725370429,0.3019435725370429,0.3019435725370429,0.3019435725370429,0.978572217890361,0.9978572217571064,0.3019435725370427,0.3019435725370427,1.0,0.0,0.0,1.0,1.0
0.21013577690467466,1.2311444133449163,gt-order-1,"ap_fixed<16,6,AP_RND,AP_SAT>",False,True,1000.0,0.0001373291015625,-3.8622374180219383,1.0,0.10000000149011612,0.44070565700531006,0.0,1.6323294639587402,1.6323294639587402,1.6403094308640174,1.6403094308640174,0.34468768992557736,0.34468768992557736,0.34468768992557736,0.34468768992557736,0.9755388311347677,0.9975538830770266,0.3446876899255771,0.3446876899255771,1.0,0.0,0.0,1.0,1.0
0.239883291901949,1.2311444133449163,gt-order-1,"ap_fixed<16,6,AP_RND,AP_SAT>",False,True,1000.0,9.1552734375e-05,-4.038328675496402,1.0,0.10000000149011612,0.4198910892009735,0.0,1.6458792686462402,1.6458792686462402,1.6403094308640174,1.6403094308640174,0.39348282082872177,0.39348282082872177,0.39348282082872177,0.39348282082872177,0.9720760270610841,0.9972076026644985,0.39348282082872155,0.39348282082872155,1.0,0.0,0.0,1.0,1.0
0.27384196342643613,1.2311444133449163,gt-order-1,"ap_fixed<16,6,AP_RND,AP_SAT>",False,True,1000.0,6.103515625e-05,-4.214419932180256,1.0,0.10000000149011612,0.46420711278915405,0.0,1.6400823593139648,1.6400823593139648,1.6403094308640171,1.6403094308640171,0.44918557763547534,0.44918557763547534,0.44918557763547534,0.44918557763547534,0.9681230151597794,0.9968123014684773,0.449185577635475,0.449185577635475,1.0,0.0,0.0,1.0,1.0
0.3126079367123954,1.2311444133449163,gt-order-1,"ap_fixed<16,6,AP_RND,AP_SAT>",False,True,1000.0,4.57763671875e-05,-4.339358666416729,1.0,0.10000000149011612,0.48304587602615356,0.0,1.630353331565857,1.630353331565857,1.6403094308640174,1.6403094308640174,0.5127737587253829,0.5127737587253829,0.5127737587253829,0.5127737587253829,0.9636104048144286,0.996361040427218,0.5127737587253826,0.5127737587253826,1.0,0.0,0.0,1.0,1.0
0.35686174928348097,1.2311444133449163,gt-order-1,"ap_fixed<16,6,AP_RND,AP_SAT>",False,True,1000.0,3.0517578125e-05,-4.515449920728757,1.0,0.10000000149011612,0.48349377512931824,0.0,1.6313846111297607,1.6313846111297607,1.6403094308640174,1.6403094308640174,0.5853636782118377,0.5853636782118377,0.5853636782118377,0.5853636782118377,0.9584589754760174,0.9958458974857008,0.585363678211837,0.585363678211837,1.0,0.0,0.0,1.0,1.0
0.4073802778041126,1.2311444133449163,gt-order-1,"ap_fixed<16,6,AP_RND,AP_SAT>",False,True,1000.0,3.0517578125e-05,-4.515449920728757,1.0,0.10000000149011612,0.42874646186828613,0.0,1.6282411813735962,1.6282411813735962,1.6403094308640174,1.6403094308640174,0.668229719954271,0.668229719954271,0.668229719954271,0.668229719954271,0.9525782889893816,0.9952578288282742,0.6682297199542707,0.6682297199542707,1.0,0.0,0.0,1.0,1.0
0.46505037616660627,1.2311444133449163,gt-order-1,"ap_fixed<16,6,AP_RND,AP_SAT>",False,True,1000.0,3.0517578125e-05,-4.515449920728757,1.0,0.10000000149011612,0.47457900643348694,0.0,1.6271566152572632,1.6271566152572632,1.6403094308640174,1.6403094308640174,0.7628265069194731,0.7628265069194731,0.7628265069194731,0.7628265069194731,0.9458651163183068,0.9945865115511637,0.7628265069194724,0.7628265069194724,1.0,0.0,0.0,1.0,1.0
0.5308844442309882,1.2311444133449163,gt-order-1,"ap_fixed<16,6,AP_RND,AP_SAT>",False,True,1000.0,1.52587890625e-05,-4.816479902161777,1.0,0.10000000149011612,0.5423261523246765,0.0,1.6275662183761597,1.6275662183761597,1.6403094308640174,1.6403094308640174,0.8708147613627129,0.8708147613627129,0.8708147613627129,0.8708147613627129,0.9382016023472448,0.9938201601426379,0.8708147613627121,0.8708147613627121,1.0,0.0,0.0,1.0,1.0
0.606038200527066,1.2311444133449163,gt-order-1,"ap_fixed<16,6,AP_RND,AP_SAT>",False,True,1000.0,1.52587890625e-05,-4.816479902161777,1.0,0.10000000149011612,0.5976142883300781,0.0,1.6290863752365112,1.6290863752365112,1.6403094308640174,1.6403094308640174,0.9940901958807488,0.9940901958807488,0.9940901958807488,0.9940901958807488,0.9294532155936255,0.9929453214542396,0.9940901958807479,0.9940901958807479,1.0,0.0,0.0,1.0,1.0
0.6918309709189363,1.2311444133449163,gt-order-1,"ap_fixed<16,6,AP_RND,AP_SAT>",False,True,1000.0,1.52587890625e-05,-4.816479902161777,1.0,0.10000000149011612,0.6931033134460449,0.0,1.6277029514312744,1.6277029514312744,1.6403094308640174,1.6403094308640174,1.1348169018876426,1.1348169018876426,1.1348169018876426,1.1348169018876426,0.919466378755252,0.9919466377555209,1.134816901887642,1.134816901887642,1.0,0.0,0.0,1.0,1.0
0.7897688493998856,1.2311444133449163,gt-order-1,"ap_fixed<16,6,AP_RND,AP_SAT>",False,True,1000.0,0.0,-12.0,1.0,0.10000000149011612,0.5222329497337341,0.0,1.625753402709961,1.625753402709961,1.6403094308640174,1.6403094308640174,1.2954653332834378,1.2954653332834378,1.2954653332834378,1.2954653332834378,0.9080657731544087,0.990806577178448,1.2954653332834367,1.2954653332834367,1.0,0.0,0.0,1.0,1.0
0.9015711376059565,1.2311444133449163,gt-order-1,"ap_fixed<16,6,AP_RND,AP_SAT>",False,True,1000.0,1.52587890625e-05,-4.816479902161777,1.0,0.10000000149011612,0.6793662309646606,0.0,1.623733401298523,1.623733401298523,1.6403094308640174,1.6403094308640174,1.4788556674761903,1.4788556674761903,1.4788556674761903,1.4788556674761903,0.8950512615717381,0.9895051260007879,1.4788556674761895,1.4788556674761895,1.0,0.0,0.0,1.0,1.0
1.0292005271944276,1.2311444133449163,gt-order-1,"ap_fixed<16,6,AP_RND,AP_SAT>",False,True,1000.0,0.0,-12.0,0.9716292023658752,0.10000000149011612,0.6666666865348816,0.0,1.6241443157196045,1.6241443157196045,1.6403094308640171,1.6403094308640171,1.6882073748028688,1.6882073748028685,1.6882073748028688,1.6882073748028685,0.8801943704937648,0.9880194368708518,1.6882073748028683,1.640311585007899,1.0,0.0,0.0,1.0,1.0
1.174897554939529,1.2311444133449163,gt-order-1,"ap_fixed<16,6,AP_RND,AP_SAT>",False,True,1000.0,0.0,-12.0,0.851138710975647,0.10000000149011612,0.7071067690849304,0.0,1.6233144998550415,1.6233144998550415,1.6403094308640174,1.6403094308640174,1.9271955340844624,1.9271955340844618,1.9271955340844624,1.9271955340844618,0.9271955340844615,0.9863234291575067,1.9271955340844604,1.6403107226786713,1.0,0.0,0.0,1.0,1.0
1.3412199354053709,1.2311444133449163,gt-order-1,"ap_fixed<16,6,AP_RND,AP_SAT>",False,True,1000.0,0.0,-12.0,0.7455904483795166,0.10000000149011612,0.6000000238418579,0.0,1.624383807182312,1.624383807182312,1.6403094308640174,1.6403094308640174,2.200015654176387,2.200015654176386,2.200015654176387,2.200015654176386,1.2000156541763867,1.2000156541763856,2.200015654176385,1.6403106580393267,1.0,0.0,0.0,1.0,1.0
1.5310874616820287,1.2311444133449163,gt-order-1,"ap_fixed<16,6,AP_RND,AP_SAT>",False,True,1000.0,0.0,-12.0,0.6531310081481934,0.10000000149011612,0.7427812814712524,0.0,1.6241037845611572,1.6241037845611572,1.6403094308640174,1.6403094308640174,2.5114572948243814,2.51145729482438,2.5114572948243814,2.51145729482438,1.5114572948243807,1.5114572948243794,2.511457294824379,1.6403106348897813,1.0,0.0,0.0,1.0,1.0
1.7478332624182173,1.2311444133449163,gt-order-1,"ap_fixed<16,6,AP_RND,AP_SAT>",False,True,1000.0,0.0,-12.0,0.5721373558044434,0.10000000149011612,0.742781400680542,0.0,1.6226450204849243,1.6226450204849243,1.6403094308640174,1.6403094308640174,2.866987366756435,2.8669873667564327,2.866987366756435,2.8669873667564327,1.8669873667564338,1.8669873667564323,2.866987366756433,1.6403105711407695,1.0,0.0,0.0,1.0,1.0
1.9952623149688795,1.2311444133449163,gt-order-1,"ap_fixed<16,6,AP_RND,AP_SAT>",False,True,1000.0,0.0,-12.0,0.5011879205703735,0.10000000149011612,0.6324555277824402,0.0,1.6329439878463745,1.6329439878463745,1.6403094308640171,1.6403094308640171,3.272847510663492,3.2728475106634902,3.272847510663492,3.2728475106634902,2.2728475106634907,2.2728475106634884,3.2728475106634893,1.6403116382133576,1.0,0.0,0.0,1.0,1.0
0.01,1.2745606273192622,gt-order-1,"ap_fixed<16,6,AP_RND,AP_SAT>",False,True,1000.0,0.0634307861328125,-1.1976999061106375,1.0,0.10000000149011612,0.39492008090019226,0.0,1.9535356760025024,1.9535356760025024,1.7580401215598982,1.7580401215598982,0.017580400822646395,0.017580400822646395,0.017580400822646395,0.017580400822646395,0.9987523860986072,0.9998752386080016,0.01758040082264638,0.01758040082264638,1.0,0.0,0.0,1.0,1.0
0.011415633046188459,1.2745606273192622,gt-order-1,"ap_fixed<16,6,AP_RND,AP_SAT>",False,True,1000.0,0.0511627197265625,-1.2910463771863905,1.0,0.10000000149011612,0.3888322114944458,0.0,1.9535356760025024,1.9535356760025024,1.7580401215598984,1.7580401215598984,0.02006914148268618,0.02006914148268618,0.02006914148268618,0.02006914148268618,0.9985757696792348,0.9998575769658012,0.020069141482686167,0.020069141482686167,1.0,0.0,0.0,1.0,1.0
0.013031667784522994,1.2745606273192622,gt-order-1,"ap_fixed<16,6,AP_RND,AP_SAT>",False,True,1000.0,0.0403594970703125,-1.394054254241734,1.0,0.10000000149011612,0.3839591145515442,0.0,1.9535356760025024,1.9535356760025024,1.7580401215598984,1.7580401215598984,0.02291019524710695,0.02291019524710695,0.02291019524710695,0.02291019524710695,0.9983741509444372,0.9998374150920208,0.02291019524710693,0.02291019524710693,1.0,0.0,0.0,1.0,1.0
0.014876473740795015,1.2745606273192622,gt-order-1,"ap_fixed<16,6,AP_RND,AP_SAT>",False,True,1000.0,0.0301055908203125,-1.5213528453570822,1.0,0.10000000149011612,0.38473767042160034,0.0,1.8541029691696167,1.8541029691696167,1.7580401215598984,1.7580401215598984,0.02615343762321031,0.02615343762321031,0.02615343762321031,0.02615343762321031,0.998143990419951,0.9998143990392292,0.02615343762321029,0.02615343762321029,1.0,0.0,0.0,1.0,1.0
0.016982436524617443,1.2745606273192622,gt-order-1,"ap_fixed<16,6,AP_RND,AP_SAT>",False,True,1000.0,0.023040771484375,-1.6375029833116808,1.0,0.10000000149011612,0.38276711106300354,0.0,1.8580938577651978,1.8580938577651978,1.7580401215598982,1.7580401215598982,0.02985580416647214,0.02985580416647214,0.02985580416647214,0.02985580416647214,0.9978812476068591,0.9997881247575288,0.029855804166472114,0.029855804166472114,1.0,0.0,0.0,1.0,1.0
0.019386526359522076,1.2745606273192622,gt-order-1,"ap_fixed<16,6,AP_RND,AP_SAT>",False,True,1000.0,0.01727294921875,-1.7626335037463035,1.0,0.10000000149011612,0.3828001320362091,0.0,1.8580938577651978,1.8580938577651978,1.7580401215598984,1.7580401215598984,0.034082290872340944,0.034082290872340944,0.034082290872340944,0.034082290872340944,0.9975813099876041,0.9997581309951563,0.03408229087234091,0.03408229087234091,1.0,0.0,0.0,1.0,1.0
0.022130947096056376,1.2745606273192622,gt-order-1,"ap_fixed<16,6,AP_RND,AP_SAT>",False,True,1000.0,0.0134735107421875,-1.8705192270138973,1.0,0.10000000149011612,0.38917461037635803,0.0,1.8580938577651978,1.8580938577651978,1.7580401215598984,1.7580401215598984,0.03890709373874462,0.03890709373874462,0.03890709373874462,0.03890709373874462,0.9972389121555902,0.9997238912114444,0.0389070937387446,0.0389070937387446,1.0,0.0,0.0,1.0,1.0
0.025263877101318954,1.2745606273192622,gt-order-1,"ap_fixed<16,6,AP_RND,AP_SAT>",False,True,1000.0,0.01019287109375,-1.9917034681055457,1.0,0.10000000149011612,0.3867877721786499,0.0,1.902125597000122,1.902125597000122,1.7580401215598984,1.7580401215598984,0.04441491042154005,0.04441491042154005,0.04441491042154005,0.04441491042154005,0.9968480434416682,0.9996848043394698,0.044414910421540006,0.044414910421540006,1.0,0.0,0.0,1.0,1.0
0.028840315031266057,1.2745606273192622,gt-order-1,"ap_fixed<16,6,AP_RND,AP_SAT>",False,True,1000.0,0.0077972412109375,-2.108059030433288,1.0,0.10000000149011612,0.3896118700504303,0.0,1.829180121421814,1.829180121421814,1.7580401215598984,1.7580401215598984,0.05070243017974468,0.05070243017974468,0.05070243017974468,0.05070243017974468,0.9964018421784117,0.9996401842124794,0.05070243017974464,0.05070243017974464,1.0,0.0,0.0,1.0,1.0
0.03292304533334065,1.2745606273192622,gt-order-1,"ap_fixed<16,6,AP_RND,AP_SAT>",False,True,1000.0,0.005889892578125,-2.229892625878209,1.0,0.10000000149011612,0.3929339349269867,0.0,1.829180121421814,1.829180121421814,1.7580401215598982,1.7580401215598982,0.05788003667008688,0.05788003667008688,0.05788003667008688,0.05788003667008688,0.9958924748592921,0.9995892474798085,0.05788003667008684,0.05788003667008684,1.0,0.0,0.0,1.0,1.0
0.037583740428844416,1.2745606273192622,gt-order-1,"ap_fixed<16,6,AP_RND,AP_SAT>",False,True,1000.0,0.004547119140625,-2.342263666451934,1.0,0.10000000149011612,0.39707037806510925,0.0,1.8466163873672485,1.8466163873672485,1.7580401215598982,1.7580401215598982,0.06607372686548008,0.06607372686548008,0.06607372686548008,0.06607372686548008,0.9953109999603629,0.9995310999890489,0.06607372686548005,0.06607372686548005,1.0,0.0,0.0,1.0,1.0
0.04290421892388853,1.2745606273192622,gt-order-1,"ap_fixed<16,6,AP_RND,AP_SAT>",False,True,1000.0,0.0034637451171875,-2.4604540733051934,1.0,0.10000000149011612,0.3988402485847473,0.0,1.823772668838501,1.823772668838501,1.7580401215598984,1.7580401215598984,0.07542734106096272,0.07542734106096272,0.07542734106096272,0.07542734106096272,0.9946472096852561,0.9994647209605493,0.07542734106096265,0.07542734106096265,1.0,0.0,0.0,1.0,1.0
0.04897788193684462,1.2745606273192622,gt-order-1,"ap_fixed<16,6,AP_RND,AP_SAT>",False,True,1000.0,0.00262451171875,-2.580951483550674,1.0,0.10000000149011612,0.4047442674636841,0.0,1.8531503677368164,1.8531503677368164,1.7580401215598984,1.7580401215598984,0.0861050810448699,0.0861050810448699,0.0861050810448699,0.0861050810448699,0.9938894512601908,0.9993889451169136,0.08610508104486984,0.08610508104486984,1.0,0.0,0.0,1.0,1.0
0.05591135275705602,1.2745606273192622,gt-order-1,"ap_fixed<16,6,AP_RND,AP_SAT>",False,True,1000.0,0.00213623046875,-2.670351894742162,1.0,0.10000000149011612,0.4090372920036316,0.0,1.8170002698898315,1.8170002698898315,1.758040121559898,1.758040121559898,0.0982943983003592,0.0982943983003592,0.0982943983003592,0.0982943983003592,0.9930244219693426,0.9993024421865395,0.09829439830035916,0.09829439830035916,1.0,0.0,0.0,1.0,1.0
0.06382634861905485,1.2745606273192622,gt-order-1,"ap_fixed<16,6,AP_RND,AP_SAT>",False,True,1000.0,0.0015411376953125,-2.8121585565592553,1.0,0.10000000149011612,0.39889729022979736,0.0,1.8005026578903198,1.8005026578903198,1.7580401215598986,1.7580401215598986,0.1122092751595252,0.1122092751595252,0.1122092751595252,0.1122092751595252,0.9920369363038676,0.9992036936185209,0.11220927515952514,0.11220927515952514,1.0,0.0,0.0,1.0,1.0
0.07286181745132274,1.2745606273192622,gt-order-1,"ap_fixed<16,6,AP_RND,AP_SAT>",False,True,1000.0,0.001190185546875,-2.9243853275683223,1.0,0.10000000149011612,0.401753693819046,0.0,1.797514796257019,1.797514796257019,1.7580401215598984,1.7580401215598984,0.12809400369745902,0.12809400369745902,0.12809400369745902,0.12809400369745902,0.9909096577882233,0.9990909657652765,0.12809400369745894,0.12809400369745894,1.0,0.0,0.0,1.0,1.0
0.08317637711026708,1.2745606273192622,gt-order-1,"ap_fixed<16,6,AP_RND,AP_SAT>",False,True,1000.0,0.0008544921875,-3.06829190310925,1.0,0.10000000149011612,0.40809741616249084,0.0,1.798653244972229,1.798653244972229,1.7580401215598982,1.7580401215598982,0.14622740342336582,0.14622740342336582,0.14622740342336582,0.14622740342336582,0.9896227996667395,0.9989622799512105,0.14622740342336565,0.14622740342336565,1.0,0.0,0.0,1.0,1.0
0.09495109992021983,1.2745606273192622,gt-order-1,"ap_fixed<16,6,AP_RND,AP_SAT>",False,True,1000.0,0.00067138671875,-3.1730272534906496,1.0,0.10000000149011612,0.42314159870147705,0.0,1.7829028367996216,1.7829028367996216,1.7580401215598982,1.7580401215598982,0.16692784452448822,0.16692784452448822,0.16692784452448822,0.16692784452448822,0.988153768423182,0.998815376824666,0.16692784452448814,0.16692784452448814,1.0,0.0,0.0,1.0,1.0
0.10839269140212034,1.2745606273192622,gt-order-1,"ap_fixed<16,6,AP_RND,AP_SAT>",False,True,1000.0,0.00048828125,-3.311329951414358,1.0,0.10000000149011612,0.4382615387439728,0.0,1.7820183038711548,1.7820183038711548,1.7580401215598982,1.7580401215598982,0.1905587033578773,0.1905587033578773,0.1905587033578773,0.1905587033578773,0.9864767766253376,0.9986476776423824,0.19055870335787722,0.19055870335787722,1.0,0.0,0.0,1.0,1.0
0.12373711899353519,1.2745606273192622,gt-order-1,"ap_fixed<16,6,AP_RND,AP_SAT>",False,True,1000.0,0.0003662109375,-3.4362686877261797,1.0,0.10000000149011612,0.42700088024139404,0.0,1.7806462049484253,1.7806462049484253,1.7580401215598982,1.7580401215598982,0.21753481997126448,0.21753481997126448,0.21753481997126448,0.21753481997126448,0.9845623846594211,0.9984562384429381,0.2175348199712643,0.2175348199712643,1.0,0.0,0.0,1.0,1.0
0.1412537544622754,1.2745606273192622,gt-order-1,"ap_fixed<16,6,AP_RND,AP_SAT>",False,True,1000.0,0.0002899169921875,-3.5377263281728744,1.0,0.10000000149011612,0.4577905237674713,0.0,1.7640011310577393,1.7640011310577393,1.7580401215598984,1.7580401215598984,0.2483297677259497,0.2483297677259497,0.2483297677259497,0.2483297677259497,0.9823769848327042,0.9982376984570099,0.24832976772594942,0.24832976772594942,1.0,0.0,0.0,1.0,1.0
0.16125010273377416,1.2745606273192622,gt-order-1,"ap_fixed<16,6,AP_RND,AP_SAT>",False,True,1000.0,0.000213623046875,-3.6703518929124668,1.0,0.10000000149011612,0.4219978451728821,0.0,1.7673877477645874,1.7673877477645874,1.7580401215598982,1.7580401215598982,0.2834841445964197,0.2834841445964197,0.2834841445964197,0.2834841445964197,0.9798822129716488,0.9979882212671871,0.2834841445964195,0.2834841445964195,1.0,0.0,0.0,1.0,1.0
0.18407720014689555,1.2745606273192622,gt-order-1,"ap_fixed<16,6,AP_RND,AP_SAT>",False,True,1000.0,0.0001678466796875,-3.7750872428780267,1.0,0.10000000149011612,0.42884501814842224,0.0,1.770031213760376,1.770031213760376,1.7580401215598984,1.7580401215598984,0.32361510881983035,0.32361510881983035,0.32361510881983035,0.32361510881983035,0.9770342717132818,0.9977034271371067,0.3236151088198301,0.3236151088198301,1.0,0.0,0.0,1.0,1.0
0.21013577690467466,1.2745606273192622,gt-order-1,"ap_fixed<16,6,AP_RND,AP_SAT>",False,True,1000.0,0.0001220703125,-3.913389940074015,1.0,0.10000000149011612,0.3796420991420746,0.0,1.7643977403640747,1.7643977403640747,1.758040121559898,1.758040121559898,0.36942711960009333,0.36942711960009333,0.36942711960009333,0.36942711960009333,0.9737831682784497,0.9973783167887791,0.3694271196000933,0.3694271196000933,1.0,0.0,0.0,1.0,1.0
0.239883291901949,1.2745606273192622,gt-order-1,"ap_fixed<16,6,AP_RND,AP_SAT>",False,True,1000.0,7.62939453125e-05,-4.117509920595296,1.0,0.10000000149011612,0.43450039625167847,0.0,1.7572181224822998,1.7572181224822998,1.7580401215598982,1.7580401215598982,0.42172444609861226,0.42172444609861226,0.42172444609861226,0.42172444609861226,0.9700718267565203,0.9970071826310554,0.42172444609861204,0.42172444609861204,1.0,0.0,0.0,1.0,1.0
0.27384196342643613,1.2745606273192622,gt-order-1,"ap_fixed<16,6,AP_RND,AP_SAT>",False,True,1000.0,6.103515625e-05,-4.214419932180256,1.0,0.10000000149011612,0.4472135901451111,0.0,1.751280665397644,1.751280665397644,1.7580401215598984,1.7580401215598984,0.4814251827432734,0.4814251827432734,0.4814251827432734,0.4814251827432734,0.9658350934924329,0.9965835092983336,0.48142518274327295,0.48142518274327295,1.0,0.0,0.0,1.0,1.0
0.3126079367123954,1.2745606273192622,gt-order-1,"ap_fixed<16,6,AP_RND,AP_SAT>",False,True,1000.0,4.57763671875e-05,-4.339358666416729,1.0,0.10000000149011612,0.41208168864250183,0.0,1.755714774131775,1.755714774131775,1.7580401215598982,1.7580401215598982,0.5495773078908982,0.5495773078908982,0.5495773078908982,0.5495773078908982,0.9609985974647576,0.9960998596883591,0.549577307890898,0.549577307890898,1.0,0.0,0.0,1.0,1.0
0.35686174928348097,1.2745606273192622,gt-order-1,"ap_fixed<16,6,AP_RND,AP_SAT>",False,True,1000.0,3.0517578125e-05,-4.515449920728757,1.0,0.10000000149011612,0.48038449883461,0.0,1.7525001764297485,1.7525001764297485,1.758040121559898,1.758040121559898,0.6273772573862623,0.6273772573862623,0.6273772573862623,0.6273772573862623,0.9554774321911494,0.995547743152771,0.627377257386262,0.627377257386262,1.0,0.0,0.0,1.0,1.0
0.4073802778041126,1.2745606273192622,gt-order-1,"ap_fixed<16,6,AP_RND,AP_SAT>",False,True,1000.0,3.0517578125e-05,-4.515449920728757,1.0,0.10000000149011612,0.5107539296150208,0.0,1.7473068237304688,1.7473068237304688,1.7580401215598986,1.7580401215598986,0.7161908820334846,0.7161908820334846,0.7161908820334846,0.7161908820334846,0.9491746684566471,0.9949174667699291,0.7161908820334841,0.7161908820334841,1.0,0.0,0.0,1.0,1.0
0.46505037616660627,1.2745606273192622,gt-order-1,"ap_fixed<16,6,AP_RND,AP_SAT>",False,True,1000.0,3.0517578125e-05,-4.515449920728757,1.0,0.10000000149011612,0.4703603982925415,0.0,1.748579978942871,1.748579978942871,1.7580401215598982,1.7580401215598982,0.8175772081292139,0.8175772081292139,0.8175772081292139,0.8175772081292139,0.9419796681193807,0.9941979667254811,0.8175772081292134,0.8175772081292134,1.0,0.0,0.0,1.0,1.0
0.5308844442309882,1.2745606273192622,gt-order-1,"ap_fixed<16,6,AP_RND,AP_SAT>",False,True,1000.0,1.52587890625e-05,-4.816479902161777,1.0,0.10000000149011612,0.5773502588272095,0.0,1.7487564086914062,1.7487564086914062,1.7580401215598982,1.7580401215598982,0.9333161537185433,0.9333161537185433,0.9333161537185433,0.9333161537185433,0.9337661171937481,0.9933766116206785,0.9333161537185427,0.9333161537185427,1.0,0.0,0.0,1.0,1.0
0.606038200527066,1.2745606273192622,gt-order-1,"ap_fixed<16,6,AP_RND,AP_SAT>",False,True,1000.0,1.52587890625e-05,-4.816479902161777,1.0,0.10000000149011612,0.5252257585525513,0.0,1.7446045875549316,1.7446045875549316,1.7580401215598984,1.7580401215598984,1.0654394932589863,1.0654394932589863,1.0654394932589863,1.0654394932589863,0.9243898284064747,0.9924389827279795,1.0654394932589852,1.0654394932589852,1.0,0.0,0.0,1.0,1.0
0.6918309709189363,1.2745606273192622,gt-order-1,"ap_fixed<16,6,AP_RND,AP_SAT>",False,True,1000.0,1.52587890625e-05,-4.816479902161777,1.0,0.10000000149011612,0.5773502588272095,0.0,1.745031714439392,1.745031714439392,1.7580401215598982,1.7580401215598982,1.2162666425028739,1.2162666425028739,1.2162666425028739,1.2162666425028739,0.9136862016801839,0.9913686200394008,1.2162666425028728,1.2162666425028728,1.0,0.0,0.0,1.0,1.0
0.7897688493998856,1.2745606273192622,gt-order-1,"ap_fixed<16,6,AP_RND,AP_SAT>",False,True,1000.0,1.52587890625e-05,-4.816479902161777,1.0,0.10000000149011612,0.5388159155845642,0.0,1.7418757677078247,1.7418757677078247,1.7580401215598984,1.7580401215598984,1.3884453683855298,1.3884453683855298,1.3884453683855298,1.3884453683855298,0.9014673351081168,0.9901467333639863,1.388445368385529,1.388445368385529,1.0,0.0,0.0,1.0,1.0
0.9015711376059565,1.2745606273192622,gt-order-1,"ap_fixed<16,6,AP_RND,AP_SAT>",False,True,1000.0,0.0,-12.0,1.0,0.10000000149011612,0.6123723983764648,0.0,1.7430967092514038,1.7430967092514038,1.7580401215598982,1.7580401215598982,1.5849982622180743,1.5849982622180743,1.5849982622180743,1.5849982622180743,0.8875187269291348,0.9887518725253034,1.5849982622180736,1.5849982622180736,1.0,0.0,0.0,1.0,1.0
1.0292005271944276,1.2745606273192622,gt-order-1,"ap_fixed<16,6,AP_RND,AP_SAT>",False,True,1000.0,0.0,-12.0,0.9716286659240723,0.10000000149011612,0.75,0.0,1.741746187210083,1.741746187210083,1.7580401215598984,1.7580401215598984,1.809375866877398,1.8093758668773974,1.809375866877398,1.8093758668773974,0.8715955052939558,0.9871595503380578,1.809375866877397,1.758041459689297,1.0,0.0,0.0,1.0,1.0
1.174897554939529,1.2745606273192622,gt-order-1,"ap_fixed<16,6,AP_RND,AP_SAT>",False,True,1000.0,0.0,-12.0,0.851138710975647,0.10000000149011612,0.7276068925857544,0.0,1.7425559759140015,1.7425559759140015,1.7580401215598982,1.7580401215598982,2.065517034323761,2.0655170343237605,2.065517034323761,2.0655170343237605,1.0655170343237599,1.0655170343237592,2.06551703432376,1.7580415060925663,1.0,0.0,0.0,1.0,1.0
1.3412199354053709,1.2745606273192622,gt-order-1,"ap_fixed<16,6,AP_RND,AP_SAT>",False,True,1000.0,0.0,-12.0,0.7455904483795166,0.10000000149011612,0.7921180725097656,0.0,1.7414227724075317,1.7414227724075317,1.7580401215598982,1.7580401215598982,2.3579183996184496,2.3579183996184487,2.3579183996184496,2.3579183996184487,1.3579183996184496,1.3579183996184487,2.3579183996184483,1.758041436813831,1.0,0.0,0.0,1.0,1.0
1.5310874616820287,1.2745606273192622,gt-order-1,"ap_fixed<16,6,AP_RND,AP_SAT>",False,True,1000.0,0.0,-12.0,0.6531310081481934,0.10000000149011612,0.774596631526947,0.0,1.7410808801651,1.7410808801651,1.7580401215598982,1.7580401215598982,2.691713285803558,2.6917132858035564,2.691713285803558,2.6917132858035564,1.6917132858035577,1.6917132858035553,2.691713285803556,1.7580414120027628,1.0,0.0,0.0,1.0,1.0
1.7478332624182173,1.2745606273192622,gt-order-1,"ap_fixed<16,6,AP_RND,AP_SAT>",False,True,1000.0,0.0,-12.0,0.5721373558044434,0.10000000149011612,0.7276068925857544,0.0,1.7448456287384033,1.7448456287384033,1.7580401215598984,1.7580401215598984,3.0727609827301046,3.0727609827301006,3.0727609827301046,3.0727609827301006,2.072760982730105,2.072760982730103,3.072760982730103,1.7580413436782638,1.0,0.0,0.0,1.0,1.0
1.9952623149688795,1.2745606273192622,gt-order-1,"ap_fixed<16,6,AP_RND,AP_SAT>",False,True,1000.0,0.0,-12.0,0.5011876821517944,0.10000000149011612,0.42640143632888794,0.0,1.7501375675201416,1.7501375675201416,1.7580401215598984,1.7580401215598984,3.5077511152655503,3.3670372652682636,3.5077511152655503,3.3670372652682636,2.50775111526555,2.3670372652682636,3.5077511152655467,1.7580416510253114,1.0,0.0,0.0,1.0,1.0
0.01,1.3195079107728942,gt-order-1,"ap_fixed<16,6,AP_RND,AP_SAT>",False,True,1000.0,0.0595855712890625,-1.2248588924030914,1.0,0.10000000149011612,0.39577004313468933,0.0,2.09771990776062,2.09771990776062,1.884220743179863,1.884220743179863,0.018842207010642476,0.018842207010642476,0.018842207010642476,0.018842207010642476,0.9986628405343252,0.9998662840514398,0.018842207010642466,0.018842207010642466,1.0,0.0,0.0,1.0,1.0
0.011415633046188459,1.3195079107728942,gt-order-1,"ap_fixed<16,6,AP_RND,AP_SAT>",False,True,1000.0,0.0481719970703125,-1.3172053487224662,1.0,0.10000000149011612,0.3861057460308075,0.0,2.09771990776062,2.09771990776062,1.884220743179863,1.884220743179863,0.021509573197872202,0.021509573197872202,0.021509573197872202,0.021509573197872202,0.9984735477437481,0.9998473547721004,0.021509573197872184,0.021509573197872184,1.0,0.0,0.0,1.0,1.0
0.013031667784522994,1.3195079107728942,gt-order-1,"ap_fixed<16,6,AP_RND,AP_SAT>",False,True,1000.0,0.0370635986328125,-1.431052415806851,1.0,0.10000000149011612,0.3794289827346802,0.0,2.09771990776062,2.09771990776062,1.884220743179863,1.884220743179863,0.024554539219842738,0.024554539219842738,0.024554539219842738,0.024554539219842738,0.9982574581351031,0.9998257458109135,0.024554539219842728,0.024554539219842728,1.0,0.0,0.0,1.0,1.0
0.014876473740795015,1.3195079107728942,gt-order-1,"ap_fixed<16,6,AP_RND,AP_SAT>",False,True,1000.0,0.02813720703125,-1.5507190138906537,1.0,0.10000000149011612,0.386895090341568,0.0,1.9523893594741821,1.9523893594741821,1.884220743179863,1.884220743179863,0.02803056032156348,0.02803056032156348,0.02803056032156348,0.02803056032156348,0.9980107781938188,0.9998010778164178,0.028030560321563452,0.028030560321563452,1.0,0.0,0.0,1.0,1.0
0.016982436524617443,1.3195079107728942,gt-order-1,"ap_fixed<16,6,AP_RND,AP_SAT>",False,True,1000.0,0.0216522216796875,-1.6644975351461675,1.0,0.10000000149011612,0.3892357051372528,0.0,1.9523893594741821,1.9523893594741821,1.884220743179863,1.884220743179863,0.0319986585203004,0.0319986585203004,0.0319986585203004,0.0319986585203004,0.9977291774203972,0.9997729177386561,0.03199865852030037,0.03199865852030037,1.0,0.0,0.0,1.0,1.0
0.019386526359522076,1.3195079107728942,gt-order-1,"ap_fixed<16,6,AP_RND,AP_SAT>",False,True,1000.0,0.016387939453125,-1.7854756492336614,1.0,0.10000000149011612,0.3955153524875641,0.0,1.9523893594741821,1.9523893594741821,1.884220743179863,1.884220743179863,0.036528494798954744,0.036528494798954744,0.036528494798954744,0.036528494798954744,0.9974077122409443,0.9997407712202316,0.03652849479895474,0.03652849479895474,1.0,0.0,0.0,1.0,1.0
0.022130947096056376,1.3195079107728942,gt-order-1,"ap_fixed<16,6,AP_RND,AP_SAT>",False,True,1000.0,0.01251220703125,-1.9026660782052727,1.0,0.10000000149011612,0.38798725605010986,0.0,1.9446204900741577,1.9446204900741577,1.884220743179863,1.884220743179863,0.04169959045891334,0.04169959045891334,0.04169959045891334,0.04169959045891334,0.9970407393324247,0.9997040739288328,0.041699590458913326,0.041699590458913326,1.0,0.0,0.0,1.0,1.0
0.025263877101318954,1.3195079107728942,gt-order-1,"ap_fixed<16,6,AP_RND,AP_SAT>",False,True,1000.0,0.009521484375,-2.021295340895663,1.0,0.10000000149011612,0.38418102264404297,0.0,1.9653420448303223,1.9653420448303223,1.8842207431798628,1.8842207431798628,0.047602722199812944,0.047602722199812944,0.047602722199812944,0.047602722199812944,0.9966218166191771,0.9996621816568837,0.0476027221998129,0.0476027221998129,1.0,0.0,0.0,1.0,1.0
0.028840315031266057,1.3195079107728942,gt-order-1,"ap_fixed<16,6,AP_RND,AP_SAT>",False,True,1000.0,0.00726318359375,-2.138872977843412,1.0,0.10000000149011612,0.3874110281467438,0.0,1.961680293083191,1.961680293083191,1.884220743179863,1.884220743179863,0.05434151900329577,0.05434151900329577,0.05434151900329577,0.05434151900329577,0.9961435899481745,0.9996143589890708,0.05434151900329576,0.05434151900329576,1.0,0.0,0.0,1.0,1.0
0.03292304533334065,1.3195079107728942,gt-order-1,"ap_fixed<16,6,AP_RND,AP_SAT>",False,True,1000.0,0.0055084228515625,-2.258972728639199,1.0,0.10000000149011612,0.3832497000694275,0.0,1.961680293083191,1.961680293083191,1.884220743179863,1.884220743179863,0.06203428714301563,0.06203428714301563,0.06203428714301563,0.06203428714301563,0.9955976635750347,0.9995597663509437,0.06203428714301556,0.06203428714301556,1.0,0.0,0.0,1.0,1.0
0.037583740428844416,1.3195079107728942,gt-order-1,"ap_fixed<16,6,AP_RND,AP_SAT>",False,True,1000.0,0.0041961669921875,-2.3771472366899387,1.0,0.10000000149011612,0.37499096989631653,0.0,1.921842336654663,1.921842336654663,1.884220743179863,1.884220743179863,0.07081606683052961,0.07081606683052961,0.07081606683052961,0.07081606683052961,0.9949744542117154,0.9994974454136825,0.07081606683052957,0.07081606683052957,1.0,0.0,0.0,1.0,1.0
0.04290421892388853,1.3195079107728942,gt-order-1,"ap_fixed<16,6,AP_RND,AP_SAT>",False,True,1000.0,0.0032196044921875,-2.492197475191116,1.0,0.10000000149011612,0.38849759101867676,0.0,1.927847146987915,1.927847146987915,1.8842207431798628,1.8842207431798628,0.08084102227647932,0.08084102227647932,0.08084102227647932,0.08084102227647932,0.9942630214130017,0.9994263021327513,0.08084102227647925,0.08084102227647925,1.0,0.0,0.0,1.0,1.0
0.04897788193684462,1.3195079107728942,gt-order-1,"ap_fixed<16,6,AP_RND,AP_SAT>",False,True,1000.0,0.0024261474609375,-2.6150828061242417,1.0,0.10000000149011612,0.38710087537765503,0.0,1.927847146987915,1.927847146987915,1.884220743179863,1.884220743179863,0.09228514059961934,0.09228514059961934,0.09228514059961934,0.09228514059961934,0.9934508760452405,0.9993450875947653,0.0922851405996193,0.0922851405996193,1.0,0.0,0.0,1.0,1.0
0.05591135275705602,1.3195079107728942,gt-order-1,"ap_fixed<16,6,AP_RND,AP_SAT>",False,True,1000.0,0.001922607421875,-2.716109385280248,1.0,0.10000000149011612,0.3942112326622009,0.0,1.9226707220077515,1.9226707220077515,1.884220743179863,1.884220743179863,0.10534932732455848,0.10534932732455848,0.10534932732455848,0.10534932732455848,0.9925237606106879,0.9992523760499282,0.10534932732455843,0.10534932732455843,1.0,0.0,0.0,1.0,1.0
0.06382634861905485,1.3195079107728942,gt-order-1,"ap_fixed<16,6,AP_RND,AP_SAT>",False,True,1000.0,0.00140380859375,-2.852692102968775,1.0,0.10000000149011612,0.401663213968277,0.0,1.9176822900772095,1.9176822900772095,1.884220743179863,1.884220743179863,0.12026292303565651,0.12026292303565651,0.12026292303565651,0.12026292303565651,0.9914653996840149,0.9991465399556838,0.12026292303565643,0.12026292303565643,1.0,0.0,0.0,1.0,1.0
0.07286181745132274,1.3195079107728942,gt-order-1,"ap_fixed<16,6,AP_RND,AP_SAT>",False,True,1000.0,0.001068115234375,-2.9713818902028435,1.0,0.10000000149011612,0.4065597653388977,0.0,1.9076629877090454,1.9076629877090454,1.884220743179863,1.884220743179863,0.13728775349538405,0.13728775349538405,0.13728775349538405,0.13728775349538405,0.9902572124908756,0.9990257212345699,0.13728775349538394,0.13728775349538394,1.0,0.0,0.0,1.0,1.0
0.08317637711026708,1.3195079107728942,gt-order-1,"ap_fixed<16,6,AP_RND,AP_SAT>",False,True,1000.0,0.000762939453125,-3.117509925718442,1.0,0.10000000149011612,0.4113311171531677,0.0,1.9150866270065308,1.9150866270065308,1.8842207431798632,1.8842207431798632,0.1567226500537227,0.1567226500537227,0.1567226500537227,0.1567226500537227,0.9888779921117172,0.9988877991945987,0.15672265005372252,0.15672265005372252,1.0,0.0,0.0,1.0,1.0
0.09495109992021983,1.3195079107728942,gt-order-1,"ap_fixed<16,6,AP_RND,AP_SAT>",False,True,1000.0,0.0006561279296875,-3.1830114743822073,1.0,0.10000000149011612,0.39525917172431946,0.0,1.9115264415740967,1.9115264415740967,1.8842207431798628,1.8842207431798628,0.17890883342768324,0.17890883342768324,0.17890883342768324,0.17890883342768324,0.9873035234155109,0.998730352322632,0.17890883342768313,0.17890883342768313,1.0,0.0,0.0,1.0,1.0
0.10839269140212034,1.3195079107728942,gt-order-1,"ap_fixed<16,6,AP_RND,AP_SAT>",False,True,1000.0,0.0004730224609375,-3.3251182358713,1.0,0.10000000149011612,0.41256850957870483,0.0,1.8972173929214478,1.8972173929214478,1.8842207431798628,1.8842207431798628,0.2042357607525951,0.2042357607525951,0.2042357607525951,0.2042357607525951,0.9855061681168538,0.9985506167900877,0.2042357607525949,0.2042357607525949,1.0,0.0,0.0,1.0,1.0
0.12373711899353519,1.3195079107728942,gt-order-1,"ap_fixed<16,6,AP_RND,AP_SAT>",False,True,1000.0,0.0003662109375,-3.4362686877261797,1.0,0.10000000149011612,0.4197412431240082,0.0,1.898514986038208,1.898514986038208,1.884220743179863,1.884220743179863,0.23314804658159136,0.23314804658159136,0.23314804658159136,0.23314804658159136,0.9834543736190695,0.9983454373372518,0.23314804658159122,0.23314804658159122,1.0,0.0,0.0,1.0,1.0
0.1412537544622754,1.3195079107728942,gt-order-1,"ap_fixed<16,6,AP_RND,AP_SAT>",False,True,1000.0,0.00030517578125,-3.5154499335366216,1.0,0.10000000149011612,0.4459807574748993,0.0,1.8922228813171387,1.8922228813171387,1.884220743179863,1.884220743179863,0.26615325427448133,0.26615325427448133,0.26615325427448133,0.26615325427448133,0.9811121200890984,0.9981112119807648,0.2661532542744812,0.2661532542744812,1.0,0.0,0.0,1.0,1.0
0.16125010273377416,1.3195079107728942,gt-order-1,"ap_fixed<16,6,AP_RND,AP_SAT>",False,True,1000.0,0.000213623046875,-3.6703518929124668,1.0,0.10000000149011612,0.4940060079097748,0.0,1.8934144973754883,1.8934144973754883,1.884220743179863,1.884220743179863,0.3038307823926274,0.3038307823926274,0.3038307823926274,0.3038307823926274,0.9784382898239938,0.9978438289502699,0.3038307823926272,0.3038307823926272,1.0,0.0,0.0,1.0,1.0
0.18407720014689555,1.3195079107728942,gt-order-1,"ap_fixed<16,6,AP_RND,AP_SAT>",False,True,1000.0,0.000152587890625,-3.816479927777507,1.0,0.10000000149011612,0.47821271419525146,0.0,1.8850277662277222,1.8850277662277222,1.8842207431798628,1.8842207431798628,0.3468420847549796,0.3468420847549796,0.3468420847549796,0.3468420847549796,0.9753859419725797,0.9975385941605802,0.3468420847549794,0.3468420847549794,1.0,0.0,0.0,1.0,1.0
0.21013577690467466,1.3195079107728942,gt-order-1,"ap_fixed<16,6,AP_RND,AP_SAT>",False,True,1000.0,0.0001220703125,-3.913389940074015,1.0,0.10000000149011612,0.4475836455821991,0.0,1.8868573904037476,1.8868573904037476,1.8842207431798628,1.8842207431798628,0.39594218203965365,0.39594218203965365,0.39594218203965365,0.39594218203965365,0.9719014956010538,0.9971901495182354,0.39594218203965353,0.39594218203965353,1.0,0.0,0.0,1.0,1.0
0.239883291901949,1.3195079107728942,gt-order-1,"ap_fixed<16,6,AP_RND,AP_SAT>",False,True,1000.0,7.62939453125e-05,-4.117509920595296,1.0,0.10000000149011612,0.5150261521339417,0.0,1.8758383989334106,1.8758383989334106,1.8842207431798628,1.8842207431798628,0.4519930685882072,0.4519930685882072,0.4519930685882072,0.4519930685882072,0.9679237782632947,0.9967923777785324,0.45199306858820687,0.45199306858820687,1.0,0.0,0.0,1.0,1.0
0.27384196342643613,1.3195079107728942,gt-order-1,"ap_fixed<16,6,AP_RND,AP_SAT>",False,True,1000.0,4.57763671875e-05,-4.339358666416729,1.0,0.10000000149011612,0.4236592650413513,0.0,1.8816170692443848,1.8816170692443848,1.884220743179863,1.884220743179863,0.5159787336418452,0.5159787336418452,0.5159787336418452,0.5159787336418452,0.9633829600010989,0.9963382959455462,0.5159787336418449,0.5159787336418449,1.0,0.0,0.0,1.0,1.0
0.3126079367123954,1.3195079107728942,gt-order-1,"ap_fixed<16,6,AP_RND,AP_SAT>",False,True,1000.0,4.57763671875e-05,-4.339358666416729,1.0,0.10000000149011612,0.5628780126571655,0.0,1.8791861534118652,1.8791861534118652,1.884220743179863,1.884220743179863,0.5890223725896322,0.5890223725896322,0.5890223725896322,0.5890223725896322,0.9581993319276347,0.9958199331304757,0.5890223725896319,0.5890223725896319,1.0,0.0,0.0,1.0,1.0
0.35686174928348097,1.3195079107728942,gt-order-1,"ap_fixed<16,6,AP_RND,AP_SAT>",False,True,1000.0,3.0517578125e-05,-4.515449920728757,1.0,0.10000000149011612,0.5433053374290466,0.0,1.8769334554672241,1.8769334554672241,1.884220743179863,1.884220743179863,0.672406293616099,0.672406293616099,0.672406293616099,0.672406293616099,0.9522818935286895,0.9952281892817635,0.6724062936160986,0.6724062936160986,1.0,0.0,0.0,1.0,1.0
0.4073802778041126,1.3195079107728942,gt-order-1,"ap_fixed<16,6,AP_RND,AP_SAT>",False,True,1000.0,3.0517578125e-05,-4.515449920728757,1.0,0.10000000149011612,0.6131393909454346,0.0,1.8743501901626587,1.8743501901626587,1.884220743179863,1.884220743179863,0.767594379362858,0.767594379362858,0.767594379362858,0.767594379362858,0.9455267586443372,0.9945526757832622,0.7675943793628575,0.7675943793628575,1.0,0.0,0.0,1.0,1.0
0.46505037616660627,1.3195079107728942,gt-order-1,"ap_fixed<16,6,AP_RND,AP_SAT>",False,True,1000.0,1.52587890625e-05,-4.816479902161777,1.0,0.10000000149011612,0.6482037305831909,0.0,1.8708186149597168,1.8708186149597168,1.8842207431798628,1.8842207431798628,0.8762575528374587,0.8762575528374587,0.8762575528374587,0.8762575528374587,0.9378153482506506,0.9937815347324026,0.8762575528374581,0.8762575528374581,1.0,0.0,0.0,1.0,1.0
0.5308844442309882,1.3195079107728942,gt-order-1,"ap_fixed<16,6,AP_RND,AP_SAT>",False,True,1000.0,1.52587890625e-05,-4.816479902161777,1.0,0.10000000149011612,0.596284806728363,0.0,1.8720022439956665,1.8720022439956665,1.884220743179863,1.884220743179863,1.0003034829608741,1.0003034829608741,1.0003034829608741,1.0003034829608741,0.9290122823704531,0.9929012281312651,1.0003034829608737,1.0003034829608737,1.0,0.0,0.0,1.0,1.0
0.606038200527066,1.3195079107728942,gt-order-1,"ap_fixed<16,6,AP_RND,AP_SAT>",False,True,1000.0,1.52587890625e-05,-4.816479902161777,1.0,0.10000000149011612,0.7016463875770569,0.0,1.8700087070465088,1.8700087070465088,1.884220743179863,1.884220743179863,1.1419097716725375,1.1419097716725375,1.1419097716725375,1.1419097716725375,0.9189630249112298,0.9918963023703684,1.1419097716725364,1.1419097716725364,1.0,0.0,0.0,1.0,1.0
0.6918309709189363,1.3195079107728942,gt-order-1,"ap_fixed<16,6,AP_RND,AP_SAT>",False,True,1000.0,1.52587890625e-05,-4.816479902161777,1.0,0.10000000149011612,0.4423258602619171,0.0,1.8694305419921875,1.8694305419921875,1.884220743179863,1.884220743179863,1.3035623072175493,1.3035623072175493,1.3035623072175493,1.3035623072175493,0.90749116187882,0.9907491160500334,1.3035623072175484,1.3035623072175484,1.0,0.0,0.0,1.0,1.0
0.7897688493998856,1.3195079107728942,gt-order-1,"ap_fixed<16,6,AP_RND,AP_SAT>",False,True,1000.0,0.0,-12.0,1.0,0.10000000149011612,0.7878385782241821,0.0,1.8684831857681274,1.8684831857681274,1.884220743179863,1.884220743179863,1.4880988959243653,1.4880988959243653,1.4880988959243653,1.4880988959243653,0.8943953049968023,0.9894395303423169,1.4880988959243646,1.4880988959243646,1.0,0.0,0.0,1.0,1.0
0.9015711376059565,1.3195079107728942,gt-order-1,"ap_fixed<16,6,AP_RND,AP_SAT>",False,True,1000.0,1.52587890625e-05,-4.816479902161777,1.0,0.10000000149011612,0.7499999403953552,0.0,1.867779016494751,1.867779016494751,1.884220743179863,1.884220743179863,1.6987590709394278,1.6987590709394278,1.6987590709394278,1.6987590709394278,0.8794455569708374,0.9879445555174435,1.6987590709394267,1.6987590709394267,1.0,0.0,0.0,1.0,1.0
1.0292005271944276,1.3195079107728942,gt-order-1,"ap_fixed<16,6,AP_RND,AP_SAT>",False,True,1000.0,0.0,-12.0,0.9716286659240723,0.10000000149011612,0.5,0.0,1.8659625053405762,1.8659625053405762,1.884220743179863,1.884220743179863,1.9392410325393603,1.9392410325393599,1.9392410325393603,1.9392410325393599,0.9392410325393598,0.9862379468601481,1.939241032539359,1.8842221773514376,1.0,0.0,0.0,1.0,1.0
1.174897554939529,1.3195079107728942,gt-order-1,"ap_fixed<16,6,AP_RND,AP_SAT>",False,True,1000.0,0.0,-12.0,0.851138710975647,0.10000000149011612,0.5547001361846924,0.0,1.8659781217575073,1.8659781217575073,1.884220743179863,1.884220743179863,2.2137663377164185,2.2137663377164176,2.2137663377164185,2.2137663377164176,1.2137663377164185,1.2137663377164176,2.213766337716417,1.88422222708523,1.0,0.0,0.0,1.0,1.0
1.3412199354053709,1.3195079107728942,gt-order-1,"ap_fixed<16,6,AP_RND,AP_SAT>",False,True,1000.0,0.0,-12.0,0.7455904483795166,0.10000000149011612,0.6396021842956543,0.0,1.8663250207901,1.8663250207901,1.884220743179863,1.884220743179863,2.5271543605867453,2.5271543605867435,2.5271543605867453,2.5271543605867435,1.527154360586745,1.5271543605867435,2.5271543605867444,1.8842221528341212,1.0,0.0,0.0,1.0,1.0
1.5310874616820287,1.3195079107728942,gt-order-1,"ap_fixed<16,6,AP_RND,AP_SAT>",False,True,1000.0,0.0,-12.0,0.6531310081481934,0.10000000149011612,0.5345224738121033,0.0,1.8653626441955566,1.8653626441955566,1.884220743179863,1.884220743179863,2.884906860546351,2.8849068605463497,2.884906860546351,2.8849068605463497,1.8849068605463513,1.8849068605463486,2.884906860546348,1.8842221262422756,1.0,0.0,0.0,1.0,1.0
1.7478332624182173,1.3195079107728942,gt-order-1,"ap_fixed<16,6,AP_RND,AP_SAT>",False,True,1000.0,0.0,-12.0,0.5721373558044434,0.10000000149011612,0.5345224738121033,0.0,1.868378758430481,1.868378758430481,1.884220743179863,1.884220743179863,3.293303668949594,3.106046520826695,3.293303668949594,3.106046520826695,2.293303668949594,2.1060465208266956,3.2933036689495907,1.8842220530138907,1.0,0.0,0.0,1.0,1.0
1.9952623149688795,1.3195079107728942,gt-order-1,"ap_fixed<16,6,AP_RND,AP_SAT>",False,True,1000.0,0.0,-12.0,0.5011876821517944,0.10000000149011612,0.5345224738121033,0.0,1.874360203742981,1.874360203742981,1.884220743179863,1.884220743179863,3.759514548184024,3.447346424115445,3.759514548184024,3.447346424115445,2.759514548184024,2.447346424115444,3.7595145481840198,1.8842223824202995,1.0,0.0,0.0,1.0,1.0
0.01,1.3660402567543954,gt-order-1,"ap_fixed<16,6,AP_RND,AP_SAT>",False,True,1000.0,0.0559539794921875,-1.2521690206553349,1.0,0.10000000149011612,0.3925744295120239,0.0,2.232612133026123,2.232612133026123,2.019457791091244,2.019457791091244,0.020194577459528452,0.020194577459528452,0.020194577459528452,0.020194577459528452,0.9985668679746162,0.9998566867953259,0.020194577459528427,0.020194577459528427,1.0,0.0,0.0,1.0,1.0
0.011415633046188459,1.3660402567543954,gt-order-1,"ap_fixed<16,6,AP_RND,AP_SAT>",False,True,1000.0,0.0446319580078125,-1.3503540601957693,1.0,0.10000000149011612,0.38371503353118896,0.0,2.232612133026123,2.232612133026123,2.019457791091244,2.019457791091244,0.023053389755270288,0.023053389755270288,0.023053389755270288,0.023053389755270288,0.998363988985749,0.9998363988961371,0.023053389755270274,0.023053389755270274,1.0,0.0,0.0,1.0,1.0
0.013031667784522994,1.3660402567543954,gt-order-1,"ap_fixed<16,6,AP_RND,AP_SAT>",False,True,1000.0,0.0351409912109375,-1.4541859926471095,1.0,0.10000000149011612,0.3842773139476776,0.0,2.232612133026123,2.232612133026123,2.019457791091244,2.019457791091244,0.026316903533543948,0.026316903533543948,0.026316903533543948,0.026316903533543948,0.9981323898784983,0.9998132389850671,0.02631690353354393,0.02631690353354393,1.0,0.0,0.0,1.0,1.0
0.014876473740795015,1.3660402567543954,gt-order-1,"ap_fixed<16,6,AP_RND,AP_SAT>",False,True,1000.0,0.0264434814453125,-1.5776813678933586,1.0,0.10000000149011612,0.3848998546600342,0.0,2.1248116493225098,2.1248116493225098,2.019457791091244,2.019457791091244,0.03004241070741197,0.03004241070741197,0.03004241070741197,0.03004241070741197,0.9978680048646319,0.9997868004832865,0.030042410707411957,0.030042410707411957,1.0,0.0,0.0,1.0,1.0
0.016982436524617443,1.3660402567543954,gt-order-1,"ap_fixed<16,6,AP_RND,AP_SAT>",False,True,1000.0,0.020599365234375,-1.6861461621076101,1.0,0.10000000149011612,0.3869613707065582,0.0,2.0870723724365234,2.0870723724365234,2.0194577910912437,2.0194577910912437,0.03429531305564254,0.03429531305564254,0.03429531305564254,0.03429531305564254,0.9975661926297239,0.9997566192593458,0.03429531305564251,0.03429531305564251,1.0,0.0,0.0,1.0,1.0
0.019386526359522076,1.3660402567543954,gt-order-1,"ap_fixed<16,6,AP_RND,AP_SAT>",False,True,1000.0,0.015350341796875,-1.8138819498754983,1.0,0.10000000149011612,0.38053417205810547,0.0,2.0870723724365234,2.0870723724365234,2.019457791091244,2.019457791091244,0.03915027137112006,0.03915027137112006,0.03915027137112006,0.03915027137112006,0.9972216547824844,0.9997221654741084,0.039150271371120045,0.039150271371120045,1.0,0.0,0.0,1.0,1.0
0.022130947096056376,1.3660402567543954,gt-order-1,"ap_fixed<16,6,AP_RND,AP_SAT>",False,True,1000.0,0.011627197265625,-1.934524959246747,1.0,0.10000000149011612,0.38447991013526917,0.0,2.124077320098877,2.124077320098877,2.0194577910912437,2.0194577910912437,0.04469251447441904,0.04469251447441904,0.04469251447441904,0.04469251447441904,0.9968283429590645,0.9996828342911804,0.04469251447441901,0.04469251447441901,1.0,0.0,0.0,1.0,1.0
0.025263877101318954,1.3660402567543954,gt-order-1,"ap_fixed<16,6,AP_RND,AP_SAT>",False,True,1000.0,0.00909423828125,-2.041233670835708,1.0,0.10000000149011612,0.3845853805541992,0.0,2.114710807800293,2.114710807800293,2.019457791091244,2.019457791091244,0.051019334423274575,0.051019334423274575,0.051019334423274575,0.051019334423274575,0.9963793527137516,0.9996379352659801,0.05101933442327453,0.05101933442327453,1.0,0.0,0.0,1.0,1.0
0.028840315031266057,1.3660402567543954,gt-order-1,"ap_fixed<16,6,AP_RND,AP_SAT>",False,True,1000.0,0.006805419921875,-2.167145071847741,1.0,0.10000000149011612,0.37882429361343384,0.0,2.114710807800293,2.114710807800293,2.019457791091244,2.019457791091244,0.058241798010214875,0.058241798010214875,0.058241798010214875,0.058241798010214875,0.99586680206052,0.9995866801998932,0.058241798010214854,0.058241798010214854,1.0,0.0,0.0,1.0,1.0
0.03292304533334065,1.3660402567543954,gt-order-1,"ap_fixed<16,6,AP_RND,AP_SAT>",False,True,1000.0,0.0052032470703125,-2.2837255515477355,1.0,0.10000000149011612,0.38683584332466125,0.0,2.114710807800293,2.114710807800293,2.019457791091244,2.019457791091244,0.06648670275985588,0.06648670275985588,0.06648670275985588,0.06648670275985588,0.9952816926633745,0.9995281692593065,0.06648670275985581,0.06648670275985581,1.0,0.0,0.0,1.0,1.0
0.037583740428844416,1.3660402567543954,gt-order-1,"ap_fixed<16,6,AP_RND,AP_SAT>",False,True,1000.0,0.00390625,-2.40823996520067,1.0,0.10000000149011612,0.37697768211364746,0.0,2.0770692825317383,2.0770692825317383,2.019457791091244,2.019457791091244,0.07589878118739077,0.07589878118739077,0.07589878118739077,0.07589878118739077,0.9946137534085443,0.9994613753328283,0.07589878118739074,0.07589878118739074,1.0,0.0,0.0,1.0,1.0
0.04290421892388853,1.3660402567543954,gt-order-1,"ap_fixed<16,6,AP_RND,AP_SAT>",False,True,1000.0,0.00299072265625,-2.524223859122009,1.0,0.10000000149011612,0.4008990228176117,0.0,2.092118263244629,2.092118263244629,2.019457791091244,2.019457791091244,0.08664326240273913,0.08664326240273913,0.08664326240273913,0.08664326240273913,0.9938512586172213,0.9993851258525598,0.08664326240273905,0.08664326240273905,1.0,0.0,0.0,1.0,1.0
0.04897788193684462,1.3660402567543954,gt-order-1,"ap_fixed<16,6,AP_RND,AP_SAT>",False,True,1000.0,0.002227783203125,-2.6521270746443175,1.0,0.10000000149011612,0.3818126916885376,0.0,2.0866448879241943,2.0866448879241943,2.019457791091244,2.019457791091244,0.09890876472962283,0.09890876472962283,0.09890876472962283,0.09890876472962283,0.9929808227674342,0.999298082266284,0.09890876472962273,0.09890876472962273,1.0,0.0,0.0,1.0,1.0
0.05591135275705602,1.3660402567543954,gt-order-1,"ap_fixed<16,6,AP_RND,AP_SAT>",False,True,1000.0,0.0018310546875,-2.737298684338892,1.0,0.10000000149011612,0.3982495367527008,0.0,2.103912830352783,2.103912830352783,2.019457791091244,2.019457791091244,0.11291061337790022,0.11291061337790022,0.11291061337790022,0.11291061337790022,0.9919871650515129,0.9991987164932111,0.11291061337790013,0.11291061337790013,1.0,0.0,0.0,1.0,1.0
0.06382634861905485,1.3660402567543954,gt-order-1,"ap_fixed<16,6,AP_RND,AP_SAT>",False,True,1000.0,0.0013580322265625,-2.8670899236589893,1.0,0.10000000149011612,0.43105271458625793,0.0,2.076158046722412,2.076158046722412,2.0194577910912437,2.0194577910912437,0.12889460949989115,0.12889460949989115,0.12889460949989115,0.12889460949989115,0.9908528419005606,0.9990852841764257,0.12889460949989107,0.12889460949989107,1.0,0.0,0.0,1.0,1.0
0.07286181745132274,1.3660402567543954,gt-order-1,"ap_fixed<16,6,AP_RND,AP_SAT>",False,True,1000.0,0.0010833740234375,-2.9652215815037515,1.0,0.10000000149011612,0.41322314739227295,0.0,2.0519886016845703,2.0519886016845703,2.019457791091244,2.019457791091244,0.14714137099975777,0.14714137099975777,0.14714137099975777,0.14714137099975777,0.9895579389337907,0.9989557938778191,0.14714137099975771,0.14714137099975771,1.0,0.0,0.0,1.0,1.0
0.08317637711026708,1.3660402567543954,gt-order-1,"ap_fixed<16,6,AP_RND,AP_SAT>",False,True,1000.0,0.00079345703125,-3.1004765864415553,1.0,0.10000000149011612,0.3995746672153473,0.0,2.034275531768799,2.034275531768799,2.019457791091244,2.019457791091244,0.1679711773883412,0.1679711773883412,0.1679711773883412,0.1679711773883412,0.9880797271376855,0.9988079726960062,0.16797117738834114,0.16797117738834114,1.0,0.0,0.0,1.0,1.0
0.09495109992021983,1.3660402567543954,gt-order-1,"ap_fixed<16,6,AP_RND,AP_SAT>",False,True,1000.0,0.000579833984375,-3.236696333257891,1.0,0.10000000149011612,0.4069044291973114,0.0,2.032437801361084,2.032437801361084,2.019457791091244,2.019457791091244,0.19174973997518074,0.19174973997518074,0.19174973997518074,0.19174973997518074,0.9863922533775092,0.9986392253174737,0.19174973997518066,0.19174973997518066,1.0,0.0,0.0,1.0,1.0
0.10839269140212034,1.3660402567543954,gt-order-1,"ap_fixed<16,6,AP_RND,AP_SAT>",False,True,1000.0,0.00042724609375,-3.3693218982649826,1.0,0.10000000149011612,0.38695013523101807,0.0,2.039644241333008,2.039644241333008,2.019457791091244,2.019457791091244,0.2188944685829226,0.2188944685829226,0.2188944685829226,0.2188944685829226,0.9844658956725223,0.9984465895441044,0.2188944685829225,0.2188944685829225,1.0,0.0,0.0,1.0,1.0
0.12373711899353519,1.3660402567543954,gt-order-1,"ap_fixed<16,6,AP_RND,AP_SAT>",False,True,1000.0,0.000335693359375,-3.474057248507769,1.0,0.10000000149011612,0.41860464215278625,0.0,2.0300838947296143,2.0300838947296143,2.019457791091244,2.019457791091244,0.2498818892909059,0.2498818892909059,0.2498818892909059,0.2498818892909059,0.9822668367870534,0.9982266836522808,0.2498818892909058,0.2498818892909058,1.0,0.0,0.0,1.0,1.0
0.1412537544622754,1.3660402567543954,gt-order-1,"ap_fixed<16,6,AP_RND,AP_SAT>",False,True,1000.0,0.000274658203125,-3.561207423939175,1.0,0.10000000149011612,0.4768316149711609,0.0,2.024675130844116,2.024675130844116,2.019457791091244,2.019457791091244,0.285255995038997,0.285255995038997,0.285255995038997,0.285255995038997,0.9797564716200418,0.997975647131839,0.2852559950389968,0.2852559950389968,1.0,0.0,0.0,1.0,1.0
0.16125010273377416,1.3660402567543954,gt-order-1,"ap_fixed<16,6,AP_RND,AP_SAT>",False,True,1000.0,0.00018310546875,-3.7372986822042473,1.0,0.10000000149011612,0.415481835603714,0.0,2.026887893676758,2.026887893676758,2.019457791091244,2.019457791091244,0.32563776982980047,0.32563776982980047,0.32563776982980047,0.32563776982980047,0.9768907313087857,0.9976890730964431,0.3256377698298002,0.3256377698298002,1.0,0.0,0.0,1.0,1.0
0.18407720014689555,1.3660402567543954,gt-order-1,"ap_fixed<16,6,AP_RND,AP_SAT>",False,True,1000.0,0.0001373291015625,-3.8622374180219383,1.0,0.10000000149011612,0.4484610855579376,0.0,2.0194692611694336,2.0194692611694336,2.019457791091244,2.019457791091244,0.37173614231350793,0.37173614231350793,0.37173614231350793,0.37173614231350793,0.9736193058948649,0.9973619305501762,0.3717361423135077,0.3717361423135077,1.0,0.0,0.0,1.0,1.0
0.21013577690467466,1.3660402567543954,gt-order-1,"ap_fixed<16,6,AP_RND,AP_SAT>",False,True,1000.0,0.0001068115234375,-3.9713818865434534,1.0,0.10000000149011612,0.48949024081230164,0.0,2.0157418251037598,2.0157418251037598,2.019457791091244,2.019457791091244,0.42436032361698695,0.42436032361698695,0.42436032361698695,0.42436032361698695,0.9698847687555369,0.9969884768306784,0.42436032361698667,0.42436032361698667,1.0,0.0,0.0,1.0,1.0
0.239883291901949,1.3660402567543954,gt-order-1,"ap_fixed<16,6,AP_RND,AP_SAT>",False,True,1000.0,6.103515625e-05,-4.214419932180256,1.0,0.10000000149011612,0.42519518733024597,0.0,2.0173232555389404,2.0173232555389404,2.0194577910912437,2.0194577910912437,0.48443417640082853,0.48443417640082853,0.48443417640082853,0.48443417640082853,0.9656215568866439,0.9965621556374366,0.48443417640082836,0.48443417640082836,1.0,0.0,0.0,1.0,1.0
0.27384196342643613,1.3660402567543954,gt-order-1,"ap_fixed<16,6,AP_RND,AP_SAT>",False,True,1000.0,4.57763671875e-05,-4.339358666416729,1.0,0.10000000149011612,0.4117647111415863,0.0,2.0173499584198,2.0173499584198,2.019457791091244,2.019457791091244,0.5530123142216951,0.5530123142216951,0.5530123142216951,0.5530123142216951,0.9607548283923606,0.9960754827807563,0.5530123142216945,0.5530123142216945,1.0,0.0,0.0,1.0,1.0
0.3126079367123954,1.3660402567543954,gt-order-1,"ap_fixed<16,6,AP_RND,AP_SAT>",False,True,1000.0,3.0517578125e-05,-4.515449920728757,1.0,0.10000000149011612,0.4889012277126312,0.0,2.009397506713867,2.009397506713867,2.019457791091244,2.019457791091244,0.6312985480914193,0.6312985480914193,0.6312985480914193,0.6312985480914193,0.9551991534033557,0.9955199152735771,0.6312985480914187,0.6312985480914187,1.0,0.0,0.0,1.0,1.0
0.35686174928348097,1.3660402567543954,gt-order-1,"ap_fixed<16,6,AP_RND,AP_SAT>",False,True,1000.0,3.0517578125e-05,-4.515449920728757,1.0,0.10000000149011612,0.44971904158592224,0.0,2.0085830688476562,2.0085830688476562,2.019457791091244,2.019457791091244,0.7206672218936487,0.7206672218936487,0.7206672218936487,0.7206672218936487,0.9488569999837672,0.9948856999221677,0.7206672218936484,0.7206672218936484,1.0,0.0,0.0,1.0,1.0
0.4073802778041126,1.3660402567543954,gt-order-1,"ap_fixed<16,6,AP_RND,AP_SAT>",False,True,1000.0,3.0517578125e-05,-4.515449920728757,1.0,0.10000000149011612,0.4615384340286255,0.0,2.0099332332611084,2.0099332332611084,2.019457791091244,2.019457791091244,0.8226872861967006,0.8226872861967006,0.8226872861967006,0.8226872861967006,0.9416170257046578,0.9941617024834685,0.8226872861967002,0.8226872861967002,1.0,0.0,0.0,1.0,1.0
0.46505037616660627,1.3660402567543954,gt-order-1,"ap_fixed<16,6,AP_RND,AP_SAT>",False,True,1000.0,1.52587890625e-05,-4.816479902161777,1.0,0.10000000149011612,0.5330018401145935,0.0,2.011463165283203,2.011463165283203,2.019457791091244,2.019457791091244,0.9391495919388864,0.9391495919388864,0.9391495919388864,0.9391495919388864,0.9333521407154219,0.9933352139722293,0.9391495919388855,0.9391495919388855,1.0,0.0,0.0,1.0,1.0
0.5308844442309882,1.3660402567543954,gt-order-1,"ap_fixed<16,6,AP_RND,AP_SAT>",False,True,1000.0,1.52587890625e-05,-4.816479902161777,1.0,0.10000000149011612,0.4662524163722992,0.0,2.007587194442749,2.007587194442749,2.019457791091244,2.019457791091244,1.0720987280460132,1.0720987280460132,1.0720987280460132,1.0720987280460132,0.9239172483496799,0.9923917247215955,1.0720987280460126,1.0720987280460126,1.0,0.0,0.0,1.0,1.0
0.606038200527066,1.3660402567543954,gt-order-1,"ap_fixed<16,6,AP_RND,AP_SAT>",False,True,1000.0,1.52587890625e-05,-4.816479902161777,1.0,0.10000000149011612,0.5443310737609863,0.0,2.0055484771728516,2.0055484771728516,2.019457791091244,2.019457791091244,1.223868590489878,1.223868590489878,1.223868590489878,1.223868590489878,0.9131467209250598,0.9913146719630843,1.2238685904898776,1.2238685904898776,1.0,0.0,0.0,1.0,1.0
0.6918309709189363,1.3660402567543954,gt-order-1,"ap_fixed<16,6,AP_RND,AP_SAT>",False,True,1000.0,1.52587890625e-05,-4.816479902161777,1.0,0.10000000149011612,0.4866642653942108,0.0,2.0043632984161377,2.0043632984161377,2.019457791091244,2.019457791091244,1.3971234883237176,1.3971234883237176,1.3971234883237176,1.3971234883237176,0.9008514826048742,0.9900851481127445,1.3971234883237165,1.3971234883237165,1.0,0.0,0.0,1.0,1.0
0.7897688493998856,1.3660402567543954,gt-order-1,"ap_fixed<16,6,AP_RND,AP_SAT>",False,True,1000.0,0.0,-12.0,1.0,0.10000000149011612,0.6396021246910095,0.0,2.0047976970672607,2.0047976970672607,2.019457791091244,2.019457791091244,1.5949049070636803,1.5949049070636803,1.5949049070636803,1.5949049070636803,0.8868156907795576,0.9886815689092981,1.5949049070636785,1.5949049070636785,1.0,0.0,0.0,1.0,1.0
0.9015711376059565,1.3660402567543954,gt-order-1,"ap_fixed<16,6,AP_RND,AP_SAT>",False,True,1000.0,0.0,-12.0,1.0,0.10000000149011612,0.5999999642372131,0.0,2.003305435180664,2.003305435180664,2.019457791091244,2.019457791091244,1.8206848923688328,1.8206848923688328,1.8206848923688328,1.8206848923688328,0.8707929476308056,0.9870792945705471,1.8206848923688312,1.8206848923688312,1.0,0.0,0.0,1.0,1.0
1.0292005271944276,1.3660402567543954,gt-order-1,"ap_fixed<16,6,AP_RND,AP_SAT>",False,True,1000.0,0.0,-12.0,0.9716282486915588,0.10000000149011612,0.7647191286087036,0.0,2.001716136932373,2.001716136932373,2.019457791091244,2.019457791091244,2.078427077156749,2.078427077156748,2.078427077156749,2.078427077156748,1.078427077156748,1.0784270771567477,2.0784270771567477,2.019458461010926,1.0,0.0,0.0,1.0,1.0
1.174897554939529,1.3660402567543954,gt-order-1,"ap_fixed<16,6,AP_RND,AP_SAT>",False,True,1000.0,0.0,-12.0,0.851138710975647,0.10000000149011612,0.5547002553939819,0.0,2.001702070236206,2.001702070236206,2.019457791091244,2.019457791091244,2.3726560141845328,2.372656014184531,2.3726560141845328,2.372656014184531,1.3726560141845323,1.3726560141845312,2.372656014184531,2.019459381501638,1.0,0.0,0.0,1.0,1.0
1.3412199354053709,1.3660402567543954,gt-order-1,"ap_fixed<16,6,AP_RND,AP_SAT>",False,True,1000.0,0.0,-12.0,0.7455904483795166,0.10000000149011612,0.6396021842956543,0.0,2.001218557357788,2.001218557357788,2.019457791091244,2.019457791091244,2.708536980738434,2.7085369807384323,2.708536980738434,2.7085369807384323,1.7085369807384327,1.7085369807384314,2.7085369807384323,2.0194593019212697,1.0,0.0,0.0,1.0,1.0
1.5310874616820287,1.3660402567543954,gt-order-1,"ap_fixed<16,6,AP_RND,AP_SAT>",False,True,1000.0,0.0,-12.0,0.6531310081481934,0.10000000149011612,0.5773502588272095,0.0,2.005808115005493,2.005808115005493,2.019457791091244,2.019457791091244,3.0919666165392488,3.091966616539246,3.0919666165392488,3.091966616539246,2.091966616539246,2.091966616539243,3.0919666165392465,2.0194592734208365,1.0,0.0,0.0,1.0,1.0
1.7478332624182173,1.3660402567543954,gt-order-1,"ap_fixed<16,6,AP_RND,AP_SAT>",False,True,1000.0,0.0,-12.0,0.5721373558044434,0.10000000149011612,0.5547001957893372,0.0,2.0136923789978027,2.0136923789978027,2.019457791091244,2.019457791091244,3.5296754781850836,3.5296754781850805,3.5296754781850836,3.5296754781850805,2.529675478185083,2.5296754781850823,3.5296754781850814,2.0194591949365965,1.0,0.0,0.0,1.0,1.0
1.9952623149688795,1.3660402567543954,gt-order-1,"ap_fixed<16,6,AP_RND,AP_SAT>",False,True,1000.0,0.0,-12.0,0.5011876821517944,0.10000000149011612,0.5773502588272095,0.0,2.011759042739868,2.011759042739868,2.019457791091244,2.019457791091244,4.0293479267393755,3.521496912756987,4.0293479267393755,3.521496912756987,3.0293479267393733,2.5214969127569864,4.029347926739373,2.0194595479856448,1.0,0.0,0.0,1.0,1.0
0.01,1.4142135623730951,gt-order-1,"ap_fixed<16,6,AP_RND,AP_SAT>",False,True,1000.0,0.051483154296875,-1.2883348523621572,1.0,0.10000000149011612,0.3941739499568939,0.0,2.4449079036712646,2.4449079036712646,2.1644012701965605,2.1644012701965605,0.02164401221818422,0.02164401221818422,0.02164401221818422,0.02164401221818422,0.9984640071308356,0.9998464007107949,0.021644012218184207,0.021644012218184207,1.0,0.0,0.0,1.0,1.0
0.011415633046188459,1.4142135623730951,gt-order-1,"ap_fixed<16,6,AP_RND,AP_SAT>",False,True,1000.0,0.042022705078125,-1.3765159946924594,1.0,0.10000000149011612,0.3881390690803528,0.0,2.4449079036712646,2.4449079036712646,2.164401270196561,2.164401270196561,0.02470801137253823,0.02470801137253823,0.02470801137253823,0.02470801137253823,0.9982465668150211,0.9998246566788894,0.02470801137253821,0.02470801137253821,1.0,0.0,0.0,1.0,1.0
0.013031667784522994,1.4142135623730951,gt-order-1,"ap_fixed<16,6,AP_RND,AP_SAT>",False,True,1000.0,0.0325775146484375,-1.4870820512493255,1.0,0.10000000149011612,0.3855622708797455,0.0,2.2978932857513428,2.2978932857513428,2.164401270196561,2.164401270196561,0.028205758836317898,0.028205758836317898,0.028205758836317898,0.028205758836317898,0.9979983450385618,0.9997998345008734,0.028205758836317874,0.028205758836317874,1.0,0.0,0.0,1.0,1.0
0.014876473740795015,1.4142135623730951,gt-order-1,"ap_fixed<16,6,AP_RND,AP_SAT>",False,True,1000.0,0.0250396728515625,-1.6013713495532618,1.0,0.10000000149011612,0.3826485276222229,0.0,2.2583789825439453,2.2583789825439453,2.1644012701965605,2.1644012701965605,0.03219865856158975,0.03219865856158975,0.03219865856158975,0.03219865856158975,0.9977149841975363,0.9997714984163486,0.03219865856158973,0.03219865856158973,1.0,0.0,0.0,1.0,1.0
0.016982436524617443,1.4142135623730951,gt-order-1,"ap_fixed<16,6,AP_RND,AP_SAT>",False,True,1000.0,0.0191497802734375,-1.7178362047839635,1.0,0.10000000149011612,0.3868381083011627,0.0,2.2583789825439453,2.2583789825439453,2.164401270196561,2.164401270196561,0.036756806439272385,0.036756806439272385,0.036756806439272385,0.036756806439272385,0.9973915098543258,0.9997391509815454,0.03675680643927236,0.03675680643927236,1.0,0.0,0.0,1.0,1.0
0.019386526359522076,1.4142135623730951,gt-order-1,"ap_fixed<16,6,AP_RND,AP_SAT>",False,True,1000.0,0.01434326171875,-1.8433520769937217,1.0,0.10000000149011612,0.38783878087997437,0.0,2.2341012954711914,2.2341012954711914,2.1644012701965614,2.1644012701965614,0.041960221925907884,0.041960221925907884,0.041960221925907884,0.041960221925907884,0.9970222433337654,0.9997022243289392,0.04196022192590784,0.04196022192590784,1.0,0.0,0.0,1.0,1.0
0.022130947096056376,1.4142135623730951,gt-order-1,"ap_fixed<16,6,AP_RND,AP_SAT>",False,True,1000.0,0.0111083984375,-1.954348551271566,1.0,0.10000000149011612,0.39322879910469055,0.0,2.259124517440796,2.259124517440796,2.164401270196561,2.164401270196561,0.0479002510096732,0.0479002510096732,0.0479002510096732,0.0479002510096732,0.996600702160007,0.9996600702109351,0.04790025100967316,0.04790025100967316,1.0,0.0,0.0,1.0,1.0
0.025263877101318954,1.4142135623730951,gt-order-1,"ap_fixed<16,6,AP_RND,AP_SAT>",False,True,1000.0,0.0085601806640625,-2.0675170693168035,1.0,0.10000000149011612,0.3958145081996918,0.0,2.29594087600708,2.29594087600708,2.164401270196561,2.164401270196561,0.05468116873621216,0.05468116873621216,0.05468116873621216,0.05468116873621216,0.9961194863313814,0.9996119486273557,0.05468116873621214,0.05468116873621214,1.0,0.0,0.0,1.0,1.0
0.028840315031266057,1.4142135623730951,gt-order-1,"ap_fixed<16,6,AP_RND,AP_SAT>",False,True,1000.0,0.0064697265625,-2.1891140739638395,1.0,0.10000000149011612,0.391769140958786,0.0,2.29594087600708,2.29594087600708,2.164401270196561,2.164401270196561,0.06242201354638017,0.06242201354638017,0.06242201354638017,0.06242201354638017,0.9955701481444559,0.9995570148078444,0.06242201354638012,0.06242201354638012,1.0,0.0,0.0,1.0,1.0
0.03292304533334065,1.4142135623730951,gt-order-1,"ap_fixed<16,6,AP_RND,AP_SAT>",False,True,1000.0,0.0048675537109375,-2.3126892474772958,1.0,0.10000000149011612,0.37949052453041077,0.0,2.270212411880493,2.270212411880493,2.164401270196561,2.164401270196561,0.0712586836622382,0.0712586836622382,0.0712586836622382,0.0712586836622382,0.9949430434215286,0.9994943043346173,0.07125868366223814,0.07125868366223814,1.0,0.0,0.0,1.0,1.0
0.037583740428844416,1.4142135623730951,gt-order-1,"ap_fixed<16,6,AP_RND,AP_SAT>",False,True,1000.0,0.003692626953125,-2.4326645645256564,1.0,0.10000000149011612,0.3868791162967682,0.0,2.2583367824554443,2.2583367824554443,2.1644012701965605,2.1644012701965605,0.08134629955280755,0.08134629955280755,0.08134629955280755,0.08134629955280755,0.9942271638554576,0.9994227163769435,0.0813462995528075,0.0813462995528075,1.0,0.0,0.0,1.0,1.0
0.04290421892388853,1.4142135623730951,gt-order-1,"ap_fixed<16,6,AP_RND,AP_SAT>",False,True,1000.0,0.002716064453125,-2.566059928154907,1.0,0.10000000149011612,0.38043275475502014,0.0,2.2583367824554443,2.2583367824554443,2.164401270196561,2.164401270196561,0.09286194939341982,0.09286194939341982,0.09286194939341982,0.09286194939341982,0.9934099421748989,0.9993409942076698,0.09286194939341971,0.09286194939341971,1.0,0.0,0.0,1.0,1.0
0.04897788193684462,1.4142135623730951,gt-order-1,"ap_fixed<16,6,AP_RND,AP_SAT>",False,True,1000.0,0.0020904541015625,-2.679759363259541,1.0,0.10000000149011612,0.3811028003692627,0.0,2.2213222980499268,2.2213222980499268,2.164401270196561,2.164401270196561,0.1060077892980809,0.1060077892980809,0.1060077892980809,0.1060077892980809,0.9924770321326574,0.9992477032020557,0.10600778929808082,0.10600778929808082,1.0,0.0,0.0,1.0,1.0
0.05591135275705602,1.4142135623730951,gt-order-1,"ap_fixed<16,6,AP_RND,AP_SAT>",False,True,1000.0,0.001617431640625,-2.79117406509042,1.0,0.10000000149011612,0.3795787990093231,0.0,2.2078583240509033,2.2078583240509033,2.164401270196561,2.164401270196561,0.12101459911263783,0.12101459911263783,0.12101459911263783,0.12101459911263783,0.9914120561646292,0.9991412056036659,0.12101459911263773,0.12101459911263773,1.0,0.0,0.0,1.0,1.0
0.06382634861905485,1.4142135623730951,gt-order-1,"ap_fixed<16,6,AP_RND,AP_SAT>",False,True,1000.0,0.0012054443359375,-2.91885283897298,1.0,0.10000000149011612,0.40537357330322266,0.0,2.197418451309204,2.197418451309204,2.164401270196561,2.164401270196561,0.13814582198932882,0.13814582198932882,0.13814582198932882,0.13814582198932882,0.9901963187166268,0.999019631857054,0.13814582198932876,0.13814582198932876,1.0,0.0,0.0,1.0,1.0
0.07286181745132274,1.4142135623730951,gt-order-1,"ap_fixed<16,6,AP_RND,AP_SAT>",False,True,1000.0,0.0009613037109375,-3.0171393807183406,1.0,0.10000000149011612,0.40961596369743347,0.0,2.2048842906951904,2.2048842906951904,2.1644012701965605,2.1644012701965605,0.15770221675108517,0.15770221675108517,0.15770221675108517,0.15770221675108517,0.988808476083855,0.9988808475917089,0.15770221675108506,0.15770221675108506,1.0,0.0,0.0,1.0,1.0
0.08317637711026708,1.4142135623730951,gt-order-1,"ap_fixed<16,6,AP_RND,AP_SAT>",False,True,1000.0,0.00067138671875,-3.1730272534906496,1.0,0.10000000149011612,0.4084662199020386,0.0,2.190861940383911,2.190861940383911,2.164401270196561,2.164401270196561,0.1800270504783782,0.1800270504783782,0.1800270504783782,0.1800270504783782,0.9872241679128587,0.9987224167722483,0.18002705047837805,0.18002705047837805,1.0,0.0,0.0,1.0,1.0
0.09495109992021983,1.4142135623730951,gt-order-1,"ap_fixed<16,6,AP_RND,AP_SAT>",False,True,1000.0,0.000518798828125,-3.2850010127443285,1.0,0.10000000149011612,0.36429932713508606,0.0,2.1799139976501465,2.1799139976501465,2.164401270196561,2.164401270196561,0.20551228284790118,0.20551228284790118,0.20551228284790118,0.20551228284790118,0.9854155783226297,0.9985415578105303,0.20551228284790093,0.20551228284790093,1.0,0.0,0.0,1.0,1.0
0.10839269140212034,1.4142135623730951,gt-order-1,"ap_fixed<16,6,AP_RND,AP_SAT>",False,True,1000.0,0.0003814697265625,-3.418539920813185,1.0,0.10000000149011612,0.41014623641967773,0.0,2.1631429195404053,2.1631429195404053,2.164401270196561,2.164401270196561,0.2346052826307735,0.2346052826307735,0.2346052826307735,0.2346052826307735,0.9833509592603856,0.9983350959012296,0.23460528263077335,0.23460528263077335,1.0,0.0,0.0,1.0,1.0
0.12373711899353519,1.4142135623730951,gt-order-1,"ap_fixed<16,6,AP_RND,AP_SAT>",False,True,1000.0,0.000335693359375,-3.474057248507769,1.0,0.10000000149011612,0.4605312943458557,0.0,2.1750335693359375,2.1750335693359375,2.164401270196561,2.164401270196561,0.2678167778332716,0.2678167778332716,0.2678167778332716,0.2678167778332716,0.980994066310451,0.998099406602724,0.2678167778332713,0.2678167778332713,1.0,0.0,0.0,1.0,1.0
0.1412537544622754,1.4142135623730951,gt-order-1,"ap_fixed<16,6,AP_RND,AP_SAT>",False,True,1000.0,0.0002593994140625,-3.5860310075711945,1.0,0.10000000149011612,0.4415956735610962,0.0,2.1829140186309814,2.1829140186309814,2.164401270196561,2.164401270196561,0.3057298056524188,0.3057298056524188,0.3057298056524188,0.3057298056524188,0.9783035235500966,0.9978303523226791,0.3057298056524187,0.3057298056524187,1.0,0.0,0.0,1.0,1.0
0.16125010273377416,1.4142135623730951,gt-order-1,"ap_fixed<16,6,AP_RND,AP_SAT>",False,True,1000.0,0.00018310546875,-3.7372986822042473,1.0,0.10000000149011612,0.47625046968460083,0.0,2.1706035137176514,2.1706035137176514,2.164401270196561,2.164401270196561,0.34900992026317146,0.34900992026317146,0.34900992026317146,0.34900992026317146,0.9752320991418761,0.9975232098772805,0.3490099202631714,0.3490099202631714,1.0,0.0,0.0,1.0,1.0
0.18407720014689555,1.4142135623730951,gt-order-1,"ap_fixed<16,6,AP_RND,AP_SAT>",False,True,1000.0,0.0001220703125,-3.913389940074015,1.0,0.10000000149011612,0.45617154240608215,0.0,2.162219524383545,2.162219524383545,2.164401270196561,2.164401270196561,0.39841693257998523,0.39841693257998523,0.39841693257998523,0.39841693257998523,0.9717258722075924,0.9971725871786274,0.3984169325799849,0.3984169325799849,1.0,0.0,0.0,1.0,1.0
0.21013577690467466,1.4142135623730951,gt-order-1,"ap_fixed<16,6,AP_RND,AP_SAT>",False,True,1000.0,9.1552734375e-05,-4.038328675496402,1.0,0.10000000149011612,0.4058874845504761,0.0,2.1621816158294678,2.1621816158294678,2.164401270196561,2.164401270196561,0.45481813361462364,0.45481813361462364,0.45481813361462364,0.45481813361462364,0.9677232944171054,0.9967723293936146,0.45481813361462337,0.45481813361462337,1.0,0.0,0.0,1.0,1.0
0.239883291901949,1.4142135623730951,gt-order-1,"ap_fixed<16,6,AP_RND,AP_SAT>",False,True,1000.0,6.103515625e-05,-4.214419932180256,1.0,0.10000000149011612,0.46413955092430115,0.0,2.165200710296631,2.165200710296631,2.164401270196561,2.164401270196561,0.5192036948501907,0.5192036948501907,0.5192036948501907,0.5192036948501907,0.9631540970826149,0.9963154096533567,0.5192036948501904,0.5192036948501904,1.0,0.0,0.0,1.0,1.0
0.27384196342643613,1.4142135623730951,gt-order-1,"ap_fixed<16,6,AP_RND,AP_SAT>",False,True,1000.0,4.57763671875e-05,-4.339358666416729,1.0,0.10000000149011612,0.535719633102417,0.0,2.1641101837158203,2.1641101837158203,2.164401270196561,2.164401270196561,0.592703923110466,0.592703923110466,0.592703923110466,0.592703923110466,0.9579380666464964,0.9957938066019726,0.5927039231104656,0.5927039231104656,1.0,0.0,0.0,1.0,1.0
0.3126079367123954,1.4142135623730951,gt-order-1,"ap_fixed<16,6,AP_RND,AP_SAT>",False,True,1000.0,4.57763671875e-05,-4.339358666416729,1.0,0.10000000149011612,0.5896096229553223,0.0,2.1589884757995605,2.1589884757995605,2.1644012701965605,2.1644012701965605,0.6766090310924333,0.6766090310924333,0.6766090310924333,0.6766090310924333,0.9519836416421282,0.9951983640926628,0.6766090310924329,0.6766090310924329,1.0,0.0,0.0,1.0,1.0
0.35686174928348097,1.4142135623730951,gt-order-1,"ap_fixed<16,6,AP_RND,AP_SAT>",False,True,1000.0,3.0517578125e-05,-4.515449920728757,1.0,0.10000000149011612,0.6495190858840942,0.0,2.1554019451141357,2.1554019451141357,2.164401270196561,2.164401270196561,0.7723920040996608,0.7723920040996608,0.7723920040996608,0.7723920040996608,0.9451862899291725,0.9945186289112382,0.7723920040996599,0.7723920040996599,1.0,0.0,0.0,1.0,1.0
0.4073802778041126,1.4142135623730951,gt-order-1,"ap_fixed<16,6,AP_RND,AP_SAT>",False,True,1000.0,3.0517578125e-05,-4.515449920728757,1.0,0.10000000149011612,0.6573757529258728,0.0,2.1558663845062256,2.1558663845062256,2.1644012701965605,2.1644012701965605,0.8817344017160728,0.8817344017160728,0.8817344017160728,0.8817344017160728,0.9374266776473476,0.9937426676714932,0.8817344017160722,0.8817344017160722,1.0,0.0,0.0,1.0,1.0
0.46505037616660627,1.4142135623730951,gt-order-1,"ap_fixed<16,6,AP_RND,AP_SAT>",False,True,1000.0,1.52587890625e-05,-4.816479902161777,1.0,0.10000000149011612,0.4856429100036621,0.0,2.152117967605591,2.152117967605591,2.1644012701965605,2.1644012701965605,1.0065556104535907,1.0065556104535907,1.0065556104535907,1.0065556104535907,0.9285685932677664,0.9928568592203356,1.00655561045359,1.00655561045359,1.0,0.0,0.0,1.0,1.0
0.5308844442309882,1.4142135623730951,gt-order-1,"ap_fixed<16,6,AP_RND,AP_SAT>",False,True,1000.0,1.52587890625e-05,-4.816479902161777,1.0,0.10000000149011612,0.6799001097679138,0.0,2.1515579223632812,2.1515579223632812,2.164401270196561,2.164401270196561,1.1490469664656955,1.1490469664656955,1.1490469664656955,1.1490469664656955,0.9184565260343014,0.9918456524819208,1.1490469664656946,1.1490469664656946,1.0,0.0,0.0,1.0,1.0
0.606038200527066,1.4142135623730951,gt-order-1,"ap_fixed<16,6,AP_RND,AP_SAT>",False,True,1000.0,1.52587890625e-05,-4.816479902161777,1.0,0.10000000149011612,0.7844645977020264,0.0,2.1507482528686523,2.1507482528686523,2.164401270196561,2.164401270196561,1.3117098775204266,1.3117098775204266,1.3117098775204266,1.3117098775204266,0.9069129605927817,0.9906912959205675,1.3117098775204257,1.3117098775204257,1.0,0.0,0.0,1.0,1.0
0.6918309709189363,1.4142135623730951,gt-order-1,"ap_fixed<16,6,AP_RND,AP_SAT>",False,True,1000.0,0.0,-12.0,1.0,0.10000000149011612,0.4866642653942108,0.0,2.150071620941162,2.150071620941162,2.164401270196561,2.164401270196561,1.4973998793583478,1.4973998793583478,1.4973998793583478,1.4973998793583478,0.8937352504795607,0.9893735248896094,1.4973998793583465,1.4973998793583465,1.0,0.0,0.0,1.0,1.0
0.7897688493998856,1.4142135623730951,gt-order-1,"ap_fixed<16,6,AP_RND,AP_SAT>",False,True,1000.0,0.0,-12.0,1.0,0.10000000149011612,0.821994960308075,0.0,2.1458585262298584,2.1458585262298584,2.1644012701965605,2.1644012701965605,1.7093767554438508,1.7093767554438508,1.7093767554438508,1.7093767554438508,0.8786920613142163,0.9878692059506589,1.7093767554438508,1.7093767554438508,1.0,0.0,0.0,1.0,1.0
0.9015711376059565,1.4142135623730951,gt-order-1,"ap_fixed<16,6,AP_RND,AP_SAT>",False,True,1000.0,0.0,-12.0,1.0,0.10000000149011612,0.8574929237365723,0.0,2.1467537879943848,2.1467537879943848,2.164401270196561,2.164401270196561,1.9513617521767457,1.9513617521767457,1.9513617521767457,1.9513617521767457,0.9513617521767447,0.986151930839102,1.9513617521767441,1.9513617521767441,1.0,0.0,0.0,1.0,1.0
1.0292005271944276,1.4142135623730951,gt-order-1,"ap_fixed<16,6,AP_RND,AP_SAT>",False,True,1000.0,0.0,-12.0,0.9716286659240723,0.10000000149011612,0.6933752298355103,0.0,2.1451005935668945,2.1451005935668945,2.164401270196561,2.164401270196561,2.227602986135271,2.2276029861352695,2.227602986135271,2.2276029861352695,1.22760298613527,1.2276029861352689,2.227602986135269,2.164402917627091,1.0,0.0,0.0,1.0,1.0
1.174897554939529,1.4142135623730951,gt-order-1,"ap_fixed<16,6,AP_RND,AP_SAT>",False,True,1000.0,0.0,-12.0,0.8511383533477783,0.10000000149011612,0.6030226945877075,0.0,2.1449570655822754,2.1449570655822754,2.1644012701965605,2.1644012701965605,2.5429497528965594,2.5429497528965586,2.5429497528965594,2.5429497528965586,1.5429497528965594,1.5429497528965583,2.5429497528965594,2.1644020653265175,1.0,0.0,0.0,1.0,1.0
1.3412199354053709,1.4142135623730951,gt-order-1,"ap_fixed<16,6,AP_RND,AP_SAT>",False,True,1000.0,0.0,-12.0,0.7455901503562927,0.10000000149011612,0.5345224738121033,0.0,2.145768165588379,2.145768165588379,2.164401270196561,2.164401270196561,2.902938059585197,2.9029380595851952,2.902938059585197,2.9029380595851952,1.902938059585196,1.9029380595851944,2.902938059585195,2.16440202432113,1.0,0.0,0.0,1.0,1.0
1.5310874616820287,1.4142135623730951,gt-order-1,"ap_fixed<16,6,AP_RND,AP_SAT>",False,True,1000.0,0.0,-12.0,0.6531310081481934,0.10000000149011612,0.8164965510368347,0.0,2.1553125381469727,2.1553125381469727,2.1644012701965605,2.1644012701965605,3.313887768174967,3.294333771045867,3.313887768174967,3.294333771045867,2.3138877681749657,2.2943337710458653,3.3138877681749648,2.164402858918081,1.0,0.0,0.0,1.0,1.0
1.7478332624182173,1.4142135623730951,gt-order-1,"ap_fixed<16,6,AP_RND,AP_SAT>",False,True,1000.0,0.0,-12.0,0.5721373558044434,0.10000000149011612,0.7844645977020264,0.0,2.152139902114868,2.152139902114868,2.1644012701965605,2.1644012701965605,3.7830125106191286,3.3440910740867893,3.7830125106191286,3.3440910740867893,2.7830125106191272,2.3440910740867875,3.7830125106191255,2.164402774800755,1.0,0.0,0.0,1.0,1.0
1.9952623149688795,1.4142135623730951,gt-order-1,"ap_fixed<16,6,AP_RND,AP_SAT>",False,True,1000.0,0.0,-12.0,0.5011876821517944,0.10000000149011612,0.8164966106414795,0.0,2.1566321849823,2.1566321849823,2.164401270196561,2.164401270196561,4.318548181185799,3.6785134486206545,4.318548181185799,3.6785134486206545,3.3185481811857964,2.6785134486206523,4.318548181185794,2.164403153189356,1.0,0.0,0.0,1.0,1.0
0.01,1.4640856959456254,gt-order-1,"ap_fixed<16,6,AP_RND,AP_SAT>",False,True,1000.0,0.047760009765625,-1.3209355930681574,1.0,0.10000000149011612,0.3991115987300873,0.0,2.6548964977264404,2.6548964977264404,2.3197478493676167,2.3197478493676167,0.023197477975172118,0.023197477975172118,0.023197477975172118,0.023197477975172118,0.9983537635970594,0.9998353763572528,0.02319747797517209,0.02319747797517209,1.0,0.0,0.0,1.0,1.0
0.011415633046188459,1.4640856959456254,gt-order-1,"ap_fixed<16,6,AP_RND,AP_SAT>",False,True,1000.0,0.0393218994140625,-1.4053655120617499,1.0,0.10000000149011612,0.38655510544776917,0.0,2.6548964977264404,2.6548964977264404,2.3197478493676167,2.3197478493676167,0.026481390966098892,0.026481390966098892,0.026481390966098892,0.026481390966098892,0.9981207168358753,0.999812071680787,0.02648139096609886,0.02648139096609886,1.0,0.0,0.0,1.0,1.0
0.013031667784522994,1.4640856959456254,gt-order-1,"ap_fixed<16,6,AP_RND,AP_SAT>",False,True,1000.0,0.0303802490234375,-1.5174086705819942,1.0,0.10000000149011612,0.38720768690109253,0.0,2.4463679790496826,2.4463679790496826,2.3197478493676167,2.3197478493676167,0.030230183885628575,0.030230183885628575,0.030230183885628575,0.030230183885628575,0.9978546793218911,0.999785467928992,0.030230183885628547,0.030230183885628547,1.0,0.0,0.0,1.0,1.0
0.014876473740795015,1.4640856959456254,gt-order-1,"ap_fixed<16,6,AP_RND,AP_SAT>",False,True,1000.0,0.0230560302734375,-1.6372154662658374,1.0,0.10000000149011612,0.387176513671875,0.0,2.4463679790496826,2.4463679790496826,2.3197478493676167,2.3197478493676167,0.03450966786024238,0.03450966786024238,0.03450966786024238,0.03450966786024238,0.9975509806908436,0.999755098065435,0.034509667860242364,0.034509667860242364,1.0,0.0,0.0,1.0,1.0
0.016982436524617443,1.4640856959456254,gt-order-1,"ap_fixed<16,6,AP_RND,AP_SAT>",False,True,1000.0,0.0179443359375,-1.7460726088593772,1.0,0.10000000149011612,0.38365453481674194,0.0,2.4463679790496826,2.4463679790496826,2.3197478493676162,2.3197478493676162,0.03939496980584398,0.03939496980584398,0.03939496980584398,0.03939496980584398,0.9972042894724789,0.999720428943082,0.03939496980584394,0.03939496980584394,1.0,0.0,0.0,1.0,1.0
0.019386526359522076,1.4640856959456254,gt-order-1,"ap_fixed<16,6,AP_RND,AP_SAT>",False,True,1000.0,0.013519287109375,-1.8690462087045243,1.0,0.10000000149011612,0.37553107738494873,0.0,2.4681756496429443,2.4681756496429443,2.3197478493676167,2.3197478493676167,0.044971852452652186,0.044971852452652186,0.044971852452652186,0.044971852452652186,0.9968085194134261,0.9996808519365871,0.04497185245265213,0.04497185245265213,1.0,0.0,0.0,1.0,1.0
0.022130947096056376,1.4640856959456254,gt-order-1,"ap_fixed<16,6,AP_RND,AP_SAT>",False,True,1000.0,0.0105438232421875,-1.9770018832083112,1.0,0.10000000149011612,0.3807695209980011,0.0,2.4425806999206543,2.4425806999206543,2.3197478493676167,2.3197478493676167,0.0513382180069444,0.0513382180069444,0.0513382180069444,0.0513382180069444,0.99635672276807,0.999635672271378,0.05133821800694435,0.05133821800694435,1.0,0.0,0.0,1.0,1.0
0.025263877101318954,1.4640856959456254,gt-order-1,"ap_fixed<16,6,AP_RND,AP_SAT>",False,True,1000.0,0.0079498291015625,-2.0996422072695453,1.0,0.10000000149011612,0.3770124912261963,0.0,2.4324393272399902,2.4324393272399902,2.3197478493676162,2.3197478493676162,0.05860582569572059,0.05860582569572059,0.05860582569572059,0.05860582569572059,0.9958409684109643,0.9995840968348986,0.05860582569572055,0.05860582569572055,1.0,0.0,0.0,1.0,1.0
0.028840315031266057,1.4640856959456254,gt-order-1,"ap_fixed<16,6,AP_RND,AP_SAT>",False,True,1000.0,0.005950927734375,-2.2254153235242207,1.0,0.10000000149011612,0.37808236479759216,0.0,2.4324393272399902,2.4324393272399902,2.3197478493676167,2.3197478493676167,0.06690225776122431,0.06690225776122431,0.06690225776122431,0.06690225776122431,0.9952522023177114,0.9995252202246963,0.06690225776122423,0.06690225776122423,1.0,0.0,0.0,1.0,1.0
0.03292304533334065,1.4640856959456254,gt-order-1,"ap_fixed<16,6,AP_RND,AP_SAT>",False,True,1000.0,0.0045623779296875,-2.340808742204079,1.0,0.10000000149011612,0.38321423530578613,0.0,2.393718957901001,2.393718957901001,2.3197478493676167,2.3197478493676167,0.07637316631182368,0.07637316631182368,0.07637316631182368,0.07637316631182368,0.9945800881145378,0.9994580088033775,0.0763731663118236,0.0763731663118236,1.0,0.0,0.0,1.0,1.0
0.037583740428844416,1.4640856959456254,gt-order-1,"ap_fixed<16,6,AP_RND,AP_SAT>",False,True,1000.0,0.003326416015625,-2.478023436888535,1.0,0.10000000149011612,0.37610411643981934,0.0,2.441209077835083,2.441209077835083,2.3197478493676167,2.3197478493676167,0.08718480535011983,0.08718480535011983,0.08718480535011983,0.08718480535011983,0.9938128273899302,0.9993812827297733,0.08718480535011974,0.08718480535011974,1.0,0.0,0.0,1.0,1.0
0.04290421892388853,1.4640856959456254,gt-order-1,"ap_fixed<16,6,AP_RND,AP_SAT>",False,True,1000.0,0.0025787353515625,-2.588593225841612,1.0,0.10000000149011612,0.3792789876461029,0.0,2.382772207260132,2.382772207260132,2.3197478493676167,2.3197478493676167,0.0995269732834277,0.0995269732834277,0.0995269732834277,0.0995269732834277,0.9929369508759069,0.9992936950770657,0.09952697328342762,0.09952697328342762,1.0,0.0,0.0,1.0,1.0
0.04897788193684462,1.4640856959456254,gt-order-1,"ap_fixed<16,6,AP_RND,AP_SAT>",False,True,1000.0,0.00201416015625,-2.6959059992022287,1.0,0.10000000149011612,0.40336430072784424,0.0,2.4004688262939453,2.4004688262939453,2.3197478493676167,2.3197478493676167,0.11361633567055987,0.11361633567055987,0.11361633567055987,0.11361633567055987,0.9919370826453713,0.9991937082525224,0.11361633567055977,0.11361633567055977,1.0,0.0,0.0,1.0,1.0
0.05591135275705602,1.4640856959456254,gt-order-1,"ap_fixed<16,6,AP_RND,AP_SAT>",False,True,1000.0,0.0016021728515625,-2.795290631282695,1.0,0.10000000149011612,0.4201207458972931,0.0,2.4071319103240967,2.4071319103240967,2.3197478493676167,2.3197478493676167,0.12970023622659024,0.12970023622659024,0.12970023622659024,0.12970023622659024,0.9907956696596598,0.9990795669522504,0.1297002362265902,0.1297002362265902,1.0,0.0,0.0,1.0,1.0
0.06382634861905485,1.4640856959456254,gt-order-1,"ap_fixed<16,6,AP_RND,AP_SAT>",False,True,1000.0,0.001251220703125,-2.902666077892886,1.0,0.10000000149011612,0.42272600531578064,0.0,2.383072853088379,2.383072853088379,2.3197478493676167,2.3197478493676167,0.1480610263316673,0.1480610263316673,0.1480610263316673,0.1480610263316673,0.9894926745198397,0.9989492674363265,0.14806102633166715,0.14806102633166715,1.0,0.0,0.0,1.0,1.0
0.07286181745132274,1.4640856959456254,gt-order-1,"ap_fixed<16,6,AP_RND,AP_SAT>",False,True,1000.0,0.0009002685546875,-3.0456279184991493,1.0,0.10000000149011612,0.397359699010849,0.0,2.374634265899658,2.374634265899658,2.3197478493676167,2.3197478493676167,0.16902105131162334,0.16902105131162334,0.16902105131162334,0.16902105131162334,0.9880052216094203,0.9988005221430685,0.16902105131162318,0.16902105131162318,1.0,0.0,0.0,1.0,1.0
0.08317637711026708,1.4640856959456254,gt-order-1,"ap_fixed<16,6,AP_RND,AP_SAT>",False,True,1000.0,0.000701904296875,-3.153722098323388,1.0,0.10000000149011612,0.4230302572250366,0.0,2.360882043838501,2.360882043838501,2.3197478493676162,2.3197478493676162,0.19294821571477228,0.19294821571477228,0.19294821571477228,0.19294821571477228,0.9863072021479178,0.9986307201943879,0.1929482157147721,0.1929482157147721,1.0,0.0,0.0,1.0,1.0
0.09495109992021983,1.4640856959456254,gt-order-1,"ap_fixed<16,6,AP_RND,AP_SAT>",False,True,1000.0,0.0004730224609375,-3.3251182358713,1.0,0.10000000149011612,0.4182509481906891,0.0,2.356208086013794,2.356208086013794,2.3197478493676167,2.3197478493676167,0.22026261152200907,0.22026261152200907,0.22026261152200907,0.22026261152200907,0.9843688038121013,0.9984368803579176,0.22026261152200882,0.22026261152200882,1.0,0.0,0.0,1.0,1.0
0.10839269140212034,1.4640856959456254,gt-order-1,"ap_fixed<16,6,AP_RND,AP_SAT>",False,True,1000.0,0.0003509521484375,-3.4547520933686315,1.0,0.10000000149011612,0.42611101269721985,0.0,2.359482526779175,2.359482526779175,2.3197478493676162,2.3197478493676162,0.2514437167113631,0.2514437167113631,0.2514437167113631,0.2514437167113631,0.9821559998813644,0.9982155999615467,0.251443716711363,0.251443716711363,1.0,0.0,0.0,1.0,1.0
0.12373711899353519,1.4640856959456254,gt-order-1,"ap_fixed<16,6,AP_RND,AP_SAT>",False,True,1000.0,0.00030517578125,-3.5154499335366216,1.0,0.10000000149011612,0.4272090494632721,0.0,2.3470540046691895,2.3470540046691895,2.3197478493676167,2.3197478493676167,0.2870389160078787,0.2870389160078787,0.2870389160078787,0.2870389160078787,0.9796299445526523,0.9979629944249113,0.28703891600787845,0.28703891600787845,1.0,0.0,0.0,1.0,1.0
0.1412537544622754,1.4640856959456254,gt-order-1,"ap_fixed<16,6,AP_RND,AP_SAT>",False,True,1000.0,0.000213623046875,-3.6703518929124668,1.0,0.10000000149011612,0.4824448823928833,0.0,2.324294090270996,2.324294090270996,2.3197478493676167,2.3197478493676167,0.3276730932085298,0.3276730932085298,0.3276730932085298,0.3276730932085298,0.9767462922098042,0.9976746291863297,0.3276730932085295,0.3276730932085295,1.0,0.0,0.0,1.0,1.0
0.16125010273377416,1.4640856959456254,gt-order-1,"ap_fixed<16,6,AP_RND,AP_SAT>",False,True,1000.0,0.0001678466796875,-3.7750872428780267,1.0,0.10000000149011612,0.41740483045578003,0.0,2.332484245300293,2.332484245300293,2.3197478493676167,2.3197478493676167,0.3740595716176649,0.3740595716176649,0.3740595716176649,0.3740595716176649,0.9734544210226397,0.997345442062708,0.37405957161766457,0.37405957161766457,1.0,0.0,0.0,1.0,1.0
0.18407720014689555,1.4640856959456254,gt-order-1,"ap_fixed<16,6,AP_RND,AP_SAT>",False,True,1000.0,0.0001220703125,-3.913389940074015,1.0,0.10000000149011612,0.42433416843414307,0.0,2.3198318481445312,2.3198318481445312,2.3197478493676167,2.3197478493676167,0.42701269641194095,0.42701269641194095,0.42701269641194095,0.42701269641194095,0.9696965400245796,0.9969696539573023,0.4270126964119405,0.4270126964119405,1.0,0.0,0.0,1.0,1.0
0.21013577690467466,1.4640856959456254,gt-order-1,"ap_fixed<16,6,AP_RND,AP_SAT>",False,True,1000.0,7.62939453125e-05,-4.117509920595296,1.0,0.10000000149011612,0.44992125034332275,0.0,2.321643114089966,2.321643114089966,2.3197478493676167,2.3197478493676167,0.4874620070843428,0.4874620070843428,0.4874620070843428,0.4874620070843428,0.9654066833484314,0.9965406682832951,0.48746200708434234,0.48746200708434234,1.0,0.0,0.0,1.0,1.0
0.239883291901949,1.4640856959456254,gt-order-1,"ap_fixed<16,6,AP_RND,AP_SAT>",False,True,1000.0,6.103515625e-05,-4.214419932180256,1.0,0.10000000149011612,0.42700839042663574,0.0,2.3156919479370117,2.3156919479370117,2.3197478493676167,2.3197478493676167,0.556468743156425,0.556468743156425,0.556468743156425,0.556468743156425,0.9605095388790373,0.9960509538290587,0.5564687431564246,0.5564687431564246,1.0,0.0,0.0,1.0,1.0
0.27384196342643613,1.4640856959456254,gt-order-1,"ap_fixed<16,6,AP_RND,AP_SAT>",False,True,1000.0,4.57763671875e-05,-4.339358666416729,1.0,0.10000000149011612,0.4556611478328705,0.0,2.3165550231933594,2.3165550231933594,2.3197478493676167,2.3197478493676167,0.6352443374894104,0.6352443374894104,0.6352443374894104,0.6352443374894104,0.954919135853628,0.9954919135181873,0.6352443374894099,0.6352443374894099,1.0,0.0,0.0,1.0,1.0
0.3126079367123954,1.4640856959456254,gt-order-1,"ap_fixed<16,6,AP_RND,AP_SAT>",False,True,1000.0,3.0517578125e-05,-4.515449920728757,1.0,0.10000000149011612,0.45883142948150635,0.0,2.3118844032287598,2.3118844032287598,2.3197478493676167,2.3197478493676167,0.7251716058163461,0.7251716058163461,0.7251716058163461,0.7251716058163461,0.948537341121662,0.9948537340354808,0.7251716058163453,0.7251716058163453,1.0,0.0,0.0,1.0,1.0
0.35686174928348097,1.4640856959456254,gt-order-1,"ap_fixed<16,6,AP_RND,AP_SAT>",False,True,1000.0,3.0517578125e-05,-4.515449920728757,1.0,0.10000000149011612,0.47885215282440186,0.0,2.3110883235931396,2.3110883235931396,2.3197478493676167,2.3197478493676167,0.8278292547001751,0.8278292547001751,0.8278292547001751,0.8278292547001751,0.9412521199086591,0.9941252119033247,0.8278292547001745,0.8278292547001745,1.0,0.0,0.0,1.0,1.0
0.4073802778041126,1.4640856959456254,gt-order-1,"ap_fixed<16,6,AP_RND,AP_SAT>",False,True,1000.0,3.0517578125e-05,-4.515449920728757,1.0,0.10000000149011612,0.41959068179130554,0.0,2.309112787246704,2.309112787246704,2.3197478493676167,2.3197478493676167,0.9450195350830433,0.9450195350830433,0.9450195350830433,0.9450195350830433,0.9329355733494329,0.9932935572350093,0.9450195350830427,0.9450195350830427,1.0,0.0,0.0,1.0,1.0
0.46505037616660627,1.4640856959456254,gt-order-1,"ap_fixed<16,6,AP_RND,AP_SAT>",False,True,1000.0,1.52587890625e-05,-4.816479902161777,1.0,0.10000000149011612,0.492664635181427,0.0,2.305588483810425,2.305588483810425,2.3197478493676167,2.3197478493676167,1.0787995944978244,1.0787995944978244,1.0787995944978244,1.0787995944978244,0.9234417135413999,0.9923441712400591,1.0787995944978235,1.0787995944978235,1.0,0.0,0.0,1.0,1.0
0.5308844442309882,1.4640856959456254,gt-order-1,"ap_fixed<16,6,AP_RND,AP_SAT>",False,True,1000.0,1.52587890625e-05,-4.816479902161777,1.0,0.10000000149011612,0.4714045226573944,0.0,2.304943084716797,2.304943084716797,2.3197478493676162,2.3197478493676162,1.2315180488870774,1.2315180488870774,1.2315180488870774,1.2315180488870774,0.9126038681822813,0.9912603866879975,1.2315180488870767,1.2315180488870767,1.0,0.0,0.0,1.0,1.0
0.606038200527066,1.4640856959456254,gt-order-1,"ap_fixed<16,6,AP_RND,AP_SAT>",False,True,1000.0,1.52587890625e-05,-4.816479902161777,1.0,0.10000000149011612,0.5547001957893372,0.0,2.3054654598236084,2.3054654598236084,2.3197478493676162,2.3197478493676162,1.4058558407221469,1.4058558407221469,1.4058558407221469,1.4058558407221469,0.9002317810254613,0.9900231779538795,1.4058558407221455,1.4058558407221455,1.0,0.0,0.0,1.0,1.0
0.6918309709189363,1.4640856959456254,gt-order-1,"ap_fixed<16,6,AP_RND,AP_SAT>",False,True,1000.0,1.52587890625e-05,-4.816479902161777,1.0,0.10000000149011612,0.5298129320144653,0.0,2.301237106323242,2.301237106323242,2.3197478493676167,2.3197478493676167,1.6048734574386017,1.6048734574386017,1.6048734574386017,1.6048734574386017,0.8861082609679861,0.9886108259270866,1.6048734574385999,1.6048734574385999,1.0,0.0,0.0,1.0,1.0
0.7897688493998856,1.4640856959456254,gt-order-1,"ap_fixed<16,6,AP_RND,AP_SAT>",False,True,1000.0,0.0,-12.0,1.0,0.10000000149011612,0.5883484482765198,0.0,2.3020687103271484,2.3020687103271484,2.3197478493676167,2.3197478493676167,1.8320646484557626,1.8320646484557626,1.8320646484557626,1.8320646484557626,0.8699853699588742,0.9869985368021503,1.832064648455761,1.832064648455761,1.0,0.0,0.0,1.0,1.0
0.9015711376059565,1.4640856959456254,gt-order-1,"ap_fixed<16,6,AP_RND,AP_SAT>",False,True,1000.0,0.0,-12.0,1.0,0.10000000149011612,0.6575959920883179,0.0,2.3012890815734863,2.3012890815734863,2.3197478493676162,2.3197478493676162,2.091417746922288,2.091417746922288,2.091417746922288,2.091417746922288,1.0914177469222872,1.091417746922287,2.091417746922287,2.091417746922287,1.0,0.0,0.0,1.0,1.0
1.0292005271944276,1.4640856959456254,gt-order-1,"ap_fixed<16,6,AP_RND,AP_SAT>",False,True,1000.0,0.0,-12.0,0.9716282486915588,0.10000000149011612,0.4472135603427887,0.0,2.301485776901245,2.301485776901245,2.3197478493676162,2.3197478493676162,2.3874857714636657,2.387485771463665,2.3874857714636657,2.387485771463665,1.3874857714636641,1.3874857714636635,2.3874857714636644,2.3197486189032555,1.0,0.0,0.0,1.0,1.0
1.174897554939529,1.4640856959456254,gt-order-1,"ap_fixed<16,6,AP_RND,AP_SAT>",False,True,1000.0,0.0,-12.0,0.8511383533477783,0.10000000149011612,0.48507124185562134,0.0,2.3001787662506104,2.3001787662506104,2.3197478493676167,2.3197478493676167,2.725466068404214,2.7254660684042116,2.725466068404214,2.7254660684042116,1.7254660684042125,1.72546606840421,2.7254660684042116,2.319748701566804,1.0,0.0,0.0,1.0,1.0
1.3412199354053709,1.4640856959456254,gt-order-1,"ap_fixed<16,6,AP_RND,AP_SAT>",False,True,1000.0,0.0,-12.0,0.7455901503562927,0.10000000149011612,0.6255432963371277,0.0,2.3023219108581543,2.3023219108581543,2.3197478493676167,2.3197478493676167,3.111291983283028,3.1112919832830253,3.111291983283028,3.1112919832830253,2.111291983283026,2.111291983283024,3.111291983283027,2.3197486576183204,1.0,0.0,0.0,1.0,1.0
1.5310874616820287,1.4640856959456254,gt-order-1,"ap_fixed<16,6,AP_RND,AP_SAT>",False,True,1000.0,0.0,-12.0,0.6531307697296143,0.10000000149011612,0.4850712716579437,0.0,2.31384539604187,2.31384539604187,2.3197478493676162,2.3197478493676162,3.5517369764671214,3.5517369764671196,3.5517369764671214,3.5517369764671196,2.551736976467122,2.551736976467119,3.5517369764671183,2.3197487053171018,1.0,0.0,0.0,1.0,1.0
1.7478332624182173,1.4640856959456254,gt-order-1,"ap_fixed<16,6,AP_RND,AP_SAT>",False,True,1000.0,0.0,-12.0,0.5721373558044434,0.10000000149011612,0.5773503184318542,0.0,2.308173656463623,2.308173656463623,2.3197478493676167,2.3197478493676167,4.05453242727147,3.506776909512773,4.05453242727147,3.506776909512773,3.0545324272714667,2.50677690951277,4.054532427271465,2.3197494619624677,1.0,0.0,0.0,1.0,1.0
1.9952623149688795,1.4640856959456254,gt-order-1,"ap_fixed<16,6,AP_RND,AP_SAT>",False,True,1000.0,0.0,-12.0,0.5011874437332153,0.10000000149011612,0.5547001957893372,0.0,2.3062584400177,2.3062584400177,2.3197478493676167,2.3197478493676167,4.6285053486345475,3.611890977297726,4.6285053486345475,3.611890977297726,3.6285053486345467,2.6118909772977226,4.628505348634542,2.319748763987661,1.0,0.0,0.0,1.0,1.0
0.01,1.5157165665103982,gt-order-1,"ap_fixed<16,6,AP_RND,AP_SAT>",False,True,1000.0,0.0445556640625,-1.3510970791655337,1.0,0.10000000149011612,0.3970232605934143,0.0,2.7907650470733643,2.7907650470733643,2.48624418253444,2.48624418253444,0.024862441269625522,0.024862441269625522,0.024862441269625522,0.024862441269625522,0.9982356074972479,0.9998235607470956,0.02486244126962549,0.02486244126962549,1.0,0.0,0.0,1.0,1.0
0.011415633046188459,1.5157165665103982,gt-order-1,"ap_fixed<16,6,AP_RND,AP_SAT>",False,True,1000.0,0.036285400390625,-1.4402680803290575,1.0,0.10000000149011612,0.3950274884700775,0.0,2.636532783508301,2.636532783508301,2.48624418253444,2.48624418253444,0.02838205206347396,0.02838205206347396,0.02838205206347396,0.02838205206347396,0.9979858341612378,0.9997985834131224,0.028382052063473936,0.028382052063473936,1.0,0.0,0.0,1.0,1.0
0.013031667784522994,1.5157165665103982,gt-order-1,"ap_fixed<16,6,AP_RND,AP_SAT>",False,True,1000.0,0.02825927734375,-1.5488389482624154,1.0,0.10000000149011612,0.38710910081863403,0.0,2.608222484588623,2.608222484588623,2.48624418253444,2.48624418253444,0.0323999088276252,0.0323999088276252,0.0323999088276252,0.0323999088276252,0.9977007022116064,0.9997700702177345,0.03239990882762518,0.03239990882762518,1.0,0.0,0.0,1.0,1.0
0.014876473740795015,1.5157165665103982,gt-order-1,"ap_fixed<16,6,AP_RND,AP_SAT>",False,True,1000.0,0.021697998046875,-1.6635803342099362,1.0,0.10000000149011612,0.38511890172958374,0.0,2.608222484588623,2.608222484588623,2.48624418253444,2.48624418253444,0.036986546180919205,0.036986546180919205,0.036986546180919205,0.036986546180919205,0.9973752060758394,0.9997375206036727,0.036986546180919164,0.036986546180919164,1.0,0.0,0.0,1.0,1.0
0.016982436524617443,1.5157165665103982,gt-order-1,"ap_fixed<16,6,AP_RND,AP_SAT>",False,True,1000.0,0.017059326171875,-1.7680381270478367,1.0,0.10000000149011612,0.3829437494277954,0.0,2.608222484588623,2.608222484588623,2.4862441825344406,2.4862441825344406,0.04222248315807269,0.04222248315807269,0.04222248315807269,0.04222248315807269,0.9970036316255598,0.9997003631580911,0.04222248315807266,0.04222248315807266,1.0,0.0,0.0,1.0,1.0
0.019386526359522076,1.5157165665103982,gt-order-1,"ap_fixed<16,6,AP_RND,AP_SAT>",False,True,1000.0,0.012908935546875,-1.8891095675510325,1.0,0.10000000149011612,0.3798762559890747,0.0,2.643012046813965,2.643012046813965,2.4862441825344406,2.4862441825344406,0.04819963797732773,0.04819963797732773,0.04819963797732773,0.04819963797732773,0.9965794557758708,0.9996579455724902,0.048199637977327695,0.048199637977327695,1.0,0.0,0.0,1.0,1.0
0.022130947096056376,1.5157165665103982,gt-order-1,"ap_fixed<16,6,AP_RND,AP_SAT>",False,True,1000.0,0.0098114013671875,-2.0082689576552126,1.0,0.10000000149011612,0.3806348145008087,0.0,2.6442055702209473,2.6442055702209473,2.48624418253444,2.48624418253444,0.05502293962520364,0.05502293962520364,0.05502293962520364,0.05502293962520364,0.9960952321173424,0.9996095232059158,0.05502293962520358,0.05502293962520358,1.0,0.0,0.0,1.0,1.0
0.025263877101318954,1.5157165665103982,gt-order-1,"ap_fixed<16,6,AP_RND,AP_SAT>",False,True,1000.0,0.0074462890625,-2.1280601085626647,1.0,0.10000000149011612,0.37394219636917114,0.0,2.6442055702209473,2.6442055702209473,2.48624418253444,2.48624418253444,0.0628121686752869,0.0628121686752869,0.0628121686752869,0.0628121686752869,0.9955424602801302,0.9995542460213707,0.06281216867528684,0.06281216867528684,1.0,0.0,0.0,1.0,1.0
0.028840315031266057,1.5157165665103982,gt-order-1,"ap_fixed<16,6,AP_RND,AP_SAT>",False,True,1000.0,0.005523681640625,-2.257771360011909,1.0,0.10000000149011612,0.37524667382240295,0.0,2.6290242671966553,2.6290242671966553,2.48624418253444,2.48624418253444,0.07170406438898434,0.07170406438898434,0.07170406438898434,0.07170406438898434,0.9949114364010847,0.999491143632526,0.07170406438898429,0.07170406438898429,1.0,0.0,0.0,1.0,1.0
0.03292304533334065,1.5157165665103982,gt-order-1,"ap_fixed<16,6,AP_RND,AP_SAT>",False,True,1000.0,0.004180908203125,-2.3787293676994357,1.0,0.10000000149011612,0.3809420168399811,0.0,2.628239631652832,2.628239631652832,2.4862441825344406,2.4862441825344406,0.08185473283066973,0.08185473283066973,0.08185473283066973,0.08185473283066973,0.994191082229014,0.9994191082142455,0.08185473283066966,0.08185473283066966,1.0,0.0,0.0,1.0,1.0
0.037583740428844416,1.5157165665103982,gt-order-1,"ap_fixed<16,6,AP_RND,AP_SAT>",False,True,1000.0,0.0032196044921875,-2.492197475191116,1.0,0.10000000149011612,0.37674829363822937,0.0,2.628239631652832,2.628239631652832,2.4862441825344406,2.4862441825344406,0.09344236062821414,0.09344236062821414,0.09344236062821414,0.09344236062821414,0.9933687525394653,0.999336875244065,0.09344236062821407,0.09344236062821407,1.0,0.0,0.0,1.0,1.0
0.04290421892388853,1.5157165665103982,gt-order-1,"ap_fixed<16,6,AP_RND,AP_SAT>",False,True,1000.0,0.0024261474609375,-2.6150828061242417,1.0,0.10000000149011612,0.40964189171791077,0.0,2.576507806777954,2.576507806777954,2.48624418253444,2.48624418253444,0.10667036867762991,0.10667036867762991,0.10667036867762991,0.10667036867762991,0.9924300113283497,0.9992430011215548,0.10667036867762984,0.10667036867762984,1.0,0.0,0.0,1.0,1.0
0.04897788193684462,1.5157165665103982,gt-order-1,"ap_fixed<16,6,AP_RND,AP_SAT>",False,True,1000.0,0.0019378662109375,-2.7126762094436327,1.0,0.10000000149011612,0.3979009687900543,0.0,2.6023733615875244,2.6023733615875244,2.48624418253444,2.48624418253444,0.12177097337489313,0.12177097337489313,0.12177097337489313,0.12177097337489313,0.9913583790849213,0.999135837895615,0.12177097337489312,0.12177097337489312,1.0,0.0,0.0,1.0,1.0
0.05591135275705602,1.5157165665103982,gt-order-1,"ap_fixed<16,6,AP_RND,AP_SAT>",False,True,1000.0,0.0014801025390625,-2.8297081960640322,1.0,0.10000000149011612,0.3950899541378021,0.0,2.5687615871429443,2.5687615871429443,2.4862441825344406,2.4862441825344406,0.1390092711497113,0.1390092711497113,0.1390092711497113,0.1390092711497113,0.9901350429280145,0.9990135042781012,0.13900927114971118,0.13900927114971118,1.0,0.0,0.0,1.0,1.0
0.06382634861905485,1.5157165665103982,gt-order-1,"ap_fixed<16,6,AP_RND,AP_SAT>",False,True,1000.0,0.0011444091796875,-2.9414186668525066,1.0,0.10000000149011612,0.4284692108631134,0.0,2.564910888671875,2.564910888671875,2.4862441825344406,2.4862441825344406,0.15868787871817103,0.15868787871817103,0.15868787871817103,0.15868787871817103,0.9887385273050369,0.9988738527137228,0.15868787871817092,0.15868787871817092,1.0,0.0,0.0,1.0,1.0
0.07286181745132274,1.5157165665103982,gt-order-1,"ap_fixed<16,6,AP_RND,AP_SAT>",False,True,1000.0,0.0008697509765625,-3.0606050744518756,1.0,0.10000000149011612,0.4359119236469269,0.0,2.5532631874084473,2.5532631874084473,2.48624418253444,2.48624418253444,0.1811522772459672,0.1811522772459672,0.1811522772459672,0.1811522772459672,0.9871443147371138,0.9987144314545549,0.18115227724596702,0.18115227724596702,1.0,0.0,0.0,1.0,1.0
0.08317637711026708,1.5157165665103982,gt-order-1,"ap_fixed<16,6,AP_RND,AP_SAT>",False,True,1000.0,0.0005950927734375,-3.225415322867407,1.0,0.10000000149011612,0.408399373292923,0.0,2.512472152709961,2.512472152709961,2.4862441825344406,2.4862441825344406,0.2067967770643813,0.2067967770643813,0.2067967770643813,0.2067967770643813,0.9853244225259767,0.9985324422307295,0.20679677706438113,0.20679677706438113,1.0,0.0,0.0,1.0,1.0
0.09495109992021983,1.5157165665103982,gt-order-1,"ap_fixed<16,6,AP_RND,AP_SAT>",False,True,1000.0,0.0004730224609375,-3.3251182358713,1.0,0.10000000149011612,0.4191220998764038,0.0,2.513648748397827,2.513648748397827,2.48624418253444,2.48624418253444,0.23607162160996342,0.23607162160996342,0.23607162160996342,0.23607162160996342,0.9832468986144945,0.9983246898364854,0.23607162160996334,0.23607162160996334,1.0,0.0,0.0,1.0,1.0
0.10839269140212034,1.5157165665103982,gt-order-1,"ap_fixed<16,6,AP_RND,AP_SAT>",False,True,1000.0,0.000335693359375,-3.474057248507769,1.0,0.10000000149011612,0.3864049017429352,0.0,2.5109939575195312,2.5109939575195312,2.4862441825344406,2.4862441825344406,0.269490702654983,0.269490702654983,0.269490702654983,0.269490702654983,0.9808752740662349,0.9980875273781254,0.26949070265498276,0.26949070265498276,1.0,0.0,0.0,1.0,1.0
0.12373711899353519,1.5157165665103982,gt-order-1,"ap_fixed<16,6,AP_RND,AP_SAT>",False,True,1000.0,0.000274658203125,-3.561207423939175,1.0,0.10000000149011612,0.43316274881362915,0.0,2.5008058547973633,2.5008058547973633,2.4862441825344406,2.4862441825344406,0.3076406926210222,0.3076406926210222,0.3076406926210222,0.3076406926210222,0.9781679149800461,0.9978167914654719,0.30764069262102195,0.30764069262102195,1.0,0.0,0.0,1.0,1.0
0.1412537544622754,1.5157165665103982,gt-order-1,"ap_fixed<16,6,AP_RND,AP_SAT>",False,True,1000.0,0.000213623046875,-3.6703518929124668,1.0,0.10000000149011612,0.3733665347099304,0.0,2.5011422634124756,2.5011422634124756,2.48624418253444,2.48624418253444,0.35119132537825615,0.35119132537825615,0.35119132537825615,0.35119132537825615,0.9750772929009961,0.9975077292529618,0.35119132537825587,0.35119132537825587,1.0,0.0,0.0,1.0,1.0
0.16125010273377416,1.5157165665103982,gt-order-1,"ap_fixed<16,6,AP_RND,AP_SAT>",False,True,1000.0,0.0001678466796875,-3.7750872428780267,1.0,0.10000000149011612,0.4374088943004608,0.0,2.49626088142395,2.49626088142395,2.4862441825344406,2.4862441825344406,0.4009071219138198,0.4009071219138198,0.4009071219138198,0.4009071219138198,0.971549152694472,0.9971549152270522,0.40090712191381933,0.40090712191381933,1.0,0.0,0.0,1.0,1.0
0.18407720014689555,1.5157165665103982,gt-order-1,"ap_fixed<16,6,AP_RND,AP_SAT>",False,True,1000.0,0.0001068115234375,-3.9713818865434534,1.0,0.10000000149011612,0.45098763704299927,0.0,2.4892141819000244,2.4892141819000244,2.48624418253444,2.48624418253444,0.4576608757766282,0.4576608757766282,0.4576608757766282,0.4576608757766282,0.9675215555356632,0.9967521555051693,0.4576608757766278,0.4576608757766278,1.0,0.0,0.0,1.0,1.0
0.21013577690467466,1.5157165665103982,gt-order-1,"ap_fixed<16,6,AP_RND,AP_SAT>",False,True,1000.0,9.1552734375e-05,-4.038328675496402,1.0,0.10000000149011612,0.4625660479068756,0.0,2.4857559204101562,2.4857559204101562,2.4862441825344406,2.4862441825344406,0.5224488427267634,0.5224488427267634,0.5224488427267634,0.5224488427267634,0.9629238009581573,0.9962923800405679,0.5224488427267627,0.5224488427267627,1.0,0.0,0.0,1.0,1.0
0.239883291901949,1.5157165665103982,gt-order-1,"ap_fixed<16,6,AP_RND,AP_SAT>",False,True,1000.0,6.103515625e-05,-4.214419932180256,1.0,0.10000000149011612,0.4511292576789856,0.0,2.4833717346191406,2.4833717346191406,2.4862441825344406,2.4862441825344406,0.5964084311198186,0.5964084311198186,0.5964084311198186,0.5964084311198186,0.9576751714349262,0.9957675170804237,0.596408431119818,0.596408431119818,1.0,0.0,0.0,1.0,1.0
0.27384196342643613,1.5157165665103982,gt-order-1,"ap_fixed<16,6,AP_RND,AP_SAT>",False,True,1000.0,3.0517578125e-05,-4.515449920728757,1.0,0.10000000149011612,0.5231143832206726,0.0,2.4852054119110107,2.4852054119110107,2.4862441825344406,2.4862441825344406,0.6808380225469515,0.6808380225469515,0.6808380225469515,0.6808380225469515,0.9516835257831987,0.9951683525063226,0.680838022546951,0.680838022546951,1.0,0.0,0.0,1.0,1.0
0.3126079367123954,1.5157165665103982,gt-order-1,"ap_fixed<16,6,AP_RND,AP_SAT>",False,True,1000.0,1.52587890625e-05,-4.816479902161777,1.0,0.10000000149011612,0.5052911639213562,0.0,2.4805283546447754,2.4805283546447754,2.48624418253444,2.48624418253444,0.7772196822131119,0.7772196822131119,0.7772196822131119,0.7772196822131119,0.9448436874956544,0.9944843686673759,0.7772196822131111,0.7772196822131111,1.0,0.0,0.0,1.0,1.0
0.35686174928348097,1.5157165665103982,gt-order-1,"ap_fixed<16,6,AP_RND,AP_SAT>",False,True,1000.0,1.52587890625e-05,-4.816479902161777,1.0,0.10000000149011612,0.6099942922592163,0.0,2.479315757751465,2.479315757751465,2.48624418253444,2.48624418253444,0.8872454259161016,0.8872454259161016,0.8872454259161016,0.8872454259161016,0.9370355806732371,0.9937035579734993,0.8872454259161011,0.8872454259161011,1.0,0.0,0.0,1.0,1.0
0.4073802778041126,1.5157165665103982,gt-order-1,"ap_fixed<16,6,AP_RND,AP_SAT>",False,True,1000.0,1.52587890625e-05,-4.816479902161777,1.0,0.10000000149011612,0.5,0.0,2.4738428592681885,2.4738428592681885,2.48624418253444,2.48624418253444,1.0128468583868393,1.0128468583868393,1.0128468583868393,1.0128468583868393,0.9281221267053409,0.9928122125634279,1.0128468583868384,1.0128468583868384,1.0,0.0,0.0,1.0,1.0
0.46505037616660627,1.5157165665103982,gt-order-1,"ap_fixed<16,6,AP_RND,AP_SAT>",False,True,1000.0,1.52587890625e-05,-4.816479902161777,1.0,0.10000000149011612,0.5746957659721375,0.0,2.4722020626068115,2.4722020626068115,2.48624418253444,2.48624418253444,1.1562287757576362,1.1562287757576362,1.1562287757576362,1.1562287757576362,0.9179468596309701,0.9917946858408283,1.1562287757576357,1.1562287757576357,1.0,0.0,0.0,1.0,1.0
0.5308844442309882,1.5157165665103982,gt-order-1,"ap_fixed<16,6,AP_RND,AP_SAT>",False,True,1000.0,1.52587890625e-05,-4.816479902161777,1.0,0.10000000149011612,0.7071067690849304,0.0,2.471571922302246,2.471571922302246,2.48624418253444,2.48624418253444,1.319908362267196,1.319908362267196,1.319908362267196,1.319908362267196,0.9063311444982852,0.9906331143102509,1.3199083622671948,1.3199083622671948,1.0,0.0,0.0,1.0,1.0
0.606038200527066,1.5157165665103982,gt-order-1,"ap_fixed<16,6,AP_RND,AP_SAT>",False,True,1000.0,0.0,-12.0,1.0,0.10000000149011612,0.632455587387085,0.0,2.4713752269744873,2.4713752269744873,2.4862441825344406,2.4862441825344406,1.5067589809083572,1.5067589809083572,1.5067589809083572,1.5067589809083572,0.8930710697095766,0.989307106811621,1.5067589809083555,1.5067589809083555,1.0,0.0,0.0,1.0,1.0
0.6918309709189363,1.5157165665103982,gt-order-1,"ap_fixed<16,6,AP_RND,AP_SAT>",False,True,1000.0,0.0,-12.0,1.0,0.10000000149011612,0.5773502588272095,0.0,2.468972682952881,2.468972682952881,2.4862441825344406,2.4862441825344406,1.720060780894094,1.720060780894094,1.720060780894094,1.720060780894094,0.8779338556026816,0.9877933853783752,1.7200607808940924,1.7200607808940924,1.0,0.0,0.0,1.0,1.0
0.7897688493998856,1.5157165665103982,gt-order-1,"ap_fixed<16,6,AP_RND,AP_SAT>",False,True,1000.0,0.0,-12.0,1.0,0.10000000149011612,0.7302967309951782,0.0,2.469369888305664,2.469369888305664,2.48624418253444,2.48624418253444,1.9635582701334824,1.9635582701334824,1.9635582701334824,1.9635582701334824,0.9635582701334822,0.9860653766675823,1.9635582701334804,1.9635582701334804,1.0,0.0,0.0,1.0,1.0
0.9015711376059565,1.5157165665103982,gt-order-1,"ap_fixed<16,6,AP_RND,AP_SAT>",False,True,1000.0,0.0,-12.0,1.0,0.10000000149011612,0.670820415019989,0.0,2.4682042598724365,2.4682042598724365,2.48624418253444,2.48624418253444,2.2415260382512385,2.2415260382512385,2.2415260382512385,2.2415260382512385,1.2415260382512383,1.2415260382512383,2.2415260382512368,2.2415260382512368,1.0,0.0,0.0,1.0,1.0
1.0292005271944276,1.5157165665103982,gt-order-1,"ap_fixed<16,6,AP_RND,AP_SAT>",False,True,1000.0,0.0,-12.0,0.7128967642784119,0.10000000149011612,0.5303300619125366,0.0,2.499999761581421,2.499999761581421,2.48624418253444,2.48624418253444,2.5588438897802877,2.558843889780286,2.5588438897802877,2.558843889780286,1.5588438897802874,1.5588438897802863,2.558843889780285,1.8241915293179505,1.0,0.0,0.0,1.0,1.0
1.174897554939529,1.5157165665103982,gt-order-1,"ap_fixed<16,6,AP_RND,AP_SAT>",False,True,1000.0,0.0,-12.0,0.7919111251831055,0.10000000149011612,0.5897678732872009,0.0,2.499999761581421,2.499999761581421,2.48624418253444,2.48624418253444,2.92108220258173,2.9210822025817285,2.92108220258173,2.9210822025817285,1.92108220258173,1.921082202581729,2.9210822025817285,2.3132374937988405,1.0,0.0,0.0,1.0,1.0
1.3412199354053709,1.5157165665103982,gt-order-1,"ap_fixed<16,6,AP_RND,AP_SAT>",False,True,1000.0,0.0,-12.0,0.6918967962265015,0.10000000149011612,0.5897678136825562,0.0,2.499999761581421,2.499999761581421,2.4862441825344406,2.4862441825344406,3.3346001789428175,3.209279698463405,3.3346001789428175,3.209279698463405,2.334600178942818,2.2092796984634027,3.3346001789428152,2.3071991805068524,1.0,0.0,0.0,1.0,1.0
1.5310874616820287,1.5157165665103982,gt-order-1,"ap_fixed<16,6,AP_RND,AP_SAT>",False,True,1000.0,0.0,-12.0,0.6531307697296143,0.10000000149011612,0.5547001957893372,0.0,2.5647854804992676,2.5647854804992676,2.48624418253444,2.48624418253444,3.80665743392805,3.244289521223237,3.80665743392805,3.244289521223237,2.80665743392805,2.2442895212232377,3.8066574339280486,2.4862450999183845,1.0,0.0,0.0,1.0,1.0
1.7478332624182173,1.5157165665103982,gt-order-1,"ap_fixed<16,6,AP_RND,AP_SAT>",False,True,1000.0,0.0,-12.0,0.4697219431400299,0.10000000149011612,0.6030226945877075,0.0,2.499999761581421,2.499999761581421,2.4862441825344406,2.4862441825344406,4.34554025470871,3.4394260935933256,4.34554025470871,3.4394260935933256,3.345540254708709,2.4394260935933225,4.345540254708707,2.0411956124349944,1.0,0.0,0.0,1.0,1.0
1.9952623149688795,1.5157165665103982,gt-order-1,"ap_fixed<16,6,AP_RND,AP_SAT>",False,True,1000.0,0.0,-12.0,0.41021889448165894,0.10000000149011612,0.6030226945877075,0.0,2.499999761581421,2.499999761581421,2.48624418253444,2.48624418253444,4.960709199497374,3.7119130851274558,4.960709199497374,3.7119130851274558,3.9607091994973724,2.711913085127454,4.960709199497369,2.034976643662806,1.0,0.0,0.0,1.0,1.0
0.01,1.5691681957935015,gt-order-1,"ap_fixed<16,6,AP_RND,AP_SAT>",False,True,1000.0,0.041778564453125,-1.3790464868153327,1.0,0.10000000149011612,0.4044078588485718,0.0,2.773621082305908,2.773621082305908,2.664690531463651,2.664690531463651,0.026646904719031764,0.026646904719031764,0.026646904719031764,0.026646904719031764,0.998108970944429,0.9998108970916249,0.026646904719031746,0.026646904719031746,1.0,0.0,0.0,1.0,1.0
0.011415633046188459,1.5691681957935015,gt-order-1,"ap_fixed<16,6,AP_RND,AP_SAT>",False,True,1000.0,0.033294677734375,-1.4776251843583321,1.0,0.10000000149011612,0.389425665140152,0.0,2.7080414295196533,2.7080414295196533,2.664690531463653,2.664690531463653,0.03041913015959359,0.03041913015959359,0.03041913015959359,0.03041913015959359,0.9978412705121467,0.999784127047998,0.030419130159593542,0.030419130159593542,1.0,0.0,0.0,1.0,1.0
0.013031667784522994,1.5691681957935015,gt-order-1,"ap_fixed<16,6,AP_RND,AP_SAT>",False,True,1000.0,0.0266265869140625,-1.5746844993121898,1.0,0.10000000149011612,0.38732853531837463,0.0,2.7080414295196533,2.7080414295196533,2.6646905314636515,2.6646905314636515,0.03472536240798726,0.03472536240798726,0.03472536240798726,0.03472536240798726,0.9975356736562411,0.9997535673619519,0.03472536240798723,0.03472536240798723,1.0,0.0,0.0,1.0,1.0
0.014876473740795015,1.5691681957935015,gt-order-1,"ap_fixed<16,6,AP_RND,AP_SAT>",False,True,1000.0,0.020599365234375,-1.6861461621076101,1.0,0.10000000149011612,0.37717434763908386,0.0,2.798818588256836,2.798818588256836,2.6646905314636515,2.6646905314636515,0.0396411985967405,0.0396411985967405,0.0396411985967405,0.0396411985967405,0.9971868155369443,0.9997186815495024,0.03964119859674048,0.03964119859674048,1.0,0.0,0.0,1.0,1.0
0.016982436524617443,1.5691681957935015,gt-order-1,"ap_fixed<16,6,AP_RND,AP_SAT>",False,True,1000.0,0.0158233642578125,-1.8007011742072119,1.0,0.10000000149011612,0.3816867768764496,0.0,2.8305084705352783,2.8305084705352783,2.6646905314636515,2.6646905314636515,0.045252936890337506,0.045252936890337506,0.045252936890337506,0.045252936890337506,0.996788571903121,0.9996788571855267,0.045252936890337436,0.045252936890337436,1.0,0.0,0.0,1.0,1.0
0.019386526359522076,1.5691681957935015,gt-order-1,"ap_fixed<16,6,AP_RND,AP_SAT>",False,True,1000.0,0.011962890625,-1.9221638679029571,1.0,0.10000000149011612,0.3815108835697174,0.0,2.8490891456604004,2.8490891456604004,2.664690531463651,2.664690531463651,0.05165909279563768,0.05165909279563768,0.05165909279563768,0.05165909279563768,0.9963339514855085,0.999633395143088,0.05165909279563765,0.05165909279563765,1.0,0.0,0.0,1.0,1.0
0.022130947096056376,1.5691681957935015,gt-order-1,"ap_fixed<16,6,AP_RND,AP_SAT>",False,True,1000.0,0.0093231201171875,-2.0304387203345624,1.0,0.10000000149011612,0.38733363151550293,0.0,2.7525012493133545,2.7525012493133545,2.664690531463651,2.664690531463651,0.058972126415642305,0.058972126415642305,0.058972126415642305,0.058972126415642305,0.9958149734201153,0.9995814973357754,0.058972126415642284,0.058972126415642284,1.0,0.0,0.0,1.0,1.0
0.025263877101318954,1.5691681957935015,gt-order-1,"ap_fixed<16,6,AP_RND,AP_SAT>",False,True,1000.0,0.007293701171875,-2.1370520339520365,1.0,0.10000000149011612,0.39061394333839417,0.0,2.7988533973693848,2.7988533973693848,2.6646905314636515,2.6646905314636515,0.06732041539021932,0.06732041539021932,0.06732041539021932,0.06732041539021932,0.9952225272361517,0.999522252716496,0.06732041539021928,0.06732041539021928,1.0,0.0,0.0,1.0,1.0
0.028840315031266057,1.5691681957935015,gt-order-1,"ap_fixed<16,6,AP_RND,AP_SAT>",False,True,1000.0,0.0054168701171875,-2.2662515774884304,1.0,0.10000000149011612,0.3856665790081024,0.0,2.7665584087371826,2.7665584087371826,2.6646905314636515,2.6646905314636515,0.07685051323076945,0.07685051323076945,0.07685051323076945,0.07685051323076945,0.9945462125906445,0.9994546212509375,0.07685051323076944,0.07685051323076944,1.0,0.0,0.0,1.0,1.0
0.03292304533334065,1.5691681957935015,gt-order-1,"ap_fixed<16,6,AP_RND,AP_SAT>",False,True,1000.0,0.0040283203125,-2.3948760036460577,1.0,0.10000000149011612,0.38672664761543274,0.0,2.7645692825317383,2.7645692825317383,2.6646905314636515,2.6646905314636515,0.08772973027413049,0.08772973027413049,0.08772973027413049,0.08772973027413049,0.9937741561079951,0.9993774156015222,0.08772973027413046,0.08772973027413046,1.0,0.0,0.0,1.0,1.0
0.037583740428844416,1.5691681957935015,gt-order-1,"ap_fixed<16,6,AP_RND,AP_SAT>",False,True,1000.0,0.0030364990234375,-2.5176268540709676,1.0,0.10000000149011612,0.39602670073509216,0.0,2.7645692825317383,2.7645692825317383,2.6646905314636515,2.6646905314636515,0.10014904221909221,0.10014904221909221,0.10014904221909221,0.10014904221909221,0.9928928049722532,0.9992892804866346,0.10014904221909213,0.10014904221909213,1.0,0.0,0.0,1.0,1.0
0.04290421892388853,1.5691681957935015,gt-order-1,"ap_fixed<16,6,AP_RND,AP_SAT>",False,True,1000.0,0.0022735595703125,-2.6432936620204055,1.0,0.10000000149011612,0.3728632628917694,0.0,2.7343335151672363,2.7343335151672363,2.664690531463651,2.664690531463651,0.1143264701833364,0.1143264701833364,0.1143264701833364,0.1143264701833364,0.9918866870573829,0.9991886686936486,0.11432647018333632,0.11432647018333632,1.0,0.0,0.0,1.0,1.0
0.04897788193684462,1.5691681957935015,gt-order-1,"ap_fixed<16,6,AP_RND,AP_SAT>",False,True,1000.0,0.0017547607421875,-2.7557820900225924,1.0,0.10000000149011612,0.36780548095703125,0.0,2.7287380695343018,2.7287380695343018,2.6646905314636515,2.6646905314636515,0.13051089753719125,0.13051089753719125,0.13051089753719125,0.13051089753719125,0.9907381400611508,0.9990738139923139,0.13051089753719114,0.13051089753719114,1.0,0.0,0.0,1.0,1.0
0.05591135275705602,1.5691681957935015,gt-order-1,"ap_fixed<16,6,AP_RND,AP_SAT>",False,True,1000.0,0.0013427734375,-2.8719972581500994,1.0,0.10000000149011612,0.38101834058761597,0.0,2.6834559440612793,2.6834559440612793,2.664690531463651,2.664690531463651,0.14898644759852256,0.14898644759852256,0.14898644759852256,0.14898644759852256,0.9894270008368383,0.9989427000679287,0.14898644759852245,0.14898644759852245,1.0,0.0,0.0,1.0,1.0
0.06382634861905485,1.5691681957935015,gt-order-1,"ap_fixed<16,6,AP_RND,AP_SAT>",False,True,1000.0,0.001007080078125,-2.996935994650589,1.0,0.10000000149011612,0.386872261762619,0.0,2.712078094482422,2.712078094482422,2.6646905314636515,2.6646905314636515,0.17007745693237236,0.17007745693237236,0.17007745693237236,0.17007745693237236,0.9879302524571606,0.9987930252277307,0.17007745693237222,0.17007745693237222,1.0,0.0,0.0,1.0,1.0
0.07286181745132274,1.5691681957935015,gt-order-1,"ap_fixed<16,6,AP_RND,AP_SAT>",False,True,1000.0,0.0007476806640625,-3.12628385001433,1.0,0.10000000149011612,0.37467488646507263,0.0,2.70143461227417,2.70143461227417,2.664690531463652,2.664690531463652,0.19415420308327677,0.19415420308327677,0.19415420308327677,0.19415420308327677,0.9862216177389803,0.9986221617533665,0.19415420308327658,0.19415420308327658,1.0,0.0,0.0,1.0,1.0
0.08317637711026708,1.5691681957935015,gt-order-1,"ap_fixed<16,6,AP_RND,AP_SAT>",False,True,1000.0,0.00054931640625,-3.260177429065803,1.0,0.10000000149011612,0.36933794617652893,0.0,2.692873954772949,2.692873954772949,2.664690531463652,2.664690531463652,0.22163929739955185,0.22163929739955185,0.22163929739955185,0.22163929739955185,0.9842711055689842,0.9984271105334603,0.22163929739955154,0.22163929739955154,1.0,0.0,0.0,1.0,1.0
0.09495109992021983,1.5691681957935015,gt-order-1,"ap_fixed<16,6,AP_RND,AP_SAT>",False,True,1000.0,0.000396728515625,-3.4015065815581917,1.0,0.10000000149011612,0.39517271518707275,0.0,2.6966938972473145,2.6966938972473145,2.6646905314636515,2.6646905314636515,0.25301529884731083,0.25301529884731083,0.25301529884731083,0.25301529884731083,0.9820444705803812,0.9982044470312821,0.25301529884731067,0.25301529884731067,1.0,0.0,0.0,1.0,1.0
0.10839269140212034,1.5691681957935015,gt-order-1,"ap_fixed<16,6,AP_RND,AP_SAT>",False,True,1000.0,0.00030517578125,-3.5154499335366216,1.0,0.10000000149011612,0.3904748260974884,0.0,2.684739112854004,2.684739112854004,2.664690531463651,2.664690531463651,0.2888329829897035,0.2888329829897035,0.2888329829897035,0.2888329829897035,0.979502626335028,0.9979502626029592,0.2888329829897033,0.2888329829897033,1.0,0.0,0.0,1.0,1.0
0.12373711899353519,1.5691681957935015,gt-order-1,"ap_fixed<16,6,AP_RND,AP_SAT>",False,True,1000.0,0.000244140625,-3.612359946188904,1.0,0.10000000149011612,0.4101449251174927,0.0,2.667759656906128,2.667759656906128,2.664690531463651,2.664690531463651,0.32972112975826,0.32972112975826,0.32972112975826,0.32972112975826,0.9766009507226787,0.9976600950374004,0.3297211297582598,0.3297211297582598,1.0,0.0,0.0,1.0,1.0
0.1412537544622754,1.5691681957935015,gt-order-1,"ap_fixed<16,6,AP_RND,AP_SAT>",False,True,1000.0,0.00018310546875,-3.7372986822042473,1.0,0.10000000149011612,0.39741307497024536,0.0,2.6627655029296875,2.6627655029296875,2.6646905314636515,2.6646905314636515,0.376397542140713,0.376397542140713,0.376397542140713,0.376397542140713,0.9732885040067938,0.9973288503608762,0.37639754214071275,0.37639754214071275,1.0,0.0,0.0,1.0,1.0
0.16125010273377416,1.5691681957935015,gt-order-1,"ap_fixed<16,6,AP_RND,AP_SAT>",False,True,1000.0,0.0001220703125,-3.913389940074015,1.0,0.10000000149011612,0.4222203493118286,0.0,2.6685526371002197,2.6685526371002197,2.664690531463652,2.664690531463652,0.42968161344116124,0.42968161344116124,0.42968161344116124,0.42968161344116124,0.9695071369740846,0.9969507136519704,0.42968161344116085,0.42968161344116085,1.0,0.0,0.0,1.0,1.0
0.18407720014689555,1.5691681957935015,gt-order-1,"ap_fixed<16,6,AP_RND,AP_SAT>",False,True,1000.0,0.0001068115234375,-3.9713818865434534,1.0,0.10000000149011612,0.40436801314353943,0.0,2.669351577758789,2.669351577758789,2.664690531463651,2.664690531463651,0.4905087806219332,0.4905087806219332,0.4905087806219332,0.4905087806219332,0.9651904652360426,0.9965190464717342,0.49050878062193287,0.49050878062193287,1.0,0.0,0.0,1.0,1.0
0.21013577690467466,1.5691681957935015,gt-order-1,"ap_fixed<16,6,AP_RND,AP_SAT>",False,True,1000.0,7.62939453125e-05,-4.117509920595296,1.0,0.10000000149011612,0.4694685637950897,0.0,2.662675380706787,2.662675380706787,2.664690531463652,2.664690531463652,0.5599468041666756,0.5599468041666756,0.5599468041666756,0.5599468041666756,0.9602627139092335,0.99602627133171,0.5599468041666751,0.5599468041666751,1.0,0.0,0.0,1.0,1.0
0.239883291901949,1.5691681957935015,gt-order-1,"ap_fixed<16,6,AP_RND,AP_SAT>",False,True,1000.0,4.57763671875e-05,-4.339358666416729,1.0,0.10000000149011612,0.46979615092277527,0.0,2.6541335582733154,2.6541335582733154,2.6646905314636515,2.6646905314636515,0.6392147281648016,0.6392147281648016,0.6392147281648016,0.6392147281648016,0.9546373720905184,0.9954637371414562,0.639214728164801,0.639214728164801,1.0,0.0,0.0,1.0,1.0
0.27384196342643613,1.5691681957935015,gt-order-1,"ap_fixed<16,6,AP_RND,AP_SAT>",False,True,1000.0,3.0517578125e-05,-4.515449920728757,1.0,0.10000000149011612,0.5203059315681458,0.0,2.6558659076690674,2.6558659076690674,2.6646905314636515,2.6646905314636515,0.7297041235474732,0.7297041235474732,0.7297041235474732,0.7297041235474732,0.9482156853057297,0.9948215684534084,0.7297041235474724,0.7297041235474724,1.0,0.0,0.0,1.0,1.0
0.3126079367123954,1.5691681957935015,gt-order-1,"ap_fixed<16,6,AP_RND,AP_SAT>",False,True,1000.0,1.52587890625e-05,-4.816479902161777,1.0,0.10000000149011612,0.5468687415122986,0.0,2.653981924057007,2.653981924057007,2.6646905314636515,2.6646905314636515,0.8330034284682649,0.8330034284682649,0.8330034284682649,0.8330034284682649,0.9408849281658194,0.9940884927284934,0.8330034284682643,0.8330034284682643,1.0,0.0,0.0,1.0,1.0
0.35686174928348097,1.5691681957935015,gt-order-1,"ap_fixed<16,6,AP_RND,AP_SAT>",False,True,1000.0,1.52587890625e-05,-4.816479902161777,1.0,0.10000000149011612,0.5324139595031738,0.0,2.6531288623809814,2.6531288623809814,2.6646905314636515,2.6646905314636515,0.9509261005542125,0.9509261005542125,0.9509261005542125,0.9509261005542125,0.9325164065091226,0.9932516405503539,0.9509261005542116,0.9509261005542116,1.0,0.0,0.0,1.0,1.0
0.4073802778041126,1.5691681957935015,gt-order-1,"ap_fixed<16,6,AP_RND,AP_SAT>",False,True,1000.0,1.52587890625e-05,-4.816479902161777,1.0,0.10000000149011612,0.5644325017929077,0.0,2.645949363708496,2.645949363708496,2.664690531463651,2.664690531463651,1.0855423824923238,1.0855423824923238,1.0855423824923238,1.0855423824923238,0.9229632031190061,0.9922963201971067,1.0855423824923234,1.0855423824923234,1.0,0.0,0.0,1.0,1.0
0.46505037616660627,1.5691681957935015,gt-order-1,"ap_fixed<16,6,AP_RND,AP_SAT>",False,True,1000.0,1.52587890625e-05,-4.816479902161777,1.0,0.10000000149011612,0.6363636255264282,0.0,2.6527252197265625,2.6527252197265625,2.6646905314636515,2.6646905314636515,1.2392153162632906,1.2392153162632906,1.2392153162632906,1.2392153162632906,0.9120576219312498,0.9912057620620807,1.2392153162632895,1.2392153162632895,1.0,0.0,0.0,1.0,1.0
0.5308844442309882,1.5691681957935015,gt-order-1,"ap_fixed<16,6,AP_RND,AP_SAT>",False,True,1000.0,1.52587890625e-05,-4.816479902161777,1.0,0.10000000149011612,0.5163977742195129,0.0,2.64660382270813,2.64660382270813,2.664690531463651,2.664690531463651,1.4146427531296482,1.4146427531296482,1.4146427531296482,1.4146427531296482,0.8996082067456361,0.9899608205249683,1.4146427531296473,1.4146427531296473,1.0,0.0,0.0,1.0,1.0
0.606038200527066,1.5691681957935015,gt-order-1,"ap_fixed<16,6,AP_RND,AP_SAT>",False,True,1000.0,0.0,-12.0,1.0,0.10000000149011612,0.6246950626373291,0.0,2.6453371047973633,2.6453371047973633,2.6646905314636515,2.6646905314636515,1.6149042872898516,1.6149042872898516,1.6149042872898516,1.6149042872898516,0.8853964105237738,0.9885396408816048,1.6149042872898502,1.6149042872898502,1.0,0.0,0.0,1.0,1.0
0.6918309709189363,1.5691681957935015,gt-order-1,"ap_fixed<16,6,AP_RND,AP_SAT>",False,True,1000.0,0.0,-12.0,1.0,0.10000000149011612,0.632455587387085,0.0,2.6448962688446045,2.6448962688446045,2.6646905314636515,2.6646905314636515,1.843515495617243,1.843515495617243,1.843515495617243,1.843515495617243,0.8691727462019797,0.98691727442525,1.843515495617242,1.843515495617242,1.0,0.0,0.0,1.0,1.0
0.7897688493998856,1.5691681957935015,gt-order-1,"ap_fixed<16,6,AP_RND,AP_SAT>",False,True,1000.0,0.0,-12.0,1.0,0.10000000149011612,0.6963106393814087,0.0,2.643235206604004,2.643235206604004,2.6646905314636515,2.6646905314636515,2.104489642311856,2.104489642311856,2.104489642311856,2.104489642311856,1.104489642311855,1.104489642311855,2.104489642311855,2.104489642311855,1.0,0.0,0.0,1.0,1.0
0.9015711376059565,1.5691681957935015,gt-order-1,"ap_fixed<16,6,AP_RND,AP_SAT>",False,True,1000.0,0.0,-12.0,1.0,0.10000000149011612,0.6546536684036255,0.0,2.644007921218872,2.644007921218872,2.664690531463651,2.664690531463651,2.402408119088506,2.402408119088506,2.402408119088506,2.402408119088506,1.4024081190885063,1.4024081190885063,2.4024081190885034,2.4024081190885034,1.0,0.0,0.0,1.0,1.0
1.0292005271944276,1.5691681957935015,gt-order-1,"ap_fixed<16,6,AP_RND,AP_SAT>",False,True,1000.0,0.0,-12.0,0.40147313475608826,0.10000000149011612,0.4285714328289032,0.0,2.749999761581421,2.749999761581421,2.6646905314636515,2.6646905314636515,2.7425009709386017,2.7425009709385995,2.7425009709386017,2.7425009709385995,1.742500970938601,1.7425009709385988,2.7425009709385995,1.1010404618743352,1.0,0.0,0.0,1.0,1.0
1.174897554939529,1.5691681957935015,gt-order-1,"ap_fixed<16,6,AP_RND,AP_SAT>",False,True,1000.0,0.0,-12.0,0.6981058716773987,0.10000000149011612,0.5698029398918152,0.0,2.6480140686035156,2.6480140686035156,2.664690531463651,2.664690531463651,3.130738381019299,3.1307383810192975,3.130738381019299,3.1307383810192975,2.1307383810192984,2.130738381019297,3.130738381019297,2.1855868464753643,1.0,0.0,0.0,1.0,1.0
1.3412199354053709,1.5691681957935015,gt-order-1,"ap_fixed<16,6,AP_RND,AP_SAT>",False,True,1000.0,0.0,-12.0,0.3981037139892578,0.10000000149011612,0.6963106393814087,0.0,2.653679132461548,2.653679132461548,2.664690531463652,2.664690531463652,3.573935973572796,3.3477053520003994,3.573935973572796,3.3477053520003994,2.5739359735727945,2.3477053520003963,3.5739359735727914,1.4227971846391423,1.0,0.0,0.0,1.0,1.0
1.5310874616820287,1.5691681957935015,gt-order-1,"ap_fixed<16,6,AP_RND,AP_SAT>",False,True,1000.0,0.0,-12.0,0.3095369338989258,0.10000000149011612,0.6963106393814087,0.0,2.648226261138916,2.648226261138916,2.6646905314636515,2.6646905314636515,4.079874411359547,3.4400531890543586,4.079874411359547,3.4400531890543586,3.0798744113595453,2.440053189054356,4.079874411359544,1.2628718159849177,1.0,0.0,0.0,1.0,1.0
1.7478332624182173,1.5691681957935015,gt-order-1,"ap_fixed<16,6,AP_RND,AP_SAT>",False,True,1000.0,0.0,-12.0,0.30807825922966003,0.10000000149011612,0.5698028802871704,0.0,2.654691219329834,2.654691219329834,2.6646905314636515,2.6646905314636515,4.657434717056815,3.693266533324452,4.657434717056815,3.693266533324452,3.657434717056814,2.693266533324452,4.657434717056812,1.4348543801066467,1.0,0.0,0.0,1.0,1.0
1.9952623149688795,1.5691681957935015,gt-order-1,"ap_fixed<16,6,AP_RND,AP_SAT>",False,True,1000.0,0.0,-12.0,0.23249778151512146,0.10000000149011612,0.452267050743103,0.0,2.6896791458129883,2.6896791458129883,2.6646905314636515,2.6646905314636515,5.316756465879502,3.8551131448798093,5.316756465879502,3.8551131448798093,4.316756465879503,2.8551131448798093,5.3167564658794975,1.2361340831731609,1.0,0.0,0.0,1.0,1.0
0.01,1.6245047927124712,gt-order-1,"ap_fixed<16,6,AP_RND,AP_SAT>",False,True,1000.0,0.038909912109375,-1.4099397501785824,1.0,0.10000000149011612,0.40506651997566223,0.0,3.250257968902588,3.250257968902588,2.8559445978105256,2.8559445978105256,0.028559445339751893,0.028559445339751893,0.028559445339751893,0.028559445339751893,0.9979732452379177,0.9997973245207719,0.028559445339751875,0.028559445339751875,1.0,0.0,0.0,1.0,1.0
0.011415633046188459,1.6245047927124712,gt-order-1,"ap_fixed<16,6,AP_RND,AP_SAT>",False,True,1000.0,0.0308685302734375,-1.5104840478388253,1.0,0.10000000149011612,0.3886554539203644,0.0,3.0413408279418945,3.0413408279418945,2.8559445978105256,2.8559445978105256,0.03260241646209773,0.03260241646209773,0.03260241646209773,0.03260241646209773,0.9976863310182017,0.9997686330983722,0.03260241646209771,0.03260241646209771,1.0,0.0,0.0,1.0,1.0
0.013031667784522994,1.6245047927124712,gt-order-1,"ap_fixed<16,6,AP_RND,AP_SAT>",False,True,1000.0,0.024749755859375,-1.6064290807310144,1.0,0.10000000149011612,0.38194990158081055,0.0,3.0413408279418945,3.0413408279418945,2.8559445978105256,2.8559445978105256,0.03721772190995482,0.03721772190995482,0.03721772190995482,0.03721772190995482,0.9973588004172522,0.9997358800377898,0.03721772190995479,0.03721772190995479,1.0,0.0,0.0,1.0,1.0
0.014876473740795015,1.6245047927124712,gt-order-1,"ap_fixed<16,6,AP_RND,AP_SAT>",False,True,1000.0,0.0194091796875,-1.7119928192889284,1.0,0.10000000149011612,0.36887937784194946,0.0,3.0413408279418945,3.0413408279418945,2.8559445978105256,2.8559445978105256,0.042486384683819156,0.042486384683819156,0.042486384683819156,0.042486384683819156,0.9969849035421657,0.9996984903497237,0.04248638468381913,0.04248638468381913,1.0,0.0,0.0,1.0,1.0
0.016982436524617443,1.6245047927124712,gt-order-1,"ap_fixed<16,6,AP_RND,AP_SAT>",False,True,1000.0,0.014984130859375,-1.8243684428077658,1.0,0.10000000149011612,0.3780422806739807,0.0,3.0768494606018066,3.0768494606018066,2.855944597810526,2.855944597810526,0.04850089686626073,0.04850089686626073,0.04850089686626073,0.04850089686626073,0.996558076583086,0.99965580765318,0.0485008968662607,0.0485008968662607,1.0,0.0,0.0,1.0,1.0
0.019386526359522076,1.6245047927124712,gt-order-1,"ap_fixed<16,6,AP_RND,AP_SAT>",False,True,1000.0,0.0113525390625,-1.9449069950395652,1.0,0.10000000149011612,0.38950926065444946,0.0,3.084643602371216,3.084643602371216,2.8559445978105256,2.8559445978105256,0.055366844763191446,0.055366844763191446,0.055366844763191446,0.055366844763191446,0.9960708264831359,0.9996070826424587,0.05536684476319141,0.05536684476319141,1.0,0.0,0.0,1.0,1.0
0.022130947096056376,1.6245047927124712,gt-order-1,"ap_fixed<16,6,AP_RND,AP_SAT>",False,True,1000.0,0.0090484619140625,-2.04342523721144,1.0,0.10000000149011612,0.387611448764801,0.0,3.084643602371216,3.084643602371216,2.8559445978105256,2.8559445978105256,0.0632047601286155,0.0632047601286155,0.0632047601286155,0.0632047601286155,0.9955145995640661,0.9995514599497228,0.06320476012861548,0.06320476012861548,1.0,0.0,0.0,1.0,1.0
0.025263877101318954,1.6245047927124712,gt-order-1,"ap_fixed<16,6,AP_RND,AP_SAT>",False,True,1000.0,0.0067596435546875,-2.1700762043363815,1.0,0.10000000149011612,0.3796270191669464,0.0,3.084643602371216,3.084643602371216,2.8559445978105256,2.8559445978105256,0.07215223471014164,0.07215223471014164,0.07215223471014164,0.07215223471014164,0.9948796314650364,0.9994879631388738,0.07215223471014154,0.07215223471014154,1.0,0.0,0.0,1.0,1.0
0.028840315031266057,1.6245047927124712,gt-order-1,"ap_fixed<16,6,AP_RND,AP_SAT>",False,True,1000.0,0.0051422119140625,-2.2888500296679037,1.0,0.10000000149011612,0.382892370223999,0.0,2.95149302482605,2.95149302482605,2.8559445978105256,2.8559445978105256,0.08236634067214804,0.08236634067214804,0.08236634067214804,0.08236634067214804,0.9941547753744281,0.9994154775287329,0.08236634067214797,0.08236634067214797,1.0,0.0,0.0,1.0,1.0
0.03292304533334065,1.6245047927124712,gt-order-1,"ap_fixed<16,6,AP_RND,AP_SAT>",False,True,1000.0,0.0037078857421875,-2.43087365690826,1.0,0.10000000149011612,0.3671302795410156,0.0,2.9878792762756348,2.9878792762756348,2.8559445978105256,2.8559445978105256,0.09402639679368531,0.09402639679368531,0.09402639679368531,0.09402639679368531,0.9933273057233427,0.999332730562391,0.09402639679368521,0.09402639679368521,1.0,0.0,0.0,1.0,1.0
0.037583740428844416,1.6245047927124712,gt-order-1,"ap_fixed<16,6,AP_RND,AP_SAT>",False,True,1000.0,0.00286865234375,-2.542322081208626,1.0,0.10000000149011612,0.3687575161457062,0.0,2.9568886756896973,2.9568886756896973,2.8559445978105256,2.8559445978105256,0.10733708576072831,0.10733708576072831,0.10733708576072831,0.10733708576072831,0.9923826969632769,0.9992382696849769,0.10733708576072826,0.10733708576072826,1.0,0.0,0.0,1.0,1.0
0.04290421892388853,1.6245047927124712,gt-order-1,"ap_fixed<16,6,AP_RND,AP_SAT>",False,True,1000.0,0.00213623046875,-2.670351894742162,1.0,0.10000000149011612,0.3778122365474701,0.0,2.9621658325195312,2.9621658325195312,2.8559445978105256,2.8559445978105256,0.12253207682150674,0.12253207682150674,0.12253207682150674,0.12253207682150674,0.9913043664801083,0.9991304366350534,0.12253207682150669,0.12253207682150669,1.0,0.0,0.0,1.0,1.0
0.04897788193684462,1.6245047927124712,gt-order-1,"ap_fixed<16,6,AP_RND,AP_SAT>",False,True,1000.0,0.0016326904296875,-2.7870961526724902,1.0,0.10000000149011612,0.3663255572319031,0.0,2.930748224258423,2.930748224258423,2.8559445978105256,2.8559445978105256,0.13987811656763444,0.13987811656763444,0.13987811656763444,0.13987811656763444,0.9900733842869841,0.9990073384139068,0.13987811656763438,0.13987811656763438,1.0,0.0,0.0,1.0,1.0
0.05591135275705602,1.6245047927124712,gt-order-1,"ap_fixed<16,6,AP_RND,AP_SAT>",False,True,1000.0,0.00128173828125,-2.892200644222985,1.0,0.10000000149011612,0.37242263555526733,0.0,2.9219677448272705,2.9219677448272705,2.8559445978105256,2.8559445978105256,0.15967972083132148,0.15967972083132148,0.15967972083132148,0.15967972083132148,0.9886681400582931,0.9988668139889435,0.15967972083132137,0.15967972083132137,1.0,0.0,0.0,1.0,1.0
0.06382634861905485,1.6245047927124712,gt-order-1,"ap_fixed<16,6,AP_RND,AP_SAT>",False,True,1000.0,0.0009307861328125,-3.031150095146343,1.0,0.10000000149011612,0.3657448887825012,0.0,2.8948757648468018,2.8948757648468018,2.8559445978105256,2.8559445978105256,0.18228450493594847,0.18228450493594847,0.18228450493594847,0.18228450493594847,0.9870639648621405,0.9987063964669377,0.18228450493594847,0.18228450493594847,1.0,0.0,0.0,1.0,1.0
0.07286181745132274,1.6245047927124712,gt-order-1,"ap_fixed<16,6,AP_RND,AP_SAT>",False,True,1000.0,0.000701904296875,-3.153722098323388,1.0,0.10000000149011612,0.3921067416667938,0.0,2.896498203277588,2.896498203277588,2.8559445978105256,2.8559445978105256,0.20808932252756632,0.20808932252756632,0.20808932252756632,0.20808932252756632,0.9852326955109221,0.9985232695290872,0.20808932252756604,0.20808932252756604,1.0,0.0,0.0,1.0,1.0
0.08317637711026708,1.6245047927124712,gt-order-1,"ap_fixed<16,6,AP_RND,AP_SAT>",False,True,1000.0,0.0005035400390625,-3.297965989883329,1.0,0.10000000149011612,0.3799706697463989,0.0,2.8862571716308594,2.8862571716308594,2.855944597810526,2.855944597810526,0.237547117234317,0.237547117234317,0.237547117234317,0.237547117234317,0.983142188325222,0.9983142188074021,0.23754711723431676,0.23754711723431676,1.0,0.0,0.0,1.0,1.0
0.09495109992021983,1.6245047927124712,gt-order-1,"ap_fixed<16,6,AP_RND,AP_SAT>",False,True,1000.0,0.0003662109375,-3.4362686877261797,1.0,0.10000000149011612,0.40663784742355347,0.0,2.8819029331207275,2.8819029331207275,2.8559445978105256,2.8559445978105256,0.2711750829502469,0.2711750829502469,0.2711750829502469,0.2711750829502469,0.9807557400296366,0.9980755739742874,0.2711750829502466,0.2711750829502466,1.0,0.0,0.0,1.0,1.0
0.10839269140212034,1.6245047927124712,gt-order-1,"ap_fixed<16,6,AP_RND,AP_SAT>",False,True,1000.0,0.0003204345703125,-3.49426063453445,1.0,0.10000000149011612,0.4116062819957733,0.0,2.8729302883148193,2.8729302883148193,2.8559445978105256,2.8559445978105256,0.3095635263078186,0.3095635263078186,0.3095635263078186,0.3095635263078186,0.9780314588169478,0.997803145848959,0.30956352630781836,0.30956352630781836,1.0,0.0,0.0,1.0,1.0
0.12373711899353519,1.6245047927124712,gt-order-1,"ap_fixed<16,6,AP_RND,AP_SAT>",False,True,1000.0,0.000244140625,-3.612359946188904,1.0,0.10000000149011612,0.42438197135925293,0.0,2.871000289916992,2.871000289916992,2.8559445978105256,2.8559445978105256,0.3533863569514962,0.3533863569514962,0.3533863569514962,0.3533863569514962,0.9749215198934704,0.997492151951977,0.35338635695149606,0.35338635695149606,1.0,0.0,0.0,1.0,1.0
0.1412537544622754,1.6245047927124712,gt-order-1,"ap_fixed<16,6,AP_RND,AP_SAT>",False,True,1000.0,0.00018310546875,-3.7372986822042473,1.0,0.10000000149011612,0.44892558455467224,0.0,2.8622829914093018,2.8622829914093018,2.8559445978105256,2.8559445978105256,0.4034128970749459,0.4034128970749459,0.4034128970749459,0.4034128970749459,0.9713713274013006,0.9971371326974702,0.40341289707494576,0.40341289707494576,1.0,0.0,0.0,1.0,1.0
0.16125010273377416,1.6245047927124712,gt-order-1,"ap_fixed<16,6,AP_RND,AP_SAT>",False,True,1000.0,0.0001373291015625,-3.8622374180219383,1.0,0.10000000149011612,0.415481835603714,0.0,2.868265151977539,2.868265151977539,2.8559445978105256,2.8559445978105256,0.46052135067697786,0.46052135067697786,0.46052135067697786,0.46052135067697786,0.9673185585566623,0.9967318558069669,0.4605213506769776,0.4605213506769776,1.0,0.0,0.0,1.0,1.0
0.18407720014689555,1.6245047927124712,gt-order-1,"ap_fixed<16,6,AP_RND,AP_SAT>",False,True,1000.0,9.1552734375e-05,-4.038328675496402,1.0,0.10000000149011612,0.4481481909751892,0.0,2.8583576679229736,2.8583576679229736,2.8559445978105256,2.8559445978105256,0.5257142942698025,0.5257142942698025,0.5257142942698025,0.5257142942698025,0.9626920643335048,0.9962692063777573,0.5257142942698022,0.5257142942698022,1.0,0.0,0.0,1.0,1.0
0.21013577690467466,1.6245047927124712,gt-order-1,"ap_fixed<16,6,AP_RND,AP_SAT>",False,True,1000.0,7.62939453125e-05,-4.117509920595296,1.0,0.10000000149011612,0.4323377013206482,0.0,2.8517396450042725,2.8517396450042725,2.8559445978105256,2.8559445978105256,0.6001361252042635,0.6001361252042635,0.6001361252042635,0.6001361252042635,0.9574106312224987,0.9957410630587866,0.6001361252042631,0.6001361252042631,1.0,0.0,0.0,1.0,1.0
0.239883291901949,1.6245047927124712,gt-order-1,"ap_fixed<16,6,AP_RND,AP_SAT>",False,True,1000.0,4.57763671875e-05,-4.339358666416729,1.0,0.10000000149011612,0.44038549065589905,0.0,2.848306894302368,2.848306894302368,2.8559445978105256,2.8559445978105256,0.6850933825852006,0.6850933825852006,0.6850933825852006,0.6850933825852006,0.9513815391332828,0.995138153840881,0.6850933825852003,0.6850933825852003,1.0,0.0,0.0,1.0,1.0
0.27384196342643613,1.6245047927124712,gt-order-1,"ap_fixed<16,6,AP_RND,AP_SAT>",False,True,1000.0,3.0517578125e-05,-4.515449920728757,1.0,0.10000000149011612,0.443606972694397,0.0,2.8476247787475586,2.8476247787475586,2.8559445978105256,2.8559445978105256,0.7820775152080348,0.7820775152080348,0.7820775152080348,0.7820775152080348,0.9444989456409577,0.9944498944813929,0.7820775152080343,0.7820775152080343,1.0,0.0,0.0,1.0,1.0
0.3126079367123954,1.6245047927124712,gt-order-1,"ap_fixed<16,6,AP_RND,AP_SAT>",False,True,1000.0,3.0517578125e-05,-4.515449920728757,1.0,0.10000000149011612,0.41702884435653687,0.0,2.84275221824646,2.84275221824646,2.8559445978105256,2.8559445978105256,0.8927909689328363,0.8927909689328363,0.8927909689328363,0.8927909689328363,0.9366420346647829,0.9936642033720675,0.8927909689328354,0.8927909689328354,1.0,0.0,0.0,1.0,1.0
0.35686174928348097,1.6245047927124712,gt-order-1,"ap_fixed<16,6,AP_RND,AP_SAT>",False,True,1000.0,1.52587890625e-05,-4.816479902161777,1.0,0.10000000149011612,0.4915391504764557,0.0,2.843834161758423,2.843834161758423,2.8559445978105256,2.8559445978105256,1.0191773595199105,1.0191773595199105,1.0191773595199105,1.0191773595199105,0.9276728752172688,0.992767287413951,1.0191773595199098,1.0191773595199098,1.0,0.0,0.0,1.0,1.0
0.4073802778041126,1.6245047927124712,gt-order-1,"ap_fixed<16,6,AP_RND,AP_SAT>",False,True,1000.0,1.52587890625e-05,-4.816479902161777,1.0,0.10000000149011612,0.46829289197921753,0.0,2.8422834873199463,2.8422834873199463,2.8559445978105256,2.8559445978105256,1.1634555181424489,1.1634555181424489,1.1634555181424489,1.1634555181424489,0.9174340053241712,0.991743400409384,1.1634555181424475,1.1634555181424475,1.0,0.0,0.0,1.0,1.0
0.46505037616660627,1.6245047927124712,gt-order-1,"ap_fixed<16,6,AP_RND,AP_SAT>",False,True,1000.0,1.52587890625e-05,-4.816479902161777,1.0,0.10000000149011612,0.5391638278961182,0.0,2.8423144817352295,2.8423144817352295,2.8559445978105256,2.8559445978105256,1.328158090486495,1.328158090486495,1.328158090486495,1.328158090486495,0.9057456927937829,0.9905745691389286,1.3281580904864938,1.3281580904864938,1.0,0.0,0.0,1.0,1.0
0.5308844442309882,1.6245047927124712,gt-order-1,"ap_fixed<16,6,AP_RND,AP_SAT>",False,True,1000.0,1.52587890625e-05,-4.816479902161777,1.0,0.10000000149011612,0.5360562801361084,0.0,2.838860273361206,2.838860273361206,2.8559445978105256,2.8559445978105256,1.5161765619414251,1.5161765619414251,1.5161765619414251,1.5161765619414251,0.8924027399511245,0.9892402738347799,1.5161765619414243,1.5161765619414243,1.0,0.0,0.0,1.0,1.0
0.606038200527066,1.6245047927124712,gt-order-1,"ap_fixed<16,6,AP_RND,AP_SAT>",False,True,1000.0,0.0,-12.0,1.0,0.10000000149011612,0.596284806728363,0.0,2.8384006023406982,2.8384006023406982,2.8559445978105256,2.8559445978105256,1.7308115598448888,1.7308115598448888,1.7308115598448888,1.7308115598448888,0.8771709138797351,0.9877170912049441,1.7308115598448877,1.7308115598448877,1.0,0.0,0.0,1.0,1.0
0.6918309709189363,1.6245047927124712,gt-order-1,"ap_fixed<16,6,AP_RND,AP_SAT>",False,True,1000.0,0.0,-12.0,1.0,0.10000000149011612,0.5144957900047302,0.0,2.8357818126678467,2.8357818126678467,2.8559445978105265,2.8559445978105265,1.9758309861956587,1.9758309861956587,1.9758309861956587,1.9758309861956587,0.9758309861956574,0.985978281887566,1.9758309861956567,1.9758309861956567,1.0,0.0,0.0,1.0,1.0
0.7897688493998856,1.6245047927124712,gt-order-1,"ap_fixed<16,6,AP_RND,AP_SAT>",False,True,1000.0,0.0,-12.0,1.0,0.10000000149011612,0.6000000238418579,0.0,2.8349547386169434,2.8349547386169434,2.8559445978105256,2.8559445978105256,2.2555361510619516,2.2555361510619516,2.2555361510619516,2.2555361510619516,1.255536151061951,1.255536151061951,2.255536151061949,2.255536151061949,1.0,0.0,0.0,1.0,1.0
0.9015711376059565,1.6245047927124712,gt-order-1,"ap_fixed<16,6,AP_RND,AP_SAT>",False,True,1000.0,0.0,-12.0,1.0,0.10000000149011612,0.49507373571395874,0.0,2.835332155227661,2.835332155227661,2.8559445978105256,2.8559445978105256,2.574837268505736,2.574837268505736,2.574837268505736,2.574837268505736,1.574837268505735,1.574837268505735,2.574837268505734,2.574837268505734,1.0,0.0,0.0,1.0,1.0
1.0292005271944276,1.6245047927124712,gt-order-1,"ap_fixed<16,6,AP_RND,AP_SAT>",False,True,1000.0,0.0,-12.0,0.9716282486915588,0.10000000149011612,0.7035975456237793,0.0,2.877715826034546,2.877715826034546,2.8559445978105256,2.8559445978105256,2.9393397619572927,2.939339761957292,2.9393397619572927,2.939339761957292,1.9393397619572923,1.9393397619572914,2.939339761957291,2.8559455452200257,1.0,0.0,0.0,1.0,1.0
1.174897554939529,1.6245047927124712,gt-order-1,"ap_fixed<16,6,AP_RND,AP_SAT>",False,True,1000.0,0.0,-12.0,0.8511383533477783,0.10000000149011612,0.4866642653942108,0.0,2.877715826034546,2.877715826034546,2.8559445978105256,2.8559445978105256,3.3554423152916524,3.320578324484019,3.3554423152916524,3.320578324484019,2.3554423152916524,2.3205783244840186,3.35544231529165,2.855945646990792,1.0,0.0,0.0,1.0,1.0
1.3412199354053709,1.6245047927124712,gt-order-1,"ap_fixed<16,6,AP_RND,AP_SAT>",False,True,1000.0,0.0,-12.0,0.7455901503562927,0.10000000149011612,0.5,0.0,2.850043773651123,2.850043773651123,2.8559445978105256,2.8559445978105256,3.8304497337030283,3.7739074344383092,3.8304497337030283,3.7739074344383092,2.830449733703027,2.7739074344383092,3.830449733703025,2.85594559288386,1.0,0.0,0.0,1.0,1.0
1.5310874616820287,1.6245047927124712,gt-order-1,"ap_fixed<16,6,AP_RND,AP_SAT>",False,True,1000.0,0.0,-12.0,0.6531307697296143,0.10000000149011612,0.5,0.0,2.8471193313598633,2.8471193313598633,2.855944597810525,2.855944597810525,4.372701125059945,3.7253570824696367,4.372701125059945,3.7253570824696367,3.3727011250599457,2.7253570824696367,4.372701125059945,2.8559456516079518,1.0,0.0,0.0,1.0,1.0
1.7478332624182173,1.6245047927124712,gt-order-1,"ap_fixed<16,6,AP_RND,AP_SAT>",False,True,1000.0,0.0,-12.0,0.572137176990509,0.10000000149011612,0.4472135901451111,0.0,2.840515375137329,2.840515375137329,2.8559445978105256,2.8559445978105256,4.9917149337891304,3.626847924519321,4.9917149337891304,3.626847924519321,3.9917149337891304,2.6268479245193186,4.991714933789125,2.8559456905594756,1.0,0.0,0.0,1.0,1.0
1.9952623149688795,1.6245047927124712,gt-order-1,"ap_fixed<16,6,AP_RND,AP_SAT>",False,True,1000.0,0.0,-12.0,0.5011874437332153,0.10000000149011612,0.5,0.0,2.835097312927246,2.835097312927246,2.8559445978105256,2.8559445978105256,5.698358487528506,3.7194446341238243,5.698358487528506,3.7194446341238243,4.698358487528507,2.719444634123823,5.698358487528503,2.8559457238398815,1.0,0.0,0.0,1.0,1.0
0.01,1.6817928305074292,gt-order-1,"ap_fixed<16,6,AP_RND,AP_SAT>",False,True,1000.0,0.035919189453125,-1.4446734721041923,1.0,0.10000000149011612,0.3995649814605713,0.0,3.3218469619750977,3.3218469619750977,3.060925633579148,3.060925633579148,0.030609255651621287,0.030609255651621287,0.030609255651621287,0.030609255651621287,0.9978277780195233,0.9997827777987156,0.030609255651621262,0.030609255651621262,1.0,0.0,0.0,1.0,1.0
0.011415633046188459,1.6817928305074292,gt-order-1,"ap_fixed<16,6,AP_RND,AP_SAT>",False,True,1000.0,0.02886962890625,-1.5395587985428818,1.0,0.10000000149011612,0.39732369780540466,0.0,3.3218469619750977,3.3218469619750977,3.060925633579148,3.060925633579148,0.034942404814842426,0.034942404814842426,0.034942404814842426,0.034942404814842426,0.9975202709711923,0.999752027093424,0.034942404814842405,0.034942404814842405,1.0,0.0,0.0,1.0,1.0
0.013031667784522994,1.6817928305074292,gt-order-1,"ap_fixed<16,6,AP_RND,AP_SAT>",False,True,1000.0,0.023040771484375,-1.6375029833116808,1.0,0.10000000149011612,0.3870265483856201,0.0,3.3218469619750977,3.3218469619750977,3.0609256335791475,3.0609256335791475,0.039888966720480805,0.039888966720480805,0.039888966720480805,0.039888966720480805,0.9971692323630827,0.9997169232320903,0.0398889667204808,0.0398889667204808,1.0,0.0,0.0,1.0,1.0
0.014876473740795015,1.6817928305074292,gt-order-1,"ap_fixed<16,6,AP_RND,AP_SAT>",False,True,1000.0,0.0179901123046875,-1.7449661255044693,1.0,0.10000000149011612,0.37796053290367126,0.0,3.37022066116333,3.37022066116333,3.060925633579148,3.060925633579148,0.04553577967041307,0.04553577967041307,0.04553577967041307,0.04553577967041307,0.996768499612535,0.9996768499564381,0.04553577967041306,0.04553577967041306,1.0,0.0,0.0,1.0,1.0
0.016982436524617443,1.6817928305074292,gt-order-1,"ap_fixed<16,6,AP_RND,AP_SAT>",False,True,1000.0,0.0142974853515625,-1.8447403397055453,1.0,0.10000000149011612,0.3679606020450592,0.0,3.416501045227051,3.416501045227051,3.060925633579148,3.060925633579148,0.051981974224335176,0.051981974224335176,0.051981974224335176,0.051981974224335176,0.9963110378022959,0.9996311037747325,0.051981974224335134,0.051981974224335134,1.0,0.0,0.0,1.0,1.0
0.019386526359522076,1.6817928305074292,gt-order-1,"ap_fixed<16,6,AP_RND,AP_SAT>",False,True,1000.0,0.0108642578125,-1.9639999369468681,1.0,0.10000000149011612,0.37057211995124817,0.0,3.2705516815185547,3.2705516815185547,3.0609256335791475,3.0609256335791475,0.05934071498304801,0.05934071498304801,0.05934071498304801,0.05934071498304801,0.9957888160728087,0.9995788816010058,0.05934071498304797,0.05934071498304797,1.0,0.0,0.0,1.0,1.0
0.022130947096056376,1.6817928305074292,gt-order-1,"ap_fixed<16,6,AP_RND,AP_SAT>",False,True,1000.0,0.0083465576171875,-2.0784926042382357,1.0,0.10000000149011612,0.37124672532081604,0.0,3.2705516815185547,3.2705516815185547,3.060925633579148,3.060925633579148,0.06774118468202012,0.06774118468202012,0.06774118468202012,0.06774118468202012,0.9951926668186705,0.9995192666747035,0.06774118468202009,0.06774118468202009,1.0,0.0,0.0,1.0,1.0
0.025263877101318954,1.6817928305074292,gt-order-1,"ap_fixed<16,6,AP_RND,AP_SAT>",False,True,1000.0,0.00634765625,-2.1973865999285382,1.0,0.10000000149011612,0.38178443908691406,0.0,3.2642128467559814,3.2642128467559814,3.0609256335791475,3.0609256335791475,0.0773308505051553,0.0773308505051553,0.0773308505051553,0.0773308505051553,0.9945121248569992,0.9994512124775223,0.07733085050515529,0.07733085050515529,1.0,0.0,0.0,1.0,1.0
0.028840315031266057,1.6817928305074292,gt-order-1,"ap_fixed<16,6,AP_RND,AP_SAT>",False,True,1000.0,0.004730224609375,-2.3251182366976137,1.0,0.10000000149011612,0.379133403301239,0.0,3.2642009258270264,3.2642009258270264,3.060925633579148,3.060925633579148,0.08827805823011177,0.08827805823011177,0.08827805823011177,0.08827805823011177,0.9937352433308476,0.9993735243237496,0.08827805823011176,0.08827805823011176,1.0,0.0,0.0,1.0,1.0
0.03292304533334065,1.6817928305074292,gt-order-1,"ap_fixed<16,6,AP_RND,AP_SAT>",False,True,1000.0,0.003631591796875,-2.4399029734475994,1.0,0.10000000149011612,0.38066408038139343,0.0,3.2630350589752197,3.2630350589752197,3.060925633579148,3.060925633579148,0.10077499696580944,0.10077499696580944,0.10077499696580944,0.10077499696580944,0.9928483833131025,0.9992848383206534,0.10077499696580937,0.10077499696580937,1.0,0.0,0.0,1.0,1.0
0.037583740428844416,1.6817928305074292,gt-order-1,"ap_fixed<16,6,AP_RND,AP_SAT>",False,True,1000.0,0.0028839111328125,-2.540018126299863,1.0,0.10000000149011612,0.39928191900253296,0.0,3.1682381629943848,3.1682381629943848,3.060925633579148,3.060925633579148,0.11504104018354419,0.11504104018354419,0.11504104018354419,0.11504104018354419,0.9918359767062677,0.9991835976584612,0.11504104018354415,0.11504104018354415,1.0,0.0,0.0,1.0,1.0
0.04290421892388853,1.6817928305074292,gt-order-1,"ap_fixed<16,6,AP_RND,AP_SAT>",False,True,1000.0,0.002044677734375,-2.689375132046489,1.0,0.10000000149011612,0.40060490369796753,0.0,3.1502838134765625,3.1502838134765625,3.0609256335791475,3.0609256335791475,0.13132662838283893,0.13132662838283893,0.13132662838283893,0.13132662838283893,0.9906802507044942,0.9990680250565619,0.13132662838283893,0.13132662838283893,1.0,0.0,0.0,1.0,1.0
0.04897788193684462,1.6817928305074292,gt-order-1,"ap_fixed<16,6,AP_RND,AP_SAT>",False,True,1000.0,0.00152587890625,-2.8164799303390797,1.0,0.10000000149011612,0.3904414772987366,0.0,3.1496176719665527,3.1496176719665527,3.060925633579148,3.060925633579148,0.14991765348210367,0.14991765348210367,0.14991765348210367,0.14991765348210367,0.9893609166501202,0.9989360916491588,0.1499176534821036,0.1499176534821036,1.0,0.0,0.0,1.0,1.0
0.05591135275705602,1.6817928305074292,gt-order-1,"ap_fixed<16,6,AP_RND,AP_SAT>",False,True,1000.0,0.0011138916015625,-2.953157070113354,1.0,0.10000000149011612,0.359230637550354,0.0,3.12904691696167,3.12904691696167,3.060925633579148,3.060925633579148,0.1711404874695615,0.1711404874695615,0.1711404874695615,0.1711404874695615,0.9878548131695171,0.998785481298854,0.17114048746956134,0.17114048746956134,1.0,0.0,0.0,1.0,1.0
0.06382634861905485,1.6817928305074292,gt-order-1,"ap_fixed<16,6,AP_RND,AP_SAT>",False,True,1000.0,0.0009002685546875,-3.0456279184991493,1.0,0.10000000149011612,0.4142037034034729,0.0,3.1304824352264404,3.1304824352264404,3.060925633579148,3.060925633579148,0.19536769522436884,0.19536769522436884,0.19536769522436884,0.19536769522436884,0.9861355007559925,0.9986135500549393,0.19536769522436875,0.19536769522436875,1.0,0.0,0.0,1.0,1.0
0.07286181745132274,1.6817928305074292,gt-order-1,"ap_fixed<16,6,AP_RND,AP_SAT>",False,True,1000.0,0.000701904296875,-3.153722098323388,1.0,0.10000000149011612,0.43152928352355957,0.0,3.096792697906494,3.096792697906494,3.060925633579148,3.060925633579148,0.22302461395331452,0.22302461395331452,0.22302461395331452,0.22302461395331452,0.9841727948522928,0.9984172794616446,0.22302461395331435,0.22302461395331435,1.0,0.0,0.0,1.0,1.0
0.08317637711026708,1.6817928305074292,gt-order-1,"ap_fixed<16,6,AP_RND,AP_SAT>",False,True,1000.0,0.00048828125,-3.311329951414358,1.0,0.10000000149011612,0.3619467616081238,0.0,3.0973665714263916,3.0973665714263916,3.060925633579148,3.060925633579148,0.2545966966175691,0.2545966966175691,0.2545966966175691,0.2545966966175691,0.9819322447156512,0.9981932244446419,0.25459669661756895,0.25459669661756895,1.0,0.0,0.0,1.0,1.0
0.09495109992021983,1.6817928305074292,gt-order-1,"ap_fixed<16,6,AP_RND,AP_SAT>",False,True,1000.0,0.0003662109375,-3.4362686877261797,1.0,0.10000000149011612,0.3827683925628662,0.0,3.083799362182617,3.083799362182617,3.060925633579148,3.060925633579148,0.2906382579083318,0.2906382579083318,0.2906382579083318,0.2906382579083318,0.9793745127492953,0.9979374512441952,0.29063825790833164,0.29063825790833164,1.0,0.0,0.0,1.0,1.0
0.10839269140212034,1.6817928305074292,gt-order-1,"ap_fixed<16,6,AP_RND,AP_SAT>",False,True,1000.0,0.0002899169921875,-3.5377263281728744,1.0,0.10000000149011612,0.45675015449523926,0.0,3.084099769592285,3.084099769592285,3.060925633579148,3.060925633579148,0.33178197280969074,0.33178197280969074,0.33178197280969074,0.33178197280969074,0.976454700425715,0.9976454700074863,0.3317819728096905,0.3317819728096905,1.0,0.0,0.0,1.0,1.0
0.12373711899353519,1.6817928305074292,gt-order-1,"ap_fixed<16,6,AP_RND,AP_SAT>",False,True,1000.0,0.0001983642578125,-3.7025365761274838,1.0,0.10000000149011612,0.38467761874198914,0.0,3.0799217224121094,3.0799217224121094,3.060925633579148,3.060925633579148,0.3787501197954783,0.3787501197954783,0.3787501197954783,0.3787501197954783,0.9731215503999185,0.9973121549999397,0.3787501197954779,0.3787501197954779,1.0,0.0,0.0,1.0,1.0
0.1412537544622754,1.6817928305074292,gt-order-1,"ap_fixed<16,6,AP_RND,AP_SAT>",False,True,1000.0,0.0001678466796875,-3.7750872428780267,1.0,0.10000000149011612,0.45305150747299194,0.0,3.072437047958374,3.072437047958374,3.060925633579148,3.060925633579148,0.4323672379778604,0.4323672379778604,0.4323672379778604,0.4323672379778604,0.9693165482799324,0.9969316547822713,0.43236723797786,0.43236723797786,1.0,0.0,0.0,1.0,1.0
0.16125010273377416,1.6817928305074292,gt-order-1,"ap_fixed<16,6,AP_RND,AP_SAT>",False,True,1000.0,0.0001220703125,-3.913389940074015,1.0,0.10000000149011612,0.5022118091583252,0.0,3.066847562789917,3.066847562789917,3.060925633579148,3.060925633579148,0.4935745630984307,0.4935745630984307,0.4935745630984307,0.4935745630984307,0.9649728981596436,0.9964972897637698,0.49357456309843034,0.49357456309843034,1.0,0.0,0.0,1.0,1.0
0.18407720014689555,1.6817928305074292,gt-order-1,"ap_fixed<16,6,AP_RND,AP_SAT>",False,True,1000.0,9.1552734375e-05,-4.038328675496402,1.0,0.10000000149011612,0.4043680429458618,0.0,3.0644450187683105,3.0644450187683105,3.0609256335791484,3.0609256335791484,0.5634466300582519,0.5634466300582519,0.5634466300582519,0.5634466300582519,0.9600143444006448,0.9960014343804812,0.5634466300582514,0.5634466300582514,1.0,0.0,0.0,1.0,1.0
0.21013577690467466,1.6817928305074292,gt-order-1,"ap_fixed<16,6,AP_RND,AP_SAT>",False,True,1000.0,6.103515625e-05,-4.214419932180256,1.0,0.10000000149011612,0.4196271598339081,0.0,3.065121650695801,3.065121650695801,3.0609256335791484,3.0609256335791484,0.6432099735698259,0.6432099735698259,0.6432099735698259,0.6432099735698259,0.9543538445183807,0.9954353843838201,0.6432099735698253,0.6432099735698253,1.0,0.0,0.0,1.0,1.0
0.239883291901949,1.6817928305074292,gt-order-1,"ap_fixed<16,6,AP_RND,AP_SAT>",False,True,1000.0,3.0517578125e-05,-4.515449920728757,1.0,0.10000000149011612,0.517036497592926,0.0,3.053281307220459,3.053281307220459,3.060925633579148,3.060925633579148,0.7342649075749372,0.7342649075749372,0.7342649075749372,0.7342649075749372,0.9478920235800354,0.9947892022803564,0.7342649075749367,0.7342649075749367,1.0,0.0,0.0,1.0,1.0
0.27384196342643613,1.6817928305074292,gt-order-1,"ap_fixed<16,6,AP_RND,AP_SAT>",False,True,1000.0,1.52587890625e-05,-4.816479902161777,1.0,0.10000000149011612,0.44539934396743774,0.0,3.054180145263672,3.054180145263672,3.060925633579148,3.060925633579148,0.8382099273149062,0.8382099273149062,0.8382099273149062,0.8382099273149062,0.9405154424827967,0.9940515441596409,0.8382099273149053,0.8382099273149053,1.0,0.0,0.0,1.0,1.0
0.3126079367123954,1.6817928305074292,gt-order-1,"ap_fixed<16,6,AP_RND,AP_SAT>",False,True,1000.0,3.0517578125e-05,-4.515449920728757,1.0,0.10000000149011612,0.6776717901229858,0.0,3.050485372543335,3.050485372543335,3.060925633579148,3.060925633579148,0.9568696690858516,0.9568696690858516,0.9568696690858516,0.9568696690858516,0.9320946137567984,0.9932094612744926,0.956869669085851,0.956869669085851,1.0,0.0,0.0,1.0,1.0
0.35686174928348097,1.6817928305074292,gt-order-1,"ap_fixed<16,6,AP_RND,AP_SAT>",False,True,1000.0,1.52587890625e-05,-4.816479902161777,1.0,0.10000000149011612,0.4898979365825653,0.0,3.050384521484375,3.050384521484375,3.060925633579148,3.060925633579148,1.092327248683195,1.092327248683195,1.092327248683195,1.092327248683195,0.9224817066292117,0.99224817054741,1.092327248683194,1.092327248683194,1.0,0.0,0.0,1.0,1.0
0.4073802778041126,1.6817928305074292,gt-order-1,"ap_fixed<16,6,AP_RND,AP_SAT>",False,True,1000.0,1.52587890625e-05,-4.816479902161777,1.0,0.10000000149011612,0.5855400562286377,0.0,3.048841714859009,3.048841714859009,3.060925633579148,3.060925633579148,1.2469607504786753,1.2469607504786753,1.2469607504786753,1.2469607504786753,0.9115079575337969,0.9911507956215162,1.2469607504786748,1.2469607504786748,1.0,0.0,0.0,1.0,1.0
0.46505037616660627,1.6817928305074292,gt-order-1,"ap_fixed<16,6,AP_RND,AP_SAT>",False,True,1000.0,1.52587890625e-05,-4.816479902161777,1.0,0.10000000149011612,0.6401844024658203,0.0,3.044307231903076,3.044307231903076,3.060925633579148,3.060925633579148,1.4234845969114138,1.4234845969114138,1.4234845969114138,1.4234845969114138,0.8989807342761064,0.9898980732770802,1.423484596911413,1.423484596911413,1.0,0.0,0.0,1.0,1.0
0.5308844442309882,1.6817928305074292,gt-order-1,"ap_fixed<16,6,AP_RND,AP_SAT>",False,True,1000.0,0.0,-12.0,1.0,0.10000000149011612,0.5773502588272095,0.0,3.0438880920410156,3.0438880920410156,3.060925633579148,3.060925633579148,1.6249978052922673,1.6249978052922673,1.6249978052922673,1.6249978052922673,0.8846801114323688,0.9884680109713967,1.6249978052922667,1.6249978052922667,1.0,0.0,0.0,1.0,1.0
0.606038200527066,1.6817928305074292,gt-order-1,"ap_fixed<16,6,AP_RND,AP_SAT>",False,True,1000.0,0.0,-12.0,1.0,0.10000000149011612,0.7592566609382629,0.0,3.0409979820251465,3.0409979820251465,3.060925633579148,3.060925633579148,1.8550379004151156,1.8550379004151156,1.8550379004151156,1.8550379004151156,0.8683550443773502,0.9868355042415685,1.8550379004151147,1.8550379004151147,1.0,0.0,0.0,1.0,1.0
0.6918309709189363,1.6817928305074292,gt-order-1,"ap_fixed<16,6,AP_RND,AP_SAT>",False,True,1000.0,0.0,-12.0,1.0,0.10000000149011612,0.6099943518638611,0.0,3.0410122871398926,3.0410122871398926,3.060925633579148,3.060925633579148,2.1176432196558657,2.1176432196558657,2.1176432196558657,2.1176432196558657,1.1176432196558654,1.1176432196558654,2.1176432196558634,2.1176432196558634,1.0,0.0,0.0,1.0,1.0
0.7897688493998856,1.6817928305074292,gt-order-1,"ap_fixed<16,6,AP_RND,AP_SAT>",False,True,1000.0,0.0,-12.0,1.0,0.10000000149011612,0.6405125856399536,0.0,3.040153741836548,3.040153741836548,3.0609256335791475,3.0609256335791475,2.417423793004551,2.417423793004551,2.417423793004551,2.417423793004551,1.4174237930045508,1.4174237930045508,2.417423793004549,2.417423793004549,1.0,0.0,0.0,1.0,1.0
0.9015711376059565,1.6817928305074292,gt-order-1,"ap_fixed<16,6,AP_RND,AP_SAT>",False,True,1000.0,0.0,-12.0,1.0,0.10000000149011612,0.6030226945877075,0.0,3.0390498638153076,3.0390498638153076,3.0609256335791475,3.0609256335791475,2.7596422575936126,2.7596422575936126,2.7596422575936126,2.7596422575936126,1.7596422575936135,1.7596422575936135,2.7596422575936117,2.7596422575936117,1.0,0.0,0.0,1.0,1.0
1.0292005271944276,1.6817928305074292,gt-order-1,"ap_fixed<16,6,AP_RND,AP_SAT>",False,True,1000.0,0.0,-12.0,0.9716282486915588,0.10000000149011612,0.5570859909057617,0.0,3.0390326976776123,3.0390326976776123,3.060925633579148,3.060925633579148,3.1503063575081334,3.0609266489875115,3.1503063575081334,3.0609266489875115,2.150306357508134,2.060926648987512,3.1503063575081294,3.0609266489875075,1.0,0.0,0.0,1.0,1.0
1.174897554939529,1.6817928305074292,gt-order-1,"ap_fixed<16,6,AP_RND,AP_SAT>",False,True,1000.0,0.0,-12.0,0.8511383533477783,0.10000000149011612,0.5601120591163635,0.0,3.03814435005188,3.03814435005188,3.060925633579148,3.060925633579148,3.5962740323276345,3.22695085444788,3.5962740323276345,3.22695085444788,2.5962740323276363,2.2269508544478804,3.5962740323276328,3.060926758062716,1.0,0.0,0.0,1.0,1.0
1.3412199354053709,1.6817928305074292,gt-order-1,"ap_fixed<16,6,AP_RND,AP_SAT>",False,True,1000.0,0.0,-12.0,0.7455901503562927,0.10000000149011612,0.6099942922592163,0.0,3.0644121170043945,3.0644121170043945,3.060925633579148,3.060925633579148,4.105374378416386,3.851714105570519,4.105374378416386,3.851714105570519,3.105374378416386,2.8517141055705215,4.105374378416383,3.0609267000723426,1.0,0.0,0.0,1.0,1.0
1.5310874616820287,1.6817928305074292,gt-order-1,"ap_fixed<16,6,AP_RND,AP_SAT>",False,True,1000.0,0.0,-12.0,0.4488813877105713,0.10000000149011612,0.5601119995117188,0.0,3.045085906982422,3.045085906982422,3.0609256335791484,3.0609256335791484,4.686545030298361,3.621269097318521,4.686545030298361,3.621269097318521,3.6865450302983613,2.6212690973185206,4.6865450302983565,2.1037028367684076,1.0,0.0,0.0,1.0,1.0
1.7478332624182173,1.6817928305074292,gt-order-1,"ap_fixed<16,6,AP_RND,AP_SAT>",False,True,1000.0,0.0,-12.0,0.572137176990509,0.10000000149011612,0.5773502588272095,0.0,3.0542526245117188,3.0542526245117188,3.060925633579148,3.060925633579148,5.349987604125322,4.043619532211973,5.349987604125322,4.043619532211973,4.349987604125321,3.0436195322119723,5.349987604125319,3.060926804758477,1.0,0.0,0.0,1.0,1.0
1.9952623149688795,1.6817928305074292,gt-order-1,"ap_fixed<16,6,AP_RND,AP_SAT>",False,True,1000.0,0.0,-12.0,0.35900458693504333,0.10000000149011612,0.5570860505104065,0.0,3.0464820861816406,3.0464820861816406,3.060925633579148,3.060925633579148,6.107349413280354,3.985098479847091,6.107349413280354,3.985098479847091,5.107349413280355,2.9850984798470908,6.107349413280348,2.1925664533826903,1.0,0.0,0.0,1.0,1.0
0.01,1.7411011265922482,gt-order-1,"ap_fixed<16,6,AP_RND,AP_SAT>",False,True,1000.0,0.0334320068359375,-1.4758375530500034,1.0,0.10000000149011612,0.4014183282852173,0.0,3.512180805206299,3.512180805206299,3.280618861478046,3.280618861478046,0.032806187881505,0.032806187881505,0.032806187881505,0.032806187881505,0.997671870138074,0.9997671870103383,0.03280618788150497,0.03280618788150497,1.0,0.0,0.0,1.0,1.0
0.011415633046188459,1.7411011265922482,gt-order-1,"ap_fixed<16,6,AP_RND,AP_SAT>",False,True,1000.0,0.0266876220703125,-1.5736901211287493,1.0,0.10000000149011612,0.3903379440307617,0.0,3.6375765800476074,3.6375765800476074,3.2806188614780463,3.2806188614780463,0.037450342159058944,0.037450342159058944,0.037450342159058944,0.037450342159058944,0.9973422922457562,0.9997342292206153,0.03745034215905891,0.03745034215905891,1.0,0.0,0.0,1.0,1.0
0.013031667784522994,1.7411011265922482,gt-order-1,"ap_fixed<16,6,AP_RND,AP_SAT>",False,True,1000.0,0.0213623046875,-1.6703518949251313,1.0,0.10000000149011612,0.38363561034202576,0.0,3.6375765800476074,3.6375765800476074,3.280618861478046,3.280618861478046,0.04275193593483809,0.04275193593483809,0.04275193593483809,0.04275193593483809,0.996966058383115,0.9996966058337906,0.042751935934838066,0.042751935934838066,1.0,0.0,0.0,1.0,1.0
0.014876473740795015,1.7411011265922482,gt-order-1,"ap_fixed<16,6,AP_RND,AP_SAT>",False,True,1000.0,0.016815185546875,-1.7742983360821054,1.0,0.10000000149011612,0.3691876232624054,0.0,3.5772817134857178,3.5772817134857178,3.280618861478046,3.280618861478046,0.0488040401962294,0.0488040401962294,0.0488040401962294,0.0488040401962294,0.9965365636576281,0.9996536563606017,0.04880404019622936,0.04880404019622936,1.0,0.0,0.0,1.0,1.0
0.016982436524617443,1.7411011265922482,gt-order-1,"ap_fixed<16,6,AP_RND,AP_SAT>",False,True,1000.0,0.0136566162109375,-1.864656895275986,1.0,0.10000000149011612,0.37262943387031555,0.0,3.512166976928711,3.512166976928711,3.2806188614780463,3.2806188614780463,0.05571290044633162,0.05571290044633162,0.05571290044633162,0.05571290044633162,0.9960462682317094,0.9996046268172794,0.05571290044633157,0.05571290044633157,1.0,0.0,0.0,1.0,1.0
0.019386526359522076,1.7411011265922482,gt-order-1,"ap_fixed<16,6,AP_RND,AP_SAT>",False,True,1000.0,0.010467529296875,-1.9801558148754577,1.0,0.10000000149011612,0.38115471601486206,0.0,3.489694595336914,3.489694595336914,3.2806188614780463,3.2806188614780463,0.06359980350105636,0.06359980350105636,0.06359980350105636,0.06359980350105636,0.9954865648432465,0.9995486564775987,0.0635998035010563,0.0635998035010563,1.0,0.0,0.0,1.0,1.0
0.022130947096056376,1.7411011265922482,gt-order-1,"ap_fixed<16,6,AP_RND,AP_SAT>",False,True,1000.0,0.0079345703125,-2.1004765869341653,1.0,0.10000000149011612,0.38070163130760193,0.0,3.489694595336914,3.489694595336914,3.2806188614780454,3.2806188614780454,0.07260320398795356,0.07260320398795356,0.07260320398795356,0.07260320398795356,0.9948476278961028,0.9994847627819328,0.07260320398795352,0.07260320398795352,1.0,0.0,0.0,1.0,1.0
0.025263877101318954,1.7411011265922482,gt-order-1,"ap_fixed<16,6,AP_RND,AP_SAT>",False,True,1000.0,0.0059051513671875,-2.2287689655312426,1.0,0.10000000149011612,0.3860608637332916,0.0,3.369532346725464,3.369532346725464,3.280618861478046,3.280618861478046,0.08288115332116307,0.08288115332116307,0.08288115332116307,0.08288115332116307,0.9941182410850402,0.9994118240997394,0.082881153321163,0.082881153321163,1.0,0.0,0.0,1.0,1.0
0.028840315031266057,1.7411011265922482,gt-order-1,"ap_fixed<16,6,AP_RND,AP_SAT>",False,True,1000.0,0.0045623779296875,-2.340808742204079,1.0,0.10000000149011612,0.3732660412788391,0.0,3.4743053913116455,3.4743053913116455,3.280618861478046,3.280618861478046,0.09461408003752254,0.09461408003752254,0.09461408003752254,0.09461408003752254,0.9932856000858845,0.9993285599985833,0.09461408003752249,0.09461408003752249,1.0,0.0,0.0,1.0,1.0
0.03292304533334065,1.7411011265922482,gt-order-1,"ap_fixed<16,6,AP_RND,AP_SAT>",False,True,1000.0,0.0032806396484375,-2.4840414705757126,1.0,0.10000000149011612,0.3757796883583069,0.0,3.401385545730591,3.401385545730591,3.280618861478046,3.280618861478046,0.10800796732354806,0.10800796732354806,0.10800796732354806,0.10800796732354806,0.9923350870585708,0.9992335086944353,0.10800796732354798,0.10800796732354798,1.0,0.0,0.0,1.0,1.0
0.037583740428844416,1.7411011265922482,gt-order-1,"ap_fixed<16,6,AP_RND,AP_SAT>",False,True,1000.0,0.002593994140625,-2.586031009078002,1.0,0.10000000149011612,0.3653618097305298,0.0,3.3916730880737305,3.3916730880737305,3.2806188614780463,3.2806188614780463,0.12329793384391616,0.12329793384391616,0.12329793384391616,0.12329793384391616,0.9912500165294225,0.9991250016399037,0.123297933843916,0.123297933843916,1.0,0.0,0.0,1.0,1.0
0.04290421892388853,1.7411011265922482,gt-order-1,"ap_fixed<16,6,AP_RND,AP_SAT>",False,True,1000.0,0.0019683837890625,-2.7058902201038153,1.0,0.10000000149011612,0.3545812666416168,0.0,3.371605396270752,3.371605396270752,3.280618861478046,3.280618861478046,0.14075239507968246,0.14075239507968246,0.14075239507968246,0.14075239507968246,0.9900113400768703,0.9990011339928024,0.1407523950796824,0.1407523950796824,1.0,0.0,0.0,1.0,1.0
0.04897788193684462,1.7411011265922482,gt-order-1,"ap_fixed<16,6,AP_RND,AP_SAT>",False,True,1000.0,0.001434326171875,-2.843352076721214,1.0,0.10000000149011612,0.3667718768119812,0.0,3.352774143218994,3.352774143218994,3.280618861478046,3.280618861478046,0.16067776240183584,0.16067776240183584,0.16067776240183584,0.16067776240183584,0.9885973128561486,0.9988597312686236,0.1606777624018358,0.1606777624018358,1.0,0.0,0.0,1.0,1.0
0.05591135275705602,1.7411011265922482,gt-order-1,"ap_fixed<16,6,AP_RND,AP_SAT>",False,True,1000.0,0.001129150390625,-2.947248210508102,1.0,0.10000000149011612,0.3883621394634247,0.0,3.332442283630371,3.332442283630371,3.280618861478046,3.280618861478046,0.1834238326459077,0.1834238326459077,0.1834238326459077,0.1834238326459077,0.9869831111217692,0.9986983110927804,0.18342383264590764,0.18342383264590764,1.0,0.0,0.0,1.0,1.0
0.06382634861905485,1.7411011265922482,gt-order-1,"ap_fixed<16,6,AP_RND,AP_SAT>",False,True,1000.0,0.00079345703125,-3.1004765864415553,1.0,0.10000000149011612,0.3762069642543793,0.0,3.3287558555603027,3.3287558555603027,3.280618861478046,3.280618861478046,0.2093899109620384,0.2093899109620384,0.2093899109620384,0.2093899109620384,0.9851403977122364,0.998514039749081,0.2093899109620383,0.2093899109620383,1.0,0.0,0.0,1.0,1.0
0.07286181745132274,1.7411011265922482,gt-order-1,"ap_fixed<16,6,AP_RND,AP_SAT>",False,True,1000.0,0.0006256103515625,-3.2036960732097706,1.0,0.10000000149011612,0.3989105522632599,0.0,3.324986696243286,3.324986696243286,3.280618861478046,3.280618861478046,0.23903186248062255,0.23903186248062255,0.23903186248062255,0.23903186248062255,0.9830368216202671,0.9983036821367498,0.23903186248062236,0.23903186248062236,1.0,0.0,0.0,1.0,1.0
0.08317637711026708,1.7411011265922482,gt-order-1,"ap_fixed<16,6,AP_RND,AP_SAT>",False,True,1000.0,0.0005035400390625,-3.297965989883329,1.0,0.10000000149011612,0.40085482597351074,0.0,3.329622507095337,3.329622507095337,3.280618861478046,3.280618861478046,0.27286998280221497,0.27286998280221497,0.27286998280221497,0.27286998280221497,0.980635459454181,0.9980635459165627,0.27286998280221475,0.27286998280221475,1.0,0.0,0.0,1.0,1.0
0.09495109992021983,1.7411011265922482,gt-order-1,"ap_fixed<16,6,AP_RND,AP_SAT>",False,True,1000.0,0.0003509521484375,-3.4547520933686315,1.0,0.10000000149011612,0.41490301489830017,0.0,3.3124070167541504,3.3124070167541504,3.280618861478046,3.280618861478046,0.3114983717021231,0.3114983717021231,0.3114983717021231,0.3114983717021231,0.9778941502218859,0.9977894149892482,0.311498371702123,0.311498371702123,1.0,0.0,0.0,1.0,1.0
0.10839269140212034,1.7411011265922482,gt-order-1,"ap_fixed<16,6,AP_RND,AP_SAT>",False,True,1000.0,0.0002593994140625,-3.5860310075711945,1.0,0.10000000149011612,0.40759018063545227,0.0,3.2903759479522705,3.2903759479522705,3.280618861478046,3.280618861478046,0.35559511343800276,0.35559511343800276,0.35559511343800276,0.35559511343800276,0.9747647728733266,0.9974764772497292,0.3555951134380027,0.3555951134380027,1.0,0.0,0.0,1.0,1.0
0.12373711899353519,1.7411011265922482,gt-order-1,"ap_fixed<16,6,AP_RND,AP_SAT>",False,True,1000.0,0.0001983642578125,-3.7025365761274838,1.0,0.10000000149011612,0.41512835025787354,0.0,3.2918667793273926,3.2918667793273926,3.280618861478046,3.280618861478046,0.4059343269098689,0.4059343269098689,0.4059343269098689,0.4059343269098689,0.9711923911466522,0.9971192390717385,0.4059343269098687,0.4059343269098687,1.0,0.0,0.0,1.0,1.0
0.1412537544622754,1.7411011265922482,gt-order-1,"ap_fixed<16,6,AP_RND,AP_SAT>",False,True,1000.0,0.0001678466796875,-3.7750872428780267,1.0,0.10000000149011612,0.4831452965736389,0.0,3.2905259132385254,3.2905259132385254,3.280618861478046,3.280618861478046,0.46339973125605133,0.46339973125605133,0.46339973125605133,0.46339973125605133,0.9671142908696783,0.9967114290379643,0.46339973125605105,0.46339973125605105,1.0,0.0,0.0,1.0,1.0
0.16125010273377416,1.7411011265922482,gt-order-1,"ap_fixed<16,6,AP_RND,AP_SAT>",False,True,1000.0,0.0001068115234375,-3.9713818865434534,1.0,0.10000000149011612,0.43600600957870483,0.0,3.280308246612549,3.280308246612549,3.280618861478046,3.280618861478046,0.5290001179653384,0.5290001179653384,0.5290001179653384,0.5290001179653384,0.9624588819631802,0.9962458881403773,0.5290001179653383,0.5290001179653383,1.0,0.0,0.0,1.0,1.0
0.18407720014689555,1.7411011265922482,gt-order-1,"ap_fixed<16,6,AP_RND,AP_SAT>",False,True,1000.0,7.62939453125e-05,-4.117509920595296,1.0,0.10000000149011612,0.4403524100780487,0.0,3.283747434616089,3.283747434616089,3.280618861478046,3.280618861478046,0.6038871450280686,0.6038871450280686,0.6038871450280686,0.6038871450280686,0.9571444356579475,0.9957144435019348,0.6038871450280682,0.6038871450280682,1.0,0.0,0.0,1.0,1.0
0.21013577690467466,1.7411011265922482,gt-order-1,"ap_fixed<16,6,AP_RND,AP_SAT>",False,True,1000.0,6.103515625e-05,-4.214419932180256,1.0,0.10000000149011612,0.5848584175109863,0.0,3.2770466804504395,3.2770466804504395,3.2806188614780463,3.2806188614780463,0.6893753797986232,0.6893753797986232,0.6893753797986232,0.6893753797986232,0.9510776621293809,0.995107766140038,0.6893753797986227,0.6893753797986227,1.0,0.0,0.0,1.0,1.0
0.239883291901949,1.7411011265922482,gt-order-1,"ap_fixed<16,6,AP_RND,AP_SAT>",False,True,1000.0,4.57763671875e-05,-4.339358666416729,1.0,0.10000000149011612,0.6183469891548157,0.0,3.2723944187164307,3.2723944187164307,3.280618861478046,3.280618861478046,0.7869656415974754,0.7869656415974754,0.7869656415974754,0.7869656415974754,0.9441520539621726,0.9944152053129974,0.7869656415974747,0.7869656415974747,1.0,0.0,0.0,1.0,1.0
0.27384196342643613,1.7411011265922482,gt-order-1,"ap_fixed<16,6,AP_RND,AP_SAT>",False,True,1000.0,1.52587890625e-05,-4.816479902161777,1.0,0.10000000149011612,0.4730161726474762,0.0,3.2727513313293457,3.2727513313293457,3.280618861478046,3.280618861478046,0.8983711552024933,0.8983711552024933,0.8983711552024933,0.8983711552024933,0.936246030136914,0.9936246029186906,0.8983711552024927,0.8983711552024927,1.0,0.0,0.0,1.0,1.0
0.3126079367123954,1.7411011265922482,gt-order-1,"ap_fixed<16,6,AP_RND,AP_SAT>",False,True,1000.0,1.52587890625e-05,-4.816479902161777,1.0,0.10000000149011612,0.658280611038208,0.0,3.2712690830230713,3.2712690830230713,3.2806188614780463,3.2806188614780463,1.0255475173726174,1.0255475173726174,1.0255475173726174,1.0255475173726174,0.9272208094203568,0.9927220808335863,1.025547517372616,1.025547517372616,1.0,0.0,0.0,1.0,1.0
0.35686174928348097,1.7411011265922482,gt-order-1,"ap_fixed<16,6,AP_RND,AP_SAT>",False,True,1000.0,1.52587890625e-05,-4.816479902161777,1.0,0.10000000149011612,0.49656352400779724,0.0,3.2655563354492188,3.2655563354492188,3.280618861478046,3.280618861478046,1.1707273563344638,1.1707273563344638,1.1707273563344638,1.1707273563344638,0.9169179507140183,0.9916917949476001,1.1707273563344631,1.1707273563344631,1.0,0.0,0.0,1.0,1.0
0.4073802778041126,1.7411011265922482,gt-order-1,"ap_fixed<16,6,AP_RND,AP_SAT>",False,True,1000.0,0.0,-12.0,1.0,0.10000000149011612,0.6509445905685425,0.0,3.263762950897217,3.263762950897217,3.280618861478046,3.280618861478046,1.3364594398067016,1.3364594398067016,1.3364594398067016,1.3364594398067016,0.9051565777070523,0.9905156576293773,1.336459439806701,1.336459439806701,1.0,0.0,0.0,1.0,1.0
0.46505037616660627,1.7411011265922482,gt-order-1,"ap_fixed<16,6,AP_RND,AP_SAT>",False,True,1000.0,0.0,-12.0,1.0,0.10000000149011612,0.5735393762588501,0.0,3.264873504638672,3.264873504638672,3.280618861478046,3.280618861478046,1.5256530137226887,1.5256530137226887,1.5256530137226887,1.5256530137226887,0.8917302323264388,0.9891730230713092,1.525653013722688,1.525653013722688,1.0,0.0,0.0,1.0,1.0
0.5308844442309882,1.7411011265922482,gt-order-1,"ap_fixed<16,6,AP_RND,AP_SAT>",False,True,1000.0,1.52587890625e-05,-4.816479902161777,1.0,0.10000000149011612,0.8082238435745239,0.0,3.261289119720459,3.261289119720459,3.280618861478046,3.280618861478046,1.7416295225927105,1.7416295225927105,1.7416295225927105,1.7416295225927105,0.8764032043404051,0.9876403202498671,1.7416295225927092,1.7416295225927092,1.0,0.0,0.0,1.0,1.0
0.606038200527066,1.7411011265922482,gt-order-1,"ap_fixed<16,6,AP_RND,AP_SAT>",False,True,1000.0,0.0,-12.0,1.0,0.10000000149011612,0.7126966714859009,0.0,3.260627508163452,3.260627508163452,3.280618861478046,3.280618861478046,1.9881803916099947,1.9881803916099947,1.9881803916099947,1.9881803916099947,0.9881803916099945,0.9881803916099945,1.9881803916099943,1.9881803916099943,1.0,0.0,0.0,1.0,1.0
0.6918309709189363,1.7411011265922482,gt-order-1,"ap_fixed<16,6,AP_RND,AP_SAT>",False,True,1000.0,0.0,-12.0,1.0,0.10000000149011612,0.5812382102012634,0.0,3.2590978145599365,3.2590978145599365,3.280618861478046,3.280618861478046,2.269633803602335,2.269633803602335,2.269633803602335,2.269633803602335,1.2696338036023354,1.2696338036023354,2.269633803602334,2.269633803602334,1.0,0.0,0.0,1.0,1.0
0.7897688493998856,1.7411011265922482,gt-order-1,"ap_fixed<16,6,AP_RND,AP_SAT>",False,True,1000.0,0.0,-12.0,1.0,0.10000000149011612,0.6324555277824402,0.0,3.2583835124969482,3.2583835124969482,3.280618861478046,3.280618861478046,2.5909306663694425,2.5909306663694425,2.5909306663694425,2.5909306663694425,1.590930666369442,1.590930666369442,2.5909306663694416,2.5909306663694416,1.0,0.0,0.0,1.0,1.0
0.9015711376059565,1.7411011265922482,gt-order-1,"ap_fixed<16,6,AP_RND,AP_SAT>",False,True,1000.0,0.0,-12.0,1.0,0.10000000149011612,0.41478070616722107,0.0,3.25571870803833,3.25571870803833,3.2806188614780463,3.2806188614780463,2.9577113347269983,2.9577113347269983,2.9577113347269983,2.9577113347269983,1.9577113347269974,1.9577113347269974,2.9577113347269957,2.9577113347269957,1.0,0.0,0.0,1.0,1.0
1.0292005271944276,1.7411011265922482,gt-order-1,"ap_fixed<16,6,AP_RND,AP_SAT>",False,True,1000.0,0.0,-12.0,0.9716282486915588,0.10000000149011612,0.48112520575523376,0.0,3.2549688816070557,3.2549688816070557,3.2806188614780463,3.2806188614780463,3.37641474934845,3.280619949765783,3.37641474934845,3.280619949765783,2.376414749348451,2.280619949765782,3.3764147493484487,3.2806199497657818,1.0,0.0,0.0,1.0,1.0
1.174897554939529,1.7411011265922482,gt-order-1,"ap_fixed<16,6,AP_RND,AP_SAT>",False,True,1000.0,0.0,-12.0,0.8511383533477783,0.10000000149011612,0.6396021246910095,0.0,3.2701430320739746,3.2701430320739746,3.280618861478046,3.280618861478046,3.854391067875213,3.5522140988024877,3.854391067875213,3.5522140988024877,2.8543910678752145,2.5522140988024864,3.85439106787521,3.2806200666696914,1.0,0.0,0.0,1.0,1.0
1.3412199354053709,1.7411011265922482,gt-order-1,"ap_fixed<16,6,AP_RND,AP_SAT>",False,True,1000.0,0.0,-12.0,0.7455901503562927,0.10000000149011612,0.42562827467918396,0.0,3.314267873764038,3.314267873764038,3.280618861478046,3.280618861478046,4.400031308017484,3.4697635775236724,4.400031308017484,3.4697635775236724,3.400031308017482,2.4697635775236724,4.400031308017479,3.280620004517148,1.0,0.0,0.0,1.0,1.0
1.5310874616820287,1.7411011265922482,gt-order-1,"ap_fixed<16,6,AP_RND,AP_SAT>",False,True,1000.0,0.0,-12.0,0.6531307697296143,0.10000000149011612,0.7216877937316895,0.0,3.3773136138916016,3.3773136138916016,3.280618861478046,3.280618861478046,5.022914589266008,3.6050826445004924,5.022914589266008,3.6050826445004924,4.022914589266007,2.605082644500492,5.022914589266005,3.280620071973415,1.0,0.0,0.0,1.0,1.0
1.7478332624182173,1.7411011265922482,gt-order-1,"ap_fixed<16,6,AP_RND,AP_SAT>",False,True,1000.0,0.0,-12.0,0.572137176990509,0.10000000149011612,0.4681645631790161,0.0,3.2822911739349365,3.2822911739349365,3.2806188614780463,3.2806188614780463,5.733974733075932,3.85664526623364,5.733974733075932,3.85664526623364,4.733974733075932,2.8566452662336403,5.733974733075928,3.2806201167169693,1.0,0.0,0.0,1.0,1.0
1.9952623149688795,1.7411011265922482,gt-order-1,"ap_fixed<16,6,AP_RND,AP_SAT>",False,True,1000.0,0.0,-12.0,0.5011874437332153,0.10000000149011612,0.4923659563064575,0.0,3.314267873764038,3.314267873764038,3.280618861478046,3.280618861478046,6.545695020828191,4.2939112867348515,6.545695020828191,4.2939112867348515,5.545695020828193,3.2939112867348492,6.5456950208281865,3.2806201549461145,1.0,0.0,0.0,1.0,1.0
0.01,1.8025009252216606,gt-order-1,"ap_fixed<16,6,AP_RND,AP_SAT>",False,True,1000.0,0.03125,-1.5051499783060085,1.0,0.10000000149011612,0.40235042572021484,0.0,3.8968091011047363,3.8968091011047363,3.516080238333846,3.516080238333846,0.03516080159743328,0.03516080159743328,0.03516080159743328,0.03516080159743328,0.9975047722044631,0.9997504772167282,0.03516080159743326,0.03516080159743326,1.0,0.0,0.0,1.0,1.0
0.011415633046188459,1.8025009252216606,gt-order-1,"ap_fixed<16,6,AP_RND,AP_SAT>",False,True,1000.0,0.024505615234375,-1.6107343896633148,1.0,0.10000000149011612,0.39060622453689575,0.0,3.8968091011047363,3.8968091011047363,3.5160802383338456,3.5160802383338456,0.0401382829107377,0.0401382829107377,0.0401382829107377,0.0401382829107377,0.9971515393667445,0.9997151539324296,0.04013828291073768,0.04013828291073768,1.0,0.0,0.0,1.0,1.0
0.013031667784522994,1.8025009252216606,gt-order-1,"ap_fixed<16,6,AP_RND,AP_SAT>",False,True,1000.0,0.019683837890625,-1.7058902203023867,1.0,0.10000000149011612,0.37905630469322205,0.0,3.869147777557373,3.869147777557373,3.5160802383338456,3.5160802383338456,0.04582039043184497,0.04582039043184497,0.04582039043184497,0.04582039043184497,0.9967483018983206,0.9996748301849867,0.04582039043184495,0.04582039043184495,1.0,0.0,0.0,1.0,1.0
0.014876473740795015,1.8025009252216606,gt-order-1,"ap_fixed<16,6,AP_RND,AP_SAT>",False,True,1000.0,0.0154266357421875,-1.8117287750045459,1.0,0.10000000149011612,0.37018612027168274,0.0,3.8662376403808594,3.8662376403808594,3.5160802383338456,3.5160802383338456,0.05230687517522255,0.05230687517522255,0.05230687517522255,0.05230687517522255,0.996287980850686,0.9996287980795372,0.05230687517522252,0.05230687517522252,1.0,0.0,0.0,1.0,1.0
0.016982436524617443,1.8025009252216606,gt-order-1,"ap_fixed<16,6,AP_RND,AP_SAT>",False,True,1000.0,0.0124359130859375,-1.9053223218487998,1.0,0.10000000149011612,0.3735732436180115,0.0,3.7499372959136963,3.7499372959136963,3.516080238333846,3.516080238333846,0.059711608251667186,0.059711608251667186,0.059711608251667186,0.059711608251667186,0.9957624952260287,0.9995762495162887,0.059711608251667124,0.059711608251667124,1.0,0.0,0.0,1.0,1.0
0.019386526359522076,1.8025009252216606,gt-order-1,"ap_fixed<16,6,AP_RND,AP_SAT>",False,True,1000.0,0.009552001953125,-2.0199055973678033,1.0,0.10000000149011612,0.3735946714878082,0.0,3.7499372959136963,3.7499372959136963,3.5160802383338456,3.5160802383338456,0.06816458165189893,0.06816458165189893,0.06816458165189893,0.06816458165189893,0.9951626199892611,0.999516261991718,0.06816458165189888,0.06816458165189888,1.0,0.0,0.0,1.0,1.0
0.022130947096056376,1.8025009252216606,gt-order-1,"ap_fixed<16,6,AP_RND,AP_SAT>",False,True,1000.0,0.00732421875,-2.1352386931888163,1.0,0.10000000149011612,0.3820742070674896,0.0,3.7447826862335205,3.7447826862335205,3.5160802383338456,3.5160802383338456,0.0778141873715716,0.0778141873715716,0.0778141873715716,0.0778141873715716,0.994477824327223,0.9994477824244936,0.07781418737157157,0.07781418737157157,1.0,0.0,0.0,1.0,1.0
0.025263877101318954,1.8025009252216606,gt-order-1,"ap_fixed<16,6,AP_RND,AP_SAT>",False,True,1000.0,0.00531005859375,-2.274900686595331,1.0,0.10000000149011612,0.36085495352745056,0.0,3.702683210372925,3.702683210372925,3.516080238333846,3.516080238333846,0.08882982072216843,0.08882982072216843,0.08882982072216843,0.08882982072216843,0.9936960869016502,0.9993696086807712,0.08882982072216834,0.08882982072216834,1.0,0.0,0.0,1.0,1.0
0.028840315031266057,1.8025009252216606,gt-order-1,"ap_fixed<16,6,AP_RND,AP_SAT>",False,True,1000.0,0.0040130615234375,-2.396524182025721,1.0,0.10000000149011612,0.3690815269947052,0.0,3.702683210372925,3.702683210372925,3.5160802383338456,3.5160802383338456,0.10140486022146102,0.10140486022146102,0.10140486022146102,0.10140486022146102,0.9928036843777298,0.9992803684270495,0.10140486022146093,0.10140486022146093,1.0,0.0,0.0,1.0,1.0
0.03292304533334065,1.8025009252216606,gt-order-1,"ap_fixed<16,6,AP_RND,AP_SAT>",False,True,1000.0,0.00299072265625,-2.524223859122009,1.0,0.10000000149011612,0.37108302116394043,0.0,3.626612901687622,3.626612901687622,3.5160802383338456,3.5160802383338456,0.11576007318260567,0.11576007318260567,0.11576007318260567,0.11576007318260567,0.99178494974245,0.9991784949620036,0.11576007318260556,0.11576007318260556,1.0,0.0,0.0,1.0,1.0
0.037583740428844416,1.8025009252216606,gt-order-1,"ap_fixed<16,6,AP_RND,AP_SAT>",False,True,1000.0,0.002288818359375,-2.640388671378272,1.0,0.10000000149011612,0.3615822494029999,0.0,3.647216558456421,3.647216558456421,3.5160802383338456,3.5160802383338456,0.1321474535510862,0.1321474535510862,0.1321474535510862,0.1321474535510862,0.9906219999479704,0.9990621999808225,0.13214745355108612,0.13214745355108612,1.0,0.0,0.0,1.0,1.0
0.04290421892388853,1.8025009252216606,gt-order-1,"ap_fixed<16,6,AP_RND,AP_SAT>",False,True,1000.0,0.0016937255859375,-2.771156951580628,1.0,0.10000000149011612,0.36309218406677246,0.0,3.6251299381256104,3.6251299381256104,3.5160802383338456,3.5160802383338456,0.15085468191658793,0.15085468191658793,0.15085468191658793,0.15085468191658793,0.9892944194016134,0.9989294419242088,0.15085468191658777,0.15085468191658777,1.0,0.0,0.0,1.0,1.0
0.04897788193684462,1.8025009252216606,gt-order-1,"ap_fixed<16,6,AP_RND,AP_SAT>",False,True,1000.0,0.001373291015625,-2.8622374208681305,1.0,0.10000000149011612,0.38652560114860535,0.0,3.589380979537964,3.589380979537964,3.516080238333846,3.516080238333846,0.17221016185533408,0.17221016185533408,0.17221016185533408,0.17221016185533408,0.987778902555886,0.9987778902373777,0.1722101618553339,0.1722101618553339,1.0,0.0,0.0,1.0,1.0
0.05591135275705602,1.8025009252216606,gt-order-1,"ap_fixed<16,6,AP_RND,AP_SAT>",False,True,1000.0,0.0010223388671875,-2.990405127498068,1.0,0.10000000149011612,0.3513754606246948,0.0,3.580915927886963,3.580915927886963,3.516080238333846,3.516080238333846,0.19658879633312948,0.19658879633312948,0.19658879633312948,0.19658879633312948,0.9860488439792157,0.9986048843771328,0.19658879633312926,0.19658879633312926,1.0,0.0,0.0,1.0,1.0
0.06382634861905485,1.8025009252216606,gt-order-1,"ap_fixed<16,6,AP_RND,AP_SAT>",False,True,1000.0,0.0007476806640625,-3.12628385001433,1.0,0.10000000149011612,0.389925092458725,0.0,3.566981077194214,3.566981077194214,3.5160802383338456,3.5160802383338456,0.2244185500135806,0.2244185500135806,0.2244185500135806,0.2244185500135806,0.984073872654003,0.9984073872416683,0.22441855001358038,0.22441855001358038,1.0,0.0,0.0,1.0,1.0
0.07286181745132274,1.8025009252216606,gt-order-1,"ap_fixed<16,6,AP_RND,AP_SAT>",False,True,1000.0,0.0005645751953125,-3.248278205787463,1.0,0.10000000149011612,0.4084374010562897,0.0,3.562242269515991,3.562242269515991,3.5160802383338456,3.5160802383338456,0.2561880070462049,0.2561880070462049,0.2561880070462049,0.2561880070462049,0.9818193156292644,0.9981819315358351,0.2561880070462048,0.2561880070462048,1.0,0.0,0.0,1.0,1.0
0.08317637711026708,1.8025009252216606,gt-order-1,"ap_fixed<16,6,AP_RND,AP_SAT>",False,True,1000.0,0.0004119873046875,-3.3851161654105666,1.0,0.10000000149011612,0.44980281591415405,0.0,3.5533010959625244,3.5533010959625244,3.5160802383338456,3.5160802383338456,0.2924548064486536,0.2924548064486536,0.2924548064486536,0.2924548064486536,0.9792455993937742,0.9979245599084512,0.29245480644865357,0.29245480644865357,1.0,0.0,0.0,1.0,1.0
0.09495109992021983,1.8025009252216606,gt-order-1,"ap_fixed<16,6,AP_RND,AP_SAT>",False,True,1000.0,0.000335693359375,-3.474057248507769,1.0,0.10000000149011612,0.4117000997066498,0.0,3.5394153594970703,3.5394153594970703,3.5160802383338456,3.5160802383338456,0.3338556885945452,0.3338556885945452,0.3338556885945452,0.3338556885945452,0.9763075369151948,0.9976307536562152,0.33385568859454495,0.33385568859454495,1.0,0.0,0.0,1.0,1.0
0.10839269140212034,1.8025009252216606,gt-order-1,"ap_fixed<16,6,AP_RND,AP_SAT>",False,True,1000.0,0.0002288818359375,-3.6403886696705565,1.0,0.10000000149011612,0.4070286452770233,0.0,3.5342178344726562,3.5342178344726562,3.5160802383338456,3.5160802383338456,0.3811174061969925,0.3811174061969925,0.3811174061969925,0.3811174061969925,0.9729535533292497,0.9972953552926227,0.3811174061969922,0.3811174061969922,1.0,0.0,0.0,1.0,1.0
0.12373711899353519,1.8025009252216606,gt-order-1,"ap_fixed<16,6,AP_RND,AP_SAT>",False,True,1000.0,0.0001983642578125,-3.7025365761274838,1.0,0.10000000149011612,0.46286872029304504,0.0,3.5282387733459473,3.5282387733459473,3.516080238333846,3.516080238333846,0.4350696393503293,0.4350696393503293,0.4350696393503293,0.4350696393503293,0.96912476940854,0.9969124768948462,0.4350696393503289,0.4350696393503289,1.0,0.0,0.0,1.0,1.0
0.1412537544622754,1.8025009252216606,gt-order-1,"ap_fixed<16,6,AP_RND,AP_SAT>",False,True,1000.0,0.0001678466796875,-3.7750872428780267,1.0,0.10000000149011612,0.45868244767189026,0.0,3.5265886783599854,3.5265886783599854,3.5160802383338456,3.5160802383338456,0.49665953477586583,0.49665953477586583,0.49665953477586583,0.49665953477586583,0.9647539697678045,0.9964753969242597,0.4966595347758657,0.4966595347758657,1.0,0.0,0.0,1.0,1.0
0.16125010273377416,1.8025009252216606,gt-order-1,"ap_fixed<16,6,AP_RND,AP_SAT>",False,True,1000.0,0.0001068115234375,-3.9713818865434534,1.0,0.10000000149011612,0.47152096033096313,0.0,3.5174620151519775,3.5174620151519775,3.5160802383338456,3.5160802383338456,0.5669682884211044,0.5669682884211044,0.5669682884211044,0.5669682884211044,0.9597644260601891,0.9959764425460631,0.5669682884211038,0.5669682884211038,1.0,0.0,0.0,1.0,1.0
0.18407720014689555,1.8025009252216606,gt-order-1,"ap_fixed<16,6,AP_RND,AP_SAT>",False,True,1000.0,6.103515625e-05,-4.214419932180256,1.0,0.10000000149011612,0.41967615485191345,0.0,3.515177011489868,3.515177011489868,3.516080238333845,3.516080238333845,0.6472302167586761,0.6472302167586761,0.6472302167586761,0.6472302167586761,0.9540685435600029,0.995406854287557,0.647230216758676,0.647230216758676,1.0,0.0,0.0,1.0,1.0
0.21013577690467466,1.8025009252216606,gt-order-1,"ap_fixed<16,6,AP_RND,AP_SAT>",False,True,1000.0,6.103515625e-05,-4.214419932180256,1.0,0.10000000149011612,0.37021055817604065,0.0,3.513942241668701,3.513942241668701,3.5160802383338456,3.5160802383338456,0.7388542381944874,0.7388542381944874,0.7388542381944874,0.7388542381944874,0.9475663367092289,0.9947566335927904,0.7388542381944869,0.7388542381944869,1.0,0.0,0.0,1.0,1.0
0.239883291901949,1.8025009252216606,gt-order-1,"ap_fixed<16,6,AP_RND,AP_SAT>",False,True,1000.0,3.0517578125e-05,-4.515449920728757,1.0,0.10000000149011612,0.6674238443374634,0.0,3.5096278190612793,3.5096278190612793,3.5160802383338456,3.5160802383338456,0.8434488910491549,0.8434488910491549,0.8434488910491549,0.8434488910491549,0.9401436536869339,0.9940143652795003,0.8434488910491543,0.8434488910491543,1.0,0.0,0.0,1.0,1.0
0.27384196342643613,1.8025009252216606,gt-order-1,"ap_fixed<16,6,AP_RND,AP_SAT>",False,True,1000.0,3.0517578125e-05,-4.515449920728757,1.0,0.10000000149011612,0.5916079878807068,0.0,3.505584239959717,3.505584239959717,3.5160802383338456,3.5160802383338456,0.9628503641759525,0.9628503641759525,0.9628503641759525,0.9628503641759525,0.9316701871833762,0.9931670186165181,0.9628503641759523,0.9628503641759523,1.0,0.0,0.0,1.0,1.0
0.3126079367123954,1.8025009252216606,gt-order-1,"ap_fixed<16,6,AP_RND,AP_SAT>",False,True,1000.0,1.52587890625e-05,-4.816479902161777,1.0,0.10000000149011612,0.7358237504959106,0.0,3.5027353763580322,3.5027353763580322,3.5160802383338465,3.5160802383338465,1.0991546142856705,1.0991546142856705,1.0991546142856705,1.0991546142856705,0.9219971951561278,0.9921997193993795,1.0991546142856696,1.0991546142856696,1.0,0.0,0.0,1.0,1.0
0.35686174928348097,1.8025009252216606,gt-order-1,"ap_fixed<16,6,AP_RND,AP_SAT>",False,True,1000.0,1.52587890625e-05,-4.816479902161777,1.0,0.10000000149011612,0.6815542578697205,0.0,3.5003137588500977,3.5003137588500977,3.516080238333846,3.516080238333846,1.254754513064602,1.254754513064602,1.254754513064602,1.254754513064602,0.9109548646409918,0.9910954863314116,1.2547545130646012,1.2547545130646012,1.0,0.0,0.0,1.0,1.0
0.4073802778041126,1.8025009252216606,gt-order-1,"ap_fixed<16,6,AP_RND,AP_SAT>",False,True,1000.0,1.52587890625e-05,-4.816479902161777,1.0,0.10000000149011612,0.7537783980369568,0.0,3.4968392848968506,3.4968392848968506,3.5160802383338456,3.5160802383338456,1.4323817621172668,1.4323817621172668,1.4323817621172668,1.4323817621172668,0.8983493372086082,0.9898349335693895,1.4323817621172656,1.4323817621172656,1.0,0.0,0.0,1.0,1.0
0.46505037616660627,1.8025009252216606,gt-order-1,"ap_fixed<16,6,AP_RND,AP_SAT>",False,True,1000.0,0.0,-12.0,1.0,0.10000000149011612,0.6401844024658203,0.0,3.4974846839904785,3.4974846839904785,3.5160802383338456,3.5160802383338456,1.6351544140327194,1.6351544140327194,1.6351544140327194,1.6351544140327194,0.8839593365758812,0.9883959334846739,1.6351544140327188,1.6351544140327188,1.0,0.0,0.0,1.0,1.0
0.5308844442309882,1.8025009252216606,gt-order-1,"ap_fixed<16,6,AP_RND,AP_SAT>",False,True,1000.0,0.0,-12.0,1.0,0.10000000149011612,0.8825226426124573,0.0,3.49666690826416,3.49666690826416,3.5160802383338465,3.5160802383338465,1.8666323048963003,1.8666323048963003,1.8666323048963003,1.8666323048963003,0.8675322347723401,0.9867532232798415,1.8666323048962987,1.8666323048962987,1.0,0.0,0.0,1.0,1.0
0.606038200527066,1.8025009252216606,gt-order-1,"ap_fixed<16,6,AP_RND,AP_SAT>",False,True,1000.0,0.0,-12.0,1.0,0.10000000149011612,0.6246950626373291,0.0,3.496175527572632,3.496175527572632,3.5160802383338456,3.5160802383338456,2.130878983617503,2.130878983617503,2.130878983617503,2.130878983617503,1.1308789836175022,1.1308789836175022,2.130878983617501,2.130878983617501,1.0,0.0,0.0,1.0,1.0
0.6918309709189363,1.8025009252216606,gt-order-1,"ap_fixed<16,6,AP_RND,AP_SAT>",False,True,1000.0,0.0,-12.0,1.0,0.10000000149011612,0.5393598675727844,0.0,3.494840145111084,3.494840145111084,3.516080238333846,3.516080238333846,2.432533281694679,2.432533281694679,2.432533281694679,2.432533281694679,1.432533281694677,1.432533281694677,2.4325332816946763,2.4325332816946763,1.0,0.0,0.0,1.0,1.0
0.7897688493998856,1.8025009252216606,gt-order-1,"ap_fixed<16,6,AP_RND,AP_SAT>",False,True,1000.0,0.0,-12.0,1.0,0.10000000149011612,0.5121475458145142,0.0,3.499999523162842,3.499999523162842,3.5160802383338456,3.5160802383338456,2.7768907329912644,2.7768907329912644,2.7768907329912644,2.7768907329912644,1.7768907329912624,1.7768907329912624,2.776890732991262,2.776890732991262,1.0,0.0,0.0,1.0,1.0
0.9015711376059565,1.8025009252216606,gt-order-1,"ap_fixed<16,6,AP_RND,AP_SAT>",False,True,1000.0,0.0,-12.0,1.0,0.10000000149011612,0.5773502588272095,0.0,3.4915452003479004,3.4915452003479004,3.5160802383338456,3.5160802383338456,3.1699965201212734,3.1699965201212734,3.1699965201212734,3.1699965201212734,2.169996520121271,2.169996520121271,3.1699965201212725,3.1699965201212725,1.0,0.0,0.0,1.0,1.0
1.0292005271944276,1.8025009252216606,gt-order-1,"ap_fixed<16,6,AP_RND,AP_SAT>",False,True,1000.0,0.0,-12.0,0.48767566680908203,0.10000000149011612,0.5222329497337341,0.0,3.5641438961029053,3.5641438961029053,3.5160802383338456,3.5160802383338456,3.6187517288290927,3.2987632458760996,3.6187517288290927,3.2987632458760996,2.6187517288290905,2.298763245876099,3.61875172882909,1.7647771623732447,1.0,0.0,0.0,1.0,1.0
1.174897554939529,1.8025009252216606,gt-order-1,"ap_fixed<16,6,AP_RND,AP_SAT>",False,True,1000.0,0.0,-12.0,0.8511383533477783,0.10000000149011612,0.5222329497337341,0.0,3.499999523162842,3.499999523162842,3.5160802383338456,3.5160802383338456,4.1310340630245195,3.516081530026272,4.1310340630245195,3.516081530026272,3.1310340630245173,2.51608153002627,4.131034063024516,3.5160815300262684,1.0,0.0,0.0,1.0,1.0
1.3412199354053709,1.8025009252216606,gt-order-1,"ap_fixed<16,6,AP_RND,AP_SAT>",False,True,1000.0,0.0,-12.0,0.7455901503562927,0.10000000149011612,0.492664635181427,0.0,3.499999523162842,3.499999523162842,3.516080238333846,3.516080238333846,4.715836792817888,3.70446936734745,4.715836792817888,3.70446936734745,3.715836792817884,2.7044693673474436,4.715836792817886,3.516081463412825,1.0,0.0,0.0,1.0,1.0
1.5310874616820287,1.8025009252216606,gt-order-1,"ap_fixed<16,6,AP_RND,AP_SAT>",False,True,1000.0,0.0,-12.0,0.6531307697296143,0.10000000149011612,0.7071068286895752,0.0,3.499999523162842,3.499999523162842,3.5160802383338456,3.5160802383338456,5.383426564279406,3.859179511790585,5.383426564279406,3.859179511790585,4.383426564279403,2.8591795117905825,5.383426564279402,3.5160815357106583,1.0,0.0,0.0,1.0,1.0
1.7478332624182173,1.8025009252216606,gt-order-1,"ap_fixed<16,6,AP_RND,AP_SAT>",False,True,1000.0,0.0,-12.0,0.572137176990509,0.10000000149011612,0.5330017805099487,0.0,3.501828908920288,3.501828908920288,3.5160802383338456,3.5160802383338456,6.1455219570951645,4.143070599625646,6.1455219570951645,4.143070599625646,5.145521957095163,3.143070599625644,6.145521957095161,3.516081583665614,1.0,0.0,0.0,1.0,1.0
1.9952623149688795,1.8025009252216606,gt-order-1,"ap_fixed<16,6,AP_RND,AP_SAT>",False,True,1000.0,0.0,-12.0,0.5011874437332153,0.10000000149011612,0.6299408078193665,0.0,3.499999523162842,3.499999523162842,3.5160802383338456,3.5160802383338456,7.0155022209818725,3.997561674714622,7.0155022209818725,3.997561674714622,6.015502220981868,2.9975616747146185,7.0155022209818645,3.5160816246385957,1.0,0.0,0.0,1.0,1.0
0.01,1.8660659830736148,gt-order-1,"ap_fixed<16,6,AP_RND,AP_SAT>",False,True,1000.0,0.0289306640625,-1.53864159760664,1.0,0.10000000149011612,0.39817699790000916,0.0,4.288350582122803,4.288350582122803,3.768441489143334,3.768441489143334,0.037684414049121026,0.037684414049121026,0.037684414049121026,0.037684414049121026,0.9973256810698304,0.9997325681029979,0.037684414049121005,0.037684414049121005,1.0,0.0,0.0,1.0,1.0
0.011415633046188459,1.8660659830736148,gt-order-1,"ap_fixed<16,6,AP_RND,AP_SAT>",False,True,1000.0,0.02325439453125,-1.6334949636014418,1.0,0.10000000149011612,0.3954382538795471,0.0,4.288350582122803,4.288350582122803,3.768441489143334,3.768441489143334,0.04301914642752105,0.04301914642752105,0.04301914642752105,0.04301914642752105,0.9969470954888433,0.9996947095443351,0.043019146427521006,0.043019146427521006,1.0,0.0,0.0,1.0,1.0
0.013031667784522994,1.8660659830736148,gt-order-1,"ap_fixed<16,6,AP_RND,AP_SAT>",False,True,1000.0,0.0183258056640625,-1.7369369231970946,1.0,0.10000000149011612,0.39360591769218445,0.0,4.144238471984863,4.144238471984863,3.7684414891433335,3.7684414891433335,0.04910907847596053,0.04910907847596053,0.04910907847596053,0.04910907847596053,0.9965149162717442,0.9996514916219812,0.04910907847596049,0.04910907847596049,1.0,0.0,0.0,1.0,1.0
0.014876473740795015,1.8660659830736148,gt-order-1,"ap_fixed<16,6,AP_RND,AP_SAT>",False,True,1000.0,0.0142669677734375,-1.8456683197207409,1.0,0.10000000149011612,0.3701355457305908,0.0,4.1738457679748535,4.1738457679748535,3.768441489143334,3.768441489143334,0.05606112068453723,0.05606112068453723,0.05606112068453723,0.05606112068453723,0.9960215563893933,0.9996021556330107,0.0560611206845372,0.0560611206845372,1.0,0.0,0.0,1.0,1.0
0.016982436524617443,1.8660659830736148,gt-order-1,"ap_fixed<16,6,AP_RND,AP_SAT>",False,True,1000.0,0.0114288330078125,-1.9419981128862327,1.0,0.10000000149011612,0.3851684331893921,0.0,4.043025493621826,4.043025493621826,3.768441489143334,3.768441489143334,0.06399731708787325,0.06399731708787325,0.06399731708787325,0.06399731708787325,0.9954583548427983,0.9995458354775123,0.06399731708787323,0.06399731708787323,1.0,0.0,0.0,1.0,1.0
0.019386526359522076,1.8660659830736148,gt-order-1,"ap_fixed<16,6,AP_RND,AP_SAT>",False,True,1000.0,0.00885009765625,-2.0530519370116895,1.0,0.10000000149011612,0.3840145468711853,0.0,4.043025493621826,4.043025493621826,3.768441489143334,3.768441489143334,0.07305698965187399,0.07305698965187399,0.07305698965187399,0.07305698965187399,0.9948154244841767,0.9994815424406919,0.07305698965187395,0.07305698965187395,1.0,0.0,0.0,1.0,1.0
0.022130947096056376,1.8660659830736148,gt-order-1,"ap_fixed<16,6,AP_RND,AP_SAT>",False,True,1000.0,0.0066375732421875,-2.177990673603632,1.0,0.10000000149011612,0.39951542019844055,0.0,3.9626219272613525,3.9626219272613525,3.768441489143334,3.768441489143334,0.08339918097943055,0.08339918097943055,0.08339918097943055,0.08339918097943055,0.9940814786674611,0.9994081478579268,0.08339918097943044,0.08339918097943044,1.0,0.0,0.0,1.0,1.0
0.025263877101318954,1.8660659830736148,gt-order-1,"ap_fixed<16,6,AP_RND,AP_SAT>",False,True,1000.0,0.0050506591796875,-2.2966519367619926,1.0,0.10000000149011612,0.3888891637325287,0.0,3.983445644378662,3.983445644378662,3.7684414891433344,3.7684414891433344,0.09520544446995063,0.09520544446995063,0.09520544446995063,0.09520544446995063,0.9932436332413358,0.9993243633140657,0.09520544446995058,0.09520544446995058,1.0,0.0,0.0,1.0,1.0
0.028840315031266057,1.8660659830736148,gt-order-1,"ap_fixed<16,6,AP_RND,AP_SAT>",False,True,1000.0,0.0037994384765625,-2.420280583413658,1.0,0.10000000149011612,0.40011581778526306,0.0,3.9350831508636475,3.9350831508636475,3.768441489143334,3.768441489143334,0.10868303808687167,0.10868303808687167,0.10868303808687167,0.10868303808687167,0.9922871798997532,0.9992287179784823,0.10868303808687158,0.10868303808687158,1.0,0.0,0.0,1.0,1.0
0.03292304533334065,1.8660659830736148,gt-order-1,"ap_fixed<16,6,AP_RND,AP_SAT>",False,True,1000.0,0.0029449462890625,-2.5309226214684544,1.0,0.10000000149011612,0.3783933222293854,0.0,3.8932440280914307,3.8932440280914307,3.768441489143334,3.768441489143334,0.1240685743776761,0.1240685743776761,0.1240685743776761,0.1240685743776761,0.9911953271539552,0.9991195327022756,0.12406857437767602,0.12406857437767602,1.0,0.0,0.0,1.0,1.0
0.037583740428844416,1.8660659830736148,gt-order-1,"ap_fixed<16,6,AP_RND,AP_SAT>",False,True,1000.0,0.0022430419921875,-2.6491625956819047,1.0,0.10000000149011612,0.3918730616569519,0.0,3.8727734088897705,3.8727734088897705,3.7684414891433344,3.7684414891433344,0.14163213376567765,0.14163213376567765,0.14163213376567765,0.14163213376567765,0.9899489084278669,0.9989948908278093,0.14163213376567751,0.14163213376567751,1.0,0.0,0.0,1.0,1.0
0.04290421892388853,1.8660659830736148,gt-order-1,"ap_fixed<16,6,AP_RND,AP_SAT>",False,True,1000.0,0.0016937255859375,-2.771156951580628,1.0,0.10000000149011612,0.3824392259120941,0.0,3.875523328781128,3.875523328781128,3.768441489143334,3.768441489143334,0.1616820446723872,0.1616820446723872,0.1616820446723872,0.1616820446723872,0.9885260428310676,0.9988526042660092,0.16168204467238703,0.16168204467238703,1.0,0.0,0.0,1.0,1.0
0.04897788193684462,1.8660659830736148,gt-order-1,"ap_fixed<16,6,AP_RND,AP_SAT>",False,True,1000.0,0.001220703125,-2.9133899432759813,1.0,0.10000000149011612,0.35716742277145386,0.0,3.881448984146118,3.881448984146118,3.768441489143334,3.768441489143334,0.1845702813355739,0.1845702813355739,0.1845702813355739,0.1845702813355739,0.9869017520962617,0.998690175190108,0.18457028133557374,0.18457028133557374,1.0,0.0,0.0,1.0,1.0
0.05591135275705602,1.8660659830736148,gt-order-1,"ap_fixed<16,6,AP_RND,AP_SAT>",False,True,1000.0,0.000946044921875,-3.024088240666382,1.0,0.10000000149011612,0.38897204399108887,0.0,3.8606138229370117,3.8606138229370117,3.768441489143334,3.768441489143334,0.21069865480475225,0.21069865480475225,0.21069865480475225,0.21069865480475225,0.9850475212279752,0.9985047521005164,0.2106986548047521,0.2106986548047521,1.0,0.0,0.0,1.0,1.0
0.06382634861905485,1.8660659830736148,gt-order-1,"ap_fixed<16,6,AP_RND,AP_SAT>",False,True,1000.0,0.00067138671875,-3.1730272534906496,1.0,0.10000000149011612,0.36487820744514465,0.0,3.832848310470581,3.832848310470581,3.768441489143334,3.768441489143334,0.24052584624898055,0.24052584624898055,0.24052584624898055,0.24052584624898055,0.9829307993755635,0.9982930799121211,0.24052584624898035,0.24052584624898035,1.0,0.0,0.0,1.0,1.0
0.07286181745132274,1.8660659830736148,gt-order-1,"ap_fixed<16,6,AP_RND,AP_SAT>",False,True,1000.0,0.00048828125,-3.311329951414358,1.0,0.10000000149011612,0.3723415434360504,0.0,3.8296940326690674,3.8296940326690674,3.7684414891433335,3.7684414891433335,0.2745755071935868,0.2745755071935868,0.2745755071935868,0.2745755071935868,0.9805144249903512,0.9980514424699993,0.27457550719358664,0.27457550719358664,1.0,0.0,0.0,1.0,1.0
0.08317637711026708,1.8660659830736148,gt-order-1,"ap_fixed<16,6,AP_RND,AP_SAT>",False,True,1000.0,0.000396728515625,-3.4015065815581917,1.0,0.10000000149011612,0.46546605229377747,0.0,3.8167648315429688,3.8167648315429688,3.768441489143334,3.768441489143334,0.3134453003389758,0.3134453003389758,0.3134453003389758,0.3134453003389758,0.9777559842332519,0.9977755983901789,0.3134453003389755,0.3134453003389755,1.0,0.0,0.0,1.0,1.0
0.09495109992021983,1.8660659830736148,gt-order-1,"ap_fixed<16,6,AP_RND,AP_SAT>",False,True,1000.0,0.0002899169921875,-3.5377263281728744,1.0,0.10000000149011612,0.39881518483161926,0.0,3.8054416179656982,3.8054416179656982,3.768441489143334,3.768441489143334,0.35781766711967317,0.35781766711967317,0.35781766711967317,0.35781766711967317,0.9746070468422291,0.9974607046463844,0.35781766711967294,0.35781766711967294,1.0,0.0,0.0,1.0,1.0
0.10839269140212034,1.8660659830736148,gt-order-1,"ap_fixed<16,6,AP_RND,AP_SAT>",False,True,1000.0,0.000213623046875,-3.6703518929124668,1.0,0.10000000149011612,0.46449264883995056,0.0,3.784384250640869,3.784384250640869,3.768441489143334,3.768441489143334,0.40847152180691304,0.40847152180691304,0.40847152180691304,0.40847152180691304,0.9710123362465014,0.9971012335814551,0.40847152180691265,0.40847152180691265,1.0,0.0,0.0,1.0,1.0
0.12373711899353519,1.8660659830736148,gt-order-1,"ap_fixed<16,6,AP_RND,AP_SAT>",False,True,1000.0,0.00018310546875,-3.7372986822042473,1.0,0.10000000149011612,0.44684237241744995,0.0,3.789494752883911,3.789494752883911,3.768441489143334,3.768441489143334,0.46629609350761836,0.46629609350761836,0.46629609350761836,0.46629609350761836,0.9669087472527442,0.9966908746759644,0.4662960935076178,0.4662960935076178,1.0,0.0,0.0,1.0,1.0
0.1412537544622754,1.8660659830736148,gt-order-1,"ap_fixed<16,6,AP_RND,AP_SAT>",False,True,1000.0,0.0001373291015625,-3.8622374180219383,1.0,0.10000000149011612,0.4435453712940216,0.0,3.77945876121521,3.77945876121521,3.768441489143334,3.768441489143334,0.5323065089421577,0.5323065089421577,0.5323065089421577,0.5323065089421577,0.9622242401948696,0.9962224239631966,0.5323065089421574,0.5323065089421574,1.0,0.0,0.0,1.0,1.0
0.16125010273377416,1.8660659830736148,gt-order-1,"ap_fixed<16,6,AP_RND,AP_SAT>",False,True,1000.0,9.1552734375e-05,-4.038328675496402,1.0,0.10000000149011612,0.5411159992218018,0.0,3.775911808013916,3.775911808013916,3.768441489143334,3.768441489143334,0.6076615652341119,0.6076615652341119,0.6076615652341119,0.6076615652341119,0.9568765796670209,0.9956876579024431,0.6076615652341115,0.6076615652341115,1.0,0.0,0.0,1.0,1.0
0.18407720014689555,1.8660659830736148,gt-order-1,"ap_fixed<16,6,AP_RND,AP_SAT>",False,True,1000.0,6.103515625e-05,-4.214419932180256,1.0,0.10000000149011612,0.44323012232780457,0.0,3.770146369934082,3.770146369934082,3.768441489143334,3.768441489143334,0.693684170022358,0.693684170022358,0.693684170022358,0.693684170022358,0.950771883966887,0.995077188323333,0.6936841700223576,0.6936841700223576,1.0,0.0,0.0,1.0,1.0
0.21013577690467466,1.8660659830736148,gt-order-1,"ap_fixed<16,6,AP_RND,AP_SAT>",False,True,1000.0,4.57763671875e-05,-4.339358666416729,1.0,0.10000000149011612,0.6213697791099548,0.0,3.7626333236694336,3.7626333236694336,3.768441489143334,3.768441489143334,0.791884364664243,0.791884364664243,0.791884364664243,0.791884364664243,0.9438029912269111,0.9943802990389508,0.7918843646642423,0.7918843646642423,1.0,0.0,0.0,1.0,1.0
0.239883291901949,1.8660659830736148,gt-order-1,"ap_fixed<16,6,AP_RND,AP_SAT>",False,True,1000.0,3.0517578125e-05,-4.515449920728757,1.0,0.10000000149011612,0.504694938659668,0.0,3.7620487213134766,3.7620487213134766,3.768441489143334,3.768441489143334,0.9039861378441556,0.9039861378441556,0.9039861378441556,0.9039861378441556,0.9358475565549039,0.9935847555598957,0.9039861378441549,0.9039861378441549,1.0,0.0,0.0,1.0,1.0
0.27384196342643613,1.8660659830736148,gt-order-1,"ap_fixed<16,6,AP_RND,AP_SAT>",False,True,1000.0,1.52587890625e-05,-4.816479902161777,1.0,0.10000000149011612,0.4656330943107605,0.0,3.763115882873535,3.763115882873535,3.768441489143334,3.768441489143334,1.0319574680459591,1.0319574680459591,1.0319574680459591,1.0319574680459591,0.9267659200345214,0.9926765918943249,1.0319574680459584,1.0319574680459584,1.0,0.0,0.0,1.0,1.0
0.3126079367123954,1.8660659830736148,gt-order-1,"ap_fixed<16,6,AP_RND,AP_SAT>",False,True,1000.0,1.52587890625e-05,-4.816479902161777,1.0,0.10000000149011612,0.6166698336601257,0.0,3.756035566329956,3.756035566329956,3.7684414891433335,3.7684414891433335,1.1780447460494423,1.1780447460494423,1.1780447460494423,1.1780447460494423,0.9163986638921686,0.9916398662646411,1.1780447460494416,1.1780447460494416,1.0,0.0,0.0,1.0,1.0
0.35686174928348097,1.8660659830736148,gt-order-1,"ap_fixed<16,6,AP_RND,AP_SAT>",False,True,1000.0,1.52587890625e-05,-4.816479902161777,1.0,0.10000000149011612,0.6227991580963135,0.0,3.7492728233337402,3.7492728233337402,3.768441489143334,3.768441489143334,1.3448125882255615,1.3448125882255615,1.3448125882255615,1.3448125882255615,0.9045637870995019,0.9904563785677392,1.3448125882255604,1.3448125882255604,1.0,0.0,0.0,1.0,1.0
0.4073802778041126,1.8660659830736148,gt-order-1,"ap_fixed<16,6,AP_RND,AP_SAT>",False,True,1000.0,0.0,-12.0,1.0,0.10000000149011612,0.5720775723457336,0.0,3.7533366680145264,3.7533366680145264,3.768441489143334,3.768441489143334,1.5351887598597032,1.5351887598597032,1.5351887598597032,1.5351887598597032,0.8910535173367605,0.9891053515713332,1.5351887598597018,1.5351887598597018,1.0,0.0,0.0,1.0,1.0
0.46505037616660627,1.8660659830736148,gt-order-1,"ap_fixed<16,6,AP_RND,AP_SAT>",False,True,1000.0,0.0,-12.0,1.0,0.10000000149011612,0.6221710443496704,0.0,3.750218629837036,3.750218629837036,3.768441489143334,3.768441489143334,1.7525151069694354,1.7525151069694354,1.7525151069694354,1.7525151069694354,0.8756306965561943,0.9875630694702948,1.7525151069694338,1.7525151069694338,1.0,0.0,0.0,1.0,1.0
0.5308844442309882,1.8660659830736148,gt-order-1,"ap_fixed<16,6,AP_RND,AP_SAT>",False,True,1000.0,0.0,-12.0,1.0,0.10000000149011612,0.5911975502967834,0.0,3.748854398727417,3.748854398727417,3.768441489143334,3.768441489143334,2.0006069673995226,2.0006069673995226,2.0006069673995226,2.0006069673995226,1.0006069673995217,1.0006069673995217,2.000606967399521,2.000606967399521,1.0,0.0,0.0,1.0,1.0
0.606038200527066,1.8660659830736148,gt-order-1,"ap_fixed<16,6,AP_RND,AP_SAT>",False,True,1000.0,0.0,-12.0,1.0,0.10000000149011612,0.5773502588272095,0.0,3.8770151138305664,3.8770151138305664,3.768441489143334,3.768441489143334,2.2838195450320478,2.2838195450320478,2.2838195450320478,2.2838195450320478,1.2838195450320469,1.2838195450320469,2.2838195450320464,2.2838195450320464,1.0,0.0,0.0,1.0,1.0
0.6918309709189363,1.8660659830736148,gt-order-1,"ap_fixed<16,6,AP_RND,AP_SAT>",False,True,1000.0,0.0,-12.0,1.0,0.10000000149011612,0.6099943518638611,0.0,3.744657039642334,3.744657039642334,3.768441489143334,3.768441489143334,2.6071246163608848,2.6071246163608848,2.6071246163608848,2.6071246163608848,1.607124616360884,1.607124616360884,2.6071246163608848,2.6071246163608848,1.0,0.0,0.0,1.0,1.0
0.7897688493998856,1.8660659830736148,gt-order-1,"ap_fixed<16,6,AP_RND,AP_SAT>",False,True,1000.0,0.0,-12.0,1.0,0.10000000149011612,0.6163156628608704,0.0,3.7457544803619385,3.7457544803619385,3.768441489143334,3.768441489143334,2.9761977940471374,2.9761977940471374,2.9761977940471374,2.9761977940471374,1.9761977940471362,1.9761977940471362,2.976197794047135,2.976197794047135,1.0,0.0,0.0,1.0,1.0
0.9015711376059565,1.8660659830736148,gt-order-1,"ap_fixed<16,6,AP_RND,AP_SAT>",False,True,1000.0,0.0,-12.0,1.0,0.10000000149011612,0.6163156032562256,0.0,3.743607997894287,3.743607997894287,3.768441489143334,3.768441489143334,3.397518144388476,3.397518144388476,3.397518144388476,3.397518144388476,2.3975181443884748,2.3975181443884748,3.397518144388474,3.397518144388474,1.0,0.0,0.0,1.0,1.0
1.0292005271944276,1.8660659830736148,gt-order-1,"ap_fixed<16,6,AP_RND,AP_SAT>",False,True,1000.0,0.0,-12.0,0.9716282486915588,0.10000000149011612,0.4714045226573944,0.0,3.7450673580169678,3.7450673580169678,3.7684414891433335,3.7684414891433335,3.878482067943611,3.7684427392576665,3.878482067943611,3.7684427392576665,2.8784820679436103,2.7684427392576665,3.8784820679436085,3.7684427392576643,1.0,0.0,0.0,1.0,1.0
1.174897554939529,1.8660659830736148,gt-order-1,"ap_fixed<16,6,AP_RND,AP_SAT>",False,True,1000.0,0.0,-12.0,0.8511383533477783,0.10000000149011612,0.4714045226573944,0.0,3.7432360649108887,3.7432360649108887,3.768441489143334,3.768441489143334,4.427532678703291,3.7684428735449975,4.427532678703291,3.7684428735449975,3.4275326787032894,2.768442873544997,4.427532678703289,3.7684428735449957,1.0,0.0,0.0,1.0,1.0
1.3412199354053709,1.8660659830736148,gt-order-1,"ap_fixed<16,6,AP_RND,AP_SAT>",False,True,1000.0,0.0,-12.0,0.7455901503562927,0.10000000149011612,0.4714045524597168,0.0,3.741370439529419,3.741370439529419,3.768441489143334,3.768441489143334,5.054308724906921,3.7684428021504734,5.054308724906921,3.7684428021504734,4.054308724906919,2.7684428021504726,5.054308724906919,3.768442802150472,1.0,0.0,0.0,1.0,1.0
1.5310874616820287,1.8660659830736148,gt-order-1,"ap_fixed<16,6,AP_RND,AP_SAT>",False,True,1000.0,0.0,-12.0,0.6531307697296143,0.10000000149011612,0.4714045226573944,0.0,3.7406046390533447,3.7406046390533447,3.768441489143334,3.768441489143334,5.769813725354649,3.768442879637375,5.769813725354649,3.768442879637375,4.769813725354648,2.7684428796373743,5.769813725354647,3.7684428796373735,1.0,0.0,0.0,1.0,1.0
1.7478332624182173,1.8660659830736148,gt-order-1,"ap_fixed<16,6,AP_RND,AP_SAT>",False,True,1000.0,0.0,-12.0,0.572137176990509,0.10000000149011612,0.4714045226573944,0.0,3.7455241680145264,3.7455241680145264,3.768441489143334,3.768441489143334,6.58660734276447,3.935269571270893,6.58660734276447,3.935269571270893,5.58660734276447,2.935269571270888,6.586607342764464,3.7684429310342185,1.0,0.0,0.0,1.0,1.0
1.9952623149688795,1.8660659830736148,gt-order-1,"ap_fixed<16,6,AP_RND,AP_SAT>",False,True,1000.0,0.0,-12.0,0.5011874437332153,0.10000000149011612,0.4714045524597168,0.0,3.7558767795562744,3.7558767795562744,3.768441489143334,3.768441489143334,7.519029101922077,4.668917244542275,7.519029101922077,4.668917244542275,6.519029101922075,3.66891724454227,7.519029101922071,3.7684429749479764,1.0,0.0,0.0,1.0,1.0
0.01,1.9318726578496912,gt-order-1,"ap_fixed<16,6,AP_RND,AP_SAT>",False,True,1000.0,0.0274505615234375,-1.5614487672623267,1.0,0.10000000149011612,0.40070876479148865,0.0,4.4912333488464355,4.4912333488464355,4.038915583085489,4.038915583085489,0.0403891549280869,0.0403891549280869,0.0403891549280869,0.0403891549280869,0.9971337359449572,0.9997133735902246,0.04038915492808689,0.04038915492808689,1.0,0.0,0.0,1.0,1.0
0.011415633046188459,1.9318726578496912,gt-order-1,"ap_fixed<16,6,AP_RND,AP_SAT>",False,True,1000.0,0.0212554931640625,-1.6725288141793035,1.0,0.10000000149011612,0.3888050317764282,0.0,4.4912333488464355,4.4912333488464355,4.038915583085489,4.038915583085489,0.0461067795208489,0.0461067795208489,0.0461067795208489,0.0461067795208489,0.9967279779666176,0.9996727977917861,0.04610677952084888,0.04610677952084888,1.0,0.0,0.0,1.0,1.0
0.013031667784522994,1.9318726578496912,gt-order-1,"ap_fixed<16,6,AP_RND,AP_SAT>",False,True,1000.0,0.016845703125,-1.7735108572047382,1.0,0.10000000149011612,0.3804045617580414,0.0,4.385094165802002,4.385094165802002,4.0389155830854895,4.0389155830854895,0.05263380707885551,0.05263380707885551,0.05263380707885551,0.05263380707885551,0.9962647797514258,0.9996264779695767,0.05263380707885545,0.05263380707885545,1.0,0.0,0.0,1.0,1.0
0.014876473740795015,1.9318726578496912,gt-order-1,"ap_fixed<16,6,AP_RND,AP_SAT>",False,True,1000.0,0.0129852294921875,-1.8865503705056659,1.0,0.10000000149011612,0.3891223967075348,0.0,4.33572244644165,4.33572244644165,4.038915583085489,4.038915583085489,0.0600848214282574,0.0600848214282574,0.0600848214282574,0.0600848214282574,0.995736009722904,0.9995736009659365,0.06008482142825738,0.06008482142825738,1.0,0.0,0.0,1.0,1.0
0.016982436524617443,1.9318726578496912,gt-order-1,"ap_fixed<16,6,AP_RND,AP_SAT>",False,True,1000.0,0.0100555419921875,-1.9975945159864996,1.0,0.10000000149011612,0.3781448006629944,0.0,4.33572244644165,4.33572244644165,4.038915583085489,4.038915583085489,0.06859062612662024,0.06859062612662024,0.06859062612662024,0.06859062612662024,0.9951323852521878,0.9995132385179654,0.06859062612662022,0.06859062612662022,1.0,0.0,0.0,1.0,1.0
0.019386526359522076,1.9318726578496912,gt-order-1,"ap_fixed<16,6,AP_RND,AP_SAT>",False,True,1000.0,0.0078125,-2.1072099695922786,1.0,0.10000000149011612,0.3765718638896942,0.0,4.336609363555908,4.336609363555908,4.0389155830854895,4.0389155830854895,0.07830054275974617,0.07830054275974617,0.07830054275974617,0.07830054275974617,0.9944433095566813,0.9994443309473882,0.0783005427597461,0.0783005427597461,1.0,0.0,0.0,1.0,1.0
0.022130947096056376,1.9318726578496912,gt-order-1,"ap_fixed<16,6,AP_RND,AP_SAT>",False,True,1000.0,0.0059814453125,-2.2231938635306348,1.0,0.10000000149011612,0.3678058683872223,0.0,4.231966495513916,4.231966495513916,4.0389155830854895,4.0389155830854895,0.08938502896882237,0.08938502896882237,0.08938502896882237,0.08938502896882237,0.9936566859086681,0.9993656685814143,0.0893850289688223,0.0893850289688223,1.0,0.0,0.0,1.0,1.0
0.025263877101318954,1.9318726578496912,gt-order-1,"ap_fixed<16,6,AP_RND,AP_SAT>",False,True,1000.0,0.004638671875,-2.3336063469213206,1.0,0.10000000149011612,0.3668615221977234,0.0,4.251834392547607,4.251834392547607,4.038915583085489,4.038915583085489,0.10203866886936244,0.10203866886936244,0.10203866886936244,0.10203866886936244,0.992758705416703,0.99927587053088,0.10203866886936241,0.10203866886936241,1.0,0.0,0.0,1.0,1.0
0.028840315031266057,1.9318726578496912,gt-order-1,"ap_fixed<16,6,AP_RND,AP_SAT>",False,True,1000.0,0.0035400390625,-2.450991945610119,1.0,0.10000000149011612,0.38233521580696106,0.0,4.1746602058410645,4.1746602058410645,4.038915583085489,4.038915583085489,0.11648359604647257,0.11648359604647257,0.11648359604647257,0.11648359604647257,0.9917336041087113,0.9991733603985532,0.11648359604647252,0.11648359604647252,1.0,0.0,0.0,1.0,1.0
0.03292304533334065,1.9318726578496912,gt-order-1,"ap_fixed<16,6,AP_RND,AP_SAT>",False,True,1000.0,0.0025634765625,-2.59117064872842,1.0,0.10000000149011612,0.36825063824653625,0.0,4.2071638107299805,4.2071638107299805,4.0389155830854895,4.0389155830854895,0.13297340554944131,0.13297340554944131,0.13297340554944131,0.13297340554944131,0.990563385312675,0.9990563385172059,0.13297340554944123,0.13297340554944123,1.0,0.0,0.0,1.0,1.0
0.037583740428844416,1.9318726578496912,gt-order-1,"ap_fixed<16,6,AP_RND,AP_SAT>",False,True,1000.0,0.0019378662109375,-2.7126762094436327,1.0,0.10000000149011612,0.36310404539108276,0.0,4.154992580413818,4.154992580413818,4.038915583085489,4.038915583085489,0.15179756240871967,0.15179756240871967,0.15179756240871967,0.15179756240871967,0.9892275068010221,0.9989227506640497,0.15179756240871958,0.15179756240871958,1.0,0.0,0.0,1.0,1.0
0.04290421892388853,1.9318726578496912,gt-order-1,"ap_fixed<16,6,AP_RND,AP_SAT>",False,True,1000.0,0.0014801025390625,-2.8297081960640322,1.0,0.10000000149011612,0.38791754841804504,0.0,4.1474480628967285,4.1474480628967285,4.038915583085489,4.038915583085489,0.17328652484422077,0.17328652484422077,0.17328652484422077,0.17328652484422077,0.9877025172161021,0.9987702517032854,0.17328652484422072,0.17328652484422072,1.0,0.0,0.0,1.0,1.0
0.04897788193684462,1.9318726578496912,gt-order-1,"ap_fixed<16,6,AP_RND,AP_SAT>",False,True,1000.0,0.0010528564453125,-2.977630839473952,1.0,0.10000000149011612,0.4009101092815399,0.0,4.109046936035156,4.109046936035156,4.038915583085489,4.038915583085489,0.19781752950347273,0.19781752950347273,0.19781752950347273,0.19781752950347273,0.985961645513931,0.9985961645304741,0.1978175295034725,0.1978175295034725,1.0,0.0,0.0,1.0,1.0
0.05591135275705602,1.9318726578496912,gt-order-1,"ap_fixed<16,6,AP_RND,AP_SAT>",False,True,1000.0,0.000823974609375,-3.084086170273658,1.0,0.10000000149011612,0.37976235151290894,0.0,4.10653829574585,4.10653829574585,4.0389155830854895,4.0389155830854895,0.22582122680628844,0.22582122680628844,0.22582122680628844,0.22582122680628844,0.9839743300791246,0.9983974329840324,0.22582122680628824,0.22582122680628824,1.0,0.0,0.0,1.0,1.0
0.06382634861905485,1.9318726578496912,gt-order-1,"ap_fixed<16,6,AP_RND,AP_SAT>",False,True,1000.0,0.000640869140625,-3.193230639548134,1.0,0.10000000149011612,0.4086904227733612,0.0,4.097925186157227,4.097925186157227,4.038915583085489,4.038915583085489,0.2577892190574176,0.2577892190574176,0.2577892190574176,0.2577892190574176,0.9817056837738366,0.9981705683501232,0.2577892190574175,0.2577892190574175,1.0,0.0,0.0,1.0,1.0
0.07286181745132274,1.9318726578496912,gt-order-1,"ap_fixed<16,6,AP_RND,AP_SAT>",False,True,1000.0,0.00048828125,-3.311329951414358,1.0,0.10000000149011612,0.42727130651474,0.0,4.07680082321167,4.07680082321167,4.038915583085489,4.038915583085489,0.2942827420653098,0.2942827420653098,0.2942827420653098,0.2942827420653098,0.9791158778364344,0.9979115877525238,0.2942827420653096,0.2942827420653096,1.0,0.0,0.0,1.0,1.0
0.08317637711026708,1.9318726578496912,gt-order-1,"ap_fixed<16,6,AP_RND,AP_SAT>",False,True,1000.0,0.0003509521484375,-3.4547520933686315,1.0,0.10000000149011612,0.4084116816520691,0.0,4.076816082000732,4.076816082000732,4.0389155830854895,4.0389155830854895,0.3359423548517908,0.3359423548517908,0.3359423548517908,0.3359423548517908,0.9761594542398152,0.9976159453884562,0.3359423548517904,0.3359423548517904,1.0,0.0,0.0,1.0,1.0
0.09495109992021983,1.9318726578496912,gt-order-1,"ap_fixed<16,6,AP_RND,AP_SAT>",False,True,1000.0,0.0002593994140625,-3.5860310075711945,1.0,0.10000000149011612,0.4361414313316345,0.0,4.073145866394043,4.073145866394043,4.038915583085489,4.038915583085489,0.3834994800361024,0.3834994800361024,0.3834994800361024,0.3834994800361024,0.9727845067144288,0.9972784506308883,0.38349948003610224,0.38349948003610224,1.0,0.0,0.0,1.0,1.0
0.10839269140212034,1.9318726578496912,gt-order-1,"ap_fixed<16,6,AP_RND,AP_SAT>",False,True,1000.0,0.0001983642578125,-3.7025365761274838,1.0,0.10000000149011612,0.49556994438171387,0.0,4.059765815734863,4.059765815734863,4.0389155830854895,4.0389155830854895,0.4377889372637239,0.4377889372637239,0.4377889372637239,0.4377889372637239,0.9689317912987092,0.9968931790835754,0.4377889372637235,0.4377889372637235,1.0,0.0,0.0,1.0,1.0
0.12373711899353519,1.9318726578496912,gt-order-1,"ap_fixed<16,6,AP_RND,AP_SAT>",False,True,1000.0,0.0001373291015625,-3.8622374180219383,1.0,0.10000000149011612,0.5146502256393433,0.0,4.057477951049805,4.057477951049805,4.0389155830854895,4.0389155830854895,0.4997637786935466,0.4997637786935466,0.4997637786935466,0.4997637786935466,0.9645336735212119,0.9964533672992724,0.49976377869354605,0.49976377869354605,1.0,0.0,0.0,1.0,1.0
0.1412537544622754,1.9318726578496912,gt-order-1,"ap_fixed<16,6,AP_RND,AP_SAT>",False,True,1000.0,0.0001220703125,-3.913389940074015,1.0,0.10000000149011612,0.41130635142326355,0.0,4.048105716705322,4.048105716705322,4.0389155830854895,4.0389155830854895,0.5705119902055463,0.5705119902055463,0.5705119902055463,0.5705119902055463,0.9595129431797007,0.9959512942576394,0.5705119902055462,0.5705119902055462,1.0,0.0,0.0,1.0,1.0
0.16125010273377416,1.9318726578496912,gt-order-1,"ap_fixed<16,6,AP_RND,AP_SAT>",False,True,1000.0,9.1552734375e-05,-4.038328675496402,1.0,0.10000000149011612,0.43094581365585327,0.0,4.045267581939697,4.045267581939697,4.0389155830854895,4.0389155830854895,0.6512755398052099,0.6512755398052099,0.6512755398052099,0.6512755398052099,0.9537814625486405,0.9953781461859931,0.6512755398052092,0.6512755398052092,1.0,0.0,0.0,1.0,1.0
0.18407720014689555,1.9318726578496912,gt-order-1,"ap_fixed<16,6,AP_RND,AP_SAT>",False,True,1000.0,6.103515625e-05,-4.214419932180256,1.0,0.10000000149011612,0.6017419099807739,0.0,4.037863731384277,4.037863731384277,4.038915583085489,4.038915583085489,0.7434722847932377,0.7434722847932377,0.7434722847932377,0.7434722847932377,0.947238611711041,0.9947238610924835,0.7434722847932377,0.7434722847932377,1.0,0.0,0.0,1.0,1.0
0.21013577690467466,1.9318726578496912,gt-order-1,"ap_fixed<16,6,AP_RND,AP_SAT>",False,True,1000.0,4.57763671875e-05,-4.339358666416729,1.0,0.10000000149011612,0.4934174418449402,0.0,4.032986164093018,4.032986164093018,4.038915583085489,4.038915583085489,0.8487206474237265,0.8487206474237265,0.8487206474237265,0.8487206474237265,0.9397695374212458,0.9939769536523743,0.8487206474237258,0.8487206474237258,1.0,0.0,0.0,1.0,1.0
0.239883291901949,1.9318726578496912,gt-order-1,"ap_fixed<16,6,AP_RND,AP_SAT>",False,True,1000.0,3.0517578125e-05,-4.515449920728757,1.0,0.10000000149011612,0.454369455575943,0.0,4.037391185760498,4.037391185760498,4.038915583085489,4.038915583085489,0.968868353018272,0.968868353018272,0.968868353018272,0.968868353018272,0.9312431136707433,0.9931243112646183,0.9688683530182716,0.9688683530182716,1.0,0.0,0.0,1.0,1.0
0.27384196342643613,1.9318726578496912,gt-order-1,"ap_fixed<16,6,AP_RND,AP_SAT>",False,True,1000.0,1.52587890625e-05,-4.816479902161777,1.0,0.10000000149011612,0.7301886677742004,0.0,4.026417255401611,4.026417255401611,4.038915583085489,4.038915583085489,1.1060246286906694,1.1060246286906694,1.1060246286906694,1.1060246286906694,0.9215096566676604,0.9921509655498062,1.1060246286906685,1.1060246286906685,1.0,0.0,0.0,1.0,1.0
0.3126079367123954,1.9318726578496912,gt-order-1,"ap_fixed<16,6,AP_RND,AP_SAT>",False,True,1000.0,1.52587890625e-05,-4.816479902161777,1.0,0.10000000149011612,0.8280786871910095,0.0,4.0272369384765625,4.0272369384765625,4.038915583085489,4.038915583085489,1.2625970964651236,1.2625970964651236,1.2625970964651236,1.2625970964651236,0.9103983066730792,0.991039830533791,1.262597096465123,1.262597096465123,1.0,0.0,0.0,1.0,1.0
0.35686174928348097,1.9318726578496912,gt-order-1,"ap_fixed<16,6,AP_RND,AP_SAT>",False,True,1000.0,1.52587890625e-05,-4.816479902161777,1.0,0.10000000149011612,0.8320503830909729,0.0,4.02700662612915,4.02700662612915,4.038915583085489,4.038915583085489,1.4413344441095437,1.4413344441095437,1.4413344441095437,1.4413344441095437,0.8977139998149848,0.9897713998290802,1.4413344441095428,1.4413344441095428,1.0,0.0,0.0,1.0,1.0
0.4073802778041126,1.9318726578496912,gt-order-1,"ap_fixed<16,6,AP_RND,AP_SAT>",False,True,1000.0,1.52587890625e-05,-4.816479902161777,1.0,0.10000000149011612,0.7808687686920166,0.0,4.021875858306885,4.021875858306885,4.0389155830854895,4.0389155830854895,1.645374572761266,1.645374572761266,1.645374572761266,1.645374572761266,0.8832340512351713,0.9883234049495221,1.645374572761265,1.645374572761265,1.0,0.0,0.0,1.0,1.0
0.46505037616660627,1.9318726578496912,gt-order-1,"ap_fixed<16,6,AP_RND,AP_SAT>",False,True,1000.0,0.0,-12.0,1.0,0.10000000149011612,0.8720816373825073,0.0,4.022150039672852,4.022150039672852,4.038915583085489,4.038915583085489,1.8782991842977133,1.8782991842977133,1.8782991842977133,1.8782991842977133,0.8782991842977127,0.9866704279245785,1.8782991842977117,1.8782991842977117,1.0,0.0,0.0,1.0,1.0
0.5308844442309882,1.9318726578496912,gt-order-1,"ap_fixed<16,6,AP_RND,AP_SAT>",False,True,1000.0,0.0,-12.0,1.0,0.10000000149011612,0.8512566089630127,0.0,4.01972770690918,4.01972770690918,4.038915583085489,4.038915583085489,2.1441974565714155,2.1441974565714155,2.1441974565714155,2.1441974565714155,1.144197456571415,1.144197456571415,2.144197456571414,2.144197456571414,1.0,0.0,0.0,1.0,1.0
0.606038200527066,1.9318726578496912,gt-order-1,"ap_fixed<16,6,AP_RND,AP_SAT>",False,True,1000.0,0.0,-12.0,1.0,0.10000000149011612,0.5521576404571533,0.0,4.017215251922607,4.017215251922607,4.0389155830854895,4.0389155830854895,2.4477371815270095,2.447737181527009,2.4477371815270095,2.447737181527009,1.4477371815270081,1.4477371815270081,2.4477371815270077,2.4477371815270077,1.0,0.0,0.0,1.0,1.0
0.6918309709189363,1.9318726578496912,gt-order-1,"ap_fixed<16,6,AP_RND,AP_SAT>",False,True,1000.0,0.0,-12.0,1.0,0.10000000149011612,0.510753870010376,0.0,4.063941478729248,4.063941478729248,4.0389155830854895,4.0389155830854895,2.7942469772721594,2.7942469772721594,2.7942469772721594,2.7942469772721594,1.7942469772721588,1.7942469772721588,2.7942469772721563,2.7942469772721563,1.0,0.0,0.0,1.0,1.0
0.7897688493998856,1.9318726578496912,gt-order-1,"ap_fixed<16,6,AP_RND,AP_SAT>",False,True,1000.0,0.0,-12.0,1.0,0.10000000149011612,0.4682929515838623,0.0,4.063941478729248,4.063941478729248,4.038915583085489,4.038915583085489,3.189809814840522,3.189809814840522,3.189809814840522,3.189809814840522,2.1898098148405207,2.1898098148405207,3.1898098148405207,3.1898098148405207,1.0,0.0,0.0,1.0,1.0
0.9015711376059565,1.9318726578496912,gt-order-1,"ap_fixed<16,6,AP_RND,AP_SAT>",False,True,1000.0,0.0,-12.0,1.0,0.10000000149011612,0.46829289197921753,0.0,4.063941478729248,4.063941478729248,4.038915583085489,4.038915583085489,3.6413697855517846,3.6413697855517846,3.6413697855517846,3.6413697855517846,2.6413697855517837,2.6413697855517837,3.641369785551783,3.641369785551783,1.0,0.0,0.0,1.0,1.0
1.0292005271944276,1.9318726578496912,gt-order-1,"ap_fixed<16,6,AP_RND,AP_SAT>",False,True,1000.0,0.0,-12.0,0.9716282486915588,0.10000000149011612,0.5625439286231995,0.0,4.0120954513549805,4.0120954513549805,4.0389155830854895,4.0389155830854895,4.1568541552428675,4.038916922924856,4.1568541552428675,4.038916922924856,3.1568541552428644,3.0389169229248543,4.156854155242864,4.0389169229248525,1.0,0.0,0.0,1.0,1.0
1.174897554939529,1.9318726578496912,gt-order-1,"ap_fixed<16,6,AP_RND,AP_SAT>",False,True,1000.0,0.0,-12.0,0.8511383533477783,0.10000000149011612,0.6324554681777954,0.0,4.0121660232543945,4.0121660232543945,4.038915583085489,4.038915583085489,4.745312029429998,4.038917066850453,4.745312029429998,4.038917066850453,3.745312029429998,3.038917066850452,4.7453120294299955,4.03891706685045,1.0,0.0,0.0,1.0,1.0
1.3412199354053709,1.9318726578496912,gt-order-1,"ap_fixed<16,6,AP_RND,AP_SAT>",False,True,1000.0,0.0,-12.0,0.7455901503562927,0.10000000149011612,0.6324555277824402,0.0,4.022747993469238,4.022747993469238,4.038915583085489,4.038915583085489,5.41707396268799,4.038916990331697,5.41707396268799,4.038916990331697,4.417073962687988,3.0389169903316957,5.417073962687985,4.0389169903316935,1.0,0.0,0.0,1.0,1.0
1.5310874616820287,1.9318726578496912,gt-order-1,"ap_fixed<16,6,AP_RND,AP_SAT>",False,True,1000.0,0.0,-12.0,0.6531307697296143,0.10000000149011612,0.5488212704658508,0.0,4.063941478729248,4.063941478729248,4.0389155830854895,4.0389155830854895,6.183933234461072,4.0389170733801025,6.183933234461072,4.0389170733801025,5.183933234461071,3.038917073380101,6.183933234461067,4.0389170733801,1.0,0.0,0.0,1.0,1.0
1.7478332624182173,1.9318726578496912,gt-order-1,"ap_fixed<16,6,AP_RND,AP_SAT>",False,True,1000.0,0.0,-12.0,0.572137176990509,0.10000000149011612,0.5521575808525085,0.0,4.021054267883301,4.021054267883301,4.0389155830854895,4.0389155830854895,7.059350957948463,4.4539639196747665,7.059350957948463,4.4539639196747665,6.059350957948463,3.4539639196747607,7.05935095794846,4.038917128465878,1.0,0.0,0.0,1.0,1.0
1.9952623149688795,1.9318726578496912,gt-order-1,"ap_fixed<16,6,AP_RND,AP_SAT>",False,True,1000.0,0.0,-12.0,0.5011874437332153,0.10000000149011612,0.5129892230033875,0.0,4.063941478729248,4.063941478729248,4.038915583085489,4.038915583085489,8.058695855280474,4.228336119320615,8.058695855280474,4.228336119320615,7.0586958552804715,3.228336119320613,8.058695855280469,4.038917175531475,1.0,0.0,0.0,1.0,1.0
0.01,2.0,gt-order-1,"ap_fixed<16,6,AP_RND,AP_SAT>",False,True,1000.0,0.02520751953125,-1.598469887622107,1.0,0.10000000149011612,0.39518532156944275,0.0,4.825619220733643,4.825619220733643,4.328802538629096,4.328802538629096,0.04328802441872819,0.04328802441872819,0.04328802441872819,0.04328802441872819,0.9969280142327636,0.9996928014186988,0.043288024418728144,0.043288024418728144,1.0,0.0,0.0,1.0,1.0
0.011415633046188459,2.0,gt-order-1,"ap_fixed<16,6,AP_RND,AP_SAT>",False,True,1000.0,0.019927978515625,-1.7005367536628508,1.0,0.10000000149011612,0.38286328315734863,0.0,4.739537715911865,4.739537715911865,4.328802538629096,4.328802538629096,0.04941602272493899,0.04941602272493899,0.04941602272493899,0.04941602272493899,0.9964931335970423,0.9996493133544786,0.04941602272493897,0.04941602272493897,1.0,0.0,0.0,1.0,1.0
0.013031667784522994,2.0,gt-order-1,"ap_fixed<16,6,AP_RND,AP_SAT>",False,True,1000.0,0.015594482421875,-1.807029034797156,1.0,0.10000000149011612,0.3905160129070282,0.0,4.79738712310791,4.79738712310791,4.328802538629096,4.328802538629096,0.056411517649647594,0.056411517649647594,0.056411517649647594,0.056411517649647594,0.9959966900394521,0.9995996689979798,0.056411517649647545,0.056411517649647545,1.0,0.0,0.0,1.0,1.0
0.014876473740795015,2.0,gt-order-1,"ap_fixed<16,6,AP_RND,AP_SAT>",False,True,1000.0,0.0115966796875,-1.9356663383054578,1.0,0.10000000149011612,0.3837703764438629,0.0,4.634636402130127,4.634636402130127,4.328802538629096,4.328802538629096,0.06439731709693702,0.06439731709693702,0.06439731709693702,0.06439731709693702,0.9954299683520688,0.999542996828397,0.06439731709693698,0.06439731709693698,1.0,0.0,0.0,1.0,1.0
0.016982436524617443,2.0,gt-order-1,"ap_fixed<16,6,AP_RND,AP_SAT>",False,True,1000.0,0.00897216796875,-2.047102604499156,1.0,0.10000000149011612,0.38331854343414307,0.0,4.661778926849365,4.661778926849365,4.328802538629095,4.328802538629095,0.0735136128485873,0.0735136128485873,0.0735136128485873,0.0735136128485873,0.9947830196595596,0.9994783019581822,0.07351361284858725,0.07351361284858725,1.0,0.0,0.0,1.0,1.0
0.019386526359522076,2.0,gt-order-1,"ap_fixed<16,6,AP_RND,AP_SAT>",False,True,1000.0,0.006988525390625,-2.155614452557686,1.0,0.10000000149011612,0.3764621317386627,0.0,4.618843078613281,4.618843078613281,4.328802538629096,4.328802538629096,0.08392044381761742,0.08392044381761742,0.08392044381761742,0.08392044381761742,0.9940444866114896,0.9994044486522746,0.08392044381761729,0.08392044381761729,1.0,0.0,0.0,1.0,1.0
0.022130947096056376,2.0,gt-order-1,"ap_fixed<16,6,AP_RND,AP_SAT>",False,True,1000.0,0.0053863525390625,-2.268705225155248,1.0,0.10000000149011612,0.37057143449783325,0.0,4.576801776885986,4.576801776885986,4.3288025386290965,4.3288025386290965,0.09580050198030685,0.09580050198030685,0.09580050198030685,0.09580050198030685,0.9932014042560393,0.9993201404154733,0.09580050198030672,0.09580050198030672,1.0,0.0,0.0,1.0,1.0
0.025263877101318954,2.0,gt-order-1,"ap_fixed<16,6,AP_RND,AP_SAT>",False,True,1000.0,0.004302978515625,-2.366230822203409,1.0,0.10000000149011612,0.3896910548210144,0.0,4.549749374389648,4.549749374389648,4.328802538629095,4.328802538629095,0.10936233742785817,0.10936233742785817,0.10936233742785817,0.10936233742785817,0.9922389725897316,0.9992238972474085,0.10936233742785803,0.10936233742785803,1.0,0.0,0.0,1.0,1.0
0.028840315031266057,2.0,gt-order-1,"ap_fixed<16,6,AP_RND,AP_SAT>",False,True,1000.0,0.003265380859375,-2.486066157141509,1.0,0.10000000149011612,0.38680416345596313,0.0,4.468297481536865,4.468297481536865,4.328802538629096,4.328802538629096,0.12484402704188527,0.12484402704188527,0.12484402704188527,0.12484402704188527,0.9911402962055423,0.9991140296073523,0.12484402704188514,0.12484402704188514,1.0,0.0,0.0,1.0,1.0
0.03292304533334065,2.0,gt-order-1,"ap_fixed<16,6,AP_RND,AP_SAT>",False,True,1000.0,0.002471923828125,-2.6069649159053774,1.0,0.10000000149011612,0.35466310381889343,0.0,4.450897216796875,4.450897216796875,4.328802538629096,4.328802538629096,0.14251736726639927,0.14251736726639927,0.14251736726639927,0.14251736726639927,0.9898860867478857,0.9989886086597178,0.14251736726639921,0.14251736726639921,1.0,0.0,0.0,1.0,1.0
0.037583740428844416,2.0,gt-order-1,"ap_fixed<16,6,AP_RND,AP_SAT>",False,True,1000.0,0.0018463134765625,-2.7336945600720264,1.0,0.10000000149011612,0.3824242353439331,0.0,4.474136829376221,4.474136829376221,4.328802538629096,4.328802538629096,0.16269259903931643,0.16269259903931643,0.16269259903931643,0.16269259903931643,0.9884543276022709,0.9988454327430225,0.16269259903931635,0.16269259903931635,1.0,0.0,0.0,1.0,1.0
0.04290421892388853,2.0,gt-order-1,"ap_fixed<16,6,AP_RND,AP_SAT>",False,True,1000.0,0.0013580322265625,-2.8670899236589893,1.0,0.10000000149011612,0.36386290192604065,0.0,4.469078063964844,4.469078063964844,4.328802538629096,4.328802538629096,0.1857238987111555,0.1857238987111555,0.1857238987111555,0.1857238987111555,0.9868198842257734,0.9986819884029373,0.18572389871115524,0.18572389871115524,1.0,0.0,0.0,1.0,1.0
0.04897788193684462,2.0,gt-order-1,"ap_fixed<16,6,AP_RND,AP_SAT>",False,True,1000.0,0.0010528564453125,-2.977630839473952,1.0,0.10000000149011612,0.43320274353027344,0.0,4.430178642272949,4.430178642272949,4.328802538629096,4.328802538629096,0.21201557850976352,0.21201557850976352,0.21201557850976352,0.21201557850976352,0.9849540641237331,0.9984954063899533,0.21201557850976338,0.21201557850976338,1.0,0.0,0.0,1.0,1.0
0.05591135275705602,2.0,gt-order-1,"ap_fixed<16,6,AP_RND,AP_SAT>",False,True,1000.0,0.0007781982421875,-3.1089097539676858,1.0,0.10000000149011612,0.4124041199684143,0.0,4.423854827880859,4.423854827880859,4.328802538629096,4.328802538629096,0.24202919812664658,0.24202919812664658,0.24202919812664658,0.24202919812664658,0.9828241121676343,0.9982824111911691,0.2420291981266464,0.2420291981266464,1.0,0.0,0.0,1.0,1.0
0.06382634861905485,2.0,gt-order-1,"ap_fixed<16,6,AP_RND,AP_SAT>",False,True,1000.0,0.0005950927734375,-3.225415322867407,1.0,0.10000000149011612,0.433788001537323,0.0,4.399223804473877,4.399223804473877,4.328802538629096,4.328802538629096,0.2762916438660663,0.2762916438660663,0.2762916438660663,0.2762916438660663,0.9803926372487491,0.9980392636956575,0.27629164386606603,0.27629164386606603,1.0,0.0,0.0,1.0,1.0
0.07286181745132274,2.0,gt-order-1,"ap_fixed<16,6,AP_RND,AP_SAT>",False,True,1000.0,0.00042724609375,-3.3693218982649826,1.0,0.10000000149011612,0.456770122051239,0.0,4.394097328186035,4.394097328186035,4.328802538629096,4.328802538629096,0.31540443337364027,0.31540443337364027,0.31540443337364027,0.31540443337364027,0.9776169519570865,0.9977616951623552,0.31540443337364,0.31540443337364,1.0,0.0,0.0,1.0,1.0
0.08317637711026708,2.0,gt-order-1,"ap_fixed<16,6,AP_RND,AP_SAT>",False,True,1000.0,0.000335693359375,-3.474057248507769,1.0,0.10000000149011612,0.4801383316516876,0.0,4.371926784515381,4.371926784515381,4.328802538629096,4.328802538629096,0.3600541008100311,0.3600541008100311,0.3600541008100311,0.3600541008100311,0.9744483355852774,0.9974448335204529,0.3600541008100308,0.3600541008100308,1.0,0.0,0.0,1.0,1.0
0.09495109992021983,2.0,gt-order-1,"ap_fixed<16,6,AP_RND,AP_SAT>",False,True,1000.0,0.0002899169921875,-3.5377263281728744,1.0,0.10000000149011612,0.48957332968711853,0.0,4.3604230880737305,4.3604230880737305,4.328802538629096,4.328802538629096,0.41102456552830613,0.41102456552830613,0.41102456552830613,0.41102456552830613,0.9708311563707822,0.9970831155936131,0.41102456552830585,0.41102456552830585,1.0,0.0,0.0,1.0,1.0
0.10839269140212034,2.0,gt-order-1,"ap_fixed<16,6,AP_RND,AP_SAT>",False,True,1000.0,0.0001983642578125,-3.7025365761274838,1.0,0.10000000149011612,0.37754854559898376,0.0,4.354070663452148,4.354070663452148,4.328802538629096,4.328802538629096,0.4692105650703394,0.4692105650703394,0.4692105650703394,0.4692105650703394,0.9667019182074382,0.9966701917711254,0.46921056507033915,0.46921056507033915,1.0,0.0,0.0,1.0,1.0
0.12373711899353519,2.0,gt-order-1,"ap_fixed<16,6,AP_RND,AP_SAT>",False,True,1000.0,0.0001220703125,-3.913389940074015,1.0,0.10000000149011612,0.4003755450248718,0.0,4.345418930053711,4.345418930053711,4.328802538629096,4.328802538629096,0.5356335554482677,0.5356335554482677,0.5356335554482677,0.5356335554482677,0.9619881322632123,0.9961988131696791,0.5356335554482672,0.5356335554482672,1.0,0.0,0.0,1.0,1.0
0.1412537544622754,2.0,gt-order-1,"ap_fixed<16,6,AP_RND,AP_SAT>",False,True,1000.0,0.0001068115234375,-3.9713818865434534,1.0,0.10000000149011612,0.44088679552078247,0.0,4.3486857414245605,4.3486857414245605,4.328802538629096,4.328802538629096,0.6114596110556623,0.6114596110556623,0.6114596110556623,0.6114596110556623,0.956607046691868,0.9956607046045263,0.6114596110556618,0.6114596110556618,1.0,0.0,0.0,1.0,1.0
0.16125010273377416,2.0,gt-order-1,"ap_fixed<16,6,AP_RND,AP_SAT>",False,True,1000.0,9.1552734375e-05,-4.038328675496402,1.0,0.10000000149011612,0.5883484482765198,0.0,4.333745956420898,4.333745956420898,4.328802538629096,4.328802538629096,0.6980198402418935,0.6980198402418935,0.6980198402418935,0.6980198402418935,0.9504641978176234,0.9950464197079483,0.6980198402418929,0.6980198402418929,1.0,0.0,0.0,1.0,1.0
0.18407720014689555,2.0,gt-order-1,"ap_fixed<16,6,AP_RND,AP_SAT>",False,True,1000.0,6.103515625e-05,-4.214419932180256,1.0,0.10000000149011612,0.46852126717567444,0.0,4.3323235511779785,4.3323235511779785,4.328802538629096,4.328802538629096,0.7968338648352534,0.7968338648352534,0.7968338648352534,0.7968338648352534,0.9434517438830691,0.9943451743040436,0.796833864835253,0.796833864835253,1.0,0.0,0.0,1.0,1.0
0.21013577690467466,2.0,gt-order-1,"ap_fixed<16,6,AP_RND,AP_SAT>",False,True,1000.0,4.57763671875e-05,-4.339358666416729,1.0,0.10000000149011612,0.651583731174469,0.0,4.3284687995910645,4.3284687995910645,4.328802538629096,4.328802538629096,0.9096362668585622,0.9096362668585622,0.9096362668585622,0.9096362668585622,0.9354465882267669,0.9935446587264848,0.9096362668585616,0.9096362668585616,1.0,0.0,0.0,1.0,1.0
0.239883291901949,2.0,gt-order-1,"ap_fixed<16,6,AP_RND,AP_SAT>",False,True,1000.0,3.0517578125e-05,-4.515449920728757,1.0,0.10000000149011612,0.6500112414360046,0.0,4.320003509521484,4.320003509521484,4.328802538629096,4.328802538629096,1.038407389277221,1.038407389277221,1.038407389277221,1.038407389277221,0.9263081934717942,0.9926308192373702,1.0384073892772203,1.0384073892772203,1.0,0.0,0.0,1.0,1.0
0.27384196342643613,2.0,gt-order-1,"ap_fixed<16,6,AP_RND,AP_SAT>",False,True,1000.0,1.52587890625e-05,-4.816479902161777,1.0,0.10000000149011612,0.48686447739601135,0.0,4.317356109619141,4.317356109619141,4.328802538629096,4.328802538629096,1.1854078457378676,1.1854078457378676,1.1854078457378676,1.1854078457378676,0.9158761325013921,0.9915876131247847,1.1854078457378663,1.1854078457378663,1.0,0.0,0.0,1.0,1.0
0.3126079367123954,2.0,gt-order-1,"ap_fixed<16,6,AP_RND,AP_SAT>",False,True,1000.0,0.0,-12.0,1.0,0.10000000149011612,0.5433053374290466,0.0,4.315773963928223,4.315773963928223,4.328802538629096,4.328802538629096,1.3532180616334182,1.3532180616334182,1.3532180616334182,1.3532180616334182,0.9039672823805942,0.9903967280949592,1.353218061633417,1.353218061633417,1.0,0.0,0.0,1.0,1.0
0.35686174928348097,2.0,gt-order-1,"ap_fixed<16,6,AP_RND,AP_SAT>",False,True,1000.0,0.0,-12.0,1.0,0.10000000149011612,0.5035088658332825,0.0,4.311413288116455,4.311413288116455,4.328802538629096,4.328802538629096,1.544784007569808,1.544784007569808,1.544784007569808,1.544784007569808,0.8903725788267576,0.989037257719318,1.5447840075698074,1.5447840075698074,1.0,0.0,0.0,1.0,1.0
0.4073802778041126,2.0,gt-order-1,"ap_fixed<16,6,AP_RND,AP_SAT>",False,True,1000.0,0.0,-12.0,1.0,0.10000000149011612,0.4856429398059845,0.0,4.309922695159912,4.309922695159912,4.328802538629095,4.328802538629095,1.763468802713516,1.763468802713516,1.763468802713516,1.763468802713516,0.8748533541170727,0.9874853352252242,1.7634688027135148,1.7634688027135148,1.0,0.0,0.0,1.0,1.0
0.46505037616660627,2.0,gt-order-1,"ap_fixed<16,6,AP_RND,AP_SAT>",False,True,1000.0,0.0,-12.0,1.0,0.10000000149011612,0.5812382102012634,0.0,4.310306072235107,4.310306072235107,4.328802538629096,4.328802538629096,2.0131112200868206,2.0131112200868206,2.0131112200868206,2.0131112200868206,1.0131112200868204,1.0131112200868204,2.0131112200868198,2.0131112200868198,1.0,0.0,0.0,1.0,1.0
0.5308844442309882,2.0,gt-order-1,"ap_fixed<16,6,AP_RND,AP_SAT>",False,True,1000.0,0.0,-12.0,1.0,0.10000000149011612,0.4886777698993683,0.0,4.305883407592773,4.305883407592773,4.328802538629095,4.328802538629095,2.2980939319948965,2.2980939319948965,2.2980939319948965,2.2980939319948965,1.2980939319948972,1.2980939319948972,2.2980939319948956,2.2980939319948956,1.0,0.0,0.0,1.0,1.0
0.606038200527066,2.0,gt-order-1,"ap_fixed<16,6,AP_RND,AP_SAT>",False,True,1000.0,0.0,-12.0,1.0,0.10000000149011612,0.6936879754066467,0.0,4.305245876312256,4.305245876312256,4.328802538629096,4.328802538629096,2.6234197539717856,2.6234197539717856,2.6234197539717856,2.6234197539717856,1.6234197539717847,1.6234197539717847,2.6234197539717834,2.6234197539717834,1.0,0.0,0.0,1.0,1.0
0.6918309709189363,2.0,gt-order-1,"ap_fixed<16,6,AP_RND,AP_SAT>",False,True,1000.0,0.0,-12.0,1.0,0.10000000149011612,0.4889012277126312,0.0,4.3047895431518555,4.3047895431518555,4.328802538629096,4.328802538629096,2.9947997574962875,2.9947997574962875,2.9947997574962875,2.9947997574962875,1.994799757496287,1.994799757496287,2.9947997574962844,2.9947997574962844,1.0,0.0,0.0,1.0,1.0
0.7897688493998856,2.0,gt-order-1,"ap_fixed<16,6,AP_RND,AP_SAT>",False,True,1000.0,0.0,-12.0,1.0,0.10000000149011612,0.5144957304000854,0.0,4.303544998168945,4.303544998168945,4.328802538629096,4.328802538629096,3.4187535094945294,3.4187535094945294,3.4187535094945294,3.4187535094945294,2.41875350949453,2.41875350949453,3.4187535094945263,3.4187535094945263,1.0,0.0,0.0,1.0,1.0
0.9015711376059565,2.0,gt-order-1,"ap_fixed<16,6,AP_RND,AP_SAT>",False,True,1000.0,0.0,-12.0,1.0,0.10000000149011612,0.5144957304000854,0.0,4.438819885253906,4.438819885253906,4.328802538629096,4.328802538629096,3.902723502763096,3.902723502763096,3.902723502763096,3.902723502763096,2.9027235027630973,2.9027235027630973,3.902723502763093,3.902723502763093,1.0,0.0,0.0,1.0,1.0
1.0292005271944276,2.0,gt-order-1,"ap_fixed<16,6,AP_RND,AP_SAT>",False,True,1000.0,0.0,-12.0,0.9716282486915588,0.10000000149011612,0.4886777698993683,0.0,4.3138580322265625,4.3138580322265625,4.328802538629096,4.328802538629096,4.455205970455005,4.328803974633373,4.455205970455005,4.328803974633373,3.4552059704550038,3.328803974633373,4.455205970454998,4.328803974633367,1.0,0.0,0.0,1.0,1.0
1.174897554939529,2.0,gt-order-1,"ap_fixed<16,6,AP_RND,AP_SAT>",False,True,1000.0,0.0,-12.0,0.8511383533477783,0.10000000149011612,0.5144957304000854,0.0,4.302008152008057,4.302008152008057,4.328802538629096,4.328802538629096,5.08589950372057,4.328804128889009,5.08589950372057,4.328804128889009,4.085899503720571,3.3288041288890087,5.085899503720568,4.328804128889007,1.0,0.0,0.0,1.0,1.0
1.3412199354053709,2.0,gt-order-1,"ap_fixed<16,6,AP_RND,AP_SAT>",False,True,1000.0,0.0,-12.0,0.7455901503562927,0.10000000149011612,0.5144957900047302,0.0,4.299811840057373,4.299811840057373,4.328802538629096,4.328802538629096,5.805876116804447,4.328804046878235,5.805876116804447,4.328804046878235,4.805876116804449,3.3288040468782367,5.805876116804439,4.32880404687823,1.0,0.0,0.0,1.0,1.0
1.5310874616820287,2.0,gt-order-1,"ap_fixed<16,6,AP_RND,AP_SAT>",False,True,1000.0,0.0,-12.0,0.6531307697296143,0.10000000149011612,0.5144957304000854,0.0,4.30353307723999,4.30353307723999,4.328802538629095,4.328802538629095,6.627775533649055,4.328804135887312,6.627775533649055,4.328804135887312,5.62777553364906,3.328804135887314,6.627775533649053,4.32880413588731,1.0,0.0,0.0,1.0,1.0
1.7478332624182173,2.0,gt-order-1,"ap_fixed<16,6,AP_RND,AP_SAT>",False,True,1000.0,0.0,-12.0,0.572137176990509,0.10000000149011612,0.5144957900047302,0.0,4.302361011505127,4.302361011505127,4.328802538629096,4.328802538629096,7.5660250181550355,4.328804194926787,7.5660250181550355,4.328804194926787,6.566025018155036,3.328804194926787,7.5660250181550275,4.328804194926782,1.0,0.0,0.0,1.0,1.0
1.9952623149688795,2.0,gt-order-1,"ap_fixed<16,6,AP_RND,AP_SAT>",False,True,1000.0,0.0,-12.0,0.5011874437332153,0.10000000149011612,0.6324555277824402,0.0,4.438819885253906,4.438819885253906,4.328802538629096,4.328802538629096,8.637096358851903,4.505500271562569,8.637096358851903,4.505500271562569,7.637096358851907,3.5055002715625694,8.637096358851895,4.328804245370444,1.0,0.0,0.0,1.0,1.0
0.01,2.070529847682755,gt-order-1,"ap_fixed<16,6,AP_RND,AP_SAT>",False,True,1000.0,0.0234375,-1.630088714909676,1.0,0.10000000149011612,0.3923058807849884,0.0,5.196186542510986,5.196186542510986,4.639495686811539,4.639495686811539,0.046394955831107296,0.046394955831107296,0.046394955831107296,0.046394955831107296,0.9967075271728068,0.9996707527123742,0.046394955831107254,0.046394955831107254,1.0,0.0,0.0,1.0,1.0
0.011415633046188459,2.070529847682755,gt-order-1,"ap_fixed<16,6,AP_RND,AP_SAT>",False,True,1000.0,0.018402099609375,-1.7351326227959665,1.0,0.10000000149011612,0.3923526704311371,0.0,5.093698501586914,5.093698501586914,4.6394956868115385,4.6394956868115385,0.05296278179608126,0.05296278179608126,0.05296278179608126,0.05296278179608126,0.9962414336474216,0.9996241433591413,0.05296278179608121,0.05296278179608121,1.0,0.0,0.0,1.0,1.0
0.013031667784522994,2.070529847682755,gt-order-1,"ap_fixed<16,6,AP_RND,AP_SAT>",False,True,1000.0,0.01409912109375,-1.8508079593727895,1.0,0.10000000149011612,0.4021085500717163,0.0,4.976036071777344,4.976036071777344,4.6394956868115385,4.6394956868115385,0.060460367615871514,0.060460367615871514,0.060460367615871514,0.060460367615871514,0.9957093586160092,0.9995709358552073,0.06046036761587146,0.06046036761587146,1.0,0.0,0.0,1.0,1.0
0.014876473740795015,2.070529847682755,gt-order-1,"ap_fixed<16,6,AP_RND,AP_SAT>",False,True,1000.0,0.0106201171875,-1.9738706909722434,1.0,0.10000000149011612,0.3887179493904114,0.0,4.9805521965026855,4.9805521965026855,4.639495686811539,4.639495686811539,0.06901933554310224,0.06901933554310224,0.06901933554310224,0.06901933554310224,0.995101961349983,0.9995101961276996,0.06901933554310218,0.06901933554310218,1.0,0.0,0.0,1.0,1.0
0.016982436524617443,2.070529847682755,gt-order-1,"ap_fixed<16,6,AP_RND,AP_SAT>",False,True,1000.0,0.0082244873046875,-2.0848911653841555,1.0,0.10000000149011612,0.3820420205593109,0.0,4.9805521965026855,4.9805521965026855,4.639495686811539,4.639495686811539,0.0787899394091946,0.0787899394091946,0.0787899394091946,0.0787899394091946,0.9944085789087647,0.9994408578825443,0.07878993940919454,0.07878993940919454,1.0,0.0,0.0,1.0,1.0
0.019386526359522076,2.070529847682755,gt-order-1,"ap_fixed<16,6,AP_RND,AP_SAT>",False,True,1000.0,0.006195068359375,-2.207953896976402,1.0,0.10000000149011612,0.3859191834926605,0.0,4.805246353149414,4.805246353149414,4.6394956868115385,4.6394956868115385,0.08994370467414535,0.08994370467414535,0.08994370467414535,0.08994370467414535,0.9936170387855361,0.9993617038690423,0.08994370467414525,0.08994370467414525,1.0,0.0,0.0,1.0,1.0
0.022130947096056376,2.070529847682755,gt-order-1,"ap_fixed<16,6,AP_RND,AP_SAT>",False,True,1000.0,0.00494384765625,-2.3059349203292414,1.0,0.10000000149011612,0.3859620988368988,0.0,4.867626190185547,4.867626190185547,4.6394956868115385,4.6394956868115385,0.10267643575000614,0.10267643575000614,0.10267643575000614,0.10267643575000614,0.9927134454889749,0.9992713445380398,0.10267643575000607,0.10267643575000607,1.0,0.0,0.0,1.0,1.0
0.025263877101318954,2.070529847682755,gt-order-1,"ap_fixed<16,6,AP_RND,AP_SAT>",False,True,1000.0,0.0037078857421875,-2.43087365690826,1.0,0.10000000149011612,0.3756159842014313,0.0,4.770412921905518,4.770412921905518,4.6394956868115385,4.6394956868115385,0.11721165109020244,0.11721165109020244,0.11721165109020244,0.11721165109020244,0.9916819367680867,0.9991681936644138,0.11721165109020236,0.11721165109020236,1.0,0.0,0.0,1.0,1.0
0.028840315031266057,2.070529847682755,gt-order-1,"ap_fixed<16,6,AP_RND,AP_SAT>",False,True,1000.0,0.00274658203125,-2.561207425362271,1.0,0.10000000149011612,0.3745320439338684,0.0,4.84831428527832,4.84831428527832,4.639495686811539,4.639495686811539,0.13380451517856554,0.13380451517856554,0.13380451517856554,0.13380451517856554,0.9905044045739594,0.9990504404432463,0.13380451517856531,0.13380451517856531,1.0,0.0,0.0,1.0,1.0
0.03292304533334065,2.070529847682755,gt-order-1,"ap_fixed<16,6,AP_RND,AP_SAT>",False,True,1000.0,0.0020599365234375,-2.686146161917864,1.0,0.10000000149011612,0.38821229338645935,0.0,4.814749240875244,4.814749240875244,4.639495686811538,4.639495686811538,0.15274633223108297,0.15274633223108297,0.15274633223108297,0.15274633223108297,0.989160176158911,0.9989160175997386,0.15274633223108294,0.15274633223108294,1.0,0.0,0.0,1.0,1.0
0.037583740428844416,2.070529847682755,gt-order-1,"ap_fixed<16,6,AP_RND,AP_SAT>",False,True,1000.0,0.0015716552734375,-2.8036427056421975,1.0,0.10000000149011612,0.38662275671958923,0.0,4.777502059936523,4.777502059936523,4.6394956868115385,4.6394956868115385,0.17436961025210257,0.17436961025210257,0.17436961025210257,0.17436961025210257,0.9876256546997629,0.9987625654515371,0.17436961025210246,0.17436961025210246,1.0,0.0,0.0,1.0,1.0
0.04290421892388853,2.070529847682755,gt-order-1,"ap_fixed<16,6,AP_RND,AP_SAT>",False,True,1000.0,0.0011138916015625,-2.953157070113354,1.0,0.10000000149011612,0.3790850341320038,0.0,4.732038974761963,4.732038974761963,4.639495686811538,4.639495686811538,0.19905394605527854,0.19905394605527854,0.19905394605527854,0.19905394605527854,0.9858739016603778,0.9985873901449882,0.19905394605527846,0.19905394605527846,1.0,0.0,0.0,1.0,1.0
0.04897788193684462,2.070529847682755,gt-order-1,"ap_fixed<16,6,AP_RND,AP_SAT>",False,True,1000.0,0.0009307861328125,-3.031150095146343,1.0,0.10000000149011612,0.3713611960411072,0.0,4.730372905731201,4.730372905731201,4.639495686811538,4.639495686811538,0.22723267075712236,0.22723267075712236,0.22723267075712236,0.22723267075712236,0.9838741651863627,0.998387416494607,0.22723267075712228,0.22723267075712228,1.0,0.0,0.0,1.0,1.0
0.05591135275705602,2.070529847682755,gt-order-1,"ap_fixed<16,6,AP_RND,AP_SAT>",False,True,1000.0,0.0006866455078125,-3.1632674162158683,1.0,0.10000000149011612,0.3822683095932007,0.0,4.7146992683410645,4.7146992683410645,4.639495686811538,4.639495686811538,0.25940047178651054,0.25940047178651054,0.25940047178651054,0.25940047178651054,0.9815913392001632,0.998159133892585,0.2594004717865104,0.2594004717865104,1.0,0.0,0.0,1.0,1.0
0.06382634861905485,2.070529847682755,gt-order-1,"ap_fixed<16,6,AP_RND,AP_SAT>",False,True,1000.0,0.0005035400390625,-3.297965989883329,1.0,0.10000000149011612,0.3824838399887085,0.0,4.710344314575195,4.710344314575195,4.6394956868115385,4.6394956868115385,0.29612205190228874,0.29612205190228874,0.29612205190228874,0.29612205190228874,0.9789853489036546,0.9978985348590511,0.2961220519022885,0.2961220519022885,1.0,0.0,0.0,1.0,1.0
0.07286181745132274,2.070529847682755,gt-order-1,"ap_fixed<16,6,AP_RND,AP_SAT>",False,True,1000.0,0.0003814697265625,-3.418539920813185,1.0,0.10000000149011612,0.38789740204811096,0.0,4.689818859100342,4.689818859100342,4.6394956868115385,4.6394956868115385,0.33804210175446453,0.33804210175446453,0.33804210175446453,0.33804210175446453,0.97601044306356,0.9976010442706086,0.3380421017544643,0.3380421017544643,1.0,0.0,0.0,1.0,1.0
0.08317637711026708,2.070529847682755,gt-order-1,"ap_fixed<16,6,AP_RND,AP_SAT>",False,True,1000.0,0.0002593994140625,-3.5860310075711945,1.0,0.10000000149011612,0.39869076013565063,0.0,4.667715072631836,4.667715072631836,4.6394956868115385,4.6394956868115385,0.3858964304377749,0.3858964304377749,0.3858964304377749,0.3858964304377749,0.9726144041185729,0.9972614403710497,0.38589643043777455,0.38589643043777455,1.0,0.0,0.0,1.0,1.0
0.09495109992021983,2.070529847682755,gt-order-1,"ap_fixed<16,6,AP_RND,AP_SAT>",False,True,1000.0,0.0002288818359375,-3.6403886696705565,1.0,0.10000000149011612,0.4598977565765381,0.0,4.664281368255615,4.664281368255615,4.6394956868115385,4.6394956868115385,0.44052522191185023,0.44052522191185023,0.44052522191185023,0.44052522191185023,0.9687376074218463,0.9968737606956,0.4405252219118498,0.4405252219118498,1.0,0.0,0.0,1.0,1.0
0.10839269140212034,2.070529847682755,gt-order-1,"ap_fixed<16,6,AP_RND,AP_SAT>",False,True,1000.0,0.0001678466796875,-3.7750872428780267,1.0,0.10000000149011612,0.3957238793373108,0.0,4.654593467712402,4.654593467712402,4.6394956868115385,4.6394956868115385,0.502887432130285,0.502887432130285,0.502887432130285,0.502887432130285,0.964311999531726,0.9964311998999933,0.5028874321302846,0.5028874321302846,1.0,0.0,0.0,1.0,1.0
0.12373711899353519,2.070529847682755,gt-order-1,"ap_fixed<16,6,AP_RND,AP_SAT>",False,True,1000.0,0.0001068115234375,-3.9713818865434534,1.0,0.10000000149011612,0.4232567548751831,0.0,4.650601863861084,4.650601863861084,4.6394956868115385,4.6394956868115385,0.5740778305403538,0.5740778305403538,0.5740778305403538,0.5740778305403538,0.9592598888416005,0.9959259888234521,0.5740778305403533,0.5740778305403533,1.0,0.0,0.0,1.0,1.0
0.1412537544622754,2.070529847682755,gt-order-1,"ap_fixed<16,6,AP_RND,AP_SAT>",False,True,1000.0,0.0001068115234375,-3.9713818865434534,1.0,0.10000000149011612,0.4232567548751831,0.0,4.649618148803711,4.649618148803711,4.639495686811539,4.639495686811539,0.655346184732793,0.655346184732793,0.655346184732793,0.655346184732793,0.953492584118574,0.9953492583425558,0.6553461847327925,0.6553461847327925,1.0,0.0,0.0,1.0,1.0
0.16125010273377416,2.070529847682755,gt-order-1,"ap_fixed<16,6,AP_RND,AP_SAT>",False,True,1000.0,7.62939453125e-05,-4.117509920595296,1.0,0.10000000149011612,0.4516128897666931,0.0,4.643014430999756,4.643014430999756,4.6394956868115385,4.6394956868115385,0.7481191413126328,0.7481191413126328,0.7481191413126328,0.7481191413126328,0.9469088417016294,0.9946908840910509,0.7481191413126321,0.7481191413126321,1.0,0.0,0.0,1.0,1.0
0.18407720014689555,2.070529847682755,gt-order-1,"ap_fixed<16,6,AP_RND,AP_SAT>",False,True,1000.0,3.0517578125e-05,-4.515449920728757,1.0,0.10000000149011612,0.5121474862098694,0.0,4.641697883605957,4.641697883605957,4.639495686811538,4.639495686811538,0.8540253906290014,0.8540253906290014,0.8540253906290014,0.8540253906290014,0.9393930796568611,0.9939393078753747,0.8540253906290008,0.8540253906290008,1.0,0.0,0.0,1.0,1.0
0.21013577690467466,2.070529847682755,gt-order-1,"ap_fixed<16,6,AP_RND,AP_SAT>",False,True,1000.0,3.0517578125e-05,-4.515449920728757,1.0,0.10000000149011612,0.444478303194046,0.0,4.630323886871338,4.630323886871338,4.639495686811538,4.639495686811538,0.9749240116630906,0.9749240116630906,0.9749240116630906,0.9749240116630906,0.9308133662490294,0.9930813365218069,0.9749240116630896,0.9749240116630896,1.0,0.0,0.0,1.0,1.0
0.239883291901949,2.070529847682755,gt-order-1,"ap_fixed<16,6,AP_RND,AP_SAT>",False,True,1000.0,1.52587890625e-05,-4.816479902161777,1.0,0.10000000149011612,0.5657789707183838,0.0,4.631278991699219,4.631278991699219,4.639495686811538,4.639495686811538,1.1129374834525547,1.1129374834525547,1.1129374834525547,1.1129374834525547,0.9210190772468448,0.9921019076069933,1.1129374834525543,1.1129374834525543,1.0,0.0,0.0,1.0,1.0
0.27384196342643613,2.070529847682755,gt-order-1,"ap_fixed<16,6,AP_RND,AP_SAT>",False,True,1000.0,1.52587890625e-05,-4.816479902161777,1.0,0.10000000149011612,0.6189844608306885,0.0,4.626410007476807,4.626410007476807,4.6394956868115385,4.6394956868115385,1.2704886717136128,1.2704886717136128,1.2704886717136128,1.2704886717136128,0.9098382711236542,0.9909838269780142,1.2704886717136112,1.2704886717136112,1.0,0.0,0.0,1.0,1.0
0.3126079367123954,2.070529847682755,gt-order-1,"ap_fixed<16,6,AP_RND,AP_SAT>",False,True,1000.0,1.52587890625e-05,-4.816479902161777,1.0,0.10000000149011612,0.49656352400779724,0.0,4.625055313110352,4.625055313110352,4.6394956868115385,4.6394956868115385,1.4503432079052505,1.4503432079052505,1.4503432079052505,1.4503432079052505,0.8970746815771062,0.9897074680043398,1.4503432079052494,1.4503432079052494,1.0,0.0,0.0,1.0,1.0
0.35686174928348097,2.070529847682755,gt-order-1,"ap_fixed<16,6,AP_RND,AP_SAT>",False,True,1000.0,0.0,-12.0,1.0,0.10000000149011612,0.5958795547485352,0.0,4.620284557342529,4.620284557342529,4.639495686811539,4.639495686811539,1.6556585051452402,1.6556585051452402,1.6556585051452402,1.6556585051452402,0.8825042390567884,0.9882504237305964,1.6556585051452375,1.6556585051452375,1.0,0.0,0.0,1.0,1.0
0.4073802778041126,2.070529847682755,gt-order-1,"ap_fixed<16,6,AP_RND,AP_SAT>",False,True,1000.0,0.0,-12.0,1.0,0.10000000149011612,0.6507914066314697,0.0,4.622150421142578,4.622150421142578,4.6394956868115385,4.6394956868115385,1.8900390653086083,1.8900390653086083,1.8900390653086083,1.8900390653086083,0.8900390653086078,0.9865871143831996,1.8900390653086063,1.8900390653086063,1.0,0.0,0.0,1.0,1.0
0.46505037616660627,2.070529847682755,gt-order-1,"ap_fixed<16,6,AP_RND,AP_SAT>",False,True,1000.0,0.0,-12.0,1.0,0.10000000149011612,0.6163156628608704,0.0,4.617502212524414,4.617502212524414,4.6394956868115385,4.6394956868115385,2.15759918345053,2.15759918345053,2.15759918345053,2.15759918345053,1.1575991834505288,1.1575991834505288,2.1575991834505284,2.1575991834505284,1.0,0.0,0.0,1.0,1.0
0.5308844442309882,2.070529847682755,gt-order-1,"ap_fixed<16,6,AP_RND,AP_SAT>",False,True,1000.0,0.0,-12.0,1.0,0.10000000149011612,0.4558423161506653,0.0,4.614977836608887,4.614977836608887,4.639495686811538,4.639495686811538,2.463036091444051,2.463036091444051,2.463036091444051,2.463036091444051,1.4630360914440508,1.4630360914440508,2.4630360914440503,2.4630360914440503,1.0,0.0,0.0,1.0,1.0
0.606038200527066,2.070529847682755,gt-order-1,"ap_fixed<16,6,AP_RND,AP_SAT>",False,True,1000.0,0.0,-12.0,1.0,0.10000000149011612,0.4558423161506653,0.0,4.615909576416016,4.615909576416016,4.639495686811539,4.639495686811539,2.81171167421808,2.81171167421808,2.81171167421808,2.81171167421808,1.8117116742180788,1.8117116742180788,2.8117116742180777,2.8117116742180777,1.0,0.0,0.0,1.0,1.0
0.6918309709189363,2.070529847682755,gt-order-1,"ap_fixed<16,6,AP_RND,AP_SAT>",False,True,1000.0,0.0,-12.0,1.0,0.10000000149011612,0.5298129320144653,0.0,4.614295482635498,4.614295482635498,4.639495686811538,4.639495686811538,3.209746906628021,3.209746906628021,3.209746906628021,3.209746906628021,2.2097469066280206,2.2097469066280206,3.2097469066280193,3.2097469066280193,1.0,0.0,0.0,1.0,1.0
0.7897688493998856,2.070529847682755,gt-order-1,"ap_fixed<16,6,AP_RND,AP_SAT>",False,True,1000.0,0.0,-12.0,0.7724936008453369,0.10000000149011612,0.4375949800014496,0.0,4.61294412612915,4.61294412612915,4.639495686811539,4.639495686811539,3.6641292874945623,3.321868375376733,3.6641292874945623,3.321868375376733,2.664129287494562,2.3218683753767317,3.6641292874945584,2.8305164272595302,1.0,0.0,0.0,1.0,1.0
0.9015711376059565,2.070529847682755,gt-order-1,"ap_fixed<16,6,AP_RND,AP_SAT>",False,True,1000.0,0.0,-12.0,0.7059707045555115,0.10000000149011612,0.4375949501991272,0.0,4.619500160217285,4.619500160217285,4.6394956868115385,4.6394956868115385,4.182835483094517,3.501350731014561,4.182835483094517,3.501350731014561,3.182835483094518,2.501350731014558,4.182835483094514,2.952959313040027,1.0,0.0,0.0,1.0,1.0
1.0292005271944276,2.070529847682755,gt-order-1,"ap_fixed<16,6,AP_RND,AP_SAT>",False,True,1000.0,0.0,-12.0,0.6978017687797546,0.10000000149011612,0.4375949501991272,0.0,4.610866546630859,4.610866546630859,4.6394956868115385,4.6394956868115385,4.774971530655459,3.579426209809736,4.774971530655459,3.579426209809736,3.774971530655458,2.579426209809738,4.774971530655456,3.3319835799643496,1.0,0.0,0.0,1.0,1.0
1.174897554939529,2.070529847682755,gt-order-1,"ap_fixed<16,6,AP_RND,AP_SAT>",False,True,1000.0,0.0,-12.0,0.48147052526474,0.10000000149011612,0.4375949800014496,0.0,4.616854190826416,4.616854190826416,4.6394956868115385,4.6394956868115385,5.4509321227993075,3.8906606609954437,5.4509321227993075,3.8906606609954437,4.450932122799311,2.8906606609954424,5.450932122799306,2.624463152346626,1.0,0.0,0.0,1.0,1.0
1.3412199354053709,2.070529847682755,gt-order-1,"ap_fixed<16,6,AP_RND,AP_SAT>",False,True,1000.0,0.0,-12.0,0.42315277457237244,0.10000000149011612,0.437595009803772,0.0,4.613212585449219,4.613212585449219,4.6394956868115385,4.6394956868115385,6.2225839505737595,3.9532419565590944,6.2225839505737595,3.9532419565590944,5.222583950573763,2.953241956559094,6.222583950573754,2.6331036636947984,1.0,0.0,0.0,1.0,1.0
1.5310874616820287,2.070529847682755,gt-order-1,"ap_fixed<16,6,AP_RND,AP_SAT>",False,True,1000.0,0.0,-12.0,0.39465928077697754,0.10000000149011612,0.4375949501991272,0.0,4.618932723999023,4.618932723999023,4.639495686811538,4.639495686811538,7.103473934678022,4.187574591031237,7.103473934678022,4.187574591031237,6.103473934678025,3.187574591031236,7.103473934678019,2.8034519140780336,1.0,0.0,0.0,1.0,1.0
1.7478332624182173,2.070529847682755,gt-order-1,"ap_fixed<16,6,AP_RND,AP_SAT>",False,True,1000.0,0.0,-12.0,0.3764151334762573,0.10000000149011612,0.4375949800014496,0.0,4.617241859436035,4.617241859436035,4.6394956868115385,4.6394956868115385,8.109064833702309,4.395464491740607,8.109064833702309,4.395464491740607,7.10906483370231,3.3954644917406074,8.109064833702298,3.052374721745675,1.0,0.0,0.0,1.0,1.0
1.9952623149688795,2.070529847682755,gt-order-1,"ap_fixed<16,6,AP_RND,AP_SAT>",False,True,1000.0,0.0,-12.0,0.337155818939209,0.10000000149011612,0.437595009803772,0.0,4.61421012878418,4.61421012878418,4.6394956868115385,4.6394956868115385,9.257010673478195,4.956538738860574,9.257010673478195,4.956538738860574,8.257010673478199,3.9565387388605697,9.257010673478186,3.1210550145455365,1.0,0.0,0.0,1.0,1.0
0.01,2.1435469250725863,gt-order-1,"ap_fixed<16,6,AP_RND,AP_SAT>",False,True,1000.0,0.0220794677734375,-1.656011399484992,1.0,0.10000000149011612,0.39444443583488464,0.0,5.419060707092285,5.419060707092285,4.972488356477799,4.972488356477799,0.04972488245334023,0.04972488245334023,0.04972488245334023,0.04972488245334023,0.9964712150079656,0.9996471214955382,0.04972488245334019,0.04972488245334019,1.0,0.0,0.0,1.0,1.0
0.011415633046188459,2.1435469250725863,gt-order-1,"ap_fixed<16,6,AP_RND,AP_SAT>",False,True,1000.0,0.0170440673828125,-1.7684267574826094,1.0,0.10000000149011612,0.3883576989173889,0.0,5.50120210647583,5.50120210647583,4.972488356477799,4.972488356477799,0.05676410402887529,0.05676410402887529,0.05676410402887529,0.05676410402887529,0.9959716683378521,0.9995971668277824,0.056764104028875245,0.056764104028875245,1.0,0.0,0.0,1.0,1.0
0.013031667784522994,2.1435469250725863,gt-order-1,"ap_fixed<16,6,AP_RND,AP_SAT>",False,True,1000.0,0.012939453125,-1.8880840783334216,1.0,0.10000000149011612,0.41001230478286743,0.0,5.33721923828125,5.33721923828125,4.972488356477799,4.972488356477799,0.06479981754329428,0.06479981754329428,0.06479981754329428,0.06479981754329428,0.9954014044407663,0.9995401404372242,0.06479981754329422,0.06479981754329422,1.0,0.0,0.0,1.0,1.0
0.014876473740795015,2.1435469250725863,gt-order-1,"ap_fixed<16,6,AP_RND,AP_SAT>",False,True,1000.0,0.0098114013671875,-2.0082689576552126,1.0,0.10000000149011612,0.4052673280239105,0.0,5.33721923828125,5.33721923828125,4.972488356477799,4.972488356477799,0.07397309223403341,0.07397309223403341,0.07397309223403341,0.07397309223403341,0.9947504121717174,0.999475041209349,0.07397309223403338,0.07397309223403338,1.0,0.0,0.0,1.0,1.0
0.016982436524617443,2.1435469250725863,gt-order-1,"ap_fixed<16,6,AP_RND,AP_SAT>",False,True,1000.0,0.007476806640625,-2.1262838505371,1.0,0.10000000149011612,0.4073789119720459,0.0,5.322549343109131,5.322549343109131,4.972488356477799,4.972488356477799,0.08444496617024788,0.08444496617024788,0.08444496617024788,0.08444496617024788,0.9940072632739947,0.9994007263184694,0.08444496617024781,0.08444496617024781,1.0,0.0,0.0,1.0,1.0
0.019386526359522076,2.1435469250725863,gt-order-1,"ap_fixed<16,6,AP_RND,AP_SAT>",False,True,1000.0,0.005889892578125,-2.229892625878209,1.0,0.10000000149011612,0.41251853108406067,0.0,5.259672164916992,5.259672164916992,4.972488356477798,4.972488356477798,0.0963992757881042,0.0963992757881042,0.0963992757881042,0.0963992757881042,0.9931589115778552,0.9993158911475916,0.09639927578810413,0.09639927578810413,1.0,0.0,0.0,1.0,1.0
0.022130947096056376,2.1435469250725863,gt-order-1,"ap_fixed<16,6,AP_RND,AP_SAT>",False,True,1000.0,0.0044097900390625,-2.355582087768667,1.0,0.10000000149011612,0.41494134068489075,0.0,5.241204738616943,5.241204738616943,4.972488356477799,4.972488356477799,0.11004587906027849,0.11004587906027849,0.11004587906027849,0.11004587906027849,0.9921904642644949,0.9992190464148126,0.11004587906027842,0.11004587906027842,1.0,0.0,0.0,1.0,1.0
0.025263877101318954,2.1435469250725863,gt-order-1,"ap_fixed<16,6,AP_RND,AP_SAT>",False,True,1000.0,0.003509521484375,-2.454752094482359,1.0,0.10000000149011612,0.4057195484638214,0.0,5.158133506774902,5.158133506774902,4.972488356477799,4.972488356477799,0.12562433713352977,0.12562433713352977,0.12562433713352977,0.12562433713352977,0.9910849205942908,0.9991084920461446,0.12562433713352966,0.12562433713352966,1.0,0.0,0.0,1.0,1.0
0.028840315031266057,2.1435469250725863,gt-order-1,"ap_fixed<16,6,AP_RND,AP_SAT>",False,True,1000.0,0.0025634765625,-2.59117064872842,1.0,0.10000000149011612,0.39841994643211365,0.0,5.156055450439453,5.156055450439453,4.972488356477799,4.972488356477799,0.14340812853019919,0.14340812853019919,0.14340812853019919,0.14340812853019919,0.9898228728410169,0.9989822872689366,0.1434081285301991,0.1434081285301991,1.0,0.0,0.0,1.0,1.0
0.03292304533334065,2.1435469250725863,gt-order-1,"ap_fixed<16,6,AP_RND,AP_SAT>",False,True,1000.0,0.00201416015625,-2.6959059992022287,1.0,0.10000000149011612,0.44553226232528687,0.0,5.141472816467285,5.141472816467285,4.972488356477799,4.972488356477799,0.16370946537849485,0.16370946537849485,0.16370946537849485,0.16370946537849485,0.9883821645023753,0.9988382164329256,0.1637094653784948,0.1637094653784948,1.0,0.0,0.0,1.0,1.0
0.037583740428844416,2.1435469250725863,gt-order-1,"ap_fixed<16,6,AP_RND,AP_SAT>",False,True,1000.0,0.0014190673828125,-2.8479969817637216,1.0,0.10000000149011612,0.3894883394241333,0.0,5.097000598907471,5.097000598907471,4.972488356477798,4.972488356477798,0.1868847209335432,0.1868847209335432,0.1868847209335432,0.1868847209335432,0.9867375051295559,0.998673750493193,0.18688472093354302,0.18688472093354302,1.0,0.0,0.0,1.0,1.0
0.04290421892388853,2.1435469250725863,gt-order-1,"ap_fixed<16,6,AP_RND,AP_SAT>",False,True,1000.0,0.001068115234375,-2.9713818902028435,1.0,0.10000000149011612,0.3765362799167633,0.0,5.093443870544434,5.093443870544434,4.972488356477799,4.972488356477799,0.21334073698666617,0.21334073698666617,0.21334073698666617,0.21334073698666617,0.9848600227144917,0.998486002248889,0.21334073698666597,0.21334073698666597,1.0,0.0,0.0,1.0,1.0
0.04897788193684462,2.1435469250725863,gt-order-1,"ap_fixed<16,6,AP_RND,AP_SAT>",False,True,1000.0,0.000885009765625,-3.053051936570039,1.0,0.10000000149011612,0.4718380570411682,0.0,5.0467329025268555,5.0467329025268555,4.972488356477799,4.972488356477799,0.2435419463290133,0.2435419463290133,0.2435419463290133,0.2435419463290133,0.9827167582358158,0.9982716757978278,0.24354194632901313,0.24354194632901313,1.0,0.0,0.0,1.0,1.0
0.05591135275705602,2.1435469250725863,gt-order-1,"ap_fixed<16,6,AP_RND,AP_SAT>",False,True,1000.0,0.0006256103515625,-3.2036960732097706,1.0,0.10000000149011612,0.4399455487728119,0.0,5.046551704406738,5.046551704406738,4.972488356477799,4.972488356477799,0.2780185418190836,0.2780185418190836,0.2780185418190836,0.2780185418190836,0.9802700859313418,0.998027008563734,0.2780185418190835,0.2780185418190835,1.0,0.0,0.0,1.0,1.0
0.06382634861905485,2.1435469250725863,gt-order-1,"ap_fixed<16,6,AP_RND,AP_SAT>",False,True,1000.0,0.0005035400390625,-3.297965989883329,1.0,0.10000000149011612,0.4897388219833374,0.0,5.029171466827393,5.029171466827393,4.972488356477798,4.972488356477798,0.31737575688800457,0.31737575688800457,0.31737575688800457,0.31737575688800457,0.9774770546960481,0.9977477054360429,0.3173757568880044,0.3173757568880044,1.0,0.0,0.0,1.0,1.0
0.07286181745132274,2.1435469250725863,gt-order-1,"ap_fixed<16,6,AP_RND,AP_SAT>",False,True,1000.0,0.000335693359375,-3.474057248507769,1.0,0.10000000149011612,0.3901951313018799,0.0,5.019519805908203,5.019519805908203,4.972488356477798,4.972488356477798,0.36230455386597243,0.36230455386597243,0.36230455386597243,0.36230455386597243,0.9742886295723728,0.9974288629189245,0.3623045538659722,0.3623045538659722,1.0,0.0,0.0,1.0,1.0
0.08317637711026708,2.1435469250725863,gt-order-1,"ap_fixed<16,6,AP_RND,AP_SAT>",False,True,1000.0,0.0002899169921875,-3.5377263281728744,1.0,0.10000000149011612,0.5294435024261475,0.0,5.020670413970947,5.020670413970947,4.972488356477799,4.972488356477799,0.41359355341418746,0.41359355341418746,0.41359355341418746,0.41359355341418746,0.9706488451639926,0.9970648844726625,0.4135935534141871,0.4135935534141871,1.0,0.0,0.0,1.0,1.0
0.09495109992021983,2.1435469250725863,gt-order-1,"ap_fixed<16,6,AP_RND,AP_SAT>",False,True,1000.0,0.000213623046875,-3.6703518929124668,1.0,0.10000000149011612,0.41769880056381226,0.0,5.005910873413086,5.005910873413086,4.972488356477798,4.972488356477798,0.4721432424041941,0.4721432424041941,0.4721432424041941,0.4721432424041941,0.966493797356889,0.9966493796857608,0.4721432424041939,0.4721432424041939,1.0,0.0,0.0,1.0,1.0
0.10839269140212034,2.1435469250725863,gt-order-1,"ap_fixed<16,6,AP_RND,AP_SAT>",False,True,1000.0,0.0001678466796875,-3.7750872428780267,1.0,0.10000000149011612,0.41621527075767517,0.0,4.9931640625,4.9931640625,4.972488356477798,4.972488356477798,0.5389814043787553,0.5389814043787553,0.5389814043787553,0.5389814043787553,0.9617505482784756,0.9961750547708513,0.538981404378755,0.538981404378755,1.0,0.0,0.0,1.0,1.0
0.12373711899353519,2.1435469250725863,gt-order-1,"ap_fixed<16,6,AP_RND,AP_SAT>",False,True,1000.0,0.0001068115234375,-3.9713818865434534,1.0,0.10000000149011612,0.4607817232608795,0.0,4.982638359069824,4.982638359069824,4.972488356477798,4.972488356477798,0.6152813841790086,0.6152813841790086,0.6152813841790086,0.6152813841790086,0.9563358301267669,0.9956335829476118,0.615281384179008,0.615281384179008,1.0,0.0,0.0,1.0,1.0
0.1412537544622754,2.1435469250725863,gt-order-1,"ap_fixed<16,6,AP_RND,AP_SAT>",False,True,1000.0,9.1552734375e-05,-4.038328675496402,1.0,0.10000000149011612,0.5105484127998352,0.0,4.983877658843994,4.983877658843994,4.972488356477798,4.972488356477798,0.7023826495429896,0.7023826495429896,0.7023826495429896,0.7023826495429896,0.9501545859922623,0.9950154585249509,0.7023826495429895,0.7023826495429895,1.0,0.0,0.0,1.0,1.0
0.16125010273377416,2.1435469250725863,gt-order-1,"ap_fixed<16,6,AP_RND,AP_SAT>",False,True,1000.0,6.103515625e-05,-4.214419932180256,1.0,0.10000000149011612,0.4864083528518677,0.0,4.975173473358154,4.975173473358154,4.972488356477799,4.972488356477799,0.8018142424423266,0.8018142424423266,0.8018142424423266,0.8018142424423266,0.9430983056061492,0.9943098304758248,0.8018142424423259,0.8018142424423259,1.0,0.0,0.0,1.0,1.0
0.18407720014689555,2.1435469250725863,gt-order-1,"ap_fixed<16,6,AP_RND,AP_SAT>",False,True,1000.0,3.0517578125e-05,-4.515449920728757,1.0,0.10000000149011612,0.5254106521606445,0.0,4.97098445892334,4.97098445892334,4.972488356477799,4.972488356477799,0.9153217499718341,0.9153217499718341,0.9153217499718341,0.9153217499718341,0.93504311131928,0.9935043110351345,0.9153217499718331,0.9153217499718331,1.0,0.0,0.0,1.0,1.0
0.21013577690467466,2.1435469250725863,gt-order-1,"ap_fixed<16,6,AP_RND,AP_SAT>",False,True,1000.0,3.0517578125e-05,-4.515449920728757,1.0,0.10000000149011612,0.5435572862625122,0.0,4.967540740966797,4.967540740966797,4.972488356477799,4.972488356477799,1.0448976836482329,1.0448976836482329,1.0448976836482329,1.0448976836482329,0.9258476021993698,0.9925847601094411,1.0448976836482324,1.0448976836482324,1.0,0.0,0.0,1.0,1.0
0.239883291901949,2.1435469250725863,gt-order-1,"ap_fixed<16,6,AP_RND,AP_SAT>",False,True,1000.0,1.52587890625e-05,-4.816479902161777,1.0,0.10000000149011612,0.6152273416519165,0.0,4.96564245223999,4.96564245223999,4.972488356477799,4.972488356477799,1.19281686017878,1.19281686017878,1.19281686017878,1.19281686017878,0.9153503431929775,0.9915350341931599,1.1928168601787796,1.1928168601787796,1.0,0.0,0.0,1.0,1.0
0.27384196342643613,2.1435469250725863,gt-order-1,"ap_fixed<16,6,AP_RND,AP_SAT>",False,True,1000.0,1.52587890625e-05,-4.816479902161777,1.0,0.10000000149011612,0.588171660900116,0.0,4.963690757751465,4.963690757751465,4.972488356477799,4.972488356477799,1.361676042741304,1.361676042741304,1.361676042741304,1.361676042741304,0.9033670519352653,0.9903367050495321,1.3616760427413033,1.3616760427413033,1.0,0.0,0.0,1.0,1.0
0.3126079367123954,2.1435469250725863,gt-order-1,"ap_fixed<16,6,AP_RND,AP_SAT>",False,True,1000.0,0.0,-12.0,1.0,0.10000000149011612,0.5065022110939026,0.0,4.959016799926758,4.959016799926758,4.972488356477799,4.972488356477799,1.5544393617405834,1.5544393617405834,1.5544393617405834,1.5544393617405834,0.8896873754123947,0.9889687373768609,1.5544393617405825,1.5544393617405825,1.0,0.0,0.0,1.0,1.0
0.35686174928348097,2.1435469250725863,gt-order-1,"ap_fixed<16,6,AP_RND,AP_SAT>",False,True,1000.0,0.0,-12.0,1.0,0.10000000149011612,0.6099942922592163,0.0,4.957205295562744,4.957205295562744,4.972488356477799,4.972488356477799,1.7744908487663749,1.7744908487663749,1.7744908487663749,1.7744908487663749,0.8740711618271706,0.9874071159950684,1.7744908487663733,1.7744908487663733,1.0,0.0,0.0,1.0,1.0
0.4073802778041126,2.1435469250725863,gt-order-1,"ap_fixed<16,6,AP_RND,AP_SAT>",False,True,1000.0,0.0,-12.0,1.0,0.10000000149011612,0.6471501588821411,0.0,4.9531145095825195,4.9531145095825195,4.972488356477799,4.972488356477799,2.0256937132738413,2.0256937132738413,2.0256937132738413,2.0256937132738413,1.0256937132738408,1.0256937132738408,2.0256937132738404,2.0256937132738404,1.0,0.0,0.0,1.0,1.0
0.46505037616660627,2.1435469250725863,gt-order-1,"ap_fixed<16,6,AP_RND,AP_SAT>",False,True,1000.0,0.0,-12.0,1.0,0.10000000149011612,0.7938565611839294,0.0,4.950196743011475,4.950196743011475,4.972488356477799,4.972488356477799,2.312457547519987,2.312457547519987,2.312457547519987,2.312457547519987,1.3124575475199864,1.3124575475199864,2.3124575475199847,2.3124575475199847,1.0,0.0,0.0,1.0,1.0
0.5308844442309882,2.1435469250725863,gt-order-1,"ap_fixed<16,6,AP_RND,AP_SAT>",False,True,1000.0,0.0,-12.0,1.0,0.10000000149011612,0.6471502184867859,0.0,4.949307441711426,4.949307441711426,4.972488356477799,4.972488356477799,2.6398167199735205,2.6398167199735205,2.6398167199735205,2.6398167199735205,1.6398167199735196,1.6398167199735196,2.639816719973519,2.639816719973519,1.0,0.0,0.0,1.0,1.0
0.606038200527066,2.1435469250725863,gt-order-1,"ap_fixed<16,6,AP_RND,AP_SAT>",False,True,1000.0,0.0,-12.0,0.46938449144363403,0.10000000149011612,0.4514661431312561,0.0,5.063656806945801,5.063656806945801,4.972488356477799,4.972488356477799,3.01351795661019,3.0135179566101877,3.01351795661019,3.0135179566101877,2.01351795661019,2.0135179566101877,3.0135179566101873,1.414498593519732,1.0,0.0,0.0,1.0,1.0
0.6918309709189363,2.1435469250725863,gt-order-1,"ap_fixed<16,6,AP_RND,AP_SAT>",False,True,1000.0,0.0,-12.0,0.35820475220680237,0.10000000149011612,0.4472135603427887,0.0,5.063656806945801,5.063656806945801,4.972488356477799,4.972488356477799,3.4401215558446108,3.1602981212183314,3.4401215558446108,3.1602981212183314,2.4401215558446085,2.1602981212183296,3.4401215558446077,1.2322678894725971,1.0,0.0,0.0,1.0,1.0
0.7897688493998856,2.1435469250725863,gt-order-1,"ap_fixed<16,6,AP_RND,AP_SAT>",False,True,1000.0,0.0,-12.0,0.2681753635406494,0.10000000149011612,0.4472135901451111,0.0,5.063656806945801,5.063656806945801,4.972488356477799,4.972488356477799,3.927116533481996,3.539336967890807,3.927116533481996,3.539336967890807,2.927116533481995,2.5393369678908035,3.927116533481993,1.0531559040330285,1.0,0.0,0.0,1.0,1.0
0.9015711376059565,2.1435469250725863,gt-order-1,"ap_fixed<16,6,AP_RND,AP_SAT>",False,True,1000.0,0.0,-12.0,0.49144110083580017,0.10000000149011612,0.44721361994743347,0.0,5.063656806945801,5.063656806945801,4.972488356477799,4.972488356477799,4.483052068757006,3.5964869612728143,4.483052068757006,3.5964869612728143,3.4830520687570035,2.596486961272813,4.483052068757001,2.2031560437741518,1.0,0.0,0.0,1.0,1.0
1.0292005271944276,2.1435469250725863,gt-order-1,"ap_fixed<16,6,AP_RND,AP_SAT>",False,True,1000.0,0.0,-12.0,0.4070056974887848,0.10000000149011612,0.44721361994743347,0.0,5.063656806945801,5.063656806945801,4.972488356477799,4.972488356477799,5.1176877707186295,3.589790445545843,5.1176877707186295,3.589790445545843,4.117687770718627,2.5897904455458414,5.117687770718628,2.0829280806511594,1.0,0.0,0.0,1.0,1.0
1.174897554939529,2.1435469250725863,gt-order-1,"ap_fixed<16,6,AP_RND,AP_SAT>",False,True,1000.0,0.0,-12.0,0.20145514607429504,0.10000000149011612,0.4472135901451111,0.0,5.063656806945801,5.063656806945801,4.972488356477799,4.972488356477799,5.842164395069819,3.5314779659655375,5.842164395069819,3.5314779659655375,4.8421643950698146,2.531477965965535,5.842164395069815,1.1769340815988352,1.0,0.0,0.0,1.0,1.0
1.3412199354053709,2.1435469250725863,gt-order-1,"ap_fixed<16,6,AP_RND,AP_SAT>",False,True,1000.0,0.0,-12.0,0.17694225907325745,0.10000000149011612,0.47809144854545593,0.0,5.063656806945801,5.063656806945801,4.972488356477799,4.972488356477799,6.669200346363104,4.307078863504204,6.669200346363104,4.307078863504204,5.669200346363103,3.3070788635042025,6.6692003463631,1.180063375497638,1.0,0.0,0.0,1.0,1.0
1.5310874616820287,2.1435469250725863,gt-order-1,"ap_fixed<16,6,AP_RND,AP_SAT>",False,True,1000.0,0.0,-12.0,0.13545048236846924,0.10000000149011612,0.5669467449188232,0.0,5.063656806945801,5.063656806945801,4.972488356477799,4.972488356477799,7.613314854702402,4.474768596332039,7.613314854702402,4.474768596332039,6.613314854702401,3.474768596332039,7.613314854702392,1.0312271694924713,1.0,0.0,0.0,1.0,1.0
1.7478332624182173,2.1435469250725863,gt-order-1,"ap_fixed<16,6,AP_RND,AP_SAT>",False,True,1000.0,0.0,-12.0,0.11623869836330414,0.10000000149011612,0.4856429398059845,0.0,5.063656806945801,5.063656806945801,4.972488356477799,4.972488356477799,8.69108049440164,4.555374015045454,8.69108049440164,4.555374015045454,7.691080494401642,3.55537401504545,8.691080494401634,1.0102398840399478,1.0,0.0,0.0,1.0,1.0
1.9952623149688795,2.1435469250725863,gt-order-1,"ap_fixed<16,6,AP_RND,AP_SAT>",False,True,1000.0,0.0,-12.0,0.25823402404785156,0.10000000149011612,0.47809144854545593,0.0,4.960788726806641,4.960788726806641,4.972488356477799,4.972488356477799,9.921418381853286,5.198447608017764,9.921418381853286,5.198447608017764,8.921418381853282,4.198447608017762,9.921418381853277,2.5620477930082957,1.0,0.0,0.0,1.0,1.0
0.01,2.21913894413569,gt-order-1,"ap_fixed<16,6,AP_RND,AP_SAT>",False,True,1000.0,0.020477294921875,-1.6887274147695173,1.0,0.10000000149011612,0.3930400311946869,0.0,5.807175159454346,5.807175159454346,5.3293810618941775,5.3293810618941775,0.05329380942773228,0.05329380942773228,0.05329380942773228,0.05329380942773228,0.9962179418845719,0.9996217941828213,0.05329380942773226,0.05329380942773226,1.0,0.0,0.0,1.0,1.0
0.011415633046188459,2.21913894413569,gt-order-1,"ap_fixed<16,6,AP_RND,AP_SAT>",False,True,1000.0,0.0153656005859375,-1.813450460041817,1.0,0.10000000149011612,0.4170616567134857,0.0,5.887821197509766,5.887821197509766,5.329381061894178,5.329381061894178,0.06083826030739337,0.06083826030739337,0.06083826030739337,0.06083826030739337,0.9956825410194007,0.9995682540955065,0.06083826030739332,0.06083826030739332,1.0,0.0,0.0,1.0,1.0
0.013031667784522994,2.21913894413569,gt-order-1,"ap_fixed<16,6,AP_RND,AP_SAT>",False,True,1000.0,0.011627197265625,-1.934524959246747,1.0,0.10000000149011612,0.40704232454299927,0.0,244.1424102783203,244.1424102783203,5.329381061894178,5.329381061894178,0.06945072480251117,0.06945072480251117,0.06945072480251117,0.06945072480251117,0.995071347306897,0.9995071347233454,0.06945072480251113,0.06945072480251113,1.0,0.0,0.0,1.0,1.0
0.014876473740795015,2.21913894413569,gt-order-1,"ap_fixed<16,6,AP_RND,AP_SAT>",False,True,1000.0,0.0091400146484375,-2.039053108186872,1.0,0.10000000149011612,0.41870200634002686,0.0,5.684410572052002,5.684410572052002,5.329381061894178,5.329381061894178,0.07928239717811175,0.07928239717811175,0.07928239717811175,0.07928239717811175,0.9943736310675129,0.9994373630983672,0.07928239717811172,0.07928239717811172,1.0,0.0,0.0,1.0,1.0
0.016982436524617443,2.21913894413569,gt-order-1,"ap_fixed<16,6,AP_RND,AP_SAT>",False,True,1000.0,0.0068206787109375,-2.1661724074280895,1.0,0.10000000149011612,0.4102606475353241,0.0,5.57125997543335,5.57125997543335,5.329381061894178,5.329381061894178,0.09050587376313005,0.09050587376313005,0.09050587376313005,0.09050587376313005,0.9935771437989633,0.9993577143703255,0.09050587376312995,0.09050587376312995,1.0,0.0,0.0,1.0,1.0
0.019386526359522076,2.21913894413569,gt-order-1,"ap_fixed<16,6,AP_RND,AP_SAT>",False,True,1000.0,0.005157470703125,-2.2875632302618376,1.0,0.10000000149011612,0.42000746726989746,0.0,5.592539310455322,5.592539310455322,5.329381061894178,5.329381061894178,0.10331818557124668,0.10331818557124668,0.10331818557124668,0.10331818557124668,0.9926679029627083,0.9992667902853449,0.10331818557124664,0.10331818557124664,1.0,0.0,0.0,1.0,1.0
0.022130947096056376,2.21913894413569,gt-order-1,"ap_fixed<16,6,AP_RND,AP_SAT>",False,True,1000.0,0.0038299560546875,-2.416806209029267,1.0,0.10000000149011612,0.3918372094631195,0.0,5.486398220062256,5.486398220062256,5.3293810618941775,5.3293810618941775,0.11794425280842058,0.11794425280842058,0.11794425280842058,0.11794425280842058,0.9916299468307457,0.9991629946706022,0.11794425280842052,0.11794425280842052,1.0,0.0,0.0,1.0,1.0
0.025263877101318954,2.21913894413569,gt-order-1,"ap_fixed<16,6,AP_RND,AP_SAT>",False,True,1000.0,0.0030517578125,-2.515449934817408,1.0,0.10000000149011612,0.4307255446910858,0.0,5.571737766265869,5.571737766265869,5.3293810618941775,5.3293810618941775,0.1346408307543379,0.1346408307543379,0.1346408307543379,0.1346408307543379,0.9904450544614759,0.9990445054319096,0.13464083075433783,0.13464083075433783,1.0,0.0,0.0,1.0,1.0
0.028840315031266057,2.21913894413569,gt-order-1,"ap_fixed<16,6,AP_RND,AP_SAT>",False,True,1000.0,0.0023040771484375,-2.6375029831420402,1.0,0.10000000149011612,0.43070486187934875,0.0,5.518772602081299,5.518772602081299,5.3293810618941775,5.3293810618941775,0.15370102643174324,0.15370102643174324,0.15370102643174324,0.15370102643174324,0.9890924251689286,0.9989092425006394,0.15370102643174322,0.15370102643174322,1.0,0.0,0.0,1.0,1.0
0.03292304533334065,2.21913894413569,gt-order-1,"ap_fixed<16,6,AP_RND,AP_SAT>",False,True,1000.0,0.0016937255859375,-2.771156951580628,1.0,0.10000000149011612,0.4347822368144989,0.0,5.468939781188965,5.468939781188965,5.329381061894178,5.329381061894178,0.17545946051424735,0.17545946051424735,0.17545946051424735,0.17545946051424735,0.9875483122018804,0.9987548312016336,0.17545946051424718,0.17545946051424718,1.0,0.0,0.0,1.0,1.0
0.037583740428844416,2.21913894413569,gt-order-1,"ap_fixed<16,6,AP_RND,AP_SAT>",False,True,1000.0,0.0013275146484375,-2.876960677677932,1.0,0.10000000149011612,0.4230178892612457,0.0,5.434813976287842,5.434813976287842,5.329381061894178,5.329381061894178,0.20029808439935573,0.20029808439935573,0.20029808439935573,0.20029808439935573,0.985785609928399,0.9985785609716589,0.20029808439935554,0.20029808439935554,1.0,0.0,0.0,1.0,1.0
0.04290421892388853,2.21913894413569,gt-order-1,"ap_fixed<16,6,AP_RND,AP_SAT>",False,True,1000.0,0.0009918212890625,-3.003566573542968,1.0,0.10000000149011612,0.4446139335632324,0.0,5.427348613739014,5.427348613739014,5.3293810618941775,5.3293810618941775,0.2286529403223474,0.2286529403223474,0.2286529403223474,0.2286529403223474,0.9837733740963784,0.9983773373854583,0.22865294032234715,0.22865294032234715,1.0,0.0,0.0,1.0,1.0
0.04897788193684462,2.21913894413569,gt-order-1,"ap_fixed<16,6,AP_RND,AP_SAT>",False,True,1000.0,0.0007476806640625,-3.12628385001433,1.0,0.10000000149011612,0.41178447008132935,0.0,5.417815208435059,5.417815208435059,5.329381061894178,5.329381061894178,0.26102179502378225,0.26102179502378225,0.26102179502378225,0.26102179502378225,0.9814762801013115,0.9981476279825284,0.26102179502378214,0.26102179502378214,1.0,0.0,0.0,1.0,1.0
0.05591135275705602,2.21913894413569,gt-order-1,"ap_fixed<16,6,AP_RND,AP_SAT>",False,True,1000.0,0.00054931640625,-3.260177429065803,1.0,0.10000000149011612,0.44272470474243164,0.0,5.408544540405273,5.408544540405273,5.329381061894178,5.329381061894178,0.29797289513928177,0.29797289513928177,0.29797289513928177,0.29797289513928177,0.9788540016497149,0.9978854001334615,0.2979728951392815,0.2979728951392815,1.0,0.0,0.0,1.0,1.0
0.06382634861905485,2.21913894413569,gt-order-1,"ap_fixed<16,6,AP_RND,AP_SAT>",False,True,1000.0,0.0004425048828125,-3.3540819317432975,1.0,0.10000000149011612,0.4064004123210907,0.0,5.374783039093018,5.374783039093018,5.3293810618941775,5.3293810618941775,0.3401549137988041,0.3401549137988041,0.3401549137988041,0.3401549137988041,0.9758605048869674,0.9975860504527263,0.34015491379880397,0.34015491379880397,1.0,0.0,0.0,1.0,1.0
0.07286181745132274,2.21913894413569,gt-order-1,"ap_fixed<16,6,AP_RND,AP_SAT>",False,True,1000.0,0.0003509521484375,-3.4547520933686315,1.0,0.10000000149011612,0.48071661591529846,0.0,5.386046409606934,5.386046409606934,5.329381061894178,5.329381061894178,0.3883084060912781,0.3883084060912781,0.3883084060912781,0.3883084060912781,0.9724432354467346,0.9972443235036105,0.38830840609127787,0.38830840609127787,1.0,0.0,0.0,1.0,1.0
0.08317637711026708,2.21913894413569,gt-order-1,"ap_fixed<16,6,AP_RND,AP_SAT>",False,True,1000.0,0.0002288818359375,-3.6403886696705565,1.0,0.10000000149011612,0.4226819574832916,0.0,5.373165130615234,5.373165130615234,5.3293810618941775,5.3293810618941775,0.44327859471317194,0.44327859471317194,0.44327859471317194,0.44327859471317194,0.9685422111023219,0.9968542210633564,0.4432785947131715,0.4432785947131715,1.0,0.0,0.0,1.0,1.0
0.09495109992021983,2.21913894413569,gt-order-1,"ap_fixed<16,6,AP_RND,AP_SAT>",False,True,1000.0,0.000152587890625,-3.816479927777507,1.0,0.10000000149011612,0.46043646335601807,0.0,5.351987838745117,5.351987838745117,5.329381061894178,5.329381061894178,0.5060305975965254,0.5060305975965254,0.5060305975965254,0.5060305975965254,0.9640889411200699,0.9964088940584951,0.5060305975965249,0.5060305975965249,1.0,0.0,0.0,1.0,1.0
0.10839269140212034,2.21913894413569,gt-order-1,"ap_fixed<16,6,AP_RND,AP_SAT>",False,True,1000.0,0.0001220703125,-3.913389940074015,1.0,0.10000000149011612,0.453410267829895,0.0,5.351008415222168,5.351008415222168,5.329381061894178,5.329381061894178,0.5776659658674239,0.5776659658674239,0.5776659658674239,0.5776659658674239,0.9590052526236029,0.9959005252012734,0.5776659658674235,0.5776659658674235,1.0,0.0,0.0,1.0,1.0
0.12373711899353519,2.21913894413569,gt-order-1,"ap_fixed<16,6,AP_RND,AP_SAT>",False,True,1000.0,7.62939453125e-05,-4.117509920595296,1.0,0.10000000149011612,0.4824181795120239,0.0,5.341135501861572,5.341135501861572,5.3293810618941775,5.3293810618941775,0.6594422593886842,0.6594422593886842,0.6594422593886842,0.6594422593886842,0.9532019013923283,0.9953201900694982,0.6594422593886837,0.6594422593886837,1.0,0.0,0.0,1.0,1.0
0.1412537544622754,2.21913894413569,gt-order-1,"ap_fixed<16,6,AP_RND,AP_SAT>",False,True,1000.0,6.103515625e-05,-4.214419932180256,1.0,0.10000000149011612,0.5345224738121033,0.0,5.339240550994873,5.339240550994873,5.329381061894178,5.329381061894178,0.7527950841354932,0.7527950841354932,0.7527950841354932,0.7527950841354932,0.9465770079530516,0.9946577007156987,0.7527950841354928,0.7527950841354928,1.0,0.0,0.0,1.0,1.0
0.16125010273377416,2.21913894413569,gt-order-1,"ap_fixed<16,6,AP_RND,AP_SAT>",False,True,1000.0,4.57763671875e-05,-4.339358666416729,1.0,0.10000000149011612,0.48193156719207764,0.0,5.328880310058594,5.328880310058594,5.329381061894178,5.329381061894178,0.859363226715731,0.859363226715731,0.859363226715731,0.859363226715731,0.9390142738790636,0.9939014272970306,0.8593632267157302,0.8593632267157302,1.0,0.0,0.0,1.0,1.0
0.18407720014689555,2.21913894413569,gt-order-1,"ap_fixed<16,6,AP_RND,AP_SAT>",False,True,1000.0,4.57763671875e-05,-4.339358666416729,1.0,0.10000000149011612,0.5799334645271301,0.0,5.328502655029297,5.328502655029297,5.329381061894178,5.329381061894178,0.9810175610536919,0.9810175610536919,0.9810175610536919,0.9810175610536919,0.9303809303931967,0.9930380929355793,0.981017561053691,0.981017561053691,1.0,0.0,0.0,1.0,1.0
0.21013577690467466,2.21913894413569,gt-order-1,"ap_fixed<16,6,AP_RND,AP_SAT>",False,True,1000.0,1.52587890625e-05,-4.816479902161777,1.0,0.10000000149011612,0.5078994035720825,0.0,5.3136820793151855,5.3136820793151855,5.3293810618941775,5.3293810618941775,1.1198936081162545,1.1198936081162545,1.1198936081162545,1.1198936081162545,0.9205254277284111,0.9920525426544149,1.1198936081162538,1.1198936081162538,1.0,0.0,0.0,1.0,1.0
0.239883291901949,2.21913894413569,gt-order-1,"ap_fixed<16,6,AP_RND,AP_SAT>",False,True,1000.0,1.52587890625e-05,-4.816479902161777,1.0,0.10000000149011612,0.5518254041671753,0.0,5.313704490661621,5.313704490661621,5.329381061894178,5.329381061894178,1.278429456081774,1.278429456081774,1.278429456081774,1.278429456081774,0.9092747440782321,0.9909274742726318,1.2784294560817728,1.2784294560817728,1.0,0.0,0.0,1.0,1.0
0.27384196342643613,2.21913894413569,gt-order-1,"ap_fixed<16,6,AP_RND,AP_SAT>",False,True,1000.0,1.52587890625e-05,-4.816479902161777,1.0,0.10000000149011612,0.7085723280906677,0.0,5.313688278198242,5.313688278198242,5.329381061894178,5.329381061894178,1.4594082468120333,1.4594082468120333,1.4594082468120333,1.4594082468120333,0.8964313704941017,0.9896431368950805,1.4594082468120322,1.4594082468120322,1.0,0.0,0.0,1.0,1.0
0.3126079367123954,2.21913894413569,gt-order-1,"ap_fixed<16,6,AP_RND,AP_SAT>",False,True,1000.0,1.52587890625e-05,-4.816479902161777,1.0,0.10000000149011612,0.5144957304000854,0.0,5.310572624206543,5.310572624206543,5.329381061894178,5.329381061894178,1.6660068566135668,1.6660068566135668,1.6660068566135668,1.6660068566135668,0.8817698561976675,0.98817698544359,1.6660068566135655,1.6660068566135655,1.0,0.0,0.0,1.0,1.0
0.35686174928348097,2.21913894413569,gt-order-1,"ap_fixed<16,6,AP_RND,AP_SAT>",False,True,1000.0,1.52587890625e-05,-4.816479902161777,1.0,0.10000000149011612,0.5454545617103577,0.0,5.31167459487915,5.31167459487915,5.329381061894178,5.329381061894178,1.901852200739742,1.901852200739742,1.901852200739742,1.901852200739742,0.9018522007397414,0.986503281085414,1.901852200739741,1.901852200739741,1.0,0.0,0.0,1.0,1.0
0.4073802778041126,2.21913894413569,gt-order-1,"ap_fixed<16,6,AP_RND,AP_SAT>",False,True,1000.0,0.0,-12.0,1.0,0.10000000149011612,0.6793662309646606,0.0,5.306886196136475,5.306886196136475,5.3293810618941775,5.3293810618941775,2.171084764563773,2.171084764563773,2.171084764563773,2.171084764563773,1.1710847645637719,1.1710847645637719,2.1710847645637714,2.1710847645637714,1.0,0.0,0.0,1.0,1.0
0.46505037616660627,2.21913894413569,gt-order-1,"ap_fixed<16,6,AP_RND,AP_SAT>",False,True,1000.0,0.0,-12.0,1.0,0.10000000149011612,0.5834599733352661,0.0,5.306003570556641,5.306003570556641,5.329381061894178,5.329381061894178,2.4784306320461265,2.4784306320461265,2.4784306320461265,2.4784306320461265,1.4784306320461253,1.4784306320461253,2.4784306320461247,2.4784306320461247,1.0,0.0,0.0,1.0,1.0
0.5308844442309882,2.21913894413569,gt-order-1,"ap_fixed<16,6,AP_RND,AP_SAT>",False,True,1000.0,0.0,-12.0,1.0,0.10000000149011612,0.5345224738121033,0.0,5.303835391998291,5.303835391998291,5.329381061894178,5.329381061894178,2.829285505710827,2.829285505710827,2.829285505710827,2.829285505710827,1.8292855057108253,1.8292855057108253,2.8292855057108253,2.8292855057108253,1.0,0.0,0.0,1.0,1.0
0.606038200527066,2.21913894413569,gt-order-1,"ap_fixed<16,6,AP_RND,AP_SAT>",False,True,1000.0,0.0,-12.0,1.0,0.10000000149011612,0.6625891923904419,0.0,5.438577175140381,5.438577175140381,5.329381061894178,5.329381061894178,3.22980857395359,3.22980857395359,3.22980857395359,3.22980857395359,2.22980857395359,2.22980857395359,3.229808573953587,3.229808573953587,1.0,0.0,0.0,1.0,1.0
0.6918309709189363,2.21913894413569,gt-order-1,"ap_fixed<16,6,AP_RND,AP_SAT>",False,True,1000.0,0.0,-12.0,1.0,0.10000000149011612,0.5076730847358704,0.0,5.376452922821045,5.376452922821045,5.329381061894178,5.329381061894178,3.6870309905197383,3.6870309905197383,3.6870309905197383,3.6870309905197383,2.687030990519739,2.687030990519739,3.6870309905197343,3.6870309905197343,1.0,0.0,0.0,1.0,1.0
0.7897688493998856,2.21913894413569,gt-order-1,"ap_fixed<16,6,AP_RND,AP_SAT>",False,True,1000.0,0.0,-12.0,0.7617213129997253,0.10000000149011612,0.5388159155845642,0.0,5.438577175140381,5.438577175140381,5.3293810618941775,5.3293810618941775,4.208979283807782,3.8223582673982692,4.208979283807782,3.8223582673982692,3.2089792838077833,2.8223582673982675,4.208979283807781,3.2060692264507065,1.0,0.0,0.0,1.0,1.0
0.9015711376059565,2.21913894413569,gt-order-1,"ap_fixed<16,6,AP_RND,AP_SAT>",False,True,1000.0,0.0,-12.0,0.6579150557518005,0.10000000149011612,0.5773502588272095,0.0,5.438577175140381,5.438577175140381,5.329381061894178,5.329381061894178,4.804816237245578,3.9415069519310575,4.804816237245578,3.9415069519310575,3.804816237245576,2.941506951931053,4.804816237245573,3.1611609426045777,1.0,0.0,0.0,1.0,1.0
1.0292005271944276,2.21913894413569,gt-order-1,"ap_fixed<16,6,AP_RND,AP_SAT>",False,True,1000.0,0.0,-12.0,0.6604133248329163,0.10000000149011612,0.5388159155845642,0.0,5.438577175140381,5.438577175140381,5.329381061894178,5.329381061894178,5.485001940813912,3.8202469839879996,5.485001940813912,3.8202469839879996,4.485001940813911,2.820246983987999,5.485001940813907,3.622368368447911,1.0,0.0,0.0,1.0,1.0
1.174897554939529,2.21913894413569,gt-order-1,"ap_fixed<16,6,AP_RND,AP_SAT>",False,True,1000.0,0.0,-12.0,0.16924451291561127,0.10000000149011612,0.5773502588272095,0.0,5.438577175140381,5.438577175140381,5.329381061894178,5.329381061894178,6.261476760824783,3.813505618466408,6.261476760824783,3.813505618466408,5.261476760824781,2.813505618466406,6.261476760824778,1.059720584518209,1.0,0.0,0.0,1.0,1.0
1.3412199354053709,2.21913894413569,gt-order-1,"ap_fixed<16,6,AP_RND,AP_SAT>",False,True,1000.0,0.0,-12.0,0.14492890238761902,0.10000000149011612,0.5388159155845642,0.0,5.438577175140381,5.438577175140381,5.3293810618941775,5.3293810618941775,7.147871945759942,4.333563866037664,7.147871945759942,4.333563866037664,6.147871945759943,3.3335638660376645,7.147871945759934,1.0359332355062418,1.0,0.0,0.0,1.0,1.0
1.5310874616820287,2.21913894413569,gt-order-1,"ap_fixed<16,6,AP_RND,AP_SAT>",False,True,1000.0,0.0,-12.0,0.18307727575302124,0.10000000149011612,0.45454543828964233,0.0,5.438577175140381,5.438577175140381,5.329381061894178,5.329381061894178,8.159748821137288,4.232809003370508,8.159748821137288,4.232809003370508,7.159748821137288,3.232809003370505,8.159748821137283,1.4938645850027403,1.0,0.0,0.0,1.0,1.0
1.7478332624182173,2.21913894413569,gt-order-1,"ap_fixed<16,6,AP_RND,AP_SAT>",False,True,1000.0,0.0,-12.0,0.1288665384054184,0.10000000149011612,0.5174549221992493,0.0,5.438577175140381,5.438577175140381,5.3293810618941775,5.3293810618941775,9.3148694323079,5.027694482233476,9.3148694323079,5.027694482233476,8.314869432307898,4.027694482233476,9.314869432307889,1.2003749794399625,1.0,0.0,0.0,1.0,1.0
1.9952623149688795,2.21913894413569,gt-order-1,"ap_fixed<16,6,AP_RND,AP_SAT>",False,True,1000.0,0.0,-12.0,0.1660497486591339,0.08311393857002258,0.5388159155845642,0.0,5.438577175140381,5.438577175140381,5.329381061894178,5.329381061894178,10.63351292969765,5.958393274461997,10.63351292969765,5.958393274461997,9.633512929697641,4.958393274461994,10.633512929697641,1.7656921493399438,1.0,0.0,0.0,1.0,1.0
0.01,2.29739670999407,gt-order-1,"ap_fixed<16,6,AP_RND,AP_SAT>",False,True,1000.0,0.01861572265625,-1.7301200999256214,1.0,0.10000000149011612,0.39356082677841187,0.0,6.291554927825928,6.291554927825928,5.711889192648528,5.711889192648528,0.05711889064977855,0.05711889064977855,0.05711889064977855,0.05711889064977855,0.9959464905015997,0.9995946490441195,0.05711889064977853,0.05711889064977853,1.0,0.0,0.0,1.0,1.0
0.011415633046188459,2.29739670999407,gt-order-1,"ap_fixed<16,6,AP_RND,AP_SAT>",False,True,1000.0,0.0140838623046875,-1.8512782295669508,1.0,0.10000000149011612,0.40282273292541504,0.0,6.175107955932617,6.175107955932617,5.711889192648528,5.711889192648528,0.06520483289026222,0.06520483289026222,0.06520483289026222,0.06520483289026222,0.995372662065815,0.9995372661996861,0.06520483289026219,0.06520483289026219,1.0,0.0,0.0,1.0,1.0
0.013031667784522994,2.29739670999407,gt-order-1,"ap_fixed<16,6,AP_RND,AP_SAT>",False,True,1000.0,0.0107269287109375,-1.9695246055633888,1.0,0.10000000149011612,0.407773494720459,0.0,6.175107955932617,6.175107955932617,5.7118891926485285,5.7118891926485285,0.07443544378117271,0.07443544378117271,0.07443544378117271,0.07443544378117271,0.9947176008680799,0.9994717600789367,0.0744354437811727,0.0744354437811727,1.0,0.0,0.0,1.0,1.0
0.014876473740795015,2.29739670999407,gt-order-1,"ap_fixed<16,6,AP_RND,AP_SAT>",False,True,1000.0,0.008056640625,-2.0938460080359818,1.0,0.10000000149011612,0.40156030654907227,0.0,6.087249279022217,6.087249279022217,5.7118891926485285,5.7118891926485285,0.08497276932341766,0.08497276932341766,0.08497276932341766,0.08497276932341766,0.9939698071226599,0.9993969807032803,0.08497276932341759,0.08497276932341759,1.0,0.0,0.0,1.0,1.0
0.016982436524617443,2.29739670999407,gt-order-1,"ap_fixed<16,6,AP_RND,AP_SAT>",False,True,1000.0,0.0062408447265625,-2.204756622546768,1.0,0.10000000149011612,0.413504034280777,0.0,5.977992534637451,5.977992534637451,5.711889192648528,5.711889192648528,0.09700179368204076,0.09700179368204076,0.09700179368204076,0.09700179368204076,0.9931161532099265,0.999311615310735,0.09700179368204076,0.09700179368204076,1.0,0.0,0.0,1.0,1.0
0.019386526359522076,2.29739670999407,gt-order-1,"ap_fixed<16,6,AP_RND,AP_SAT>",False,True,1000.0,0.004730224609375,-2.3251182366976137,1.0,0.10000000149011612,0.4191119968891144,0.0,5.970299243927002,5.970299243927002,5.711889192648528,5.711889192648528,0.11073368946875597,0.11073368946875597,0.11073368946875597,0.11073368946875597,0.9921416530162203,0.9992141652899121,0.11073368946875588,0.11073368946875588,1.0,0.0,0.0,1.0,1.0
0.022130947096056376,2.29739670999407,gt-order-1,"ap_fixed<16,6,AP_RND,AP_SAT>",False,True,1000.0,0.003509521484375,-2.454752094482359,1.0,0.10000000149011612,0.42091092467308044,0.0,5.933802127838135,5.933802127838135,5.7118891926485285,5.7118891926485285,0.12640952019144627,0.12640952019144627,0.12640952019144627,0.12640952019144627,0.9910291991851514,0.9991029199051473,0.12640952019144616,0.12640952019144616,1.0,0.0,0.0,1.0,1.0
0.025263877101318954,2.29739670999407,gt-order-1,"ap_fixed<16,6,AP_RND,AP_SAT>",False,True,1000.0,0.00274658203125,-2.561207425362271,1.0,0.10000000149011612,0.4343935251235962,0.0,5.969616413116455,5.969616413116455,5.711889192648528,5.711889192648528,0.1443044693451858,0.1443044693451858,0.1443044693451858,0.1443044693451858,0.9897592629951641,0.9989759262842562,0.14430446934518573,0.14430446934518573,1.0,0.0,0.0,1.0,1.0
0.028840315031266057,2.29739670999407,gt-order-1,"ap_fixed<16,6,AP_RND,AP_SAT>",False,True,1000.0,0.0020904541015625,-2.679759363259541,1.0,0.10000000149011612,0.4362311363220215,0.0,5.889420509338379,5.889420509338379,5.711889192648528,5.711889192648528,0.16473268125856758,0.16473268125856758,0.16473268125856758,0.16473268125856758,0.988309550823162,0.998830955064896,0.1647326812585675,0.1647326812585675,1.0,0.0,0.0,1.0,1.0
0.03292304533334065,2.29739670999407,gt-order-1,"ap_fixed<16,6,AP_RND,AP_SAT>",False,True,1000.0,0.001556396484375,-2.807879758582743,1.0,0.10000000149011612,0.4383714199066162,0.0,5.86007022857666,5.86007022857666,5.711889192648528,5.711889192648528,0.18805279348950607,0.18805279348950607,0.18805279348950607,0.18805279348950607,0.9866546115315102,0.9986654611332647,0.188052793489506,0.188052793489506,1.0,0.0,0.0,1.0,1.0
0.037583740428844416,2.29739670999407,gt-order-1,"ap_fixed<16,6,AP_RND,AP_SAT>",False,True,1000.0,0.0011749267578125,-2.929989205081582,1.0,0.10000000149011612,0.4340992867946625,0.0,5.833406448364258,5.833406448364258,5.711889192648528,5.711889192648528,0.21467417140973805,0.21467417140973805,0.21467417140973805,0.21467417140973805,0.9847653940233864,0.9984765393796373,0.21467417140973793,0.21467417140973793,1.0,0.0,0.0,1.0,1.0
0.04290421892388853,2.29739670999407,gt-order-1,"ap_fixed<16,6,AP_RND,AP_SAT>",False,True,1000.0,0.0009307861328125,-3.031150095146343,1.0,0.10000000149011612,0.4450667202472687,0.0,5.817362308502197,5.817362308502197,5.711889192648528,5.711889192648528,0.24506415351547967,0.24506415351547967,0.24506415351547967,0.24506415351547967,0.9826087330707575,0.9982608732811608,0.2450641535154796,0.2450641535154796,1.0,0.0,0.0,1.0,1.0
0.04897788193684462,2.29739670999407,gt-order-1,"ap_fixed<16,6,AP_RND,AP_SAT>",False,True,1000.0,0.000701904296875,-3.153722098323388,1.0,0.10000000149011612,0.3917575180530548,0.0,5.815308570861816,5.815308570861816,5.711889192648528,5.711889192648528,0.27975623298968094,0.27975623298968094,0.27975623298968094,0.27975623298968094,0.9801467687001576,0.9980146768404321,0.2797562329896808,0.2797562329896808,1.0,0.0,0.0,1.0,1.0
0.05591135275705602,2.29739670999407,gt-order-1,"ap_fixed<16,6,AP_RND,AP_SAT>",False,True,1000.0,0.0005340576171875,-3.2724118854602255,1.0,0.10000000149011612,0.42074355483055115,0.0,5.781308650970459,5.781308650970459,5.711889192648528,5.711889192648528,0.31935944149644513,0.31935944149644513,0.31935944149644513,0.31935944149644513,0.9773362802606393,0.9977336279922924,0.31935944149644485,0.31935944149644485,1.0,0.0,0.0,1.0,1.0
0.06382634861905485,2.29739670999407,gt-order-1,"ap_fixed<16,6,AP_RND,AP_SAT>",False,True,1000.0,0.000396728515625,-3.4015065815581917,1.0,0.10000000149011612,0.4084477722644806,0.0,5.767572402954102,5.767572402954102,5.711889192648528,5.711889192648528,0.36456900968217165,0.36456900968217165,0.36456900968217165,0.36456900968217165,0.9741279298887269,0.9974127929503204,0.36456900968217126,0.36456900968217126,1.0,0.0,0.0,1.0,1.0
0.07286181745132274,2.29739670999407,gt-order-1,"ap_fixed<16,6,AP_RND,AP_SAT>",False,True,1000.0,0.0002899169921875,-3.5377263281728744,1.0,0.10000000149011612,0.3875851035118103,0.0,5.768190383911133,5.768190383911133,5.711889192648528,5.711889192648528,0.41617864483854916,0.41617864483854916,0.41617864483854916,0.41617864483854916,0.9704653912095696,0.9970465390769471,0.41617864483854883,0.41617864483854883,1.0,0.0,0.0,1.0,1.0
0.08317637711026708,2.29739670999407,gt-order-1,"ap_fixed<16,6,AP_RND,AP_SAT>",False,True,1000.0,0.0001983642578125,-3.7025365761274838,1.0,0.10000000149011612,0.39072951674461365,0.0,5.752647399902344,5.752647399902344,5.711889192648528,5.711889192648528,0.4750942342213902,0.4750942342213902,0.4750942342213902,0.4750942342213902,0.9662843768647444,0.9966284376362341,0.47509423422138986,0.47509423422138986,1.0,0.0,0.0,1.0,1.0
0.09495109992021983,2.29739670999407,gt-order-1,"ap_fixed<16,6,AP_RND,AP_SAT>",False,True,1000.0,0.000152587890625,-3.816479927777507,1.0,0.10000000149011612,0.49560055136680603,0.0,5.738883972167969,5.738883972167969,5.7118891926485285,5.7118891926485285,0.5423501656182494,0.5423501656182494,0.5423501656182494,0.5423501656182494,0.961511480303911,0.9961511479730388,0.542350165618249,0.542350165618249,1.0,0.0,0.0,1.0,1.0
0.10839269140212034,2.29739670999407,gt-order-1,"ap_fixed<16,6,AP_RND,AP_SAT>",False,True,1000.0,0.0001220703125,-3.913389940074015,1.0,0.10000000149011612,0.5002585053443909,0.0,5.736958980560303,5.736958980560303,5.711889192648529,5.711889192648529,0.6191270522934376,0.6191270522934376,0.6191270522934376,0.6191270522934376,0.956062917913165,0.995606291725845,0.619127052293437,0.619127052293437,1.0,0.0,0.0,1.0,1.0
0.12373711899353519,2.29739670999407,gt-order-1,"ap_fixed<16,6,AP_RND,AP_SAT>",False,True,1000.0,9.1552734375e-05,-4.038328675496402,1.0,0.10000000149011612,0.47890704870224,0.0,5.718870639801025,5.718870639801025,5.7118891926485285,5.7118891926485285,0.7067727135351811,0.7067727135351811,0.7067727135351811,0.7067727135351811,0.9498430401057447,0.9949843039358347,0.7067727135351803,0.7067727135351803,1.0,0.0,0.0,1.0,1.0
0.1412537544622754,2.29739670999407,gt-order-1,"ap_fixed<16,6,AP_RND,AP_SAT>",False,True,1000.0,4.57763671875e-05,-4.339358666416729,1.0,0.10000000149011612,0.5352643728256226,0.0,5.718803405761719,5.718803405761719,5.711889192648528,5.711889192648528,0.8068257937300117,0.8068257937300117,0.8068257937300117,0.8068257937300117,0.9427426551665363,0.9942742654313332,0.8068257937300112,0.8068257937300112,1.0,0.0,0.0,1.0,1.0
0.16125010273377416,2.29739670999407,gt-order-1,"ap_fixed<16,6,AP_RND,AP_SAT>",False,True,1000.0,4.57763671875e-05,-4.339358666416729,1.0,0.10000000149011612,0.48830604553222656,0.0,5.718602657318115,5.718602657318115,5.7118891926485285,5.7118891926485285,0.9210427008746361,0.9210427008746361,0.9210427008746361,0.9210427008746361,0.9346371175287794,0.9934637116554793,0.921042700874635,0.921042700874635,1.0,0.0,0.0,1.0,1.0
0.18407720014689555,2.29739670999407,gt-order-1,"ap_fixed<16,6,AP_RND,AP_SAT>",False,True,1000.0,3.0517578125e-05,-4.515449920728757,1.0,0.10000000149011612,0.6636636257171631,0.0,5.703055381774902,5.703055381774902,5.7118891926485285,5.7118891926485285,1.0514285879924314,1.0514285879924314,1.0514285879924314,1.0514285879924314,0.9253841291412775,0.9925384128029413,1.0514285879924303,1.0514285879924303,1.0,0.0,0.0,1.0,1.0
0.21013577690467466,2.29739670999407,gt-order-1,"ap_fixed<16,6,AP_RND,AP_SAT>",False,True,1000.0,1.52587890625e-05,-4.816479902161777,1.0,0.10000000149011612,0.6536816954612732,0.0,5.705470561981201,5.705470561981201,5.7118891926485285,5.7118891926485285,1.2002722497838936,1.2002722497838936,1.2002722497838936,1.2002722497838936,0.9148212629864045,0.9914821261717143,1.2002722497838922,1.2002722497838922,1.0,0.0,0.0,1.0,1.0
0.239883291901949,2.29739670999407,gt-order-1,"ap_fixed<16,6,AP_RND,AP_SAT>",False,True,1000.0,1.52587890625e-05,-4.816479902161777,1.0,0.10000000149011612,0.5455955266952515,0.0,5.700345993041992,5.700345993041992,5.711889192648528,5.711889192648528,1.3701867644573424,1.3701867644573424,1.3701867644573424,1.3701867644573424,0.9027630788846158,0.9902763077435673,1.3701867644573418,1.3701867644573418,1.0,0.0,0.0,1.0,1.0
0.27384196342643613,2.29739670999407,gt-order-1,"ap_fixed<16,6,AP_RND,AP_SAT>",False,True,1000.0,1.52587890625e-05,-4.816479902161777,1.0,0.10000000149011612,0.5913770198822021,0.0,5.696998119354248,5.696998119354248,5.711889192648528,5.711889192648528,1.5641550296020679,1.5641550296020679,1.5641550296020679,1.5641550296020679,0.8889978919874592,0.9888997890333399,1.5641550296020665,1.5641550296020665,1.0,0.0,0.0,1.0,1.0
0.3126079367123954,2.29739670999407,gt-order-1,"ap_fixed<16,6,AP_RND,AP_SAT>",False,True,1000.0,0.0,-12.0,1.0,0.10000000149011612,0.6614378094673157,0.0,5.6935577392578125,5.6935577392578125,5.711889192648529,5.711889192648529,1.7855819369364385,1.7855819369364385,1.7855819369364385,1.7855819369364385,0.8732840701349885,0.9873284068246774,1.7855819369364372,1.7855819369364372,1.0,0.0,0.0,1.0,1.0
0.35686174928348097,2.29739670999407,gt-order-1,"ap_fixed<16,6,AP_RND,AP_SAT>",False,True,1000.0,0.0,-12.0,1.0,0.10000000149011612,0.6000000238418579,0.0,5.692573547363281,5.692573547363281,5.711889192648528,5.711889192648528,2.038354717979041,2.038354717979041,2.038354717979041,2.038354717979041,1.0383547179790409,1.0383547179790409,2.0383547179790407,2.0383547179790407,1.0,0.0,0.0,1.0,1.0
0.4073802778041126,2.29739670999407,gt-order-1,"ap_fixed<16,6,AP_RND,AP_SAT>",False,True,1000.0,0.0,-12.0,1.0,0.10000000149011612,0.696526050567627,0.0,5.813507556915283,5.813507556915283,5.711889192648528,5.711889192648528,2.3269110350739504,2.3269110350739504,2.3269110350739504,2.3269110350739504,1.3269110350739493,1.3269110350739493,2.3269110350739486,2.3269110350739486,1.0,0.0,0.0,1.0,1.0
0.46505037616660627,2.29739670999407,gt-order-1,"ap_fixed<16,6,AP_RND,AP_SAT>",False,True,1000.0,0.0,-12.0,1.0,0.10000000149011612,0.6915640830993652,0.0,5.689126968383789,5.689126968383789,5.711889192648528,5.711889192648528,2.656316179590617,2.656316179590617,2.656316179590617,2.656316179590617,1.6563161795906167,1.6563161795906167,2.6563161795906147,2.6563161795906147,1.0,0.0,0.0,1.0,1.0
0.5308844442309882,2.29739670999407,gt-order-1,"ap_fixed<16,6,AP_RND,AP_SAT>",False,True,1000.0,0.0,-12.0,1.0,0.10000000149011612,0.48596540093421936,0.0,5.684237003326416,5.684237003326416,5.711889192648528,5.711889192648528,3.0323531223047837,3.0323531223047837,3.0323531223047837,3.0323531223047837,2.032353122304783,2.032353122304783,3.032353122304781,3.032353122304781,1.0,0.0,0.0,1.0,1.0
0.606038200527066,2.29739670999407,gt-order-1,"ap_fixed<16,6,AP_RND,AP_SAT>",False,True,1000.0,0.0,-12.0,1.0,0.10000000149011612,0.6201736927032471,0.0,5.683851718902588,5.683851718902588,5.711889192648528,5.711889192648528,3.4616231178883146,3.4616231178883146,3.4616231178883146,3.4616231178883146,2.461623117888313,2.461623117888313,3.461623117888311,3.461623117888311,1.0,0.0,0.0,1.0,1.0
0.6918309709189363,2.29739670999407,gt-order-1,"ap_fixed<16,6,AP_RND,AP_SAT>",False,True,1000.0,0.0,-12.0,1.0,0.10000000149011612,0.5388159155845642,0.0,5.681793689727783,5.681793689727783,5.711889192648528,5.711889192648528,3.951661970334832,3.951661970334832,3.951661970334832,3.951661970334832,2.9516619703348326,2.9516619703348326,3.9516619703348272,3.9516619703348272,1.0,0.0,0.0,1.0,1.0
0.7897688493998856,2.29739670999407,gt-order-1,"ap_fixed<16,6,AP_RND,AP_SAT>",False,True,1000.0,0.0,-12.0,1.0,0.10000000149011612,0.5388159155845642,0.0,5.702733993530273,5.702733993530273,5.711889192648528,5.711889192648528,4.511072299776297,4.511072299776297,4.511072299776297,4.511072299776297,3.511072299776295,3.511072299776295,4.511072299776292,4.511072299776292,1.0,0.0,0.0,1.0,1.0
0.9015711376059565,2.29739670999407,gt-order-1,"ap_fixed<16,6,AP_RND,AP_SAT>",False,True,1000.0,0.0,-12.0,1.0,0.10000000149011612,0.5852057337760925,0.0,5.813507556915283,5.813507556915283,5.711889192648528,5.711889192648528,5.14967453433153,5.14967453433153,5.14967453433153,5.14967453433153,4.14967453433153,4.14967453433153,5.149674534331528,5.149674534331528,1.0,0.0,0.0,1.0,1.0
1.0292005271944276,2.29739670999407,gt-order-1,"ap_fixed<16,6,AP_RND,AP_SAT>",False,True,1000.0,0.0,-12.0,0.9072885513305664,0.10000000149011612,0.5083285570144653,0.0,5.813507556915283,5.813507556915283,5.711889192648528,5.711889192648528,5.878679520855263,5.3661523049433875,5.878679520855263,5.3661523049433875,4.878679520855264,4.36615230494339,5.8786795208552585,5.3336586262134364,1.0,0.0,0.0,1.0,1.0
1.174897554939529,2.29739670999407,gt-order-1,"ap_fixed<16,6,AP_RND,AP_SAT>",False,True,1000.0,0.0,-12.0,0.7857334017753601,0.10000000149011612,0.5430753827095032,0.0,5.687843322753906,5.687843322753906,5.711889192648529,5.711889192648529,6.710884627090896,5.361652983536458,6.710884627090896,5.361652983536458,5.710884627090896,4.361652983536455,6.7108846270908895,5.272966206966093,1.0,0.0,0.0,1.0,1.0
1.3412199354053709,2.29739670999407,gt-order-1,"ap_fixed<16,6,AP_RND,AP_SAT>",False,True,1000.0,0.0,-12.0,0.43560755252838135,0.10000000149011612,0.5388159155845642,0.0,5.6885294914245605,5.6885294914245605,5.711889192648528,5.711889192648528,7.660899463419249,5.369961107137974,7.660899463419249,5.369961107137974,6.66089946341925,4.369961107137974,7.660899463419244,3.3371456654260467,1.0,0.0,0.0,1.0,1.0
1.5310874616820287,2.29739670999407,gt-order-1,"ap_fixed<16,6,AP_RND,AP_SAT>",False,True,1000.0,0.0,-12.0,0.13650012016296387,0.10000000149011612,0.5430753827095032,0.0,5.813507556915283,5.813507556915283,5.711889192648528,5.711889192648528,8.745402245568698,5.3696057612520045,8.745402245568698,5.3696057612520045,7.745402245568698,4.369605761252004,8.745402245568693,1.1937484573935806,1.0,0.0,0.0,1.0,1.0
1.7478332624182173,2.29739670999407,gt-order-1,"ap_fixed<16,6,AP_RND,AP_SAT>",False,True,1000.0,0.0,-12.0,0.23495325446128845,0.09603501856327057,0.5430753827095032,0.0,5.813507556915283,5.813507556915283,5.711889192648529,5.711889192648529,9.983429862382788,5.364372283973092,9.983429862382788,5.364372283973092,8.983429862382788,4.364372283973095,9.983429862382776,2.3456393368528463,1.0,0.0,0.0,1.0,1.0
1.9952623149688795,2.29739670999407,gt-order-1,"ap_fixed<16,6,AP_RND,AP_SAT>",False,True,1000.0,0.0,-12.0,0.22448548674583435,0.07126154005527496,0.555555522441864,0.0,5.813507556915283,5.813507556915283,5.7118891926485285,5.7118891926485285,11.39671696912605,5.371149482481514,11.39671696912605,5.371149482481514,10.39671696912605,4.371149482481518,11.396716969126036,2.558397556118768,1.0,0.0,0.0,1.0,1.0
0.01,2.378414230005442,gt-order-1,"ap_fixed<16,6,AP_RND,AP_SAT>",False,True,1000.0,0.0170135498046875,-1.7692050632139933,1.0,0.10000000149011612,0.38932472467422485,0.0,6.7862982749938965,6.7862982749938965,6.121851249871463,6.121851249871463,0.06121851113037424,0.06121851113037424,0.06121851113037424,0.06121851113037424,0.9956555560952691,0.9995655556030533,0.06121851113037421,0.06121851113037421,1.0,0.0,0.0,1.0,1.0
0.011415633046188459,2.378414230005442,gt-order-1,"ap_fixed<16,6,AP_RND,AP_SAT>",False,True,1000.0,0.0130462646484375,-1.8845138158622377,1.0,0.10000000149011612,0.3950899541378021,0.0,6.592562675476074,6.592562675476074,6.121851249871462,6.121851249871462,0.0698848094323447,0.0698848094323447,0.0698848094323447,0.0698848094323447,0.9950405420065663,0.9995040541932664,0.06988480943234465,0.06988480943234465,1.0,0.0,0.0,1.0,1.0
0.013031667784522994,2.378414230005442,gt-order-1,"ap_fixed<16,6,AP_RND,AP_SAT>",False,True,1000.0,0.00982666015625,-2.0075940632196914,1.0,0.10000000149011612,0.39143356680870056,0.0,6.592562675476074,6.592562675476074,6.121851249871463,6.121851249871463,0.07977793321568535,0.07977793321568535,0.07977793321568535,0.07977793321568535,0.994338464799433,0.9994338464715069,0.07977793321568527,0.07977793321568527,1.0,0.0,0.0,1.0,1.0
0.014876473740795015,2.378414230005442,gt-order-1,"ap_fixed<16,6,AP_RND,AP_SAT>",False,True,1000.0,0.0074920654296875,-2.1253984384427635,1.0,0.10000000149011612,0.39508047699928284,0.0,6.5120015144348145,6.5120015144348145,6.121851249871462,6.121851249871462,0.091071559083659,0.091071559083659,0.091071559083659,0.091071559083659,0.9935369993087101,0.9993536999212403,0.09107155908365894,0.09107155908365894,1.0,0.0,0.0,1.0,1.0
0.016982436524617443,2.378414230005442,gt-order-1,"ap_fixed<16,6,AP_RND,AP_SAT>",False,True,1000.0,0.005615234375,-2.2506321118728394,1.0,0.10000000149011612,0.3878977596759796,0.0,6.431867599487305,6.431867599487305,6.121851249871462,6.121851249871462,0.1039639481550978,0.1039639481550978,0.1039639481550978,0.1039639481550978,0.9926220757000722,0.9992622075590134,0.10396394815509771,0.10396394815509771,1.0,0.0,0.0,1.0,1.0
0.019386526359522076,2.378414230005442,gt-order-1,"ap_fixed<16,6,AP_RND,AP_SAT>",False,True,1000.0,0.004119873046875,-2.385116166359297,1.0,0.10000000149011612,0.39965733885765076,0.0,6.425939083099365,6.425939083099365,6.121851249871463,6.121851249871463,0.11868142963096438,0.11868142963096438,0.11868142963096438,0.11868142963096438,0.991577632254614,0.999157763212911,0.11868142963096429,0.11868142963096429,1.0,0.0,0.0,1.0,1.0
0.022130947096056376,2.378414230005442,gt-order-1,"ap_fixed<16,6,AP_RND,AP_SAT>",False,True,1000.0,0.0032958984375,-2.482026179341,1.0,0.10000000149011612,0.4046914875507355,0.0,6.3584160804748535,6.3584160804748535,6.121851249871462,6.121851249871462,0.1354823689814662,0.1354823689814662,0.1354823689814662,0.1354823689814662,0.9903853337617676,0.9990385333618498,0.1354823689814661,0.1354823689814661,1.0,0.0,0.0,1.0,1.0
0.025263877101318954,2.378414230005442,gt-order-1,"ap_fixed<16,6,AP_RND,AP_SAT>",False,True,1000.0,0.0024261474609375,-2.6150828061242417,1.0,0.10000000149011612,0.3950493633747101,0.0,6.348528861999512,6.348528861999512,6.121851249871462,6.121851249871462,0.15466170057357817,0.15466170057357817,0.15466170057357817,0.15466170057357817,0.9890242498560398,0.9989024249692485,0.15466170057357806,0.15466170057357806,1.0,0.0,0.0,1.0,1.0
0.028840315031266057,2.378414230005442,gt-order-1,"ap_fixed<16,6,AP_RND,AP_SAT>",False,True,1000.0,0.0018157958984375,-2.7409329689919923,1.0,0.10000000149011612,0.4161807894706726,0.0,6.299389839172363,6.299389839172363,6.121851249871462,6.121851249871462,0.1765561159616658,0.1765561159616658,0.1765561159616658,0.1765561159616658,0.9874704868238441,0.9987470486637138,0.1765561159616657,0.1765561159616657,1.0,0.0,0.0,1.0,1.0
0.03292304533334065,2.378414230005442,gt-order-1,"ap_fixed<16,6,AP_RND,AP_SAT>",False,True,1000.0,0.001434326171875,-2.843352076721214,1.0,0.10000000149011612,0.37643295526504517,0.0,6.265758514404297,6.265758514404297,6.121851249871462,6.121851249871462,0.20154999336248364,0.20154999336248364,0.20154999336248364,0.20154999336248364,0.9856967668113085,0.9985696766598173,0.20154999336248344,0.20154999336248344,1.0,0.0,0.0,1.0,1.0
0.037583740428844416,2.378414230005442,gt-order-1,"ap_fixed<16,6,AP_RND,AP_SAT>",False,True,1000.0,0.0009918212890625,-3.003566573542968,1.0,0.10000000149011612,0.40029868483543396,0.0,6.277068614959717,6.277068614959717,6.121851249871462,6.121851249871462,0.23008207971738448,0.23008207971738448,0.23008207971738448,0.23008207971738448,0.9836719536238424,0.9983671953380534,0.23008207971738434,0.23008207971738434,1.0,0.0,0.0,1.0,1.0
0.04290421892388853,2.378414230005442,gt-order-1,"ap_fixed<16,6,AP_RND,AP_SAT>",False,True,1000.0,0.0007476806640625,-3.12628385001433,1.0,0.10000000149011612,0.4036951959133148,0.0,6.232483386993408,6.232483386993408,6.121851249871462,6.121851249871462,0.26265325602399975,0.26265325602399975,0.26265325602399975,0.26265325602399975,0.981360501650209,0.9981360501372457,0.2626532560239996,0.2626532560239996,1.0,0.0,0.0,1.0,1.0
0.04897788193684462,2.378414230005442,gt-order-1,"ap_fixed<16,6,AP_RND,AP_SAT>",False,True,1000.0,0.0005950927734375,-3.225415322867407,1.0,0.10000000149011612,0.42130550742149353,0.0,6.215790271759033,6.215790271759033,6.121851249871463,6.121851249871463,0.2998353061175349,0.2998353061175349,0.2998353061175349,0.2998353061175349,0.9787218335756088,0.9978721833258539,0.29983530611753473,0.29983530611753473,1.0,0.0,0.0,1.0,1.0
0.05591135275705602,2.378414230005442,gt-order-1,"ap_fixed<16,6,AP_RND,AP_SAT>",False,True,1000.0,0.000396728515625,-3.4015065815581917,1.0,0.10000000149011612,0.43931844830513,0.0,6.203152656555176,6.203152656555176,6.121851249871462,6.121851249871462,0.3422809739725928,0.3422809739725928,0.3422809739725928,0.3422809739725928,0.9757096266533849,0.9975709626291428,0.34228097397259255,0.34228097397259255,1.0,0.0,0.0,1.0,1.0
0.06382634861905485,2.378414230005442,gt-order-1,"ap_fixed<16,6,AP_RND,AP_SAT>",False,True,1000.0,0.0003204345703125,-3.49426063453445,1.0,0.10000000149011612,0.4705910384654999,0.0,6.179969787597656,6.179969787597656,6.121851249871462,6.121851249871462,0.3907353893453822,0.3907353893453822,0.3907353893453822,0.3907353893453822,0.9722710018708364,0.9972271001457642,0.390735389345382,0.390735389345382,1.0,0.0,0.0,1.0,1.0
0.07286181745132274,2.378414230005442,gt-order-1,"ap_fixed<16,6,AP_RND,AP_SAT>",False,True,1000.0,0.000244140625,-3.612359946188904,1.0,0.10000000149011612,0.42589718103408813,0.0,6.1604180335998535,6.1604180335998535,6.121851249871462,6.121851249871462,0.44604922664707886,0.44604922664707886,0.44604922664707886,0.44604922664707886,0.9683455901142373,0.9968345589642548,0.4460492266470787,0.4460492266470787,1.0,0.0,0.0,1.0,1.0
0.08317637711026708,2.378414230005442,gt-order-1,"ap_fixed<16,6,AP_RND,AP_SAT>",False,True,1000.0,0.0001678466796875,-3.7750872428780267,1.0,0.10000000149011612,0.4742490351200104,0.0,6.162768840789795,6.162768840789795,6.121851249871463,6.121851249871463,0.5091933917972821,0.5091933917972821,0.5091933917972821,0.5091933917972821,0.9638644898989458,0.9963864489360484,0.5091933917972818,0.5091933917972818,1.0,0.0,0.0,1.0,1.0
0.09495109992021983,2.378414230005442,gt-order-1,"ap_fixed<16,6,AP_RND,AP_SAT>",False,True,1000.0,0.000152587890625,-3.816479927777507,1.0,0.10000000149011612,0.4265616834163666,0.0,6.147825717926025,6.147825717926025,6.121851249871462,6.121851249871462,0.5812765141752596,0.5812765141752596,0.5812765141752596,0.5812765141752596,0.9587490260324352,0.9958749025417747,0.581276514175259,0.581276514175259,1.0,0.0,0.0,1.0,1.0
0.10839269140212034,2.378414230005442,gt-order-1,"ap_fixed<16,6,AP_RND,AP_SAT>",False,True,1000.0,9.1552734375e-05,-4.038328675496402,1.0,0.10000000149011612,0.5015662908554077,0.0,6.142701148986816,6.142701148986816,6.121851249871462,6.121851249871462,0.6635639437456149,0.6635639437456149,0.6635639437456149,0.6635639437456149,0.9529094014608477,0.9952909400759141,0.6635639437456144,0.6635639437456144,1.0,0.0,0.0,1.0,1.0
0.12373711899353519,2.378414230005442,gt-order-1,"ap_fixed<16,6,AP_RND,AP_SAT>",False,True,1000.0,7.62939453125e-05,-4.117509920595296,1.0,0.10000000149011612,0.45639827847480774,0.0,6.137665748596191,6.137665748596191,6.121851249871462,6.121851249871462,0.7575002374519335,0.7575002374519335,0.7575002374519335,0.7575002374519335,0.9462431014955259,0.9946243100694483,0.7575002374519331,0.7575002374519331,1.0,0.0,0.0,1.0,1.0
0.1412537544622754,2.378414230005442,gt-order-1,"ap_fixed<16,6,AP_RND,AP_SAT>",False,True,1000.0,4.57763671875e-05,-4.339358666416729,1.0,0.10000000149011612,0.5098499655723572,0.0,6.127138137817383,6.127138137817383,6.1218512498714635,6.1218512498714635,0.8647344735138909,0.8647344735138909,0.8647344735138909,0.8647344735138909,0.9386330973540377,0.9938633096439597,0.8647344735138898,0.8647344735138898,1.0,0.0,0.0,1.0,1.0
0.16125010273377416,2.378414230005442,gt-order-1,"ap_fixed<16,6,AP_RND,AP_SAT>",False,True,1000.0,3.0517578125e-05,-4.515449920728757,1.0,0.10000000149011612,0.48507124185562134,0.0,6.117795467376709,6.117795467376709,6.121851249871462,6.121851249871462,0.9871491234093576,0.9871491234093576,0.9871491234093576,0.9871491234093576,0.9299457972258858,0.9929945796181997,0.987149123409357,0.987149123409357,1.0,0.0,0.0,1.0,1.0
0.18407720014689555,2.378414230005442,gt-order-1,"ap_fixed<16,6,AP_RND,AP_SAT>",False,True,1000.0,3.0517578125e-05,-4.515449920728757,1.0,0.10000000149011612,0.4974372088909149,0.0,6.119396209716797,6.119396209716797,6.121851249871463,6.121851249871463,1.1268932569343917,1.1268932569343917,1.1268932569343917,1.1268932569343917,0.9200286898362294,0.9920028688644564,1.1268932569343908,1.1268932569343908,1.0,0.0,0.0,1.0,1.0
0.21013577690467466,2.378414230005442,gt-order-1,"ap_fixed<16,6,AP_RND,AP_SAT>",False,True,1000.0,1.52587890625e-05,-4.816479902161777,1.0,0.10000000149011612,0.6197797656059265,0.0,6.112342357635498,6.112342357635498,6.121851249871463,6.121851249871463,1.2864199435070696,1.2864199435070696,1.2864199435070696,1.2864199435070696,0.9087076902182106,0.9908707688857848,1.2864199435070685,1.2864199435070685,1.0,0.0,0.0,1.0,1.0
0.239883291901949,2.378414230005442,gt-order-1,"ap_fixed<16,6,AP_RND,AP_SAT>",False,True,1000.0,1.52587890625e-05,-4.816479902161777,1.0,0.10000000149011612,0.4961860477924347,0.0,6.109238147735596,6.109238147735596,6.121851249871462,6.121851249871462,1.4685298110030518,1.4685298110030518,1.4685298110030518,1.4685298110030518,0.8957840485087702,0.989578404695583,1.4685298110030498,1.4685298110030498,1.0,0.0,0.0,1.0,1.0
0.27384196342643613,2.378414230005442,gt-order-1,"ap_fixed<16,6,AP_RND,AP_SAT>",False,True,1000.0,1.52587890625e-05,-4.816479902161777,1.0,0.10000000149011612,0.484200119972229,0.0,6.1058759689331055,6.1058759689331055,6.121851249871462,6.121851249871462,1.6764198498959515,1.6764198498959515,1.6764198498959515,1.6764198498959515,0.881030886505219,0.988103088473244,1.676419849895951,1.676419849895951,1.0,0.0,0.0,1.0,1.0
0.3126079367123954,2.378414230005442,gt-order-1,"ap_fixed<16,6,AP_RND,AP_SAT>",False,True,1000.0,0.0,-12.0,1.0,0.10000000149011612,0.6082286834716797,0.0,6.102386951446533,6.102386951446533,6.121851249871462,6.121851249871462,1.9137393327677015,1.9137393327677015,1.9137393327677015,1.9137393327677015,0.9137393327677009,0.9864189227247437,1.9137393327677004,1.9137393327677004,1.0,0.0,0.0,1.0,1.0
0.35686174928348097,2.378414230005442,gt-order-1,"ap_fixed<16,6,AP_RND,AP_SAT>",False,True,1000.0,0.0,-12.0,1.0,0.10000000149011612,0.5303300619125366,0.0,6.102342128753662,6.102342128753662,6.121851249871463,6.121851249871463,2.1846544911973806,2.1846544911973806,2.1846544911973806,2.1846544911973806,1.1846544911973798,1.1846544911973798,2.1846544911973775,2.1846544911973775,1.0,0.0,0.0,1.0,1.0
0.4073802778041126,2.378414230005442,gt-order-1,"ap_fixed<16,6,AP_RND,AP_SAT>",False,True,1000.0,0.0,-12.0,1.0,0.10000000149011612,0.48795005679130554,0.0,6.249999046325684,6.249999046325684,6.1218512498714635,6.1218512498714635,2.493921493915036,2.493921493915036,2.493921493915036,2.493921493915036,1.4939214939150343,1.4939214939150343,2.4939214939150327,2.4939214939150327,1.0,0.0,0.0,1.0,1.0
0.46505037616660627,2.378414230005442,gt-order-1,"ap_fixed<16,6,AP_RND,AP_SAT>",False,True,1000.0,0.0,-12.0,1.0,0.10000000149011612,0.46423831582069397,0.0,6.0969696044921875,6.0969696044921875,6.121851249871462,6.121851249871462,2.8469691857835793,2.8469691857835793,2.8469691857835793,2.8469691857835793,1.8469691857835786,1.8469691857835786,2.846969185783576,2.846969185783576,1.0,0.0,0.0,1.0,1.0
0.5308844442309882,2.378414230005442,gt-order-1,"ap_fixed<16,6,AP_RND,AP_SAT>",False,True,1000.0,0.0,-12.0,1.0,0.10000000149011612,0.4886777698993683,0.0,6.249999046325684,6.249999046325684,6.121851249871462,6.121851249871462,3.2499956014072233,3.2499956014072233,3.2499956014072233,3.2499956014072233,2.249995601407223,2.249995601407223,3.249995601407222,3.249995601407222,1.0,0.0,0.0,1.0,1.0
0.606038200527066,2.378414230005442,gt-order-1,"ap_fixed<16,6,AP_RND,AP_SAT>",False,True,1000.0,0.0,-12.0,1.0,0.10000000149011612,0.5307448506355286,0.0,6.249999046325684,6.249999046325684,6.121851249871462,6.121851249871462,3.7100757903537493,3.7100757903537493,3.7100757903537493,3.7100757903537493,2.710075790353749,2.710075790353749,3.710075790353746,3.710075790353746,1.0,0.0,0.0,1.0,1.0
0.6918309709189363,2.378414230005442,gt-order-1,"ap_fixed<16,6,AP_RND,AP_SAT>",False,True,1000.0,0.0,-12.0,0.6772663593292236,0.10000000149011612,0.4886777997016907,0.0,6.249999046325684,6.249999046325684,6.121851249871463,6.121851249871463,4.235286427352164,3.3183348652236373,4.235286427352164,3.3183348652236373,3.2352864273521638,2.318334865223637,4.23528642735216,2.8684170193692715,1.0,0.0,0.0,1.0,1.0
0.7897688493998856,2.378414230005442,gt-order-1,"ap_fixed<16,6,AP_RND,AP_SAT>",False,True,1000.0,0.0,-12.0,0.32252082228660583,0.10000000149011612,0.4886777698993683,0.0,6.249999046325684,6.249999046325684,6.121851249871462,6.121851249871462,4.834847572356498,3.4513675699850546,4.834847572356498,3.4513675699850546,3.8348475723564985,2.451367569985055,4.834847572356495,1.559339014666817,1.0,0.0,0.0,1.0,1.0
0.9015711376059565,2.378414230005442,gt-order-1,"ap_fixed<16,6,AP_RND,AP_SAT>",False,True,1000.0,0.0,-12.0,0.30633434653282166,0.10000000149011612,0.45883145928382874,0.0,6.249999046325684,6.249999046325684,6.121851249871462,6.121851249871462,5.519284499601915,4.4908112979713515,5.519284499601915,4.4908112979713515,4.5192844996019135,3.49081129797135,5.51928449960191,1.6907464105142826,1.0,0.0,0.0,1.0,1.0
1.0292005271944276,2.378414230005442,gt-order-1,"ap_fixed<16,6,AP_RND,AP_SAT>",False,True,1000.0,0.0,-12.0,0.33345675468444824,0.10000000149011612,0.45883145928382874,0.0,6.249999046325684,6.249999046325684,6.121851249871462,6.121851249871462,6.300612697224648,4.016551515021294,6.300612697224648,4.016551515021294,5.300612697224646,3.0165515150212934,6.300612697224642,2.100981862540157,1.0,0.0,0.0,1.0,1.0
1.174897554939529,2.378414230005442,gt-order-1,"ap_fixed<16,6,AP_RND,AP_SAT>",False,True,1000.0,0.0,-12.0,0.3950425684452057,0.10000000149011612,0.48867782950401306,0.0,6.249999046325684,6.249999046325684,6.121851249871463,6.121851249871463,7.192548044345012,4.6799113005768405,7.192548044345012,4.6799113005768405,6.192548044345011,3.6799113005768382,7.192548044345005,2.841362653103592,1.0,0.0,0.0,1.0,1.0
1.3412199354053709,2.378414230005442,gt-order-1,"ap_fixed<16,6,AP_RND,AP_SAT>",False,True,1000.0,0.0,-12.0,0.31629666686058044,0.10000000149011612,0.46423834562301636,0.0,6.249999046325684,6.249999046325684,6.121851249871463,6.121851249871463,8.210748733647327,4.253248160238878,8.210748733647327,4.253248160238878,7.210748733647325,3.2532481602388743,8.210748733647318,2.5970324568823786,1.0,0.0,0.0,1.0,1.0
1.5310874616820287,2.378414230005442,gt-order-1,"ap_fixed<16,6,AP_RND,AP_SAT>",False,True,1000.0,0.0,-12.0,0.2592168152332306,0.10000000149011612,0.4886777698993683,0.0,6.249999046325684,6.249999046325684,6.121851249871462,6.121851249871462,9.373090034129065,4.487595543788475,9.373090034129065,4.487595543788475,8.373090034129065,3.4875955437884736,9.373090034129056,2.4296625475412665,1.0,0.0,0.0,1.0,1.0
1.7478332624182173,2.378414230005442,gt-order-1,"ap_fixed<16,6,AP_RND,AP_SAT>",False,True,1000.0,0.0,-12.0,0.18884773552417755,0.08558434247970581,0.4886777698993683,0.0,6.249999046325684,6.249999046325684,6.121851249871462,6.121851249871462,10.699975178036139,5.108110484012463,10.699975178036139,5.108110484012463,9.699975178036135,4.108110484012461,10.699975178036132,2.020666082537032,1.0,0.0,0.0,1.0,1.0
1.9952623149688795,2.378414230005442,gt-order-1,"ap_fixed<16,6,AP_RND,AP_SAT>",False,True,1000.0,0.0,-12.0,0.24467873573303223,0.07539905607700348,0.4886777400970459,0.0,6.084399223327637,6.084399223327637,6.121851249871462,6.121851249871462,12.214698792068939,4.781057098187528,12.214698792068939,4.781057098187528,11.214698792068937,3.7810570981875267,12.21469879206893,2.9886770578032213,1.0,0.0,0.0,1.0,1.0
0.01,2.4622888266898326,gt-order-1,"ap_fixed<16,6,AP_RND,AP_SAT>",False,True,1000.0,0.0159149169921875,-1.7981956221698798,1.0,0.10000000149011612,0.41321051120758057,0.0,7.134167194366455,7.134167194366455,6.5612377234560695,6.5612377234560695,0.06561237576800978,0.06561237576800978,0.06561237576800978,0.06561237576800978,0.9953437402894871,0.9995343740220105,0.06561237576800974,0.06561237576800974,1.0,0.0,0.0,1.0,1.0
0.011415633046188459,2.4622888266898326,gt-order-1,"ap_fixed<16,6,AP_RND,AP_SAT>",False,True,1000.0,0.0122833251953125,-1.9106840502204743,1.0,0.10000000149011612,0.4170762896537781,0.0,7.0831403732299805,7.0831403732299805,6.56123772345607,6.56123772345607,0.07490068432382545,0.07490068432382545,0.07490068432382545,0.07490068432382545,0.9946845845067399,0.9994684584427533,0.07490068432382538,0.07490068432382538,1.0,0.0,0.0,1.0,1.0
0.013031667784522994,2.4622888266898326,gt-order-1,"ap_fixed<16,6,AP_RND,AP_SAT>",False,True,1000.0,0.0094757080078125,-2.0233883304012865,1.0,0.10000000149011612,0.3970443606376648,0.0,7.022899627685547,7.022899627685547,6.561237723456069,6.561237723456069,0.08550387187619171,0.08550387187619171,0.08550387187619171,0.08550387187619171,0.993932116783613,0.9993932116693195,0.08550387187619167,0.08550387187619167,1.0,0.0,0.0,1.0,1.0
0.014876473740795015,2.4622888266898326,gt-order-1,"ap_fixed<16,6,AP_RND,AP_SAT>",False,True,1000.0,0.007049560546875,-2.1518379550059676,1.0,0.10000000149011612,0.4231019616127014,0.0,6.830151557922363,6.830151557922363,6.5612377234560695,6.5612377234560695,0.0976080803998967,0.0976080803998967,0.0976080803998967,0.0976080803998967,0.9930731273351001,0.9993073127231882,0.09760808039989659,0.09760808039989659,1.0,0.0,0.0,1.0,1.0
0.016982436524617443,2.4622888266898326,gt-order-1,"ap_fixed<16,6,AP_RND,AP_SAT>",False,True,1000.0,0.005340576171875,-2.2724118861921037,1.0,0.10000000149011612,0.39606979489326477,0.0,6.957820892333984,6.957820892333984,6.56123772345607,6.56123772345607,0.11142580090115409,0.11142580090115409,0.11142580090115409,0.11142580090115409,0.9920925364860715,0.9992092536368243,0.111425800901154,0.111425800901154,1.0,0.0,0.0,1.0,1.0
0.019386526359522076,2.4622888266898326,gt-order-1,"ap_fixed<16,6,AP_RND,AP_SAT>",False,True,1000.0,0.004150390625,-2.381911026484861,1.0,0.10000000149011612,0.40052732825279236,0.0,6.826445579528809,6.826445579528809,6.5612377234560695,6.5612377234560695,0.12719960701180552,0.12719960701180552,0.12719960701180552,0.12719960701180552,0.9909731297123531,0.9990973129577843,0.12719960701180547,0.12719960701180547,1.0,0.0,0.0,1.0,1.0
0.022130947096056376,2.4622888266898326,gt-order-1,"ap_fixed<16,6,AP_RND,AP_SAT>",False,True,1000.0,0.003082275390625,-2.5111285610361747,1.0,0.10000000149011612,0.4160207509994507,0.0,6.883618354797363,6.883618354797363,6.561237723456069,6.561237723456069,0.1452064079869721,0.1452064079869721,0.1452064079869721,0.1452064079869721,0.9896952558217267,0.9989695255668172,0.14520640798697196,0.14520640798697196,1.0,0.0,0.0,1.0,1.0
0.025263877101318954,2.4622888266898326,gt-order-1,"ap_fixed<16,6,AP_RND,AP_SAT>",False,True,1000.0,0.0023040771484375,-2.6375029831420402,1.0,0.10000000149011612,0.3668203353881836,0.0,6.7965922355651855,6.7965922355651855,6.561237723456069,6.561237723456069,0.1657623066549575,0.1657623066549575,0.1657623066549575,0.1657623066549575,0.9882364822037807,0.9988236482028492,0.16576230665495748,0.16576230665495748,1.0,0.0,0.0,1.0,1.0
0.028840315031266057,2.4622888266898326,gt-order-1,"ap_fixed<16,6,AP_RND,AP_SAT>",False,True,1000.0,0.0017547607421875,-2.7557820900225924,1.0,0.10000000149011612,0.4130252003669739,0.0,6.741218566894531,6.741218566894531,6.561237723456069,6.561237723456069,0.18922816008946458,0.18922816008946458,0.18922816008946458,0.18922816008946458,0.9865712002102398,0.9986571200010136,0.1892281600894645,0.1892281600894645,1.0,0.0,0.0,1.0,1.0
0.03292304533334065,2.4622888266898326,gt-order-1,"ap_fixed<16,6,AP_RND,AP_SAT>",False,True,1000.0,0.00146484375,-2.8342086972876523,1.0,0.10000000149011612,0.4537980854511261,0.0,6.715383052825928,6.715383052825928,6.5612377234560695,6.5612377234560695,0.21601593466355692,0.21601593466355692,0.21601593466355692,0.21601593466355692,0.9846701741610584,0.9984670173932627,0.21601593466355673,0.21601593466355673,1.0,0.0,0.0,1.0,1.0
0.037583740428844416,2.4622888266898326,gt-order-1,"ap_fixed<16,6,AP_RND,AP_SAT>",False,True,1000.0,0.001068115234375,-2.9713818902028435,1.0,0.10000000149011612,0.44291365146636963,0.0,6.703951835632324,6.703951835632324,6.5612377234560695,6.5612377234560695,0.2465958677066233,0.2465958677066233,0.2465958677066233,0.2465958677066233,0.9825000331089789,0.9982500032848209,0.24659586770662306,0.24659586770662306,1.0,0.0,0.0,1.0,1.0
0.04290421892388853,2.4622888266898326,gt-order-1,"ap_fixed<16,6,AP_RND,AP_SAT>",False,True,1000.0,0.0008087158203125,-3.0922040604858925,1.0,0.10000000149011612,0.46395546197891235,0.0,6.670106410980225,6.670106410980225,6.56123772345607,6.56123772345607,0.2815047901808161,0.2815047901808161,0.2815047901808161,0.2815047901808161,0.9800226802109717,0.9980022679913283,0.2815047901808158,0.2815047901808158,1.0,0.0,0.0,1.0,1.0
0.04897788193684462,2.4622888266898326,gt-order-1,"ap_fixed<16,6,AP_RND,AP_SAT>",False,True,1000.0,0.000640869140625,-3.193230639548134,1.0,0.10000000149011612,0.4710368812084198,0.0,6.6758341789245605,6.6758341789245605,6.5612377234560695,6.5612377234560695,0.32135552482815954,0.32135552482815954,0.32135552482815954,0.32135552482815954,0.9771946257776303,0.9977194625437804,0.3213555248281592,0.3213555248281592,1.0,0.0,0.0,1.0,1.0
0.05591135275705602,2.4622888266898326,gt-order-1,"ap_fixed<16,6,AP_RND,AP_SAT>",False,True,1000.0,0.00048828125,-3.311329951414358,1.0,0.10000000149011612,0.5199328064918518,0.0,6.647171974182129,6.647171974182129,6.561237723456069,6.561237723456069,0.3668476653197698,0.3668476653197698,0.3668476653197698,0.3668476653197698,0.9739662223181206,0.9973966221930185,0.3668476653197695,0.3668476653197695,1.0,0.0,0.0,1.0,1.0
0.06382634861905485,2.4622888266898326,gt-order-1,"ap_fixed<16,6,AP_RND,AP_SAT>",False,True,1000.0,0.0003509521484375,-3.4547520933686315,1.0,0.10000000149011612,0.40795981884002686,0.0,6.640268802642822,6.640268802642822,6.5612377234560695,6.5612377234560695,0.41877982195598856,0.41877982195598856,0.41877982195598856,0.41877982195598856,0.970280795509613,0.997028079506676,0.4187798219559883,0.4187798219559883,1.0,0.0,0.0,1.0,1.0
0.07286181745132274,2.4622888266898326,gt-order-1,"ap_fixed<16,6,AP_RND,AP_SAT>",False,True,1000.0,0.0002288818359375,-3.6403886696705565,1.0,0.10000000149011612,0.38694074749946594,0.0,6.607107639312744,6.607107639312744,6.56123772345607,6.56123772345607,0.47806372499767447,0.47806372499767447,0.47806372499767447,0.47806372499767447,0.9660736433377268,0.9966073642832185,0.4780637249976739,0.4780637249976739,1.0,0.0,0.0,1.0,1.0
0.08317637711026708,2.4622888266898326,gt-order-1,"ap_fixed<16,6,AP_RND,AP_SAT>",False,True,1000.0,0.00018310546875,-3.7372986822042473,1.0,0.10000000149011612,0.44692862033843994,0.0,6.616621971130371,6.616621971130371,6.56123772345607,6.56123772345607,0.5457399656460163,0.5457399656460163,0.5457399656460163,0.5457399656460163,0.9612709190193138,0.9961270918442207,0.545739965646016,0.545739965646016,1.0,0.0,0.0,1.0,1.0
0.09495109992021983,2.4622888266898326,gt-order-1,"ap_fixed<16,6,AP_RND,AP_SAT>",False,True,1000.0,0.0001373291015625,-3.8622374180219383,1.0,0.10000000149011612,0.4074772894382477,0.0,6.591785430908203,6.591785430908203,6.561237723456069,6.561237723456069,0.6229967434517195,0.6229967434517195,0.6229967434517195,0.6229967434517195,0.9557883005704302,0.9955788299911624,0.6229967434517191,0.6229967434517191,1.0,0.0,0.0,1.0,1.0
0.10839269140212034,2.4622888266898326,gt-order-1,"ap_fixed<16,6,AP_RND,AP_SAT>",False,True,1000.0,9.1552734375e-05,-4.038328675496402,1.0,0.10000000149011612,0.4539899230003357,0.0,6.587034225463867,6.587034225463867,6.561237723456069,6.561237723456069,0.7111902269301993,0.7111902269301993,0.7111902269301993,0.7111902269301993,0.9495295458912423,0.9949529545139173,0.7111902269301987,0.7111902269301987,1.0,0.0,0.0,1.0,1.0
0.12373711899353519,2.4622888266898326,gt-order-1,"ap_fixed<16,6,AP_RND,AP_SAT>",False,True,1000.0,6.103515625e-05,-4.214419932180256,1.0,0.10000000149011612,0.4854273200035095,0.0,6.57914924621582,6.57914924621582,6.5612377234560695,6.5612377234560695,0.8118686538816036,0.8118686538816036,0.8118686538816036,0.8118686538816036,0.942384782458362,0.9942384781599828,0.811868653881603,0.811868653881603,1.0,0.0,0.0,1.0,1.0
0.1412537544622754,2.4622888266898326,gt-order-1,"ap_fixed<16,6,AP_RND,AP_SAT>",False,True,1000.0,4.57763671875e-05,-4.339358666416729,1.0,0.10000000149011612,0.4908149838447571,0.0,6.562811851501465,6.562811851501465,6.5612377234560695,6.5612377234560695,0.9267994625827264,0.9267994625827264,0.9267994625827264,0.9267994625827264,0.9342285819277804,0.9934228580947707,0.9267994625827258,0.9267994625827258,1.0,0.0,0.0,1.0,1.0
0.16125010273377416,2.4622888266898326,gt-order-1,"ap_fixed<16,6,AP_RND,AP_SAT>",False,True,1000.0,4.57763671875e-05,-4.339358666416729,1.0,0.10000000149011612,0.7309633493423462,0.0,6.565667152404785,6.565667152404785,6.56123772345607,6.56123772345607,1.0580002360112986,1.0580002360112986,1.0580002360112986,1.0580002360112986,0.924917764141458,0.9924917763022645,1.0580002360112974,1.0580002360112974,1.0,0.0,0.0,1.0,1.0
0.18407720014689555,2.4622888266898326,gt-order-1,"ap_fixed<16,6,AP_RND,AP_SAT>",False,True,1000.0,3.0517578125e-05,-4.515449920728757,1.0,0.10000000149011612,0.5268969535827637,0.0,6.559528827667236,6.559528827667236,6.56123772345607,6.56123772345607,1.2077742901481718,1.2077742901481718,1.2077742901481718,1.2077742901481718,0.9142888715614428,0.9914288870284246,1.2077742901481707,1.2077742901481707,1.0,0.0,0.0,1.0,1.0
0.21013577690467466,2.4622888266898326,gt-order-1,"ap_fixed<16,6,AP_RND,AP_SAT>",False,True,1000.0,1.52587890625e-05,-4.816479902161777,1.0,0.10000000149011612,0.6763629913330078,0.0,6.559382915496826,6.559382915496826,6.5612377234560695,6.5612377234560695,1.3787507597023094,1.3787507597023094,1.3787507597023094,1.3787507597023094,0.9021553245390701,0.990215532308107,1.3787507597023083,1.3787507597023083,1.0,0.0,0.0,1.0,1.0
0.239883291901949,2.4622888266898326,gt-order-1,"ap_fixed<16,6,AP_RND,AP_SAT>",False,True,1000.0,1.52587890625e-05,-4.816479902161777,1.0,0.10000000149011612,0.7085723280906677,0.0,6.550601482391357,6.550601482391357,6.5612377234560695,6.5612377234560695,1.573931283314887,1.573931283314887,1.573931283314887,1.573931283314887,0.8883041082443348,0.9888304106579936,1.5739312833148857,1.5739312833148857,1.0,0.0,0.0,1.0,1.0
0.27384196342643613,2.4622888266898326,gt-order-1,"ap_fixed<16,6,AP_RND,AP_SAT>",False,True,1000.0,0.0,-12.0,1.0,0.10000000149011612,0.6745784878730774,0.0,6.543846607208252,6.543846607208252,6.5612377234560695,6.5612377234560695,1.7967423105419016,1.7967423105419016,1.7967423105419016,1.7967423105419016,0.8724920606391168,0.98724920587391,1.7967423105419,1.7967423105419,1.0,0.0,0.0,1.0,1.0
0.3126079367123954,2.4622888266898326,gt-order-1,"ap_fixed<16,6,AP_RND,AP_SAT>",False,True,1000.0,0.0,-12.0,1.0,0.10000000149011612,0.7687060832977295,0.0,6.543009281158447,6.543009281158447,6.56123772345607,6.56123772345607,2.051095034901532,2.051095034901532,2.051095034901532,2.051095034901532,1.0510950349015304,1.0510950349015304,2.0510950349015302,2.0510950349015302,1.0,0.0,0.0,1.0,1.0
0.35686174928348097,2.4622888266898326,gt-order-1,"ap_fixed<16,6,AP_RND,AP_SAT>",False,True,1000.0,0.0,-12.0,1.0,0.10000000149011612,0.5947367548942566,0.0,6.538629055023193,6.538629055023193,6.5612377234560695,6.5612377234560695,2.3414547128473506,2.3414547128473506,2.3414547128473506,2.3414547128473506,1.3414547128473502,1.3414547128473502,2.3414547128473484,2.3414547128473484,1.0,0.0,0.0,1.0,1.0
0.4073802778041126,2.4622888266898326,gt-order-1,"ap_fixed<16,6,AP_RND,AP_SAT>",False,True,1000.0,0.0,-12.0,1.0,0.10000000149011612,0.5163977742195129,0.0,6.534526348114014,6.534526348114014,6.5612377234560695,6.5612377234560695,2.672918879817084,2.672918879817084,2.672918879817084,2.672918879817084,1.6729188798170838,1.6729188798170835,2.672918879817082,2.672918879817082,1.0,0.0,0.0,1.0,1.0
0.46505037616660627,2.4622888266898326,gt-order-1,"ap_fixed<16,6,AP_RND,AP_SAT>",False,True,1000.0,0.0,-12.0,1.0,0.10000000149011612,0.6240377426147461,0.0,6.535305023193359,6.535305023193359,6.561237723456069,6.561237723456069,3.051306027677892,3.051306027677892,3.051306027677892,3.051306027677892,2.051306027677892,2.051306027677892,3.05130602767789,3.05130602767789,1.0,0.0,0.0,1.0,1.0
0.5308844442309882,2.4622888266898326,gt-order-1,"ap_fixed<16,6,AP_RND,AP_SAT>",False,True,1000.0,0.0,-12.0,1.0,0.10000000149011612,0.6864064931869507,0.0,6.533065319061279,6.533065319061279,6.5612377234560695,6.5612377234560695,3.4832590454508514,3.4832590454508514,3.4832590454508514,3.4832590454508514,2.48325904545085,2.48325904545085,3.4832590454508496,3.4832590454508496,1.0,0.0,0.0,1.0,1.0
0.606038200527066,2.4622888266898326,gt-order-1,"ap_fixed<16,6,AP_RND,AP_SAT>",False,True,1000.0,0.0,-12.0,1.0,0.10000000149011612,0.6260990500450134,0.0,6.62617826461792,6.62617826461792,6.5612377234560695,6.5612377234560695,3.976360783522995,3.976360783522995,3.976360783522995,3.976360783522995,2.976360783522994,2.976360783522994,3.976360783522992,3.976360783522992,1.0,0.0,0.0,1.0,1.0
0.6918309709189363,2.4622888266898326,gt-order-1,"ap_fixed<16,6,AP_RND,AP_SAT>",False,True,1000.0,0.0,-12.0,1.0,0.10000000149011612,0.47891315817832947,0.0,6.62617826461792,6.62617826461792,6.56123772345607,6.56123772345607,4.539267607550571,4.539267607550571,4.539267607550571,4.539267607550571,3.5392676075505687,3.5392676075505687,4.539267607550569,4.539267607550569,1.0,0.0,0.0,1.0,1.0
0.7897688493998856,2.4622888266898326,gt-order-1,"ap_fixed<16,6,AP_RND,AP_SAT>",False,True,1000.0,0.0,-12.0,1.0,0.10000000149011612,0.5677750110626221,0.0,6.56339168548584,6.56339168548584,6.5612377234560695,6.5612377234560695,5.181861333133751,5.181861333133751,5.181861333133751,5.181861333133751,4.18186133313375,4.18186133313375,5.181861333133748,5.181861333133748,1.0,0.0,0.0,1.0,1.0
0.9015711376059565,2.4622888266898326,gt-order-1,"ap_fixed<16,6,AP_RND,AP_SAT>",False,True,1000.0,0.0,-12.0,1.0,0.10000000149011612,0.5677749514579773,0.0,6.62617826461792,6.62617826461792,6.5612377234560695,6.5612377234560695,5.915422669904761,5.915422669904761,5.915422669904761,5.915422669904761,4.915422669904761,4.915422669904761,5.915422669904758,5.915422669904758,1.0,0.0,0.0,1.0,1.0
1.0292005271944276,2.4622888266898326,gt-order-1,"ap_fixed<16,6,AP_RND,AP_SAT>",False,True,1000.0,0.0,-12.0,0.9716282486915588,0.10000000149011612,0.4096440076828003,0.0,6.563392162322998,6.563392162322998,6.56123772345607,6.56123772345607,6.752829499211477,6.561239900031543,6.752829499211477,6.561239900031543,5.752829499211476,5.56123990003154,6.752829499211471,6.561239900031538,1.0,0.0,0.0,1.0,1.0
1.174897554939529,2.4622888266898326,gt-order-1,"ap_fixed<16,6,AP_RND,AP_SAT>",False,True,1000.0,0.0,-12.0,0.8511383533477783,0.10000000149011612,0.5012804269790649,0.0,6.62617826461792,6.62617826461792,6.5612377234560695,6.5612377234560695,7.70878213633785,6.561240133839365,7.70878213633785,6.561240133839365,6.708782136337848,5.561240133839364,7.708782136337842,6.56124013383936,1.0,0.0,0.0,1.0,1.0
1.3412199354053709,2.4622888266898326,gt-order-1,"ap_fixed<16,6,AP_RND,AP_SAT>",False,True,1000.0,0.0,-12.0,0.7455901503562927,0.10000000149011612,0.5412712693214417,0.0,6.62617826461792,6.62617826461792,6.5612377234560695,6.5612377234560695,8.800062616705548,6.56124000953428,8.800062616705548,6.56124000953428,7.800062616705543,5.561240009534279,8.800062616705539,6.5612400095342736,1.0,0.0,0.0,1.0,1.0
1.5310874616820287,2.4622888266898326,gt-order-1,"ap_fixed<16,6,AP_RND,AP_SAT>",False,True,1000.0,0.0,-12.0,0.6531307697296143,0.09806498885154724,0.5793241262435913,0.0,6.563392162322998,6.563392162322998,6.561237723456069,6.561237723456069,10.045829179297524,6.561240144446811,10.045829179297524,6.561240144446811,9.045829179297524,5.561240144446809,10.045829179297517,6.561240144446806,1.0,0.0,0.0,1.0,1.0
1.7478332624182173,2.4622888266898326,gt-order-1,"ap_fixed<16,6,AP_RND,AP_SAT>",False,True,1000.0,0.0,-12.0,0.572137176990509,0.05486464500427246,0.5222329497337341,0.0,6.62617826461792,6.62617826461792,6.561237723456069,6.561237723456069,11.46794946702574,6.561240233933919,11.46794946702574,6.561240233933919,10.46794946702574,5.561240233933922,11.467949467025731,6.561240233933915,1.0,0.0,0.0,1.0,1.0
1.9952623149688795,2.4622888266898326,gt-order-1,"ap_fixed<16,6,AP_RND,AP_SAT>",False,True,1000.0,0.0,-12.0,0.5011874437332153,0.025647252798080444,0.5445368885993958,0.0,6.56339168548584,6.56339168548584,6.561237723456071,6.561237723456071,13.091390042653973,6.561240310392211,13.091390042653973,6.561240310392211,12.091390042653964,5.561240310392212,13.09139004265396,6.561240310392207,1.0,0.0,0.0,1.0,1.0
0.01,2.5491212546385245,gt-order-1,"ap_fixed<16,6,AP_RND,AP_SAT>",False,True,1000.0,0.0151824951171875,-1.8186568498493687,1.0,0.10000000149011612,0.39356929063796997,0.0,7.578849792480469,7.578849792480469,7.032160486239593,7.032160486239593,0.07032160329058558,0.07032160329058558,0.07032160329058558,0.07032160329058558,0.9950095443944275,0.9995009544320063,0.07032160329058552,0.07032160329058552,1.0,0.0,0.0,1.0,1.0
0.011415633046188459,2.5491212546385245,gt-order-1,"ap_fixed<16,6,AP_RND,AP_SAT>",False,True,1000.0,0.0118255615234375,-1.9271782280806637,1.0,0.10000000149011612,0.3902038335800171,0.0,7.578849792480469,7.578849792480469,7.032160486239593,7.032160486239593,0.08027656593074473,0.08027656593074473,0.08027656593074473,0.08027656593074473,0.9943030787169377,0.9994303078632045,0.08027656593074466,0.08027656593074466,1.0,0.0,0.0,1.0,1.0
0.013031667784522994,2.5491212546385245,gt-order-1,"ap_fixed<16,6,AP_RND,AP_SAT>",False,True,1000.0,0.008819580078125,-2.0545520921539278,1.0,0.10000000149011612,0.382687509059906,0.0,7.485759735107422,7.485759735107422,7.032160486239593,7.032160486239593,0.09164078098842779,0.09164078098842779,0.09164078098842779,0.09164078098842779,0.9934966037777473,0.9993496603680839,0.09164078098842773,0.09164078098842773,1.0,0.0,0.0,1.0,1.0
0.014876473740795015,2.5491212546385245,gt-order-1,"ap_fixed<16,6,AP_RND,AP_SAT>",False,True,1000.0,0.007049560546875,-2.1518379550059676,1.0,0.10000000149011612,0.41483160853385925,0.0,7.440267562866211,7.440267562866211,7.032160486239593,7.032160486239593,0.10461375049284123,0.10461375049284123,0.10461375049284123,0.10461375049284123,0.9925759616798034,0.9992575961569177,0.10461375049284115,0.10461375049284115,1.0,0.0,0.0,1.0,1.0
0.016982436524617443,2.5491212546385245,gt-order-1,"ap_fixed<16,6,AP_RND,AP_SAT>",False,True,1000.0,0.0051727294921875,-2.2862802323366584,1.0,0.10000000149011612,0.3959406912326813,0.0,7.408617973327637,7.408617973327637,7.032160486239594,7.032160486239594,0.11942321666588858,0.11942321666588858,0.11942321666588858,0.11942321666588858,0.9915249904274355,0.999152499030115,0.11942321666588845,0.11942321666588845,1.0,0.0,0.0,1.0,1.0
0.019386526359522076,2.5491212546385245,gt-order-1,"ap_fixed<16,6,AP_RND,AP_SAT>",False,True,1000.0,0.003936767578125,-2.4048602245501516,1.0,0.10000000149011612,0.40017247200012207,0.0,7.302934646606445,7.302934646606445,7.032160486239593,7.032160486239593,0.13632916348936377,0.13632916348936377,0.13632916348936377,0.13632916348936377,0.9903252399504149,0.9990325239806249,0.1363291634893637,0.1363291634893637,1.0,0.0,0.0,1.0,1.0
0.022130947096056376,2.5491212546385245,gt-order-1,"ap_fixed<16,6,AP_RND,AP_SAT>",False,True,1000.0,0.0030364990234375,-2.5176268540709676,1.0,0.10000000149011612,0.387458473443985,0.0,7.291830062866211,7.291830062866211,7.032160486239593,7.032160486239593,0.15562837495497847,0.15562837495497847,0.15562837495497847,0.15562837495497847,0.9889556486223599,0.9988955648457785,0.15562837495497833,0.15562837495497833,1.0,0.0,0.0,1.0,1.0
0.025263877101318954,2.5491212546385245,gt-order-1,"ap_fixed<16,6,AP_RND,AP_SAT>",False,True,1000.0,0.0022430419921875,-2.6491625956819047,1.0,0.10000000149011612,0.40882059931755066,0.0,7.245632648468018,7.245632648468018,7.032160486239593,7.032160486239593,0.17765964168616016,0.17765964168616016,0.17765964168616016,0.17765964168616016,0.9873921737666719,0.9987392173578804,0.17765964168616002,0.17765964168616002,1.0,0.0,0.0,1.0,1.0
0.028840315031266057,2.5491212546385245,gt-order-1,"ap_fixed<16,6,AP_RND,AP_SAT>",False,True,1000.0,0.0018310546875,-2.737298684338892,1.0,0.10000000149011612,0.4339163899421692,0.0,7.239138603210449,7.239138603210449,7.032160486239593,7.032160486239593,0.20280972071897868,0.20280972071897868,0.20280972071897868,0.20280972071897868,0.9856073687136458,0.9985607368499179,0.20280972071897857,0.20280972071897857,1.0,0.0,0.0,1.0,1.0
0.03292304533334065,2.5491212546385245,gt-order-1,"ap_fixed<16,6,AP_RND,AP_SAT>",False,True,1000.0,0.00115966796875,-2.9356663379684087,1.0,0.10000000149011612,0.42428159713745117,0.0,7.209510803222656,7.209510803222656,7.032160486239593,7.032160486239593,0.2315201466803475,0.2315201466803475,0.2315201466803475,0.2315201466803475,0.9835698994371671,0.998356989919234,0.2315201466803473,0.2315201466803473,1.0,0.0,0.0,1.0,1.0
0.037583740428844416,2.5491212546385245,gt-order-1,"ap_fixed<16,6,AP_RND,AP_SAT>",False,True,1000.0,0.0009613037109375,-3.0171393807183406,1.0,0.10000000149011612,0.40866920351982117,0.0,7.186376094818115,7.186376094818115,7.032160486239593,7.032160486239593,0.2642949074619203,0.2642949074619203,0.2642949074619203,0.2642949074619203,0.9812439998414505,0.9981243999561965,0.2642949074619202,0.2642949074619202,1.0,0.0,0.0,1.0,1.0
0.04290421892388853,2.5491212546385245,gt-order-1,"ap_fixed<16,6,AP_RND,AP_SAT>",False,True,1000.0,0.0006561279296875,-3.1830114743822073,1.0,0.10000000149011612,0.3771273195743561,0.0,7.16856575012207,7.16856575012207,7.032160486239593,7.032160486239593,0.30170936424385086,0.30170936424385086,0.30170936424385086,0.30170936424385086,0.9785888387410231,0.9978588838421972,0.30170936424385064,0.30170936424385064,1.0,0.0,0.0,1.0,1.0
0.04897788193684462,2.5491212546385245,gt-order-1,"ap_fixed<16,6,AP_RND,AP_SAT>",False,True,1000.0,0.0005340576171875,-3.2724118854602255,1.0,0.10000000149011612,0.4206339716911316,0.0,7.149457931518555,7.149457931518555,7.032160486239594,7.032160486239594,0.3444203241794796,0.3444203241794796,0.3444203241794796,0.3444203241794796,0.9755578050407621,0.9975557804676545,0.3444203241794793,0.3444203241794793,1.0,0.0,0.0,1.0,1.0
0.05591135275705602,2.5491212546385245,gt-order-1,"ap_fixed<16,6,AP_RND,AP_SAT>",False,True,1000.0,0.0004119873046875,-3.3851161654105666,1.0,0.10000000149011612,0.4565712809562683,0.0,7.125309944152832,7.125309944152832,7.0321604862395946,7.0321604862395946,0.39317759320143697,0.39317759320143697,0.39317759320143697,0.39317759320143697,0.9720976878773693,0.997209768746159,0.3931775932014365,0.3931775932014365,1.0,0.0,0.0,1.0,1.0
0.06382634861905485,2.5491212546385245,gt-order-1,"ap_fixed<16,6,AP_RND,AP_SAT>",False,True,1000.0,0.0002899169921875,-3.5377263281728744,1.0,0.10000000149011612,0.43223053216934204,0.0,7.0866007804870605,7.0866007804870605,7.032160486239593,7.032160486239593,0.4488371006381007,0.4488371006381007,0.4488371006381007,0.4488371006381007,0.9681477452154688,0.9968147744740832,0.44883710063810045,0.44883710063810045,1.0,0.0,0.0,1.0,1.0
0.07286181745132274,2.5491212546385245,gt-order-1,"ap_fixed<16,6,AP_RND,AP_SAT>",False,True,1000.0,0.0002288818359375,-3.6403886696705565,1.0,0.10000000149011612,0.4313534200191498,0.0,7.089097499847412,7.089097499847412,7.032160486239594,7.032160486239594,0.5123760147898361,0.5123760147898361,0.5123760147898361,0.5123760147898361,0.9636386311528918,0.9963638630611066,0.5123760147898354,0.5123760147898354,1.0,0.0,0.0,1.0,1.0
0.08317637711026708,2.5491212546385245,gt-order-1,"ap_fixed<16,6,AP_RND,AP_SAT>",False,True,1000.0,0.000152587890625,-3.816479927777507,1.0,0.10000000149011612,0.40354663133621216,0.0,7.08907413482666,7.08907413482666,7.0321604862395946,7.0321604862395946,0.5849096136934635,0.5849096136934635,0.5849096136934635,0.5849096136934635,0.958491198666957,0.9958491198048429,0.5849096136934628,0.5849096136934628,1.0,0.0,0.0,1.0,1.0
0.09495109992021983,2.5491212546385245,gt-order-1,"ap_fixed<16,6,AP_RND,AP_SAT>",False,True,1000.0,9.1552734375e-05,-4.038328675496402,1.0,0.10000000149011612,0.4506058990955353,0.0,7.075362682342529,7.075362682342529,7.032160486239594,7.032160486239594,0.667711378097953,0.667711378097953,0.667711378097953,0.667711378097953,0.9526150736927269,0.9952615072986635,0.6677113780979524,0.6677113780979524,1.0,0.0,0.0,1.0,1.0
0.10839269140212034,2.5491212546385245,gt-order-1,"ap_fixed<16,6,AP_RND,AP_SAT>",False,True,1000.0,7.62939453125e-05,-4.117509920595296,1.0,0.10000000149011612,0.48518919944763184,0.0,7.0535664558410645,7.0535664558410645,7.032160486239593,7.032160486239593,0.7622348134315092,0.7622348134315092,0.7622348134315092,0.7622348134315092,0.9459071065013489,0.9945907105695302,0.7622348134315085,0.7622348134315085,1.0,0.0,0.0,1.0,1.0
0.12373711899353519,2.5491212546385245,gt-order-1,"ap_fixed<16,6,AP_RND,AP_SAT>",False,True,1000.0,6.103515625e-05,-4.214419932180256,1.0,0.10000000149011612,0.4691552519798279,0.0,7.052918910980225,7.052918910980225,7.032160486239594,7.032160486239594,0.870139279885058,0.870139279885058,0.870139279885058,0.870139279885058,0.9382495386376829,0.9938249537717527,0.8701392798850573,0.8701392798850573,1.0,0.0,0.0,1.0,1.0
0.1412537544622754,2.5491212546385245,gt-order-1,"ap_fixed<16,6,AP_RND,AP_SAT>",False,True,1000.0,4.57763671875e-05,-4.339358666416729,1.0,0.10000000149011612,0.5617467761039734,0.0,7.0412797927856445,7.0412797927856445,7.032160486239593,7.032160486239593,0.9933190709037987,0.9933190709037987,0.9933190709037987,0.9933190709037987,0.9295079393308159,0.9929507938280401,0.9933190709037981,0.9933190709037981,1.0,0.0,0.0,1.0,1.0
0.16125010273377416,2.5491212546385245,gt-order-1,"ap_fixed<16,6,AP_RND,AP_SAT>",False,True,1000.0,3.0517578125e-05,-4.515449920728757,1.0,0.10000000149011612,0.4675774872303009,0.0,7.0347819328308105,7.0347819328308105,7.0321604862395946,7.0321604862395946,1.133936578385679,1.133936578385679,1.133936578385679,1.133936578385679,0.9195288518865938,0.9919528850687478,1.133936578385678,1.133936578385678,1.0,0.0,0.0,1.0,1.0
0.18407720014689555,2.5491212546385245,gt-order-1,"ap_fixed<16,6,AP_RND,AP_SAT>",False,True,1000.0,1.52587890625e-05,-4.816479902161777,1.0,0.10000000149011612,0.5292972922325134,0.0,7.023214817047119,7.023214817047119,7.032160486239593,7.032160486239593,1.2944604352793212,1.2944604352793212,1.2944604352793212,1.2944604352793212,0.9081370868531264,0.9908137085484261,1.2944604352793203,1.2944604352793203,1.0,0.0,0.0,1.0,1.0
0.21013577690467466,2.5491212546385245,gt-order-1,"ap_fixed<16,6,AP_RND,AP_SAT>",False,True,1000.0,1.52587890625e-05,-4.816479902161777,1.0,0.10000000149011612,0.4439372718334198,0.0,7.0233988761901855,7.0233988761901855,7.032160486239593,7.032160486239593,1.4777084784003736,1.4777084784003736,1.4777084784003736,1.4777084784003736,0.8951326731137978,0.9895132671551151,1.477708478400372,1.477708478400372,1.0,0.0,0.0,1.0,1.0
0.239883291901949,2.5491212546385245,gt-order-1,"ap_fixed<16,6,AP_RND,AP_SAT>",False,True,1000.0,1.52587890625e-05,-4.816479902161777,1.0,0.10000000149011612,0.6902684569358826,0.0,7.016294479370117,7.016294479370117,7.032160486239594,7.032160486239594,1.6868977843944493,1.686897784394449,1.6868977843944493,1.686897784394449,0.8802873070260796,0.9880287305242219,1.6868977843944475,1.6868977843944475,1.0,0.0,0.0,1.0,1.0
0.27384196342643613,2.5491212546385245,gt-order-1,"ap_fixed<16,6,AP_RND,AP_SAT>",False,True,1000.0,0.0,-12.0,1.0,0.10000000149011612,0.7001400589942932,0.0,7.012636184692383,7.012636184692383,7.032160486239592,7.032160486239592,1.9257007309730931,1.9257007309730931,1.9257007309730931,1.9257007309730931,0.925700730973093,0.986334037193334,1.9257007309730925,1.9257007309730925,1.0,0.0,0.0,1.0,1.0
0.3126079367123954,2.5491212546385245,gt-order-1,"ap_fixed<16,6,AP_RND,AP_SAT>",False,True,1000.0,0.0,-12.0,1.0,0.10000000149011612,0.7001399993896484,0.0,7.013550281524658,7.013550281524658,7.032160486239593,7.032160486239593,2.198309231563593,2.198309231563593,2.198309231563593,2.198309231563593,1.1983092315635917,1.1983092315635917,2.198309231563592,2.198309231563592,1.0,0.0,0.0,1.0,1.0
0.35686174928348097,2.5491212546385245,gt-order-1,"ap_fixed<16,6,AP_RND,AP_SAT>",False,True,1000.0,0.0,-12.0,1.0,0.10000000149011612,0.7462024688720703,0.0,7.009210109710693,7.009210109710693,7.032160486239593,7.032160486239593,2.5095090295450495,2.5095090295450495,2.5095090295450495,2.5095090295450495,1.5095090295450497,1.5095090295450497,2.5095090295450477,2.5095090295450477,1.0,0.0,0.0,1.0,1.0
0.4073802778041126,2.5491212546385245,gt-order-1,"ap_fixed<16,6,AP_RND,AP_SAT>",False,True,1000.0,0.0,-12.0,0.5087357759475708,0.10000000149011612,0.6237538456916809,0.0,7.09478235244751,7.09478235244751,7.032160486239593,7.032160486239593,2.8647635281339374,2.864763528133937,2.8647635281339374,2.864763528133937,1.8647635281339374,1.864763528133935,2.8647635281339348,1.457407696391518,1.0,0.0,0.0,1.0,1.0
0.46505037616660627,2.5491212546385245,gt-order-1,"ap_fixed<16,6,AP_RND,AP_SAT>",False,True,1000.0,0.0,-12.0,1.0,0.10000000149011612,0.4691574275493622,0.0,7.126095294952393,7.126095294952393,7.032160486239594,7.032160486239594,3.270308832516856,3.270308832516856,3.270308832516856,3.270308832516856,2.2703088325168554,2.2703088325168554,3.270308832516853,3.270308832516853,1.0,0.0,0.0,1.0,1.0
0.5308844442309882,2.5491212546385245,gt-order-1,"ap_fixed<16,6,AP_RND,AP_SAT>",False,True,1000.0,0.0,-12.0,1.0,0.10000000149011612,0.7022468447685242,0.0,7.126095294952393,7.126095294952393,7.032160486239593,7.032160486239593,3.733264614874173,3.733264614874173,3.733264614874173,3.733264614874173,2.7332646148741735,2.7332646148741735,3.73326461487417,3.73326461487417,1.0,0.0,0.0,1.0,1.0
0.606038200527066,2.5491212546385245,gt-order-1,"ap_fixed<16,6,AP_RND,AP_SAT>",False,True,1000.0,0.0,-12.0,0.5696778297424316,0.10000000149011612,0.5096471905708313,0.0,7.126095294952393,7.126095294952393,7.032160486239593,7.032160486239593,4.2617579730359445,3.801129772242395,4.2617579730359445,3.801129772242395,3.261757973035945,2.801129772242396,4.261757973035941,2.4278290329666192,1.0,0.0,0.0,1.0,1.0
0.6918309709189363,2.5491212546385245,gt-order-1,"ap_fixed<16,6,AP_RND,AP_SAT>",False,True,1000.0,0.0,-12.0,0.4548262655735016,0.10000000149011612,0.4682929217815399,0.0,7.126095294952393,7.126095294952393,7.032160486239593,7.032160486239593,4.8650665700114955,3.7605868552447994,4.8650665700114955,3.7605868552447994,3.8650665700114963,2.7605868552447967,4.865066570011491,2.2127600598048107,1.0,0.0,0.0,1.0,1.0
0.7897688493998856,2.5491212546385245,gt-order-1,"ap_fixed<16,6,AP_RND,AP_SAT>",False,True,1000.0,0.0,-12.0,0.6569787263870239,0.10000000149011612,0.4723774790763855,0.0,7.126095294952393,7.126095294952393,7.032160486239594,7.032160486239594,5.553781473542119,3.8089310629093744,5.553781473542119,3.8089310629093744,4.553781473542122,2.808931062909373,5.553781473542113,3.6487162791195464,1.0,0.0,0.0,1.0,1.0
0.9015711376059565,2.5491212546385245,gt-order-1,"ap_fixed<16,6,AP_RND,AP_SAT>",False,True,1000.0,0.0,-12.0,0.5007237792015076,0.10000000149011612,0.4691574275493622,0.0,7.126095294952393,7.126095294952393,7.032160486239594,7.032160486239594,6.339993048872298,3.8580467768562396,6.339993048872298,3.8580467768562396,5.3399930488723,2.8580467768562374,6.3399930488722935,3.174585279542623,1.0,0.0,0.0,1.0,1.0
1.0292005271944276,2.5491212546385245,gt-order-1,"ap_fixed<16,6,AP_RND,AP_SAT>",False,True,1000.0,0.0,-12.0,0.5135769248008728,0.10000000149011612,0.46915745735168457,0.0,7.126095294952393,7.126095294952393,7.032160486239593,7.032160486239593,7.237503467509591,4.1256353266189265,7.237503467509591,4.1256353266189265,6.237503467509592,3.125635326618927,7.237503467509589,3.717014774079228,1.0,0.0,0.0,1.0,1.0
1.174897554939529,2.5491212546385245,gt-order-1,"ap_fixed<16,6,AP_RND,AP_SAT>",False,True,1000.0,0.0,-12.0,0.28567424416542053,0.10000000149011612,0.4691574275493622,0.0,7.126095294952393,7.126095294952393,7.032160486239594,7.032160486239594,8.262068137295044,4.357545375559128,8.262068137295044,4.357545375559128,7.262068137295046,3.3575453755591274,8.262068137295035,2.360260070364963,1.0,0.0,0.0,1.0,1.0
1.3412199354053709,2.5491212546385245,gt-order-1,"ap_fixed<16,6,AP_RND,AP_SAT>",False,True,1000.0,1.52587890625e-05,-4.816479902161777,0.10838178545236588,0.10000000149011612,0.4691574275493622,0.0,7.126095294952393,7.126095294952393,7.032160486239594,7.032160486239594,9.4316735984738,5.088427802567488,9.4316735984738,5.088427802567488,8.431673598473802,4.0884278025674865,9.431673598473793,1.0222216244065303,1.0,0.0,0.0,1.0,1.0
1.5310874616820287,2.5491212546385245,gt-order-1,"ap_fixed<16,6,AP_RND,AP_SAT>",False,True,1000.0,0.0,-12.0,0.2773642838001251,0.08475736528635025,0.46829289197921753,0.0,7.126095294952393,7.126095294952393,7.0321604862395946,7.0321604862395946,10.766853143214234,4.769224558757268,10.766853143214234,4.769224558757268,9.766853143214236,3.7692245587572675,10.766853143214226,2.9863405108487395,1.0,0.0,0.0,1.0,1.0
1.7478332624182173,2.5491212546385245,gt-order-1,"ap_fixed<16,6,AP_RND,AP_SAT>",False,True,1000.0,0.0,-12.0,0.07137323915958405,0.06464460492134094,0.5500190854072571,0.0,7.063328742980957,7.063328742980957,7.032160486239593,7.032160486239593,12.291043930920416,5.035296085418776,12.291043930920416,5.035296085418776,11.291043930920418,4.035296085418774,12.291043930920411,0.8772516180025365,1.0,0.0,0.0,1.0,1.0
1.9952623149688795,2.5491212546385245,gt-order-1,"ap_fixed<16,6,AP_RND,AP_SAT>",False,True,1000.0,0.0,-12.0,0.11015540361404419,0.037143878638744354,0.5257698893547058,0.0,7.126095294952393,7.126095294952393,7.0321604862395946,7.0321604862395946,14.031004461062203,4.29025368044241,14.031004461062203,4.29025368044241,13.031004461062203,3.2902536804424085,14.031004461062189,1.54559095951876,1.0,0.0,0.0,1.0,1.0
0.01,2.639015821545789,gt-order-1,"ap_fixed<16,6,AP_RND,AP_SAT>",False,True,1000.0,0.01397705078125,-1.8545844569247767,1.0,0.10000000149011612,0.3909013569355011,0.0,8.147351264953613,8.147351264953613,7.536882972719452,7.536882972719452,0.0753688280425699,0.0753688280425699,0.0753688280425699,0.0753688280425699,0.9946513621372997,0.9994651362057598,0.07536882804256982,0.07536882804256982,1.0,0.0,0.0,1.0,1.0
0.011415633046188459,2.639015821545789,gt-order-1,"ap_fixed<16,6,AP_RND,AP_SAT>",False,True,1000.0,0.010833740234375,-1.9652215818645367,1.0,0.10000000149011612,0.38902342319488525,0.0,8.015019416809082,8.015019416809082,7.536882972719452,7.536882972719452,0.08603829279148881,0.08603829279148881,0.08603829279148881,0.08603829279148881,0.9938941909749912,0.9993894190884007,0.08603829279148872,0.08603829279148872,1.0,0.0,0.0,1.0,1.0
0.013031667784522994,2.639015821545789,gt-order-1,"ap_fixed<16,6,AP_RND,AP_SAT>",False,True,1000.0,0.0081329345703125,-2.0897527215437273,1.0,0.10000000149011612,0.3823939859867096,0.0,7.929532527923584,7.929532527923584,7.536882972719454,7.536882972719454,0.09821815687937098,0.09821815687937098,0.09821815687937098,0.09821815687937098,0.9930298325404116,0.9993029832436546,0.09821815687937091,0.09821815687937091,1.0,0.0,0.0,1.0,1.0
0.014876473740795015,2.639015821545789,gt-order-1,"ap_fixed<16,6,AP_RND,AP_SAT>",False,True,1000.0,0.0065460205078125,-2.18402263837263,1.0,0.10000000149011612,0.38142693042755127,0.0,7.945675373077393,7.945675373077393,7.536882972719452,7.536882972719452,0.11212224128625392,0.11212224128625392,0.11212224128625392,0.11212224128625392,0.9920431127752742,0.9992043112656708,0.11212224128625382,0.11212224128625382,1.0,0.0,0.0,1.0,1.0
0.016982436524617443,2.639015821545789,gt-order-1,"ap_fixed<16,6,AP_RND,AP_SAT>",False,True,1000.0,0.004730224609375,-2.3251182366976137,1.0,0.10000000149011612,0.36929836869239807,0.0,7.879357814788818,7.879357814788818,7.536882972719452,7.536882972719452,0.1279946340812016,0.1279946340812016,0.1279946340812016,0.1279946340812016,0.9909167096815871,0.9990916709546235,0.12799463408120157,0.12799463408120157,1.0,0.0,0.0,1.0,1.0
0.019386526359522076,2.639015821545789,gt-order-1,"ap_fixed<16,6,AP_RND,AP_SAT>",False,True,1000.0,0.003936767578125,-2.4048602245501516,1.0,0.10000000149011612,0.3971973955631256,0.0,7.891275882720947,7.891275882720947,7.536882972719451,7.536882972719451,0.14611397919581898,0.14611397919581898,0.14611397919581898,0.14611397919581898,0.9896308489637763,0.9989630848809266,0.1461139791958189,0.1461139791958189,1.0,0.0,0.0,1.0,1.0
0.022130947096056376,2.639015821545789,gt-order-1,"ap_fixed<16,6,AP_RND,AP_SAT>",False,True,1000.0,0.002777099609375,-2.5564085424822403,1.0,0.10000000149011612,0.412557989358902,0.0,7.785909652709961,7.785909652709961,7.536882972719452,7.536882972719452,0.16679836183565336,0.16679836183565336,0.16679836183565336,0.16679836183565336,0.9881629573296975,0.998816295715331,0.16679836183565325,0.16679836183565325,1.0,0.0,0.0,1.0,1.0
0.025263877101318954,2.639015821545789,gt-order-1,"ap_fixed<16,6,AP_RND,AP_SAT>",False,True,1000.0,0.0023193359375,-2.634636342491677,1.0,0.10000000149011612,0.3781909942626953,0.0,7.789946556091309,7.789946556091309,7.536882972719452,7.536882972719452,0.1904108887992518,0.1904108887992518,0.1904108887992518,0.1904108887992518,0.9864872664767071,0.9986487266275351,0.19041088879925172,0.19041088879925172,1.0,0.0,0.0,1.0,1.0
0.028840315031266057,2.639015821545789,gt-order-1,"ap_fixed<16,6,AP_RND,AP_SAT>",False,True,1000.0,0.00164794921875,-2.783056174873213,1.0,0.10000000149011612,0.4277639091014862,0.0,7.729398250579834,7.729398250579834,7.536882972719452,7.536882972719452,0.21736607601318308,0.21736607601318308,0.21736607601318308,0.21736607601318308,0.9845743597926974,0.9984574359562838,0.21736607601318297,0.21736607601318297,1.0,0.0,0.0,1.0,1.0
0.03292304533334065,2.639015821545789,gt-order-1,"ap_fixed<16,6,AP_RND,AP_SAT>",False,True,1000.0,0.0012969970703125,-2.8870610045745604,1.0,0.10000000149011612,0.40244439244270325,0.0,7.691556453704834,7.691556453704834,7.536882972719452,7.536882972719452,0.2481371485720625,0.2481371485720625,0.2481371485720625,0.2481371485720625,0.9823906543001378,0.9982390654037738,0.24813714857206232,0.24813714857206232,1.0,0.0,0.0,1.0,1.0
0.037583740428844416,2.639015821545789,gt-order-1,"ap_fixed<16,6,AP_RND,AP_SAT>",False,True,1000.0,0.0009002685546875,-3.0456279184991493,1.0,0.10000000149011612,0.3477424681186676,0.0,7.693013668060303,7.693013668060303,7.536882972719452,7.536882972719452,0.28326426732211846,0.28326426732211846,0.28326426732211846,0.28326426732211846,0.9798978168468606,0.9979897816547314,0.2832642673221182,0.2832642673221182,1.0,0.0,0.0,1.0,1.0
0.04290421892388853,2.639015821545789,gt-order-1,"ap_fixed<16,6,AP_RND,AP_SAT>",False,True,1000.0,0.000579833984375,-3.236696333257891,1.0,0.10000000149011612,0.4243375062942505,0.0,7.671426773071289,7.671426773071289,7.536882972719452,7.536882972719452,0.3233640891059173,0.3233640891059173,0.3233640891059173,0.3233640891059173,0.977052085652006,0.9977052085310056,0.3233640891059169,0.3233640891059169,1.0,0.0,0.0,1.0,1.0
0.04897788193684462,2.639015821545789,gt-order-1,"ap_fixed<16,6,AP_RND,AP_SAT>",False,True,1000.0,0.0005340576171875,-3.2724118854602255,1.0,0.10000000149011612,0.4943944215774536,0.0,7.625973224639893,7.625973224639893,7.536882972719452,7.536882972719452,0.36914056239847737,0.36914056239847737,0.36914056239847737,0.36914056239847737,0.9738035041809607,0.9973803503790601,0.36914056239847703,0.36914056239847703,1.0,0.0,0.0,1.0,1.0
0.05591135275705602,2.639015821545789,gt-order-1,"ap_fixed<16,6,AP_RND,AP_SAT>",False,True,1000.0,0.0004425048828125,-3.3540819317432975,1.0,0.10000000149011612,0.5190388560295105,0.0,7.600465774536133,7.600465774536133,7.536882972719451,7.536882972719451,0.4213973092982339,0.4213973092982339,0.4213973092982339,0.4213973092982339,0.9700950424427506,0.9970095041997133,0.42139730929823366,0.42139730929823366,1.0,0.0,0.0,1.0,1.0
0.06382634861905485,2.639015821545789,gt-order-1,"ap_fixed<16,6,AP_RND,AP_SAT>",False,True,1000.0,0.0003204345703125,-3.49426063453445,1.0,0.10000000149011612,0.4208295941352844,0.0,7.5956711769104,7.5956711769104,7.536882972719451,7.536882972719451,0.481051692142626,0.481051692142626,0.481051692142626,0.481051692142626,0.9658615987360588,0.9965861598227356,0.48105169214262583,0.48105169214262583,1.0,0.0,0.0,1.0,1.0
0.07286181745132274,2.639015821545789,gt-order-1,"ap_fixed<16,6,AP_RND,AP_SAT>",False,True,1000.0,0.000213623046875,-3.6703518929124668,1.0,0.10000000149011612,0.4548506438732147,0.0,7.59749174118042,7.59749174118042,7.536882972719452,7.536882972719452,0.5491510139815362,0.5491510139815362,0.5491510139815362,0.5491510139815362,0.9610288499635012,0.9961028849382784,0.549151013981536,0.549151013981536,1.0,0.0,0.0,1.0,1.0
0.08317637711026708,2.639015821545789,gt-order-1,"ap_fixed<16,6,AP_RND,AP_SAT>",False,True,1000.0,0.0001678466796875,-3.7750872428780267,1.0,0.10000000149011612,0.40292057394981384,0.0,7.568602085113525,7.568602085113525,7.536882972719452,7.536882972719452,0.6268906002148907,0.6268906002148907,0.6268906002148907,0.6268906002148907,0.9555119684468676,0.9955511967783943,0.6268906002148902,0.6268906002148902,1.0,0.0,0.0,1.0,1.0
0.09495109992021983,2.639015821545789,gt-order-1,"ap_fixed<16,6,AP_RND,AP_SAT>",False,True,1000.0,0.0001220703125,-3.913389940074015,1.0,0.10000000149011612,0.44315457344055176,0.0,7.561691761016846,7.561691761016846,7.536882972719451,7.536882972719451,0.715635333710733,0.715635333710733,0.715635333710733,0.715635333710733,0.9492140936620421,0.9949214092905273,0.7156353337107325,0.7156353337107325,1.0,0.0,0.0,1.0,1.0
0.10839269140212034,2.639015821545789,gt-order-1,"ap_fixed<16,6,AP_RND,AP_SAT>",False,True,1000.0,9.1552734375e-05,-4.038328675496402,1.0,0.10000000149011612,0.398786723613739,0.0,7.5556640625,7.5556640625,7.536882972719452,7.536882972719452,0.8169430430103806,0.8169430430103806,0.8169430430103806,0.8169430430103806,0.9420246724674136,0.9942024671603513,0.81694304301038,0.81694304301038,1.0,0.0,0.0,1.0,1.0
0.12373711899353519,2.639015821545789,gt-order-1,"ap_fixed<16,6,AP_RND,AP_SAT>",False,True,1000.0,7.62939453125e-05,-4.117509920595296,1.0,0.10000000149011612,0.49759364128112793,0.0,7.549415588378906,7.549415588378906,7.536882972719452,7.536882972719452,0.9325921863263654,0.9325921863263654,0.9325921863263654,0.9325921863263654,0.9338174944762767,0.9933817493490082,0.9325921863263646,0.9325921863263646,1.0,0.0,0.0,1.0,1.0
0.1412537544622754,2.639015821545789,gt-order-1,"ap_fixed<16,6,AP_RND,AP_SAT>",False,True,1000.0,4.57763671875e-05,-4.339358666416729,1.0,0.10000000149011612,0.6805186867713928,0.0,7.53580379486084,7.53580379486084,7.536882972719452,7.536882972719452,1.0646130170979253,1.0646130170979253,1.0646130170979253,1.0646130170979253,0.9244484803563925,0.9924448479230586,1.064613017097925,1.064613017097925,1.0,0.0,0.0,1.0,1.0
0.16125010273377416,2.639015821545789,gt-order-1,"ap_fixed<16,6,AP_RND,AP_SAT>",False,True,1000.0,4.57763671875e-05,-4.339358666416729,1.0,0.10000000149011612,0.7021154761314392,0.0,7.536080360412598,7.536080360412598,7.536882972719452,7.536882972719452,1.2153231295705096,1.2153231295705096,1.2153231295705096,1.2153231295705096,0.9137531592959744,0.9913753158010794,1.215323129570509,1.215323129570509,1.0,0.0,0.0,1.0,1.0
0.18407720014689555,2.639015821545789,gt-order-1,"ap_fixed<16,6,AP_RND,AP_SAT>",False,True,1000.0,1.52587890625e-05,-4.816479902161777,1.0,0.10000000149011612,0.5282705426216125,0.0,7.526128768920898,7.526128768920898,7.536882972719451,7.536882972719451,1.3873683390199183,1.3873683390199183,1.3873683390199183,1.3873683390199183,0.9015437678903178,0.9901543766423206,1.3873683390199176,1.3873683390199176,1.0,0.0,0.0,1.0,1.0
0.21013577690467466,2.639015821545789,gt-order-1,"ap_fixed<16,6,AP_RND,AP_SAT>",False,True,1000.0,1.52587890625e-05,-4.816479902161777,1.0,0.10000000149011612,0.5581455826759338,0.0,7.524997234344482,7.524997234344482,7.536882972719452,7.536882972719452,1.5837687281586148,1.5837687281586148,1.5837687281586148,1.5837687281586148,0.887605982404214,0.9887605980729413,1.5837687281586132,1.5837687281586132,1.0,0.0,0.0,1.0,1.0
0.239883291901949,2.639015821545789,gt-order-1,"ap_fixed<16,6,AP_RND,AP_SAT>",False,True,1000.0,1.52587890625e-05,-4.816479902161777,1.0,0.10000000149011612,0.4536384046077728,0.0,7.523320198059082,7.523320198059082,7.536882972719452,7.536882972719452,1.807972274352829,1.807972274352829,1.807972274352829,1.807972274352829,0.8716951130531767,0.9871695111141283,1.8079722743528286,1.8079722743528286,1.0,0.0,0.0,1.0,1.0
0.27384196342643613,2.639015821545789,gt-order-1,"ap_fixed<16,6,AP_RND,AP_SAT>",False,True,1000.0,1.52587890625e-05,-4.816479902161777,1.0,0.10000000149011612,0.4886777698993683,0.0,7.516676902770996,7.516676902770996,7.536882972719452,7.536882972719452,2.063914934567381,2.063914934567381,2.063914934567381,2.063914934567381,1.0639149345673806,1.0639149345673806,2.06391493456738,2.06391493456738,1.0,0.0,0.0,1.0,1.0
0.3126079367123954,2.639015821545789,gt-order-1,"ap_fixed<16,6,AP_RND,AP_SAT>",False,True,1000.0,0.0,-12.0,1.0,0.10000000149011612,0.5454545021057129,0.0,7.51310920715332,7.51310920715332,7.536882972719452,7.536882972719452,2.3560894903585288,2.3560894903585288,2.3560894903585288,2.3560894903585288,1.356089490358528,1.356089490358528,2.356089490358526,2.356089490358526,1.0,0.0,0.0,1.0,1.0
0.35686174928348097,2.639015821545789,gt-order-1,"ap_fixed<16,6,AP_RND,AP_SAT>",False,True,1000.0,0.0,-12.0,1.0,0.10000000149011612,0.4850712716579437,0.0,7.688261032104492,7.688261032104492,7.536882972719452,7.536882972719452,2.689625174464396,2.689625174464396,2.689625174464396,2.689625174464396,1.6896251744643964,1.6896251744643964,2.689625174464394,2.689625174464394,1.0,0.0,0.0,1.0,1.0
0.4073802778041126,2.639015821545789,gt-order-1,"ap_fixed<16,6,AP_RND,AP_SAT>",False,True,1000.0,0.0,-12.0,1.0,0.10000000149011612,0.5507910847663879,0.0,7.511598587036133,7.511598587036133,7.536882972719452,7.536882972719452,3.070377517451432,3.070377517451432,3.070377517451432,3.070377517451432,2.070377517451432,2.070377517451432,3.0703775174514303,3.0703775174514303,1.0,0.0,0.0,1.0,1.0
0.46505037616660627,2.639015821545789,gt-order-1,"ap_fixed<16,6,AP_RND,AP_SAT>",False,True,1000.0,0.0,-12.0,1.0,0.10000000149011612,0.5454545021057129,0.0,7.531963348388672,7.531963348388672,7.536882972719453,7.536882972719453,3.505030211349835,3.505030211349835,3.505030211349835,3.505030211349835,2.505030211349835,2.505030211349835,3.5050302113498315,3.5050302113498315,1.0,0.0,0.0,1.0,1.0
0.5308844442309882,2.639015821545789,gt-order-1,"ap_fixed<16,6,AP_RND,AP_SAT>",False,True,1000.0,0.0,-12.0,1.0,0.10000000149011612,0.4987293481826782,0.0,7.504605293273926,7.504605293273926,7.536882972719452,7.536882972719452,4.0012139318434965,4.0012139318434965,4.0012139318434965,4.0012139318434965,3.0012139318434974,3.0012139318434974,4.001213931843493,4.001213931843493,1.0,0.0,0.0,1.0,1.0
0.606038200527066,2.639015821545789,gt-order-1,"ap_fixed<16,6,AP_RND,AP_SAT>",False,True,1000.0,0.0,-12.0,0.8461189866065979,0.10000000149011612,0.5773503184318542,0.0,7.50355339050293,7.50355339050293,7.536882972719451,7.536882972719451,4.567639086690149,4.041892546103896,4.567639086690149,4.041892546103896,3.567639086690149,3.0418925461038953,4.567639086690148,3.864766155214954,1.0,0.0,0.0,1.0,1.0
0.6918309709189363,2.639015821545789,gt-order-1,"ap_fixed<16,6,AP_RND,AP_SAT>",False,True,1000.0,0.0,-12.0,0.5883761048316956,0.10000000149011612,0.47434160113334656,0.0,7.688261032104492,7.688261032104492,7.536882972719452,7.536882972719452,5.214249228870197,4.076692593384035,5.214249228870197,4.076692593384035,4.214249228870198,3.0766925933840334,5.214249228870192,3.0679396509043158,1.0,0.0,0.0,1.0,1.0
0.7897688493998856,2.639015821545789,gt-order-1,"ap_fixed<16,6,AP_RND,AP_SAT>",False,True,1000.0,0.0,-12.0,0.6453428864479065,0.10000000149011612,0.5455447435379028,0.0,7.502081871032715,7.502081871032715,7.536882972719452,7.536882972719452,5.952395583697461,4.118600961181451,5.952395583697461,4.118600961181451,4.952395583697463,3.11860096118145,5.952395583697456,3.8413361472630876,1.0,0.0,0.0,1.0,1.0
0.9015711376059565,2.639015821545789,gt-order-1,"ap_fixed<16,6,AP_RND,AP_SAT>",False,True,1000.0,0.0,-12.0,0.5225112438201904,0.10000000149011612,0.5080005526542664,0.0,7.563273906707764,7.563273906707764,7.536882972719452,7.536882972719452,6.795036283757711,4.133668646456834,6.795036283757711,4.133668646456834,5.795036283757709,3.1336686464568313,6.795036283757703,3.550482860429562,1.0,0.0,0.0,1.0,1.0
1.0292005271944276,2.639015821545789,gt-order-1,"ap_fixed<16,6,AP_RND,AP_SAT>",False,True,1000.0,0.0,-12.0,0.4794098436832428,0.10000000149011612,0.5488213300704956,0.0,7.499999046325684,7.499999046325684,7.536882972719452,7.536882972719452,7.756964130157441,4.479289739159008,7.756964130157441,4.479289739159008,6.7569641301574395,3.479289739159007,7.756964130157437,3.718764961095298,1.0,0.0,0.0,1.0,1.0
1.174897554939529,2.639015821545789,gt-order-1,"ap_fixed<16,6,AP_RND,AP_SAT>",False,True,1000.0,0.0,-12.0,0.3446084260940552,0.10000000149011612,0.5488213300704956,0.0,7.499999046325684,7.499999046325684,7.536882972719452,7.536882972719452,8.855065350865674,4.530894980775195,8.855065350865674,4.530894980775195,7.8550653508656785,3.5308949807751935,8.855065350865665,3.0515301335218195,1.0,0.0,0.0,1.0,1.0
1.3412199354053709,2.639015821545789,gt-order-1,"ap_fixed<16,6,AP_RND,AP_SAT>",False,True,1000.0,0.0,-12.0,0.12861314415931702,0.09703026711940765,0.47842568159103394,0.0,7.626023769378662,7.626023769378662,7.536882972719452,7.536882972719452,10.108617442346981,4.812587718632119,10.108617442346981,4.812587718632119,9.108617442346981,3.8125877186321193,10.108617442346972,1.3001010723639577,1.0,0.0,0.0,1.0,1.0
1.5310874616820287,2.639015821545789,gt-order-1,"ap_fixed<16,6,AP_RND,AP_SAT>",False,True,1000.0,0.0,-12.0,0.3496690094470978,0.0790804922580719,0.4813729226589203,0.0,7.626023769378662,7.626023769378662,7.536882972719452,7.536882972719452,11.539627442185404,4.705532199779425,11.539627442185404,4.705532199779425,10.539627442185406,3.705532199779425,11.539627442185399,4.035050097097515,1.0,0.0,0.0,1.0,1.0
1.7478332624182173,2.639015821545789,gt-order-1,"ap_fixed<16,6,AP_RND,AP_SAT>",False,True,1000.0,0.0,-12.0,0.06350839138031006,0.0442124605178833,0.5843890905380249,0.0,7.563273906707764,7.563273906707764,7.536882972719452,7.536882972719452,13.173214675798375,4.556014278694298,13.173214675798375,4.556014278694298,12.17321467579838,3.5560142786942963,13.173214675798366,0.836609673367447,1.0,0.0,0.0,1.0,1.0
1.9952623149688795,2.639015821545789,gt-order-1,"ap_fixed<16,6,AP_RND,AP_SAT>",False,True,1000.0,0.0,-12.0,0.04423266649246216,0.035021305084228516,0.4402254521846771,0.0,7.626023769378662,7.626023769378662,7.536882972719452,7.536882972719452,15.038058192736097,4.2160038650970355,15.038058192736097,4.2160038650970355,14.0380581927361,3.2160038650970337,15.038058192736086,0.6651734127335335,1.0,0.0,0.0,1.0,1.0
0.01,2.732080513508791,gt-order-1,"ap_fixed<16,6,AP_RND,AP_SAT>",False,True,1000.0,0.013427734375,-1.8719972584411875,1.0,0.10000000149011612,0.3673830032348633,0.0,8.656330108642578,8.656330108642578,8.077831164364977,8.077831164364977,0.08077830983811381,0.08077830983811381,0.08077830983811381,0.08077830983811381,0.9942674718984633,0.9994267471813041,0.08077830983811375,0.08077830983811375,1.0,0.0,0.0,1.0,1.0
0.011415633046188459,2.732080513508791,gt-order-1,"ap_fixed<16,6,AP_RND,AP_SAT>",False,True,1000.0,0.0104827880859375,-1.9795231935227193,1.0,0.10000000149011612,0.3946996331214905,0.0,8.533391952514648,8.533391952514648,8.077831164364977,8.077831164364977,0.09221355902108115,0.09221355902108115,0.09221355902108115,0.09221355902108115,0.9934559559429945,0.9993455955845479,0.09221355902108111,0.09221355902108111,1.0,0.0,0.0,1.0,1.0
0.013031667784522994,2.732080513508791,gt-order-1,"ap_fixed<16,6,AP_RND,AP_SAT>",False,True,1000.0,0.007781982421875,-2.108909754469955,1.0,0.10000000149011612,0.4001927971839905,0.0,8.519584655761719,8.519584655761719,8.077831164364977,8.077831164364977,0.10526761413417579,0.10526761413417579,0.10526761413417579,0.10526761413417579,0.9925295595139927,0.9992529559402673,0.1052676141341757,0.1052676141341757,1.0,0.0,0.0,1.0,1.0
0.014876473740795015,2.732080513508791,gt-order-1,"ap_fixed<16,6,AP_RND,AP_SAT>",False,True,1000.0,0.0059356689453125,-2.2265303292248246,1.0,0.10000000149011612,0.3545171916484833,0.0,8.500970840454102,8.500970840454102,8.077831164364977,8.077831164364977,0.12016964282964789,0.12016964282964789,0.12016964282964789,0.12016964282964789,0.991472019458526,0.9991472019331449,0.1201696428296478,0.1201696428296478,1.0,0.0,0.0,1.0,1.0
0.016982436524617443,2.732080513508791,gt-order-1,"ap_fixed<16,6,AP_RND,AP_SAT>",False,True,1000.0,0.00457763671875,-2.3393586758091636,1.0,0.10000000149011612,0.37072646617889404,0.0,8.388903617858887,8.388903617858887,8.077831164364977,8.077831164364977,0.13718125222257022,0.13718125222257022,0.13718125222257022,0.13718125222257022,0.9902647705188944,0.9990264770373829,0.1371812522225701,0.1371812522225701,1.0,0.0,0.0,1.0,1.0
0.019386526359522076,2.732080513508791,gt-order-1,"ap_fixed<16,6,AP_RND,AP_SAT>",False,True,1000.0,0.0032196044921875,-2.492197475191116,1.0,0.10000000149011612,0.38991156220436096,0.0,8.34261417388916,8.34261417388916,8.077831164364977,8.077831164364977,0.15660108548448023,0.15660108548448023,0.15660108548448023,0.15660108548448023,0.9888866191299366,0.9988886618964332,0.15660108548448018,0.15660108548448018,1.0,0.0,0.0,1.0,1.0
0.022130947096056376,2.732080513508791,gt-order-1,"ap_fixed<16,6,AP_RND,AP_SAT>",False,True,1000.0,0.0026092529296875,-2.5834838200651014,1.0,0.10000000149011612,0.37197619676589966,0.0,8.309250831604004,8.309250831604004,8.077831164364977,8.077831164364977,0.1787700578976762,0.1787700578976762,0.1787700578976762,0.1787700578976762,0.9873133718362569,0.9987313371647212,0.1787700578976761,0.1787700578976761,1.0,0.0,0.0,1.0,1.0
0.025263877101318954,2.732080513508791,gt-order-1,"ap_fixed<16,6,AP_RND,AP_SAT>",False,True,1000.0,0.001861572265625,-2.7301200997156565,1.0,0.10000000149011612,0.35551688075065613,0.0,8.300084114074707,8.300084114074707,8.077831164364977,8.077831164364977,0.2040773376930983,0.2040773376930983,0.2040773376930983,0.2040773376930983,0.9855174108550049,0.9985517410639196,0.20407733769309813,0.20407733769309813,1.0,0.0,0.0,1.0,1.0
0.028840315031266057,2.732080513508791,gt-order-1,"ap_fixed<16,6,AP_RND,AP_SAT>",False,True,1000.0,0.0014801025390625,-2.8297081960640322,1.0,0.10000000149011612,0.360257625579834,0.0,8.263522148132324,8.263522148132324,8.077831164364977,8.077831164364977,0.2329671920408595,0.2329671920408595,0.2329671920408595,0.2329671920408595,0.9834672082420789,0.9983467207995723,0.2329671920408593,0.2329671920408593,1.0,0.0,0.0,1.0,1.0
0.03292304533334065,2.732080513508791,gt-order-1,"ap_fixed<16,6,AP_RND,AP_SAT>",False,True,1000.0,0.0010833740234375,-2.9652215815037515,1.0,0.10000000149011612,0.405368834733963,0.0,8.254182815551758,8.254182815551758,8.077831164364977,8.077831164364977,0.2659468110394235,0.2659468110394235,0.2659468110394235,0.2659468110394235,0.9811267706534968,0.9981126770372262,0.2659468110394233,0.2659468110394233,1.0,0.0,0.0,1.0,1.0
0.037583740428844416,2.732080513508791,gt-order-1,"ap_fixed<16,6,AP_RND,AP_SAT>",False,True,1000.0,0.0007781982421875,-3.1089097539676858,1.0,0.10000000149011612,0.3589605689048767,0.0,8.20772933959961,8.20772933959961,8.077831164364977,8.077831164364977,0.3035951247495631,0.3035951247495631,0.3035951247495631,0.3035951247495631,0.978455013634176,0.9978455013313131,0.30359512474956285,0.30359512474956285,1.0,0.0,0.0,1.0,1.0
0.04290421892388853,2.732080513508791,gt-order-1,"ap_fixed<16,6,AP_RND,AP_SAT>",False,True,1000.0,0.0005645751953125,-3.248278205787463,1.0,0.10000000149011612,0.40954723954200745,0.0,8.1685791015625,8.1685791015625,8.077831164364977,8.077831164364977,0.34657304961095653,0.34657304961095653,0.34657304961095653,0.34657304961095653,0.9754050344688847,0.9975405034102391,0.34657304961095636,0.34657304961095636,1.0,0.0,0.0,1.0,1.0
0.04897788193684462,2.732080513508791,gt-order-1,"ap_fixed<16,6,AP_RND,AP_SAT>",False,True,1000.0,0.0004425048828125,-3.3540819317432975,1.0,0.10000000149011612,0.3634083867073059,0.0,8.164836883544922,8.164836883544922,8.077831164364977,8.077831164364977,0.3956350589184913,0.3956350589184913,0.3956350589184913,0.3956350589184913,0.9719232910697352,0.9971923290651359,0.39563505891849116,0.39563505891849116,1.0,0.0,0.0,1.0,1.0
0.05591135275705602,2.732080513508791,gt-order-1,"ap_fixed<16,6,AP_RND,AP_SAT>",False,True,1000.0,0.0003509521484375,-3.4547520933686315,1.0,0.10000000149011612,0.4093261957168579,0.0,8.153813362121582,8.153813362121582,8.077831164364977,8.077831164364977,0.45164245351160087,0.45164245351160087,0.45164245351160087,0.45164245351160087,0.9679486602060502,0.9967948659728447,0.45164245351160065,0.45164245351160065,1.0,0.0,0.0,1.0,1.0
0.06382634861905485,2.732080513508791,gt-order-1,"ap_fixed<16,6,AP_RND,AP_SAT>",False,True,1000.0,0.0002288818359375,-3.6403886696705565,1.0,0.10000000149011612,0.4113450348377228,0.0,8.137969970703125,8.137969970703125,8.077831164364977,8.077831164364977,0.5155784379995647,0.5155784379995647,0.5155784379995647,0.5155784379995647,0.963411367602241,0.9963411367057028,0.5155784379995643,0.5155784379995643,1.0,0.0,0.0,1.0,1.0
0.07286181745132274,2.732080513508791,gt-order-1,"ap_fixed<16,6,AP_RND,AP_SAT>",False,True,1000.0,0.0001678466796875,-3.7750872428780267,1.0,0.10000000149011612,0.3913043737411499,0.0,8.115185737609863,8.115185737609863,8.077831164364977,8.077831164364977,0.5885654839990311,0.5885654839990311,0.5885654839990311,0.5885654839990311,0.9582317557351615,0.9958231755112765,0.5885654839990306,0.5885654839990306,1.0,0.0,0.0,1.0,1.0
0.08317637711026708,2.732080513508791,gt-order-1,"ap_fixed<16,6,AP_RND,AP_SAT>",False,True,1000.0,0.0001068115234375,-3.9713818865434534,1.0,0.10000000149011612,0.4446987807750702,0.0,8.100944519042969,8.100944519042969,8.077831164364977,8.077831164364977,0.6718847095533648,0.6718847095533648,0.6718847095533648,0.6718847095533648,0.9523189085507412,0.9952318907840235,0.6718847095533643,0.6718847095533643,1.0,0.0,0.0,1.0,1.0
0.09495109992021983,2.732080513508791,gt-order-1,"ap_fixed<16,6,AP_RND,AP_SAT>",False,True,1000.0,0.0001068115234375,-3.9713818865434534,1.0,0.10000000149011612,0.43273162841796875,0.0,8.105712890625,8.105712890625,8.077831164364977,8.077831164364977,0.766998959900723,0.766998959900723,0.766998959900723,0.766998959900723,0.9455690135100356,0.994556901269895,0.7669989599007226,0.7669989599007226,1.0,0.0,0.0,1.0,1.0
0.10839269140212034,2.732080513508791,gt-order-1,"ap_fixed<16,6,AP_RND,AP_SAT>",False,True,1000.0,6.103515625e-05,-4.214419932180256,1.0,0.10000000149011612,0.4692224860191345,0.0,8.086709022521973,8.086709022521973,8.077831164364977,8.077831164364977,0.8755778743316904,0.8755778743316904,0.8755778743316904,0.8755778743316904,0.9378635826900877,0.993786358176418,0.8755778743316898,0.8755778743316898,1.0,0.0,0.0,1.0,1.0
0.12373711899353519,2.732080513508791,gt-order-1,"ap_fixed<16,6,AP_RND,AP_SAT>",False,True,1000.0,6.103515625e-05,-4.214419932180256,1.0,0.10000000149011612,0.4692224860191345,0.0,8.081136703491211,8.081136703491211,8.077831164364977,8.077831164364977,0.9995275571636236,0.9995275571636236,0.9995275571636236,0.9995275571636236,0.9290673471482124,0.9929067346091234,0.999527557163623,0.999527557163623,1.0,0.0,0.0,1.0,1.0
0.1412537544622754,2.732080513508791,gt-order-1,"ap_fixed<16,6,AP_RND,AP_SAT>",False,True,1000.0,3.0517578125e-05,-4.515449920728757,1.0,0.10000000149011612,0.5894484519958496,0.0,8.08036994934082,8.08036994934082,8.077831164364977,8.077831164364977,1.141023980155988,1.141023980155988,1.141023980155988,1.141023980155988,0.9190258864801659,0.9919025885273556,1.1410239801559876,1.1410239801559876,1.0,0.0,0.0,1.0,1.0
0.16125010273377416,2.732080513508791,gt-order-1,"ap_fixed<16,6,AP_RND,AP_SAT>",False,True,1000.0,3.0517578125e-05,-4.515449920728757,1.0,0.10000000149011612,0.621166467666626,0.0,8.069930076599121,8.069930076599121,8.077831164364977,8.077831164364977,1.3025510793192019,1.3025510793192019,1.3025510793192019,1.3025510793192019,0.9075629252351413,0.9907562923857721,1.302551079319201,1.302551079319201,1.0,0.0,0.0,1.0,1.0
0.18407720014689555,2.732080513508791,gt-order-1,"ap_fixed<16,6,AP_RND,AP_SAT>",False,True,1000.0,1.52587890625e-05,-4.816479902161777,1.0,0.10000000149011612,0.6291141510009766,0.0,8.06922435760498,8.06922435760498,8.077831164364977,8.077831164364977,1.4869445692540317,1.4869445692540317,1.4869445692540317,1.4869445692540317,0.8944772235794581,0.9894477222007045,1.4869445692540308,1.4869445692540308,1.0,0.0,0.0,1.0,1.0
0.21013577690467466,2.732080513508791,gt-order-1,"ap_fixed<16,6,AP_RND,AP_SAT>",False,True,1000.0,0.0,-12.0,1.0,0.10000000149011612,0.6213697791099548,0.0,8.061195373535156,8.061195373535156,8.077831164364977,8.077831164364977,1.6974412944679478,1.6974412944679478,1.6974412944679478,1.6974412944679478,0.8795390750221466,0.9879539073227138,1.6974412944679462,1.6974412944679462,1.0,0.0,0.0,1.0,1.0
0.239883291901949,2.732080513508791,gt-order-1,"ap_fixed<16,6,AP_RND,AP_SAT>",False,True,1000.0,0.0,-12.0,1.0,0.10000000149011612,0.7517455816268921,0.0,8.060614585876465,8.060614585876465,8.077831164364977,8.077831164364977,1.9377367056033146,1.9377367056033146,1.9377367056033146,1.9377367056033146,0.9377367056033137,0.986248622549746,1.9377367056033137,1.9377367056033137,1.0,0.0,0.0,1.0,1.0
0.27384196342643613,2.732080513508791,gt-order-1,"ap_fixed<16,6,AP_RND,AP_SAT>",False,True,1000.0,0.0,-12.0,1.0,0.10000000149011612,0.5870952606201172,0.0,8.054308891296387,8.054308891296387,8.077831164364977,8.077831164364977,2.2120492568867802,2.2120492568867802,2.2120492568867802,2.2120492568867802,1.2120492568867793,1.2120492568867793,2.2120492568867776,2.2120492568867776,1.0,0.0,0.0,1.0,1.0
0.3126079367123954,2.732080513508791,gt-order-1,"ap_fixed<16,6,AP_RND,AP_SAT>",False,True,1000.0,0.0,-12.0,1.0,0.10000000149011612,0.4913036823272705,0.0,8.063225746154785,8.063225746154785,8.077831164364977,8.077831164364977,2.525194192365677,2.525194192365677,2.525194192365677,2.525194192365677,1.525194192365676,1.525194192365676,2.5251941923656753,2.5251941923656753,1.0,0.0,0.0,1.0,1.0
0.35686174928348097,2.732080513508791,gt-order-1,"ap_fixed<16,6,AP_RND,AP_SAT>",False,True,1000.0,0.0,-12.0,1.0,0.10000000149011612,0.4913036823272705,0.0,8.063225746154785,8.063225746154785,8.077831164364977,8.077831164364977,2.882668887574595,2.882668887574595,2.882668887574595,2.882668887574595,1.8826688875745943,1.8826688875745943,2.882668887574592,2.882668887574592,1.0,0.0,0.0,1.0,1.0
0.4073802778041126,2.732080513508791,gt-order-1,"ap_fixed<16,6,AP_RND,AP_SAT>",False,True,1000.0,0.0,-12.0,1.0,0.10000000149011612,0.5367450714111328,0.0,8.063225746154785,8.063225746154785,8.077831164364977,8.077831164364977,3.2907491447868025,3.2907491447868025,3.2907491447868025,3.2907491447868025,2.2907491447868007,2.2907491447868007,3.2907491447868016,3.2907491447868016,1.0,0.0,0.0,1.0,1.0
0.46505037616660627,2.732080513508791,gt-order-1,"ap_fixed<16,6,AP_RND,AP_SAT>",False,True,1000.0,0.0,-12.0,1.0,0.10000000149011612,0.5091750621795654,0.0,8.125960350036621,8.125960350036621,8.077831164364977,8.077831164364977,3.7565983677555455,3.7565983677555455,3.7565983677555455,3.7565983677555455,2.7565983677555446,2.7565983677555446,3.7565983677555415,3.7565983677555415,1.0,0.0,0.0,1.0,1.0
0.5308844442309882,2.732080513508791,gt-order-1,"ap_fixed<16,6,AP_RND,AP_SAT>",False,True,1000.0,0.0,-12.0,1.0,0.10000000149011612,0.6137949228286743,0.0,8.043024063110352,8.043024063110352,8.077831164364975,8.077831164364975,4.288394912184052,4.288394912184052,4.288394912184052,4.288394912184052,3.2883949121840526,3.2883949121840526,4.288394912184051,4.288394912184051,1.0,0.0,0.0,1.0,1.0
0.606038200527066,2.732080513508791,gt-order-1,"ap_fixed<16,6,AP_RND,AP_SAT>",False,True,1000.0,0.0,-12.0,1.0,0.10000000149011612,0.5054903030395508,0.0,8.078835487365723,8.078835487365723,8.077831164364977,8.077831164364977,4.895474361959512,4.895474361959512,4.895474361959512,4.895474361959512,3.8954743619595087,3.8954743619595087,4.895474361959508,4.895474361959508,1.0,0.0,0.0,1.0,1.0
0.6918309709189363,2.732080513508791,gt-order-1,"ap_fixed<16,6,AP_RND,AP_SAT>",False,True,1000.0,0.0,-12.0,1.0,0.10000000149011612,0.4807620048522949,0.0,8.125960350036621,8.125960350036621,8.077831164364977,8.077831164364977,5.58849395329487,5.58849395329487,5.58849395329487,5.58849395329487,4.588493953294869,4.588493953294869,5.588493953294867,5.588493953294867,1.0,0.0,0.0,1.0,1.0
0.7897688493998856,2.732080513508791,gt-order-1,"ap_fixed<16,6,AP_RND,AP_SAT>",False,True,1000.0,0.0,-12.0,0.5299632549285889,0.10000000149011612,0.5317695736885071,0.0,8.157147407531738,8.157147407531738,8.077831164364977,8.077831164364977,6.379619628254721,5.734810642486096,6.379619628254721,5.734810642486096,5.379619628254718,4.734810642486097,6.379619628254718,3.3809639833961844,1.0,0.0,0.0,1.0,1.0
0.9015711376059565,2.732080513508791,gt-order-1,"ap_fixed<16,6,AP_RND,AP_SAT>",False,True,1000.0,0.0,-12.0,0.5818835496902466,0.10000000149011612,0.511890709400177,0.0,8.188214302062988,8.188214302062988,8.077831164364977,8.077831164364977,7.282739569475331,5.780132274157835,7.282739569475331,5.780132274157835,6.282739569475332,4.780132274157832,7.282739569475327,4.237706352155921,1.0,0.0,0.0,1.0,1.0
1.0292005271944276,2.732080513508791,gt-order-1,"ap_fixed<16,6,AP_RND,AP_SAT>",False,True,1000.0,0.0,-12.0,0.26111581921577454,0.10000000149011612,0.5091750621795654,0.0,8.188215255737305,8.188215255737305,8.077831164364977,8.077831164364977,8.313708308626996,5.786601468046059,8.313708308626996,5.786601468046059,7.313708308626994,4.786601468046059,8.31370830862699,2.1708407557281277,1.0,0.0,0.0,1.0,1.0
1.174897554939529,2.732080513508791,gt-order-1,"ap_fixed<16,6,AP_RND,AP_SAT>",False,True,1000.0,0.0,-12.0,0.41891199350357056,0.10000000149011612,0.4913037121295929,0.0,8.157147407531738,8.157147407531738,8.077831164364977,8.077831164364977,9.490624056738131,5.783028856708806,9.490624056738131,5.783028856708806,8.490624056738131,4.783028856708806,9.490624056738127,3.9757362432011125,1.0,0.0,0.0,1.0,1.0
1.3412199354053709,2.732080513508791,gt-order-1,"ap_fixed<16,6,AP_RND,AP_SAT>",False,True,1000.0,0.0,-12.0,0.45830631256103516,0.06781339645385742,0.511890709400177,0.0,8.188214302062988,8.188214302062988,8.077831164364977,8.077831164364977,10.834147922953736,5.739013267221123,10.834147922953736,5.739013267221123,9.834147922953736,4.739013267221121,10.83414792295373,4.965358384309721,1.0,0.0,0.0,1.0,1.0
1.5310874616820287,2.732080513508791,gt-order-1,"ap_fixed<16,6,AP_RND,AP_SAT>",False,True,1000.0,0.0,-12.0,0.32679975032806396,0.03071659803390503,0.5162555575370789,0.0,8.188214302062988,8.188214302062988,8.077831164364977,8.077831164364977,12.367866466156995,5.797360739053204,12.367866466156995,5.797360739053204,11.367866466156997,4.797360739053202,12.367866466156986,4.041815673230938,1.0,0.0,0.0,1.0,1.0
1.7478332624182173,2.732080513508791,gt-order-1,"ap_fixed<16,6,AP_RND,AP_SAT>",False,True,1000.0,0.0,-12.0,0.11110356450080872,0.027578800916671753,0.5185630321502686,0.0,8.188215255737305,8.188215255737305,8.077831164364977,8.077831164364977,14.118701912740335,5.054902734968657,14.118701912740335,5.054902734968657,13.118701912740331,4.054902734968656,14.118701912740322,1.5686381086298358,1.0,0.0,0.0,1.0,1.0
1.9952623149688795,2.732080513508791,gt-order-1,"ap_fixed<16,6,AP_RND,AP_SAT>",False,True,1000.0,1.52587890625e-05,-4.816479902161777,0.10382551699876785,0.020398378372192383,0.46946853399276733,0.0,8.125960350036621,8.125960350036621,8.077831164364977,8.077831164364977,16.117391706957502,5.142217064205519,16.117391706957502,5.142217064205519,15.117391706957498,4.142217064205515,16.117391706957488,1.6733965266465147,1.0,0.0,0.0,1.0,1.0
0.01,2.8284271247461903,gt-order-1,"ap_fixed<16,6,AP_RND,AP_SAT>",False,True,1000.0,0.012939453125,-1.8880840783334216,1.0,0.10000000149011612,0.38013413548469543,0.0,9.244359016418457,9.244359016418457,8.657605080786244,8.657605080786244,0.0865760488727369,0.0865760488727369,0.0865760488727369,0.0865760488727369,0.9938560285233412,0.9993856028431789,0.08657604887273684,0.08657604887273684,1.0,0.0,0.0,1.0,1.0
0.011415633046188459,2.8284271247461903,gt-order-1,"ap_fixed<16,6,AP_RND,AP_SAT>",False,True,1000.0,0.00946044921875,-2.024088241079539,1.0,0.10000000149011612,0.3779074549674988,0.0,9.073474884033203,9.073474884033203,8.657605080786244,8.657605080786244,0.09883204549015293,0.09883204549015293,0.09883204549015293,0.09883204549015293,0.9929862672600831,0.9992986267155568,0.09883204549015287,0.09883204549015287,1.0,0.0,0.0,1.0,1.0
0.013031667784522994,2.8284271247461903,gt-order-1,"ap_fixed<16,6,AP_RND,AP_SAT>",False,True,1000.0,0.0072479248046875,-2.1397863209389127,1.0,0.10000000149011612,0.36627858877182007,0.0,9.146501541137695,9.146501541137695,8.657605080786244,8.657605080786244,0.11282303534527159,0.11282303534527159,0.11282303534527159,0.11282303534527159,0.9919933801542459,0.9991993380034939,0.1128230353452715,0.1128230353452715,1.0,0.0,0.0,1.0,1.0
0.014876473740795015,2.8284271247461903,gt-order-1,"ap_fixed<16,6,AP_RND,AP_SAT>",False,True,1000.0,0.0053863525390625,-2.268705225155248,1.0,0.10000000149011612,0.35928645730018616,0.0,8.999871253967285,8.999871253967285,8.657605080786242,8.657605080786242,0.128794634246359,0.128794634246359,0.128794634246359,0.128794634246359,0.9908599367901444,0.9990859936653946,0.1287946342463588,0.1287946342463588,1.0,0.0,0.0,1.0,1.0
0.016982436524617443,2.8284271247461903,gt-order-1,"ap_fixed<16,6,AP_RND,AP_SAT>",False,True,1000.0,0.0042877197265625,-2.367773610617331,1.0,0.10000000149011612,0.36820757389068604,0.0,9.031253814697266,9.031253814697266,8.657605080786244,8.657605080786244,0.14702722575708954,0.14702722575708954,0.14702722575708954,0.14702722575708954,0.989566039417302,0.9989566039261821,0.14702722575708943,0.14702722575708943,1.0,0.0,0.0,1.0,1.0
0.019386526359522076,2.8284271247461903,gt-order-1,"ap_fixed<16,6,AP_RND,AP_SAT>",False,True,1000.0,0.003173828125,-2.4984165955241013,1.0,0.10000000149011612,0.3854794204235077,0.0,8.90875244140625,8.90875244140625,8.657605080786244,8.657605080786244,0.1678408877036315,0.1678408877036315,0.1678408877036315,0.1678408877036315,0.9880889733350607,0.9988088973157573,0.1678408877036314,0.1678408877036314,1.0,0.0,0.0,1.0,1.0
0.022130947096056376,2.8284271247461903,gt-order-1,"ap_fixed<16,6,AP_RND,AP_SAT>",False,True,1000.0,0.0025177001953125,-2.598995986237296,1.0,0.10000000149011612,0.39799270033836365,0.0,8.935218811035156,8.935218811035156,8.657605080786244,8.657605080786244,0.1916010040386928,0.1916010040386928,0.1916010040386928,0.1916010040386928,0.986402808640027,0.9986402808437413,0.1916010040386927,0.1916010040386927,1.0,0.0,0.0,1.0,1.0
0.025263877101318954,2.8284271247461903,gt-order-1,"ap_fixed<16,6,AP_RND,AP_SAT>",False,True,1000.0,0.001953125,-2.709269960753472,1.0,0.10000000149011612,0.33649882674217224,0.0,8.861335754394531,8.861335754394531,8.657605080786244,8.657605080786244,0.21872467494484865,0.21872467494484865,0.21872467494484865,0.21872467494484865,0.9844779453255244,0.9984477945094228,0.21872467494484849,0.21872467494484849,1.0,0.0,0.0,1.0,1.0
0.028840315031266057,2.8284271247461903,gt-order-1,"ap_fixed<16,6,AP_RND,AP_SAT>",False,True,1000.0,0.001312255859375,-2.8819814790491787,1.0,0.10000000149011612,0.43641531467437744,0.0,8.834352493286133,8.834352493286133,8.657605080786242,8.657605080786242,0.24968805418552062,0.24968805418552062,0.24968805418552062,0.24968805418552062,0.9822805925778226,0.9982280592313783,0.24968805418552048,0.24968805418552048,1.0,0.0,0.0,1.0,1.0
0.03292304533334065,2.8284271247461903,gt-order-1,"ap_fixed<16,6,AP_RND,AP_SAT>",False,True,1000.0,0.0010986328125,-2.959147433797126,1.0,0.10000000149011612,0.45850566029548645,0.0,8.827357292175293,8.827357292175293,8.657605080786244,8.657605080786244,0.2850347346489528,0.2850347346489528,0.2850347346489528,0.2850347346489528,0.9797721736861135,0.9979772173384697,0.2850347346489526,0.2850347346489526,1.0,0.0,0.0,1.0,1.0
0.037583740428844416,2.8284271247461903,gt-order-1,"ap_fixed<16,6,AP_RND,AP_SAT>",False,True,1000.0,0.000823974609375,-3.084086170273658,1.0,0.10000000149011612,0.38122808933258057,0.0,8.813727378845215,8.813727378845215,8.657605080786242,8.657605080786242,0.3253851982112302,0.3253851982112302,0.3253851982112302,0.3253851982112302,0.9769086554218296,0.997690865507774,0.32538519821123,0.32538519821123,1.0,0.0,0.0,1.0,1.0
0.04290421892388853,2.8284271247461903,gt-order-1,"ap_fixed<16,6,AP_RND,AP_SAT>",False,True,1000.0,0.000518798828125,-3.2850010127443285,1.0,0.10000000149011612,0.3806186020374298,0.0,8.764445304870605,8.764445304870605,8.657605080786242,8.657605080786242,0.37144779757367924,0.37144779757367924,0.37144779757367924,0.37144779757367924,0.9736397686995943,0.9973639768306797,0.3714477975736791,0.3714477975736791,1.0,0.0,0.0,1.0,1.0
0.04897788193684462,2.8284271247461903,gt-order-1,"ap_fixed<16,6,AP_RND,AP_SAT>",False,True,1000.0,0.000457763671875,-3.339358674955306,1.0,0.10000000149011612,0.46735915541648865,0.0,8.749678611755371,8.749678611755371,8.657605080786244,8.657605080786244,0.4240311571923236,0.4240311571923236,0.4240311571923236,0.4240311571923236,0.9699081285306284,0.9969908128082223,0.42403115719232315,0.42403115719232315,1.0,0.0,0.0,1.0,1.0
0.05591135275705602,2.8284271247461903,gt-order-1,"ap_fixed<16,6,AP_RND,AP_SAT>",False,True,1000.0,0.0003662109375,-3.4362686877261797,1.0,0.10000000149011612,0.4770897626876831,0.0,8.754260063171387,8.754260063171387,8.657605080786244,8.657605080786244,0.4840583964505513,0.4840583964505513,0.4840583964505513,0.4840583964505513,0.9656482246585161,0.9965648224146634,0.48405839645055093,0.48405839645055093,1.0,0.0,0.0,1.0,1.0
0.06382634861905485,2.8284271247461903,gt-order-1,"ap_fixed<16,6,AP_RND,AP_SAT>",False,True,1000.0,0.000244140625,-3.612359946188904,1.0,0.10000000149011612,0.552240788936615,0.0,8.713866233825684,8.713866233825684,8.657605080786244,8.657605080786244,0.5525832879573153,0.5525832879573153,0.5525832879573153,0.5525832879573153,0.960785274866506,0.9960785274282159,0.5525832879573148,0.5525832879573148,1.0,0.0,0.0,1.0,1.0
0.07286181745132274,2.8284271247461903,gt-order-1,"ap_fixed<16,6,AP_RND,AP_SAT>",False,True,1000.0,0.00018310546875,-3.7372986822042473,1.0,0.10000000149011612,0.5411480665206909,0.0,8.709178924560547,8.709178924560547,8.657605080786244,8.657605080786244,0.6308088670043408,0.6308088670043408,0.6308088670043408,0.6308088670043408,0.9552339043354189,0.9955233903668351,0.6308088670043402,0.6308088670043402,1.0,0.0,0.0,1.0,1.0
0.08317637711026708,2.8284271247461903,gt-order-1,"ap_fixed<16,6,AP_RND,AP_SAT>",False,True,1000.0,0.000152587890625,-3.816479927777507,1.0,0.10000000149011612,0.3933528661727905,0.0,8.686592102050781,8.686592102050781,8.657605080786244,8.657605080786244,0.7201082019135128,0.7201082019135128,0.7201082019135128,0.7201082019135128,0.9488966716514337,0.9948896670889932,0.7201082019135125,0.7201082019135125,1.0,0.0,0.0,1.0,1.0
0.09495109992021983,2.8284271247461903,gt-order-1,"ap_fixed<16,6,AP_RND,AP_SAT>",False,True,1000.0,0.0001068115234375,-3.9713818865434534,1.0,0.10000000149011612,0.6089645028114319,0.0,8.678985595703125,8.678985595703125,8.657605080786242,8.657605080786242,0.8220491313916045,0.8220491313916045,0.8220491313916045,0.8220491313916045,0.9416623132905179,0.9941662312421219,0.8220491313916042,0.8220491313916042,1.0,0.0,0.0,1.0,1.0
0.10839269140212034,2.8284271247461903,gt-order-1,"ap_fixed<16,6,AP_RND,AP_SAT>",False,True,1000.0,6.103515625e-05,-4.214419932180256,1.0,0.10000000149011612,0.6704042553901672,0.0,8.678668022155762,8.678668022155762,8.657605080786242,8.657605080786242,0.9384211305230938,0.9384211305230938,0.9384211305230938,0.9384211305230938,0.933403837041542,0.9933403836049183,0.9384211305230928,0.9384211305230928,1.0,0.0,0.0,1.0,1.0
0.12373711899353519,2.8284271247461903,gt-order-1,"ap_fixed<16,6,AP_RND,AP_SAT>",False,True,1000.0,4.57763671875e-05,-4.339358666416729,1.0,0.10000000149011612,0.5344167947769165,0.0,8.663978576660156,8.663978576660156,8.657605080786242,8.657605080786242,1.0712671113330863,1.0712671113330863,1.0712671113330863,1.0712671113330863,0.9239762652418031,0.9923976264108961,1.0712671113330856,1.0712671113330856,1.0,0.0,0.0,1.0,1.0
0.1412537544622754,2.8284271247461903,gt-order-1,"ap_fixed<16,6,AP_RND,AP_SAT>",False,True,1000.0,3.0517578125e-05,-4.515449920728757,1.0,0.10000000149011612,0.4716719686985016,0.0,8.66186809539795,8.66186809539795,8.657605080786242,8.657605080786242,1.222919222609675,1.222919222609675,1.222919222609675,1.222919222609675,0.9132140942003856,0.9913214092907175,1.222919222609674,1.222919222609674,1.0,0.0,0.0,1.0,1.0
0.16125010273377416,2.8284271247461903,gt-order-1,"ap_fixed<16,6,AP_RND,AP_SAT>",False,True,1000.0,3.0517578125e-05,-4.515449920728757,1.0,0.10000000149011612,0.6517861485481262,0.0,8.654391288757324,8.654391288757324,8.657605080786244,8.657605080786244,1.3960396810526858,1.3960396810526858,1.3960396810526858,1.3960396810526858,0.9009283965675039,0.9900928395091221,1.3960396810526847,1.3960396810526847,1.0,0.0,0.0,1.0,1.0
0.18407720014689555,2.8284271247461903,gt-order-1,"ap_fixed<16,6,AP_RND,AP_SAT>",False,True,1000.0,1.52587890625e-05,-4.816479902161777,1.0,0.10000000149011612,0.4780914783477783,0.0,8.651342391967773,8.651342391967773,8.657605080786244,8.657605080786244,1.593667730319941,1.593667730319941,1.593667730319941,1.593667730319941,0.886903488830369,0.98869034871451,1.5936677303199396,1.5936677303199396,1.0,0.0,0.0,1.0,1.0
0.21013577690467466,2.8284271247461903,gt-order-1,"ap_fixed<16,6,AP_RND,AP_SAT>",False,True,1000.0,1.52587890625e-05,-4.816479902161777,1.0,0.10000000149011612,0.5262348055839539,0.0,8.643080711364746,8.643080711364746,8.657605080786245,8.657605080786245,1.819272534458495,1.819272534458495,1.819272534458495,1.819272534458495,0.8708931776684204,0.9870893175744577,1.819272534458493,1.819272534458493,1.0,0.0,0.0,1.0,1.0
0.239883291901949,2.8284271247461903,gt-order-1,"ap_fixed<16,6,AP_RND,AP_SAT>",False,True,1000.0,1.52587890625e-05,-4.816479902161777,1.0,0.10000000149011612,0.6461623907089233,0.0,8.637328147888184,8.637328147888184,8.657605080786242,8.657605080786242,2.0768147794007623,2.0768147794007623,2.0768147794007623,2.0768147794007623,1.0768147794007616,1.0768147794007616,2.076814779400761,2.076814779400761,1.0,0.0,0.0,1.0,1.0
0.27384196342643613,2.8284271247461903,gt-order-1,"ap_fixed<16,6,AP_RND,AP_SAT>",False,True,1000.0,0.0,-12.0,1.0,0.10000000149011612,0.5057805776596069,0.0,8.749999046325684,8.749999046325684,8.657605080786242,8.657605080786242,2.3708156924418637,2.3708156924418637,2.3708156924418637,2.3708156924418637,1.3708156924418622,1.3708156924418622,2.370815692441863,2.370815692441863,1.0,0.0,0.0,1.0,1.0
0.3126079367123954,2.8284271247461903,gt-order-1,"ap_fixed<16,6,AP_RND,AP_SAT>",False,True,1000.0,0.0,-12.0,1.0,0.10000000149011612,0.5057805180549622,0.0,8.749999046325684,8.749999046325684,8.657605080786242,8.657605080786242,2.7064361243697332,2.7064361243697332,2.7064361243697332,2.7064361243697332,1.7064361243697328,1.7064361243697328,2.7064361243697315,2.7064361243697315,1.0,0.0,0.0,1.0,1.0
0.35686174928348097,2.8284271247461903,gt-order-1,"ap_fixed<16,6,AP_RND,AP_SAT>",False,True,1000.0,0.0,-12.0,1.0,0.10000000149011612,0.5298513770103455,0.0,8.749999046325684,8.749999046325684,8.657605080786244,8.657605080786244,3.089568016398643,3.089568016398643,3.089568016398643,3.089568016398643,2.0895680163986414,2.0895680163986414,3.089568016398639,3.089568016398639,1.0,0.0,0.0,1.0,1.0
0.4073802778041126,2.8284271247461903,gt-order-1,"ap_fixed<16,6,AP_RND,AP_SAT>",False,True,1000.0,0.0,-12.0,1.0,0.10000000149011612,0.5527708530426025,0.0,8.624786376953125,8.624786376953125,8.657605080786242,8.657605080786242,3.526937606864291,3.526937606864291,3.526937606864291,3.526937606864291,2.526937606864292,2.526937606864292,3.526937606864289,3.526937606864289,1.0,0.0,0.0,1.0,1.0
0.46505037616660627,2.8284271247461903,gt-order-1,"ap_fixed<16,6,AP_RND,AP_SAT>",False,True,1000.0,3.0517578125e-05,-4.515449920728757,0.5158265829086304,0.10000000149011612,0.43852898478507996,0.0,8.813163757324219,8.813163757324219,8.657605080786242,8.657605080786242,4.026222441814363,3.874519539541522,4.026222441814363,3.874519539541522,3.0262224418143617,2.8745195395415215,4.02622244181436,2.076832564191143,1.0,0.0,0.0,1.0,1.0
0.5308844442309882,2.8284271247461903,gt-order-1,"ap_fixed<16,6,AP_RND,AP_SAT>",False,True,1000.0,0.0,-12.0,0.6753085255622864,0.10000000149011612,0.43852904438972473,0.0,8.62590503692627,8.62590503692627,8.657605080786242,8.657605080786242,4.596187865862781,3.77203873541678,4.596187865862781,3.77203873541678,3.5961878658627815,2.772038735416777,4.596187865862778,3.1038448509030645,1.0,0.0,0.0,1.0,1.0
0.606038200527066,2.8284271247461903,gt-order-1,"ap_fixed<16,6,AP_RND,AP_SAT>",False,True,1000.0,0.0,-12.0,0.2450251430273056,0.10000000149011612,0.43852901458740234,0.0,8.813163757324219,8.813163757324219,8.657605080786244,8.657605080786244,5.246839510081706,3.7338733801961093,5.246839510081706,3.7338733801961093,4.246839510081702,2.733873380196108,5.246839510081702,1.285607601399087,1.0,0.0,0.0,1.0,1.0
0.6918309709189363,2.8284271247461903,gt-order-1,"ap_fixed<16,6,AP_RND,AP_SAT>",False,True,1000.0,0.0,-12.0,0.29392436146736145,0.10000000149011612,0.469596266746521,0.0,8.813163757324219,8.813163757324219,8.657605080786242,8.657605080786242,5.98959951743339,3.8922559866219086,5.98959951743339,3.8922559866219086,4.9895995174333905,2.892255986621908,5.989599517433388,1.7604892136068246,1.0,0.0,0.0,1.0,1.0
0.7897688493998856,2.8284271247461903,gt-order-1,"ap_fixed<16,6,AP_RND,AP_SAT>",False,True,1000.0,0.0,-12.0,0.4325948655605316,0.10000000149011612,0.4886777698993683,0.0,8.62590503692627,8.62590503692627,8.657605080786244,8.657605080786244,6.837507021775404,4.102841010052463,6.837507021775404,4.102841010052463,5.8375070217754015,3.10284101005246,6.837507021775401,2.95787043085412,1.0,0.0,0.0,1.0,1.0
0.9015711376059565,2.8284271247461903,gt-order-1,"ap_fixed<16,6,AP_RND,AP_SAT>",False,True,1000.0,0.0,-12.0,0.19899627566337585,0.10000000149011612,0.5735393762588501,0.0,8.813163757324219,8.813163757324219,8.657605080786244,8.657605080786244,7.805447008706983,4.019391033428601,7.805447008706983,4.019391033428601,6.805447008706981,3.019391033428601,7.8054470087069765,1.5532548846205259,1.0,0.0,0.0,1.0,1.0
1.0292005271944276,2.8284271247461903,gt-order-1,"ap_fixed<16,6,AP_RND,AP_SAT>",False,True,1000.0,0.0,-12.0,0.18551036715507507,0.10000000149011612,0.469596266746521,0.0,8.813163757324219,8.813163757324219,8.657605080786244,8.657605080786244,8.910411944541083,4.384613230325835,8.910411944541083,4.384613230325835,7.910411944541081,3.3846132303258343,8.910411944541076,1.6529737913347817,1.0,0.0,0.0,1.0,1.0
1.174897554939529,2.8284271247461903,gt-order-1,"ap_fixed<16,6,AP_RND,AP_SAT>",False,True,1000.0,0.0,-12.0,0.18338637053966522,0.09413986653089523,0.45883145928382874,0.0,8.813163757324219,8.813163757324219,8.657605080786244,8.657605080786244,10.17179901158624,4.815123178560988,10.17179901158624,4.815123178560988,9.171799011586243,3.815123178560986,10.171799011586236,1.8653693025937539,1.0,0.0,0.0,1.0,1.0
1.3412199354053709,2.8284271247461903,gt-order-1,"ap_fixed<16,6,AP_RND,AP_SAT>",False,True,1000.0,0.0,-12.0,0.0859609842300415,0.07212183624505997,0.43852898478507996,0.0,8.813163757324219,8.813163757324219,8.657605080786244,8.657605080786244,11.611752238340788,4.735649983280044,11.611752238340788,4.735649983280044,10.611752238340792,3.735649983280042,11.611752238340781,0.998157651043161,1.0,0.0,0.0,1.0,1.0
1.5310874616820287,2.8284271247461903,gt-order-1,"ap_fixed<16,6,AP_RND,AP_SAT>",False,True,1000.0,0.0,-12.0,0.06236812472343445,0.05549889802932739,0.5388159155845642,0.0,8.62590503692627,8.62590503692627,8.657605080786244,8.657605080786244,13.25555107269987,4.832763793184802,13.25555107269987,4.832763793184802,12.255551072699866,3.8327637931847987,13.255551072699859,0.8267238625800001,1.0,0.0,0.0,1.0,1.0
1.7478332624182173,2.8284271247461903,gt-order-1,"ap_fixed<16,6,AP_RND,AP_SAT>",False,True,1000.0,0.0,-12.0,0.10794880241155624,0.035132937133312225,0.4662524163722992,0.0,8.62590503692627,8.62590503692627,8.657605080786244,8.657605080786244,15.132050042476518,4.161882525339847,15.132050042476518,4.161882525339847,14.132050042476514,3.161882525339845,15.132050042476498,1.6334866801170769,1.0,0.0,0.0,1.0,1.0
1.9952623149688795,2.8284271247461903,gt-order-1,"ap_fixed<16,6,AP_RND,AP_SAT>",False,True,1000.0,0.0,-12.0,0.026748746633529663,0.00684954971075058,0.5410017967224121,0.0,8.62590503692627,8.62590503692627,8.657605080786244,8.657605080786244,17.274192724743195,3.7687605997551636,17.274192724743195,3.7687605997551636,16.274192724743195,2.7687605997551623,17.27419272474318,0.46206300449291676,1.0,0.0,0.0,1.0,1.0
0.01,2.928171391891251,gt-order-1,"ap_fixed<16,6,AP_RND,AP_SAT>",False,True,1000.0,0.0117340087890625,-1.9305535907852565,1.0,0.10000000149011612,0.3763701319694519,0.0,9.92432689666748,9.92432689666748,9.278991397470467,9.278991397470467,0.09278991190068847,0.09278991190068847,0.09278991190068847,0.09278991190068847,0.9934150543882364,0.9993415054290111,0.09278991190068836,0.09278991190068836,1.0,0.0,0.0,1.0,1.0
0.011415633046188459,2.928171391891251,gt-order-1,"ap_fixed<16,6,AP_RND,AP_SAT>",False,True,1000.0,0.0086822509765625,-2.061367664178607,1.0,0.10000000149011612,0.38900071382522583,0.0,9.847536087036133,9.847536087036133,9.278991397470467,9.278991397470467,0.10592556386439557,0.10592556386439557,0.10592556386439557,0.10592556386439557,0.9924828673434998,0.9992482867231487,0.10592556386439547,0.10592556386439547,1.0,0.0,0.0,1.0,1.0
0.013031667784522994,2.928171391891251,gt-order-1,"ap_fixed<16,6,AP_RND,AP_SAT>",False,True,1000.0,0.006988525390625,-2.155614452557686,1.0,0.10000000149011612,0.35819026827812195,0.0,9.841341972351074,9.841341972351074,9.278991397470465,9.278991397470465,0.12092073554251427,0.12092073554251427,0.12092073554251427,0.12092073554251427,0.9914187172875631,0.9991418717159691,0.1209207355425142,0.1209207355425142,1.0,0.0,0.0,1.0,1.0
0.014876473740795015,2.928171391891251,gt-order-1,"ap_fixed<16,6,AP_RND,AP_SAT>",False,True,1000.0,0.00531005859375,-2.274900686595331,1.0,0.10000000149011612,0.3909420967102051,0.0,9.655219078063965,9.655219078063965,9.278991397470467,9.278991397470467,0.1380386714409695,0.1380386714409695,0.1380386714409695,0.1380386714409695,0.9902039227633735,0.9990203922617402,0.13803867144096937,0.13803867144096937,1.0,0.0,0.0,1.0,1.0
0.016982436524617443,2.928171391891251,gt-order-1,"ap_fixed<16,6,AP_RND,AP_SAT>",False,True,1000.0,0.00396728515625,-2.401506582543412,1.0,0.10000000149011612,0.4180571734905243,0.0,9.677263259887695,9.677263259887695,9.278991397470467,9.278991397470467,0.15757987922337593,0.15757987922337593,0.15757987922337593,0.15757987922337593,0.9888171578899135,0.9988817157723275,0.15757987922337577,0.15757987922337577,1.0,0.0,0.0,1.0,1.0
0.019386526359522076,2.928171391891251,gt-order-1,"ap_fixed<16,6,AP_RND,AP_SAT>",False,True,1000.0,0.00323486328125,-2.490144069560693,1.0,0.10000000149011612,0.40627625584602356,0.0,9.603401184082031,9.603401184082031,9.278991397470467,9.278991397470467,0.17988740981060874,0.17988740981060874,0.17988740981060874,0.17988740981060874,0.9872340776537031,0.9987234077463476,0.17988740981060852,0.17988740981060852,1.0,0.0,0.0,1.0,1.0
0.022130947096056376,2.928171391891251,gt-order-1,"ap_fixed<16,6,AP_RND,AP_SAT>",False,True,1000.0,0.0023040771484375,-2.6375029831420402,1.0,0.10000000149011612,0.4329689145088196,0.0,9.564655303955078,9.564655303955078,9.278991397470467,9.278991397470467,0.2053528720277776,0.2053528720277776,0.2053528720277776,0.2053528720277776,0.9854268910722787,0.9985426890855125,0.20535287202777744,0.20535287202777744,1.0,0.0,0.0,1.0,1.0
0.025263877101318954,2.928171391891251,gt-order-1,"ap_fixed<16,6,AP_RND,AP_SAT>",False,True,1000.0,0.001678466796875,-2.7750872452067292,1.0,0.10000000149011612,0.43681439757347107,0.0,9.518427848815918,9.518427848815918,9.278991397470467,9.278991397470467,0.23442330278288243,0.23442330278288243,0.23442330278288243,0.23442330278288243,0.983363873643856,0.998336387339596,0.23442330278288215,0.23442330278288215,1.0,0.0,0.0,1.0,1.0
0.028840315031266057,2.928171391891251,gt-order-1,"ap_fixed<16,6,AP_RND,AP_SAT>",False,True,1000.0,0.0011444091796875,-2.9414186668525066,1.0,0.10000000149011612,0.36974355578422546,0.0,9.44894027709961,9.44894027709961,9.278991397470465,9.278991397470465,0.2676090310448972,0.2676090310448972,0.2676090310448972,0.2676090310448972,0.9810088092708449,0.9981008808987852,0.267609031044897,0.267609031044897,1.0,0.0,0.0,1.0,1.0
0.03292304533334065,2.928171391891251,gt-order-1,"ap_fixed<16,6,AP_RND,AP_SAT>",False,True,1000.0,0.00091552734375,-3.0383286797656903,1.0,0.10000000149011612,0.39947274327278137,0.0,9.426496505737305,9.426496505737305,9.278991397470467,9.278991397470467,0.30549266524729474,0.30549266524729474,0.30549266524729474,0.30549266524729474,0.9783203524581502,0.9978320352135098,0.30549266524729435,0.30549266524729435,1.0,0.0,0.0,1.0,1.0
0.037583740428844416,2.928171391891251,gt-order-1,"ap_fixed<16,6,AP_RND,AP_SAT>",False,True,1000.0,0.0007171630859375,-3.1443820720824087,1.0,0.10000000149011612,0.5309754014015198,0.0,9.408102035522461,9.408102035522461,9.278991397470467,9.278991397470467,0.3487392214004793,0.3487392214004793,0.3487392214004793,0.3487392214004793,0.9752513095597194,0.9975251309190935,0.3487392214004792,0.3487392214004792,1.0,0.0,0.0,1.0,1.0
0.04290421892388853,2.928171391891251,gt-order-1,"ap_fixed<16,6,AP_RND,AP_SAT>",False,True,1000.0,0.000518798828125,-3.2850010127443285,1.0,0.10000000149011612,0.38557425141334534,0.0,9.410567283630371,9.410567283630371,9.278991397470467,9.278991397470467,0.3981078931337108,0.3981078931337108,0.3981078931337108,0.3981078931337108,0.9717478035036268,0.9971747803082636,0.3981078931337104,0.3981078931337104,1.0,0.0,0.0,1.0,1.0
0.04897788193684462,2.928171391891251,gt-order-1,"ap_fixed<16,6,AP_RND,AP_SAT>",False,True,1000.0,0.0004119873046875,-3.3851161654105666,1.0,0.10000000149011612,0.36920827627182007,0.0,9.38597583770752,9.38597583770752,9.278991397470467,9.278991397470467,0.4544653426822395,0.4544653426822395,0.4544653426822395,0.4544653426822395,0.9677483305814844,0.9967748330100897,0.4544653426822391,0.4544653426822391,1.0,0.0,0.0,1.0,1.0
0.05591135275705602,2.928171391891251,gt-order-1,"ap_fixed<16,6,AP_RND,AP_SAT>",False,True,1000.0,0.0002899169921875,-3.5377263281728744,1.0,0.10000000149011612,0.41254252195358276,0.0,9.35586166381836,9.35586166381836,9.278991397470467,9.278991397470467,0.518800944906361,0.518800944906361,0.518800944906361,0.518800944906361,0.9631826786386379,0.9963182678090017,0.5188009449063603,0.5188009449063603,1.0,0.0,0.0,1.0,1.0
0.06382634861905485,2.928171391891251,gt-order-1,"ap_fixed<16,6,AP_RND,AP_SAT>",False,True,1000.0,0.00018310546875,-3.7372986822042473,1.0,0.10000000149011612,0.4699612259864807,0.0,9.337328910827637,9.337328910827637,9.278991397470467,9.278991397470467,0.5922441053266692,0.5922441053266692,0.5922441053266692,0.5922441053266692,0.9579706980793569,0.9957970697453071,0.5922441053266687,0.5922441053266687,1.0,0.0,0.0,1.0,1.0
0.07286181745132274,2.928171391891251,gt-order-1,"ap_fixed<16,6,AP_RND,AP_SAT>",False,True,1000.0,0.0001220703125,-3.913389940074015,1.0,0.10000000149011612,0.4562772214412689,0.0,9.317493438720703,9.317493438720703,9.278991397470469,9.278991397470469,0.6760842052464935,0.6760842052464935,0.6760842052464935,0.6760842052464935,0.9520208864376801,0.9952020885722735,0.6760842052464926,0.6760842052464926,1.0,0.0,0.0,1.0,1.0
0.08317637711026708,2.928171391891251,gt-order-1,"ap_fixed<16,6,AP_RND,AP_SAT>",False,True,1000.0,9.1552734375e-05,-4.038328675496402,1.0,0.10000000149011612,0.4394248425960541,0.0,9.30097484588623,9.30097484588623,9.278991397470467,9.278991397470467,0.7717928628590892,0.7717928628590892,0.7717928628590892,0.7717928628590892,0.94522880859167,0.9945228807775516,0.7717928628590884,0.7717928628590884,1.0,0.0,0.0,1.0,1.0
0.09495109992021983,2.928171391891251,gt-order-1,"ap_fixed<16,6,AP_RND,AP_SAT>",False,True,1000.0,7.62939453125e-05,-4.117509920595296,1.0,0.10000000149011612,0.52360600233078,0.0,9.305363655090332,9.305363655090332,9.278991397470467,9.278991397470467,0.8810504460880363,0.8810504460880363,0.8810504460880363,0.8810504460880363,0.9374752152484042,0.993747521431671,0.8810504460880353,0.8810504460880353,1.0,0.0,0.0,1.0,1.0
0.10839269140212034,2.928171391891251,gt-order-1,"ap_fixed<16,6,AP_RND,AP_SAT>",False,True,1000.0,4.57763671875e-05,-4.339358666416729,1.0,0.10000000149011612,0.5712666511535645,0.0,9.295827865600586,9.295827865600586,9.278991397470467,9.278991397470467,1.0057748668454527,1.0057748668454527,1.0057748668454527,1.0057748668454527,0.928623999525456,0.992862399846187,1.0057748668454518,1.0057748668454518,1.0,0.0,0.0,1.0,1.0
0.12373711899353519,2.928171391891251,gt-order-1,"ap_fixed<16,6,AP_RND,AP_SAT>",False,True,1000.0,3.0517578125e-05,-4.515449920728757,1.0,0.10000000149011612,0.6441566348075867,0.0,9.291861534118652,9.291861534118652,9.278991397470465,9.278991397470465,1.1481556640315145,1.1481556640315145,1.1481556640315145,1.1481556640315145,0.9185197782106079,0.9918519776996457,1.1481556640315138,1.1481556640315138,1.0,0.0,0.0,1.0,1.0
0.1412537544622754,2.928171391891251,gt-order-1,"ap_fixed<16,6,AP_RND,AP_SAT>",False,True,1000.0,1.52587890625e-05,-4.816479902161777,1.0,0.10000000149011612,0.6396763324737549,0.0,9.281789779663086,9.281789779663086,9.278991397470467,9.278991397470467,1.310692372834119,1.310692372834119,1.310692372834119,1.310692372834119,0.9069851688392164,0.990698516745319,1.310692372834118,1.310692372834118,1.0,0.0,0.0,1.0,1.0
0.16125010273377416,2.928171391891251,gt-order-1,"ap_fixed<16,6,AP_RND,AP_SAT>",False,True,1000.0,1.52587890625e-05,-4.816479902161777,1.0,0.10000000149011612,0.5885695219039917,0.0,9.269757270812988,9.269757270812988,9.278991397470467,9.278991397470467,1.4962382864706596,1.4962382864706596,1.4962382864706596,1.4962382864706596,0.8938176840905582,0.9893817682508316,1.4962382864706578,1.4962382864706578,1.0,0.0,0.0,1.0,1.0
0.18407720014689555,2.928171391891251,gt-order-1,"ap_fixed<16,6,AP_RND,AP_SAT>",False,True,1000.0,0.0,-12.0,1.0,0.10000000149011612,0.7135060429573059,0.0,9.270977020263672,9.270977020263672,9.278991397470467,9.278991397470467,1.7080507856477638,1.7080507856477638,1.7080507856477638,1.7080507856477638,0.878786160098318,0.9878786158292091,1.7080507856477622,1.7080507856477622,1.0,0.0,0.0,1.0,1.0
0.21013577690467466,2.928171391891251,gt-order-1,"ap_fixed<16,6,AP_RND,AP_SAT>",False,True,1000.0,0.0,-12.0,1.0,0.10000000149011612,0.5939441919326782,0.0,9.267406463623047,9.267406463623047,9.278991397470467,9.278991397470467,1.9498480283373711,1.9498480283373711,1.9498480283373711,1.9498480283373711,0.94984802833737,0.9861626731331801,1.94984802833737,1.94984802833737,1.0,0.0,0.0,1.0,1.0
0.239883291901949,2.928171391891251,gt-order-1,"ap_fixed<16,6,AP_RND,AP_SAT>",False,True,1000.0,0.0,-12.0,1.0,0.10000000149011612,0.6217567920684814,0.0,9.255022048950195,9.255022048950195,9.278991397470467,9.278991397470467,2.2258749726257,2.2258749726257,2.2258749726257,2.2258749726257,1.2258749726256983,1.2258749726256983,2.225874972625698,2.225874972625698,1.0,0.0,0.0,1.0,1.0
0.27384196342643613,2.928171391891251,gt-order-1,"ap_fixed<16,6,AP_RND,AP_SAT>",False,True,1000.0,0.0,-12.0,1.0,0.10000000149011612,0.4873773157596588,0.0,9.255615234375,9.255615234375,9.278991397470467,9.278991397470467,2.540977349957642,2.540977349957642,2.540977349957642,2.540977349957642,1.5409773499576405,1.5409773499576405,2.5409773499576387,2.5409773499576387,1.0,0.0,0.0,1.0,1.0
0.3126079367123954,2.928171391891251,gt-order-1,"ap_fixed<16,6,AP_RND,AP_SAT>",False,True,1000.0,0.0,-12.0,1.0,0.10000000149011612,0.5620737671852112,0.0,9.313128471374512,9.313128471374512,9.278991397470467,9.278991397470467,2.9006864232653844,2.9006864232653844,2.9006864232653844,2.9006864232653844,1.900686423265383,1.900686423265383,2.9006864232653817,2.9006864232653817,1.0,0.0,0.0,1.0,1.0
0.35686174928348097,2.928171391891251,gt-order-1,"ap_fixed<16,6,AP_RND,AP_SAT>",False,True,1000.0,0.0,-12.0,1.0,0.10000000149011612,0.5620737671852112,0.0,9.313128471374512,9.313128471374512,9.278991397470467,9.278991397470467,3.3113170188007004,3.3113170188007004,3.3113170188007004,3.3113170188007004,2.311317018800698,2.311317018800698,3.311317018800698,3.311317018800698,1.0,0.0,0.0,1.0,1.0
0.4073802778041126,2.928171391891251,gt-order-1,"ap_fixed<16,6,AP_RND,AP_SAT>",False,True,1000.0,0.0,-12.0,1.0,0.10000000149011612,0.4975185692310333,0.0,9.313128471374512,9.313128471374512,9.278991397470467,9.278991397470467,3.780078140332173,3.780078140332173,3.780078140332173,3.780078140332173,2.780078140332171,2.780078140332171,3.780078140332169,3.780078140332169,1.0,0.0,0.0,1.0,1.0
0.46505037616660627,2.928171391891251,gt-order-1,"ap_fixed<16,6,AP_RND,AP_SAT>",False,True,1000.0,0.0,-12.0,1.0,0.10000000149011612,0.4975185692310333,0.0,9.375832557678223,9.375832557678223,9.278991397470467,9.278991397470467,4.3151983779912975,4.3151983779912975,4.3151983779912975,4.3151983779912975,3.315198377991295,3.315198377991295,4.315198377991294,4.315198377991294,1.0,0.0,0.0,1.0,1.0
0.5308844442309882,2.928171391891251,gt-order-1,"ap_fixed<16,6,AP_RND,AP_SAT>",False,True,1000.0,0.0,-12.0,1.0,0.10000000149011612,0.5735393166542053,0.0,9.313128471374512,9.313128471374512,9.278991397470467,9.278991397470467,4.92607219554831,4.92607219554831,4.92607219554831,4.92607219554831,3.9260721955483096,3.9260721955483096,4.926072195548305,4.926072195548305,1.0,0.0,0.0,1.0,1.0
0.606038200527066,2.928171391891251,gt-order-1,"ap_fixed<16,6,AP_RND,AP_SAT>",False,True,1000.0,0.0,-12.0,1.0,0.10000000149011612,0.4975185692310333,0.0,9.313128471374512,9.313128471374512,9.278991397470465,9.278991397470465,5.6234233628885875,5.6234233628885875,5.6234233628885875,5.6234233628885875,4.623423362888586,4.623423362888586,5.623423362888584,5.623423362888584,1.0,0.0,0.0,1.0,1.0
0.6918309709189363,2.928171391891251,gt-order-1,"ap_fixed<16,6,AP_RND,AP_SAT>",False,True,1000.0,0.0,-12.0,0.22054389119148254,0.10000000149011612,0.4975185990333557,0.0,9.313128471374512,9.313128471374512,9.278991397470467,9.278991397470467,6.419493829754407,5.885779691012508,6.419493829754407,5.885779691012508,5.419493829754405,4.8857796910125035,6.419493829754402,1.4157801486937485,1.0,0.0,0.0,1.0,1.0
0.7897688493998856,2.928171391891251,gt-order-1,"ap_fixed<16,6,AP_RND,AP_SAT>",False,True,1000.0,0.0,-12.0,0.34648391604423523,0.10000000149011612,0.4975185990333557,0.0,9.338093757629395,9.338093757629395,9.278991397470467,9.278991397470467,7.32825859382305,5.8791065795251845,7.32825859382305,5.8791065795251845,6.328258593823048,4.879106579525184,7.328258593823044,2.539123735372629,1.0,0.0,0.0,1.0,1.0
0.9015711376059565,2.928171391891251,gt-order-1,"ap_fixed<16,6,AP_RND,AP_SAT>",False,True,1000.0,0.0,-12.0,0.477919340133667,0.10000000149011612,0.4975185692310333,0.0,9.313128471374512,9.313128471374512,9.278991397470467,9.278991397470467,8.365670987689152,5.825613821163962,8.365670987689152,5.825613821163962,7.36567098768915,4.825613821163958,8.365670987689146,3.9981159582117587,1.0,0.0,0.0,1.0,1.0
1.0292005271944276,2.928171391891251,gt-order-1,"ap_fixed<16,6,AP_RND,AP_SAT>",False,True,1000.0,0.0,-12.0,0.18818366527557373,0.10000000149011612,0.5735393166542053,0.0,9.313128471374512,9.313128471374512,9.278991397470467,9.278991397470467,9.549943085854665,5.867616231461694,9.549943085854665,5.867616231461694,8.549943085854661,4.867616231461692,9.549943085854654,1.7971432930692517,1.0,0.0,0.0,1.0,1.0
1.174897554939529,2.928171391891251,gt-order-1,"ap_fixed<16,6,AP_RND,AP_SAT>",False,True,1000.0,0.0,-12.0,0.12275306135416031,0.08436815440654755,0.4975185990333557,0.0,9.313128471374512,9.313128471374512,9.278991397470467,9.278991397470467,10.901864273616855,5.863866851654408,10.901864273616855,5.863866851654408,9.901864273616853,4.863866851654401,10.901864273616845,1.3382372140540169,1.0,0.0,0.0,1.0,1.0
1.3412199354053709,2.928171391891251,gt-order-1,"ap_fixed<16,6,AP_RND,AP_SAT>",False,True,1000.0,0.0,-12.0,0.4071274995803833,0.05129128694534302,0.5735393166542053,0.0,9.313128471374512,9.313128471374512,9.278991397470467,9.278991397470467,12.445167933132112,5.830625937890294,12.445167933132112,5.830625937890294,11.445167933132108,4.830625937890292,12.445167933132097,5.066770102474038,1.0,0.0,0.0,1.0,1.0
1.5310874616820287,2.928171391891251,gt-order-1,"ap_fixed<16,6,AP_RND,AP_SAT>",False,True,1000.0,0.0,-12.0,0.0523507259786129,0.03538493812084198,0.5773502588272095,0.0,9.313128471374512,9.313128471374512,9.278991397470467,9.278991397470467,14.206947905868489,4.313666097992932,14.206947905868489,4.313666097992932,13.206947905868482,3.3136660979929338,14.206947905868468,0.7437440368125485,1.0,0.0,0.0,1.0,1.0
1.7478332624182173,2.928171391891251,gt-order-1,"ap_fixed<16,6,AP_RND,AP_SAT>",False,True,1000.0,0.0,-12.0,0.10406824201345444,0.017419472336769104,0.4181666970252991,0.0,9.313128471374512,9.313128471374512,9.278991397470467,9.278991397470467,16.21812970908588,4.661802552710121,16.21812970908588,4.661802552710121,15.218129709085872,3.6618025527101192,16.218129709085858,1.6877922475707425,1.0,0.0,0.0,1.0,1.0
1.9952623149688795,2.928171391891251,gt-order-1,"ap_fixed<16,6,AP_RND,AP_SAT>",False,True,1000.0,1.52587890625e-05,-4.816479902161777,0.09989149868488312,0.0,0.4472135901451111,0.0,9.313128471374512,9.313128471374512,9.278991397470467,9.278991397470467,18.51402139453819,4.051996109760879,18.51402139453819,4.051996109760879,17.514021394538194,3.051996109760877,18.51402139453818,1.8493933437844083,1.0,0.0,0.0,1.0,1.0
0.01,3.0314331330207964,gt-order-1,"ap_fixed<16,6,AP_RND,AP_SAT>",False,True,1000.0,0.0110626220703125,-1.9561419240134477,1.0,0.10000000149011612,0.38240930438041687,0.0,10.455005645751953,10.455005645751953,9.944976730137762,9.944976730137762,0.0994497650785021,0.0994497650785021,0.0994497650785021,0.0994497650785021,0.9929424299889908,0.9992942429883824,0.09944976507850203,0.09944976507850203,1.0,0.0,0.0,1.0,1.0
0.011415633046188459,3.0314331330207964,gt-order-1,"ap_fixed<16,6,AP_RND,AP_SAT>",False,True,1000.0,0.008331298828125,-2.079287287866834,1.0,0.10000000149011612,0.3791620433330536,0.0,10.523581504821777,10.523581504821777,9.94497673013776,9.94497673013776,0.11352820825389584,0.11352820825389584,0.11352820825389584,0.11352820825389584,0.9919433366449499,0.9991943336524894,0.11352820825389574,0.11352820825389574,1.0,0.0,0.0,1.0,1.0
0.013031667784522994,3.0314331330207964,gt-order-1,"ap_fixed<16,6,AP_RND,AP_SAT>",False,True,1000.0,0.006256103515625,-2.203696073834544,1.0,0.10000000149011612,0.37709367275238037,0.0,10.458333969116211,10.458333969116211,9.944976730137762,9.944976730137762,0.12959963531050084,0.12959963531050084,0.12959963531050084,0.12959963531050084,0.9908028088464249,0.9990802808709374,0.1295996353105007,0.1295996353105007,1.0,0.0,0.0,1.0,1.0
0.014876473740795015,3.0314331330207964,gt-order-1,"ap_fixed<16,6,AP_RND,AP_SAT>",False,True,1000.0,0.0049285888671875,-2.3072774082044787,1.0,0.10000000149011612,0.3768961727619171,0.0,10.368300437927246,10.368300437927246,9.94497673013776,9.94497673013776,0.14794618472367682,0.14794618472367682,0.14794618472367682,0.14794618472367682,0.989500824303357,0.9989500824146905,0.1479461847236767,0.1479461847236767,1.0,0.0,0.0,1.0,1.0
0.016982436524617443,3.0314331330207964,gt-order-1,"ap_fixed<16,6,AP_RND,AP_SAT>",False,True,1000.0,0.00360107421875,-2.443567927532991,1.0,0.10000000149011612,0.39113274216651917,0.0,10.306062698364258,10.306062698364258,9.94497673013776,9.94497673013776,0.16888993263229074,0.16888993263229074,0.16888993263229074,0.16888993263229074,0.988014526502238,0.9988014526323639,0.16888993263229066,0.16888993263229066,1.0,0.0,0.0,1.0,1.0
0.019386526359522076,3.0314331330207964,gt-order-1,"ap_fixed<16,6,AP_RND,AP_SAT>",False,True,1000.0,0.0028839111328125,-2.540018126299863,1.0,0.10000000149011612,0.3906784951686859,0.0,10.227496147155762,10.227496147155762,9.94497673013776,9.94497673013776,0.1927985519093109,0.1927985519093109,0.1927985519093109,0.1927985519093109,0.9863178231034824,0.99863178228996,0.1927985519093107,0.1927985519093107,1.0,0.0,0.0,1.0,1.0
0.022130947096056376,3.0314331330207964,gt-order-1,"ap_fixed<16,6,AP_RND,AP_SAT>",False,True,1000.0,0.001953125,-2.709269960753472,1.0,0.10000000149011612,0.4009222984313965,0.0,10.209883689880371,10.209883689880371,9.94497673013776,9.94497673013776,0.22009175850081455,0.22009175850081455,0.22009175850081455,0.22009175850081455,0.984380928469368,0.9984380928236627,0.2200917585008144,0.2200917585008144,1.0,0.0,0.0,1.0,1.0
0.025263877101318954,3.0314331330207964,gt-order-1,"ap_fixed<16,6,AP_RND,AP_SAT>",False,True,1000.0,0.0014495849609375,-2.838756325035252,1.0,0.10000000149011612,0.4040498733520508,0.0,10.195799827575684,10.195799827575684,9.944976730137762,9.944976730137762,0.25124867470114765,0.25124867470114765,0.25124867470114765,0.25124867470114765,0.9821698411205196,0.9982169840854831,0.2512486747011474,0.2512486747011474,1.0,0.0,0.0,1.0,1.0
0.028840315031266057,3.0314331330207964,gt-order-1,"ap_fixed<16,6,AP_RND,AP_SAT>",False,True,1000.0,0.0012359619140625,-2.9079949113936676,1.0,0.10000000149011612,0.4531480669975281,0.0,10.130565643310547,10.130565643310547,9.94497673013776,9.94497673013776,0.28681625755593737,0.28681625755593737,0.28681625755593737,0.28681625755593737,0.979645745604337,0.997964574530103,0.2868162575559373,0.2868162575559373,1.0,0.0,0.0,1.0,1.0
0.03292304533334065,3.0314331330207964,gt-order-1,"ap_fixed<16,6,AP_RND,AP_SAT>",False,True,1000.0,0.000823974609375,-3.084086170273658,1.0,0.10000000149011612,0.5176390409469604,0.0,10.120454788208008,10.120454788208008,9.94497673013776,9.94497673013776,0.32741893132267885,0.32741893132267885,0.32741893132267885,0.32741893132267885,0.9767643289160547,0.9976764328569815,0.3274189313226786,0.3274189313226786,1.0,0.0,0.0,1.0,1.0
0.037583740428844416,3.0314331330207964,gt-order-1,"ap_fixed<16,6,AP_RND,AP_SAT>",False,True,1000.0,0.0007171630859375,-3.1443820720824087,1.0,0.10000000149011612,0.5627953410148621,0.0,10.078780174255371,10.078780174255371,9.944976730137762,9.944976730137762,0.37376944251285654,0.37376944251285654,0.37376944251285654,0.37376944251285654,0.9734750101578601,0.9973475009762605,0.37376944251285593,0.37376944251285593,1.0,0.0,0.0,1.0,1.0
0.04290421892388853,3.0314331330207964,gt-order-1,"ap_fixed<16,6,AP_RND,AP_SAT>",False,True,1000.0,0.000457763671875,-3.339358674955306,1.0,0.10000000149011612,0.4242776334285736,0.0,10.067533493041992,10.067533493041992,9.94497673013776,9.94497673013776,0.42668147471051965,0.42668147471051965,0.42668147471051965,0.42668147471051965,0.969720045313398,0.9969720044862191,0.42668147471051937,0.42668147471051937,1.0,0.0,0.0,1.0,1.0
0.04897788193684462,3.0314331330207964,gt-order-1,"ap_fixed<16,6,AP_RND,AP_SAT>",False,True,1000.0,0.0003662109375,-3.4362686877261797,1.0,0.10000000149011612,0.4308963716030121,0.0,10.050359725952148,10.050359725952148,9.944976730137762,9.944976730137762,0.48708389349957265,0.48708389349957265,0.48708389349957265,0.48708389349957265,0.9654335163396838,0.9965433515824602,0.48708389349957204,0.48708389349957204,1.0,0.0,0.0,1.0,1.0
0.05591135275705602,3.0314331330207964,gt-order-1,"ap_fixed<16,6,AP_RND,AP_SAT>",False,True,1000.0,0.0002593994140625,-3.5860310075711945,1.0,0.10000000149011612,0.44411560893058777,0.0,10.02822494506836,10.02822494506836,9.944976730137764,9.944976730137764,0.5560370845988453,0.5560370845988453,0.5560370845988453,0.5560370845988453,0.960540171712057,0.9960540171124056,0.5560370845988446,0.5560370845988446,1.0,0.0,0.0,1.0,1.0
0.06382634861905485,3.0314331330207964,gt-order-1,"ap_fixed<16,6,AP_RND,AP_SAT>",False,True,1000.0,0.00018310546875,-3.7372986822042473,1.0,0.10000000149011612,0.41412022709846497,0.0,10.009057998657227,10.009057998657227,9.94497673013776,9.94497673013776,0.634751514872684,0.634751514872684,0.634751514872684,0.634751514872684,0.9549541092201463,0.995495410854891,0.6347515148726834,0.6347515148726834,1.0,0.0,0.0,1.0,1.0
0.07286181745132274,3.0314331330207964,gt-order-1,"ap_fixed<16,6,AP_RND,AP_SAT>",False,True,1000.0,0.00018310546875,-3.7372986822042473,1.0,0.10000000149011612,0.5811777710914612,0.0,9.985275268554688,9.985275268554688,9.94497673013776,9.94497673013776,0.7246091089838688,0.7246091089838688,0.7246091089838688,0.7246091089838688,0.9485772589484541,0.9948577258182195,0.7246091089838682,0.7246091089838682,1.0,0.0,0.0,1.0,1.0
0.08317637711026708,3.0314331330207964,gt-order-1,"ap_fixed<16,6,AP_RND,AP_SAT>",False,True,1000.0,0.0001068115234375,-3.9713818865434534,1.0,0.10000000149011612,0.5276981592178345,0.0,9.98212718963623,9.98212718963623,9.94497673013776,9.94497673013776,0.827187108257525,0.827187108257525,0.827187108257525,0.827187108257525,0.9412976901039057,0.9941297689229173,0.8271871082575244,0.8271871082575244,1.0,0.0,0.0,1.0,1.0
0.09495109992021983,3.0314331330207964,gt-order-1,"ap_fixed<16,6,AP_RND,AP_SAT>",False,True,1000.0,6.103515625e-05,-4.214419932180256,1.0,0.10000000149011612,0.6730561256408691,0.0,9.959953308105469,9.959953308105469,9.944976730137762,9.944976730137762,0.9442864864398538,0.9442864864398538,0.9442864864398538,0.9442864864398538,0.9329875944579771,0.9932987593459413,0.9442864864398535,0.9442864864398535,1.0,0.0,0.0,1.0,1.0
0.10839269140212034,3.0314331330207964,gt-order-1,"ap_fixed<16,6,AP_RND,AP_SAT>",False,True,1000.0,4.57763671875e-05,-4.339358666416729,1.0,0.10000000149011612,0.5691770315170288,0.0,9.962647438049316,9.962647438049316,9.94497673013776,9.94497673013776,1.0779628106199317,1.0779628106199317,1.0779628106199317,1.0779628106199317,0.9235010962649388,0.9923501095125014,1.0779628106199308,1.0779628106199308,1.0,0.0,0.0,1.0,1.0
0.12373711899353519,3.0314331330207964,gt-order-1,"ap_fixed<16,6,AP_RND,AP_SAT>",False,True,1000.0,3.0517578125e-05,-4.515449920728757,1.0,0.10000000149011612,0.5202821493148804,0.0,9.953031539916992,9.953031539916992,9.944976730137762,9.944976730137762,1.230562770484089,1.230562770484089,1.230562770484089,1.230562770484089,0.9126716599201832,0.9912671658618889,1.2305627704840874,1.2305627704840874,1.0,0.0,0.0,1.0,1.0
0.1412537544622754,3.0314331330207964,gt-order-1,"ap_fixed<16,6,AP_RND,AP_SAT>",False,True,1000.0,3.0517578125e-05,-4.515449920728757,1.0,0.10000000149011612,0.5735393762588501,0.0,9.936903953552246,9.936903953552246,9.944976730137762,9.944976730137762,1.4047653015130248,1.4047653015130248,1.4047653015130248,1.4047653015130248,0.9003091716039836,0.9900309170118474,1.4047653015130235,1.4047653015130235,1.0,0.0,0.0,1.0,1.0
0.16125010273377416,3.0314331330207964,gt-order-1,"ap_fixed<16,6,AP_RND,AP_SAT>",False,True,1000.0,1.52587890625e-05,-4.816479902161777,1.0,0.10000000149011612,0.5017452239990234,0.0,9.940011024475098,9.940011024475098,9.944976730137762,9.944976730137762,1.603628487655279,1.603628487655279,1.603628487655279,1.603628487655279,0.8861966107778867,0.9886196609082081,1.6036284876552782,1.6036284876552782,1.0,0.0,0.0,1.0,1.0
0.18407720014689555,3.0314331330207964,gt-order-1,"ap_fixed<16,6,AP_RND,AP_SAT>",False,True,1000.0,1.52587890625e-05,-4.816479902161777,1.0,0.10000000149011612,0.5601120591163635,0.0,9.927870750427246,9.927870750427246,9.944976730137762,9.944976730137762,1.8306435031065131,1.8306435031065131,1.8306435031065131,1.8306435031065131,0.8700862221426516,0.9870086220206786,1.8306435031065118,1.8306435031065118,1.0,0.0,0.0,1.0,1.0
0.21013577690467466,3.0314331330207964,gt-order-1,"ap_fixed<16,6,AP_RND,AP_SAT>",False,True,1000.0,1.52587890625e-05,-4.816479902161777,1.0,0.10000000149011612,0.5780196785926819,0.0,9.93018627166748,9.93018627166748,9.94497673013776,9.94497673013776,2.089795370907053,2.089795370907053,2.089795370907053,2.089795370907053,1.089795370907053,1.089795370907053,2.0897953709070514,2.0897953709070514,1.0,0.0,0.0,1.0,1.0
0.239883291901949,3.0314331330207964,gt-order-1,"ap_fixed<16,6,AP_RND,AP_SAT>",False,True,1000.0,0.0,-12.0,1.0,0.10000000149011612,0.5333333015441895,0.0,9.922392845153809,9.922392845153809,9.94497673013776,9.94497673013776,2.385633724479274,2.385633724479274,2.385633724479274,2.385633724479274,1.3856337244792727,1.3856337244792727,2.385633724479272,2.385633724479272,1.0,0.0,0.0,1.0,1.0
0.27384196342643613,3.0314331330207964,gt-order-1,"ap_fixed<16,6,AP_RND,AP_SAT>",False,True,1000.0,0.0,-12.0,1.0,0.10000000149011612,0.47980809211730957,0.0,10.064634323120117,10.064634323120117,9.944976730137762,9.944976730137762,2.723352090187806,2.723352090187806,2.723352090187806,2.723352090187806,1.7233520901878046,1.7233520901878046,2.7233520901878023,2.7233520901878023,1.0,0.0,0.0,1.0,1.0
0.3126079367123954,3.0314331330207964,gt-order-1,"ap_fixed<16,6,AP_RND,AP_SAT>",False,True,1000.0,0.0,-12.0,1.0,0.10000000149011612,0.5547001957893372,0.0,10.063081741333008,10.063081741333008,9.94497673013776,9.94497673013776,3.1088787288524475,3.1088787288524475,3.1088787288524475,3.1088787288524475,2.1088787288524475,2.1088787288524475,3.1088787288524458,3.1088787288524458,1.0,0.0,0.0,1.0,1.0
0.35686174928348097,3.0314331330207964,gt-order-1,"ap_fixed<16,6,AP_RND,AP_SAT>",False,True,1000.0,0.0,-12.0,1.0,0.10000000149011612,0.5337604880332947,0.0,10.064634323120117,10.064634323120117,9.944976730137762,9.944976730137762,3.548981703664407,3.548981703664407,3.548981703664407,3.548981703664407,2.5489817036644076,2.5489817036644076,3.548981703664403,3.548981703664403,1.0,0.0,0.0,1.0,1.0
0.4073802778041126,3.0314331330207964,gt-order-1,"ap_fixed<16,6,AP_RND,AP_SAT>",False,True,1000.0,0.0,-12.0,1.0,0.10000000149011612,0.517036497592926,0.0,10.064634323120117,10.064634323120117,9.944976730137762,9.944976730137762,4.051387433547358,4.051387433547358,4.051387433547358,4.051387433547358,3.0513874335473568,3.0513874335473568,4.0513874335473545,4.0513874335473545,1.0,0.0,0.0,1.0,1.0
0.46505037616660627,3.0314331330207964,gt-order-1,"ap_fixed<16,6,AP_RND,AP_SAT>",False,True,1000.0,0.0,-12.0,0.5961728096008301,0.10000000149011612,0.5111656785011292,0.0,9.906451225280762,9.906451225280762,9.94497673013776,9.94497673013776,4.624915103030545,3.5522493653894056,4.624915103030545,3.5522493653894056,3.6249151030305446,2.552249365389406,4.624915103030543,2.757248631139031,1.0,0.0,0.0,1.0,1.0
0.5308844442309882,3.0314331330207964,gt-order-1,"ap_fixed<16,6,AP_RND,AP_SAT>",False,True,1000.0,0.0,-12.0,0.24385307729244232,0.10000000149011612,0.47980815172195435,0.0,10.064634323120117,10.064634323120117,9.94497673013776,9.94497673013776,5.279633449068784,3.7322949881501453,5.279633449068784,3.7322949881501453,4.279633449068784,2.732294988150147,5.279633449068782,1.2874548635315333,1.0,0.0,0.0,1.0,1.0
0.606038200527066,3.0314331330207964,gt-order-1,"ap_fixed<16,6,AP_RND,AP_SAT>",False,True,1000.0,0.0,-12.0,0.3612588942050934,0.10000000149011612,0.5163500905036926,0.0,10.064634323120117,10.064634323120117,9.944976730137762,9.944976730137762,6.027035923633429,4.2580476752645025,6.027035923633429,4.2580476752645025,5.027035923633427,3.258047675264501,6.027035923633424,2.1773203331061843,1.0,0.0,0.0,1.0,1.0
0.6918309709189363,3.0314331330207964,gt-order-1,"ap_fixed<16,6,AP_RND,AP_SAT>",False,True,1000.0,0.0,-12.0,0.3191128671169281,0.10000000149011612,0.5152098536491394,0.0,10.064634323120117,10.064634323120117,9.944976730137762,9.944976730137762,6.880243123576376,3.9576459909426362,6.880243123576376,3.9576459909426362,5.880243123576377,2.957645990942637,6.880243123576371,2.195574109625985,1.0,0.0,0.0,1.0,1.0
0.7897688493998856,3.0314331330207964,gt-order-1,"ap_fixed<16,6,AP_RND,AP_SAT>",False,True,1000.0,0.0,-12.0,0.30712801218032837,0.10000000149011612,0.5152098536491394,0.0,10.064634323120117,10.064634323120117,9.944976730137762,9.944976730137762,7.854233080533931,4.044817568413807,7.854233080533931,4.044817568413807,6.85423308053393,3.0448175684138032,7.854233080533925,2.4122549932253614,1.0,0.0,0.0,1.0,1.0
0.9015711376059565,3.0314331330207964,gt-order-1,"ap_fixed<16,6,AP_RND,AP_SAT>",False,True,1000.0,0.0,-12.0,0.15007872879505157,0.10000000149011612,0.5152098536491394,0.0,10.064634323120117,10.064634323120117,9.944976730137764,9.944976730137764,8.966104153004958,4.547559417993963,8.966104153004958,4.547559417993963,7.966104153004956,3.5475594179939627,8.966104153004947,1.3456215135270149,1.0,0.0,0.0,1.0,1.0
1.0292005271944276,3.0314331330207964,gt-order-1,"ap_fixed<16,6,AP_RND,AP_SAT>",False,True,1000.0,0.0,-12.0,0.09965453296899796,0.09362620115280151,0.5174769759178162,0.0,10.2515230178833,10.2515230178833,9.94497673013776,9.94497673013776,10.23537555912115,5.473726258780035,10.23537555912115,5.473726258780035,9.235375559121156,4.473726258780033,10.235375559121143,1.020001571106514,1.0,0.0,0.0,1.0,1.0
1.174897554939529,3.0314331330207964,gt-order-1,"ap_fixed<16,6,AP_RND,AP_SAT>",False,True,1000.0,0.0,-12.0,0.2704848647117615,0.07556155323982239,0.566138505935669,0.0,9.897171020507812,9.897171020507812,9.94497673013776,9.94497673013776,11.68432881032692,4.516186358508816,11.68432881032692,4.516186358508816,10.684328810326924,3.5161863585088153,11.684328810326912,3.1604340975090115,1.0,0.0,0.0,1.0,1.0
1.3412199354053709,3.0314331330207964,gt-order-1,"ap_fixed<16,6,AP_RND,AP_SAT>",False,True,1000.0,0.0,-12.0,0.30628326535224915,0.0458209365606308,0.4380028545856476,0.0,10.2515230178833,10.2515230178833,9.944976730137762,9.944976730137762,13.33840071577127,4.572735575536706,13.33840071577127,4.572735575536706,12.33840071577127,3.5727355755367056,13.338400715771261,4.085328925803199,1.0,0.0,0.0,1.0,1.0
1.5310874616820287,3.0314331330207964,gt-order-1,"ap_fixed<16,6,AP_RND,AP_SAT>",False,True,1000.0,0.0,-12.0,0.10619565844535828,0.029236823320388794,0.5183210372924805,0.0,10.2515230178833,10.2515230178833,9.944976730137762,9.944976730137762,15.226629735712203,4.137145103547165,15.226629735712203,4.137145103547165,14.226629735712205,3.137145103547165,15.22662973571219,1.6170019706876277,1.0,0.0,0.0,1.0,1.0
1.7478332624182173,3.0314331330207964,gt-order-1,"ap_fixed<16,6,AP_RND,AP_SAT>",False,True,1000.0,1.52587890625e-05,-4.816479902161777,0.10123518109321594,0.0,0.5560384392738342,0.0,10.064634323120117,10.064634323120117,9.944976730137762,9.944976730137762,17.38216101883484,4.336211333667583,17.38216101883484,4.336211333667583,16.382161018834832,3.336211333667585,17.382161018834836,1.7596862185331834,1.0,0.0,0.0,1.0,1.0
1.9952623149688795,3.0314331330207964,gt-order-1,"ap_fixed<16,6,AP_RND,AP_SAT>",False,True,1000.0,1.52587890625e-05,-4.816479902161777,0.09980425983667374,0.0016386434435844421,0.6532332301139832,0.0,9.919806480407715,9.919806480407715,9.944976730137762,9.944976730137762,19.8428367979895,2.447939944813486,19.8428367979895,2.447939944813486,18.8428367979895,1.4479399448134862,19.84283679798948,1.980399639683253,1.0,0.0,0.0,1.0,1.0
0.01,3.1383363915870035,gt-order-1,"ap_fixed<16,6,AP_RND,AP_SAT>",False,True,1000.0,0.0099334716796875,-2.002898942011787,1.0,0.10000000149011612,0.38061484694480896,0.0,11.273747444152832,11.273747444152832,10.658762125854604,10.658762125854604,0.10658761887612705,0.10658761887612705,0.10658761887612705,0.10658761887612705,0.9924358837777145,0.9992435883665001,0.106587618876127,0.106587618876127,1.0,0.0,0.0,1.0,1.0
0.011415633046188459,3.1383363915870035,gt-order-1,"ap_fixed<16,6,AP_RND,AP_SAT>",False,True,1000.0,0.00750732421875,-2.1245148277984893,1.0,0.10000000149011612,0.35875046253204346,0.0,11.24871826171875,11.24871826171875,10.658762125854606,10.658762125854606,0.1216765206383743,0.1216765206383743,0.1216765206383743,0.1216765206383743,0.9913650820485855,0.9991365081919915,0.12167652063837421,0.12167652063837421,1.0,0.0,0.0,1.0,1.0
0.013031667784522994,3.1383363915870035,gt-order-1,"ap_fixed<16,6,AP_RND,AP_SAT>",False,True,1000.0,0.0059051513671875,-2.2287689655312426,1.0,0.10000000149011612,0.3533858358860016,0.0,11.109450340270996,11.109450340270996,10.658762125854604,10.658762125854604,0.138901449631949,0.138901449631949,0.138901449631949,0.138901449631949,0.9901426946249633,0.9990142694478078,0.13890144963194895,0.13890144963194895,1.0,0.0,0.0,1.0,1.0
0.014876473740795015,3.1383363915870035,gt-order-1,"ap_fixed<16,6,AP_RND,AP_SAT>",False,True,1000.0,0.0043182373046875,-2.3646934949988365,1.0,0.10000000149011612,0.3677767813205719,0.0,11.103482246398926,11.103482246398926,10.658762125854604,10.658762125854604,0.15856479438696197,0.15856479438696197,0.15856479438696197,0.15856479438696197,0.9887472621477761,0.9988747261980098,0.1585647943869619,0.1585647943869619,1.0,0.0,0.0,1.0,1.0
0.016982436524617443,3.1383363915870035,gt-order-1,"ap_fixed<16,6,AP_RND,AP_SAT>",False,True,1000.0,0.00323486328125,-2.490144069560693,1.0,0.10000000149011612,0.35533714294433594,0.0,11.022038459777832,11.022038459777832,10.658762125854606,10.658762125854606,0.18101174756135002,0.18101174756135002,0.18101174756135002,0.18101174756135002,0.9871542876124824,0.9987154287421066,0.18101174756135,0.18101174756135,1.0,0.0,0.0,1.0,1.0
0.019386526359522076,3.1383363915870035,gt-order-1,"ap_fixed<16,6,AP_RND,AP_SAT>",False,True,1000.0,0.002410888671875,-2.617822843489138,1.0,0.10000000149011612,0.3841869533061981,0.0,10.966654777526855,10.966654777526855,10.658762125854606,10.658762125854606,0.20663637118255077,0.20663637118255077,0.20663637118255077,0.20663637118255077,0.9853358059420328,0.998533580572352,0.20663637118255054,0.20663637118255054,1.0,0.0,0.0,1.0,1.0
0.022130947096056376,3.1383363915870035,gt-order-1,"ap_fixed<16,6,AP_RND,AP_SAT>",False,True,1000.0,0.001953125,-2.709269960753472,1.0,0.10000000149011612,0.4157046377658844,0.0,10.944388389587402,10.944388389587402,10.658762125854606,10.658762125854606,0.23588850566256925,0.23588850566256925,0.23588850566256925,0.23588850566256925,0.98325989368046,0.9983259893431012,0.23588850566256897,0.23588850566256897,1.0,0.0,0.0,1.0,1.0
0.025263877101318954,3.1383363915870035,gt-order-1,"ap_fixed<16,6,AP_RND,AP_SAT>",False,True,1000.0,0.0015716552734375,-2.8036427056421975,1.0,0.10000000149011612,0.39306604862213135,0.0,10.871835708618164,10.871835708618164,10.658762125854606,10.658762125854606,0.2692816615608773,0.2692816615608773,0.2692816615608773,0.2692816615608773,0.9808901089446056,0.9980890108659847,0.2692816615608771,0.2692816615608771,1.0,0.0,0.0,1.0,1.0
0.028840315031266057,3.1383363915870035,gt-order-1,"ap_fixed<16,6,AP_RND,AP_SAT>",False,True,1000.0,0.001068115234375,-2.9713818902028435,1.0,0.10000000149011612,0.4019065797328949,0.0,10.82684326171875,10.82684326171875,10.658762125854604,10.658762125854604,0.3074020529230778,0.3074020529230778,0.3074020529230778,0.3074020529230778,0.9781848503625763,0.9978184850037506,0.3074020529230776,0.3074020529230776,1.0,0.0,0.0,1.0,1.0
0.03292304533334065,3.1383363915870035,gt-order-1,"ap_fixed<16,6,AP_RND,AP_SAT>",False,True,1000.0,0.000701904296875,-3.153722098323388,1.0,0.10000000149011612,0.43951234221458435,0.0,10.802383422851562,10.802383422851562,10.658762125854606,10.658762125854606,0.35091892109652195,0.35091892109652195,0.35091892109652195,0.35091892109652195,0.9750966244319795,0.9975096624060891,0.3509189210965217,0.3509189210965217,1.0,0.0,0.0,1.0,1.0
0.037583740428844416,3.1383363915870035,gt-order-1,"ap_fixed<16,6,AP_RND,AP_SAT>",False,True,1000.0,0.0005950927734375,-3.225415322867407,1.0,0.10000000149011612,0.4181579053401947,0.0,10.795913696289062,10.795913696289062,10.658762125854608,10.658762125854608,0.40059616887636895,0.40059616887636895,0.40059616887636895,0.40059616887636895,0.9715712198890115,0.9971571219465388,0.4005961688763684,0.4005961688763684,1.0,0.0,0.0,1.0,1.0
0.04290421892388853,3.1383363915870035,gt-order-1,"ap_fixed<16,6,AP_RND,AP_SAT>",False,True,1000.0,0.00042724609375,-3.3693218982649826,1.0,0.10000000149011612,0.44561195373535156,0.0,10.772894859313965,10.772894859313965,10.658762125854604,10.658762125854604,0.4573058807333456,0.4573058807333456,0.4573058807333456,0.4573058807333456,0.9675467482295306,0.9967546747745939,0.45730588073334516,0.45730588073334516,1.0,0.0,0.0,1.0,1.0
0.04897788193684462,3.1383363915870035,gt-order-1,"ap_fixed<16,6,AP_RND,AP_SAT>",False,True,1000.0,0.0003204345703125,-3.49426063453445,1.0,0.10000000149011612,0.41522371768951416,0.0,10.7482328414917,10.7482328414917,10.658762125854608,10.658762125854608,0.5220435901487651,0.5220435901487651,0.5220435901487651,0.5220435901487651,0.9629525602446026,0.9962952559692552,0.5220435901487647,0.5220435901487647,1.0,0.0,0.0,1.0,1.0
0.05591135275705602,3.1383363915870035,gt-order-1,"ap_fixed<16,6,AP_RND,AP_SAT>",False,True,1000.0,0.0002288818359375,-3.6403886696705565,1.0,0.10000000149011612,0.44701772928237915,0.0,10.73627758026123,10.73627758026123,10.658762125854606,10.658762125854606,0.5959457903940903,0.5959457903940903,0.5959457903940903,0.5959457903940903,0.9577080033473521,0.9957708002717152,0.59594579039409,0.59594579039409,1.0,0.0,0.0,1.0,1.0
0.06382634861905485,3.1383363915870035,gt-order-1,"ap_fixed<16,6,AP_RND,AP_SAT>",False,True,1000.0,0.0001678466796875,-3.7750872428780267,1.0,0.10000000149011612,0.42445844411849976,0.0,10.709158897399902,10.709158897399902,10.658762125854606,10.658762125854606,0.6803098277294894,0.6803098277294894,0.6803098277294894,0.6803098277294894,0.951721009828641,0.9951721009109228,0.680309827729489,0.680309827729489,1.0,0.0,0.0,1.0,1.0
0.07286181745132274,3.1383363915870035,gt-order-1,"ap_fixed<16,6,AP_RND,AP_SAT>",False,True,1000.0,0.0001220703125,-3.913389940074015,1.0,0.10000000149011612,0.6633880734443665,0.0,10.709976196289062,10.709976196289062,10.658762125854604,10.658762125854604,0.7766168123331068,0.7766168123331068,0.7766168123331068,0.7766168123331068,0.94488647095592,0.9944886470134663,0.7766168123331063,0.7766168123331063,1.0,0.0,0.0,1.0,1.0
0.08317637711026708,3.1383363915870035,gt-order-1,"ap_fixed<16,6,AP_RND,AP_SAT>",False,True,1000.0,7.62939453125e-05,-4.117509920595296,1.0,0.10000000149011612,0.45068827271461487,0.0,10.689453125,10.689453125,10.658762125854606,10.658762125854606,0.8865571895982072,0.8865571895982072,0.8865571895982072,0.8865571895982072,0.9370844222759355,0.993708442133842,0.8865571895982066,0.8865571895982066,1.0,0.0,0.0,1.0,1.0
0.09495109992021983,3.1383363915870035,gt-order-1,"ap_fixed<16,6,AP_RND,AP_SAT>",False,True,1000.0,7.62939453125e-05,-4.117509920595296,1.0,0.10000000149011612,0.5133176445960999,0.0,10.681424140930176,10.681424140930176,10.658762125854604,10.658762125854604,1.0120611953892433,1.0120611953892433,1.0120611953892433,1.0120611953892433,0.9281778823215238,0.9928177881251288,1.0120611953892427,1.0120611953892427,1.0,0.0,0.0,1.0,1.0
0.10839269140212034,3.1383363915870035,gt-order-1,"ap_fixed<16,6,AP_RND,AP_SAT>",False,True,1000.0,3.0517578125e-05,-4.515449920728757,1.0,0.10000000149011612,0.511578381061554,0.0,10.67756462097168,10.67756462097168,10.658762125854606,10.658762125854606,1.1553319319588142,1.1553319319588142,1.1553319319588142,1.1553319319588142,0.918010505340111,0.9918010504118373,1.155331931958813,1.155331931958813,1.0,0.0,0.0,1.0,1.0
0.12373711899353519,3.1383363915870035,gt-order-1,"ap_fixed<16,6,AP_RND,AP_SAT>",False,True,1000.0,3.0517578125e-05,-4.515449920728757,1.0,0.10000000149011612,0.5746958255767822,0.0,10.659878730773926,10.659878730773926,10.658762125854608,10.658762125854608,1.3188845190330405,1.3188845190330405,1.3188845190330405,1.3188845190330405,0.9064038028907138,0.9906403801496022,1.3188845190330394,1.3188845190330394,1.0,0.0,0.0,1.0,1.0
0.1412537544622754,3.1383363915870035,gt-order-1,"ap_fixed<16,6,AP_RND,AP_SAT>",False,True,1000.0,3.0517578125e-05,-4.515449920728757,1.0,0.10000000149011612,0.5578881502151489,0.0,10.650749206542969,10.650749206542969,10.658762125854606,10.658762125854606,1.505590168562852,1.505590168562852,1.505590168562852,1.505590168562852,0.8931540160271743,0.9893154014435042,1.5055901685628512,1.5055901685628512,1.0,0.0,0.0,1.0,1.0
0.16125010273377416,3.1383363915870035,gt-order-1,"ap_fixed<16,6,AP_RND,AP_SAT>",False,True,1000.0,1.52587890625e-05,-4.816479902161777,1.0,0.10000000149011612,0.614423930644989,0.0,10.6416654586792,10.6416654586792,10.658762125854608,10.658762125854608,1.718726453764645,1.718726453764645,1.718726453764645,1.718726453764645,0.8780285478963373,0.9878028546078821,1.7187264537646438,1.7187264537646438,1.0,0.0,0.0,1.0,1.0
0.18407720014689555,3.1383363915870035,gt-order-1,"ap_fixed<16,6,AP_RND,AP_SAT>",False,True,1000.0,0.0,-12.0,1.0,0.10000000149011612,0.6217567324638367,0.0,10.644275665283203,10.644275665283203,10.658762125854606,10.658762125854606,1.9620351224877333,1.9620351224877333,1.9620351224877333,1.9620351224877333,0.9620351224877327,0.9860761858869356,1.9620351224877326,1.9620351224877326,1.0,0.0,0.0,1.0,1.0
0.21013577690467466,3.1383363915870035,gt-order-1,"ap_fixed<16,6,AP_RND,AP_SAT>",False,True,1000.0,0.0,-12.0,1.0,0.10000000149011612,0.7200034260749817,0.0,10.644281387329102,10.644281387329102,10.658762125854606,10.658762125854606,2.239787216666702,2.239787216666702,2.239787216666702,2.239787216666702,1.239787216666701,1.239787216666701,2.2397872166667,2.2397872166667,1.0,0.0,0.0,1.0,1.0
0.239883291901949,3.1383363915870035,gt-order-1,"ap_fixed<16,6,AP_RND,AP_SAT>",False,True,1000.0,0.0,-12.0,1.0,0.10000000149011612,0.4789474308490753,0.0,10.631686210632324,10.631686210632324,10.658762125854604,10.658762125854604,2.556858912659206,2.556858912659206,2.556858912659206,2.556858912659206,1.556858912659206,1.556858912659206,2.556858912659205,2.556858912659205,1.0,0.0,0.0,1.0,1.0
0.27384196342643613,3.1383363915870035,gt-order-1,"ap_fixed<16,6,AP_RND,AP_SAT>",False,True,1000.0,0.0,-12.0,1.0,0.10000000149011612,0.475127637386322,0.0,10.632930755615234,10.632930755615234,10.658762125854604,10.658762125854604,2.918816494189892,2.918816494189892,2.918816494189892,2.918816494189892,1.9188164941898915,1.9188164941898915,2.91881649418989,2.91881649418989,1.0,0.0,0.0,1.0,1.0
0.3126079367123954,3.1383363915870035,gt-order-1,"ap_fixed<16,6,AP_RND,AP_SAT>",False,True,1000.0,0.0,-12.0,0.7622005939483643,0.10000000149011612,0.43905705213546753,0.0,10.751452445983887,10.751452445983887,10.658762125854604,10.658762125854604,3.3320137138730592,3.332013713873059,3.3320137138730592,3.332013713873059,2.332013713873059,2.332013713873057,3.332013713873057,2.539662831758139,1.0,0.0,0.0,1.0,1.0
0.35686174928348097,3.1383363915870035,gt-order-1,"ap_fixed<16,6,AP_RND,AP_SAT>",False,True,1000.0,0.0,-12.0,0.38171452283859253,0.10000000149011612,0.5384615063667297,0.0,10.751452445983887,10.751452445983887,10.658762125854604,10.658762125854604,3.803704402216849,3.3816439758985997,3.803704402216849,3.3816439758985997,2.80370440221685,2.381643975898597,3.803704402216849,1.4519292109112583,1.0,0.0,0.0,1.0,1.0
0.4073802778041126,3.1383363915870035,gt-order-1,"ap_fixed<16,6,AP_RND,AP_SAT>",False,True,1000.0,0.0,-12.0,0.411089688539505,0.10000000149011612,0.5185629725456238,0.0,10.749999046325684,10.749999046325684,10.658762125854604,10.658762125854604,4.342169529969295,3.3591379876205454,4.342169529969295,3.3591379876205454,3.3421695299692957,2.359137987620543,4.342169529969292,1.785021119660805,1.0,0.0,0.0,1.0,1.0
0.46505037616660627,3.1383363915870035,gt-order-1,"ap_fixed<16,6,AP_RND,AP_SAT>",False,True,1000.0,1.52587890625e-05,-4.816479902161777,0.37272316217422485,0.10000000149011612,0.4789474904537201,0.0,10.751452445983887,10.751452445983887,10.658762125854608,10.658762125854608,4.956861265053163,3.8290068132765653,4.956861265053163,3.8290068132765653,3.956861265053162,2.829006813276563,4.956861265053159,1.847537005169542,1.0,0.0,0.0,1.0,1.0
0.5308844442309882,3.1383363915870035,gt-order-1,"ap_fixed<16,6,AP_RND,AP_SAT>",False,True,1000.0,0.0,-12.0,0.493196040391922,0.10000000149011612,0.4789474606513977,0.0,10.751452445983887,10.751452445983887,10.658762125854606,10.658762125854606,5.6585710125185935,3.8665745283223534,5.6585710125185935,3.8665745283223534,4.658571012518593,2.8665745283223507,5.658571012518591,2.7907848176506778,1.0,0.0,0.0,1.0,1.0
0.606038200527066,3.1383363915870035,gt-order-1,"ap_fixed<16,6,AP_RND,AP_SAT>",False,True,1000.0,0.0,-12.0,0.19519945979118347,0.10000000149011612,0.5185629725456238,0.0,10.749999046325684,10.749999046325684,10.658762125854604,10.658762125854604,6.4596171491594045,3.9743856619761972,6.4596171491594045,3.9743856619761972,5.45961714915941,2.974385661976195,6.459617149159401,1.2609137779737796,1.0,0.0,0.0,1.0,1.0
0.6918309709189363,3.1383363915870035,gt-order-1,"ap_fixed<16,6,AP_RND,AP_SAT>",False,True,1000.0,1.52587890625e-05,-4.816479902161777,0.15407437086105347,0.10000000149011612,0.5185629725456238,0.0,10.749999046325684,10.749999046325684,10.658762125854606,10.658762125854606,7.374061982468972,3.8844754748545745,7.374061982468972,3.8844754748545745,6.374061982468972,2.8844754748545696,7.374061982468966,1.1361539606393187,1.0,0.0,0.0,1.0,1.0
0.7897688493998856,3.1383363915870035,gt-order-1,"ap_fixed<16,6,AP_RND,AP_SAT>",False,True,1000.0,0.0,-12.0,0.17645421624183655,0.10000000149011612,0.5185629725456238,0.0,10.749999046325684,10.749999046325684,10.658762125854606,10.658762125854606,8.417958569247425,4.354786163807216,8.417958569247425,4.354786163807216,7.417958569247423,3.354786163807216,8.417958569247418,1.485384281692805,1.0,0.0,0.0,1.0,1.0
0.9015711376059565,3.1383363915870035,gt-order-1,"ap_fixed<16,6,AP_RND,AP_SAT>",False,True,1000.0,0.0,-12.0,0.31874269247055054,0.10000000149011612,0.5185629725456238,0.0,10.749999046325684,10.749999046325684,10.658762125854606,10.658762125854606,9.609632476354026,4.494830680521145,9.609632476354026,4.494830680521145,8.609632476354028,3.494830680521147,9.60963247635402,3.0630001291655247,1.0,0.0,0.0,1.0,1.0
1.0292005271944276,3.1383363915870035,gt-order-1,"ap_fixed<16,6,AP_RND,AP_SAT>",False,True,1000.0,0.0,-12.0,0.28204992413520813,0.08190061897039413,0.49923017621040344,0.0,10.749999046325684,10.749999046325684,10.658762125854606,10.658762125854606,10.970003883754407,4.813284696012197,10.970003883754407,4.813284696012197,9.970003883754405,3.8132846960121967,10.970003883754401,3.0940887631758676,1.0,0.0,0.0,1.0,1.0
1.174897554939529,3.1383363915870035,gt-order-1,"ap_fixed<16,6,AP_RND,AP_SAT>",False,True,1000.0,0.0,-12.0,0.21719776093959808,0.06775397062301636,0.48595431447029114,0.0,10.751452445983887,10.751452445983887,10.658762125854604,10.658762125854604,12.522953524077195,4.709174135309,12.522953524077195,4.709174135309,11.522953524077193,3.7091741353090018,12.522953524077188,2.7199574657802144,1.0,0.0,0.0,1.0,1.0
1.3412199354053709,3.1383363915870035,gt-order-1,"ap_fixed<16,6,AP_RND,AP_SAT>",False,True,1000.0,0.0,-12.0,0.10868488252162933,0.03664776682853699,0.5078333616256714,0.0,10.751452445983887,10.751452445983887,10.658762125854606,10.658762125854606,14.29574389429118,4.212721779155887,14.29574389429118,4.212721779155887,13.295743894291181,3.212721779155887,14.295743894291165,1.5537312457103352,1.0,0.0,0.0,1.0,1.0
1.5310874616820287,3.1383363915870035,gt-order-1,"ap_fixed<16,6,AP_RND,AP_SAT>",False,True,1000.0,0.0,-12.0,0.03284906595945358,0.013935074210166931,0.4789474606513977,0.0,10.751452445983887,10.751452445983887,10.658762125854604,10.658762125854604,16.319497645438183,4.44547917352728,16.319497645438183,4.44547917352728,15.319497645438188,3.445479173527278,16.319497645438172,0.536080254580146,1.0,0.0,0.0,1.0,1.0
1.7478332624182173,3.1383363915870035,gt-order-1,"ap_fixed<16,6,AP_RND,AP_SAT>",False,True,1000.0,1.52587890625e-05,-4.816479902161777,0.09993916004896164,0.0,0.5185629725456238,0.0,10.749999046325684,10.749999046325684,10.658762125854606,10.658762125854606,18.62973886822726,3.4148506303939494,18.62973886822726,3.4148506303939494,17.62973886822726,2.414850630393948,18.629738868227246,1.861840454422124,1.0,0.0,0.0,1.0,1.0
1.9952623149688795,3.1383363915870035,gt-order-1,"ap_fixed<16,6,AP_RND,AP_SAT>",True,False,,120.76596069335938,,0.0,0.0,0.9999998211860657,0.0,10.658729553222656,10.658729553222656,10.658762125854603,10.658762125854603,21.267025863518,2.1267026180421382,21.267025863518,2.1267026180421382,20.267025863518008,1.126702618042137,21.26702586351799,0.0,1.0,0.0,0.0,1.0,1.0
0.01,3.249009585424943,gt-order-1,"ap_fixed<16,6,AP_RND,AP_SAT>",False,True,1000.0,0.008819580078125,-2.0545520921539278,1.0,0.10000000149011612,0.3804697096347809,0.0,12.083467483520508,12.083467483520508,11.423778391242102,11.423778391242102,0.11423778135900757,0.11423778135900757,0.11423778135900757,0.11423778135900757,0.9918929809516697,0.9991892980830868,0.11423778135900754,0.11423778135900754,1.0,0.0,0.0,1.0,1.0
0.011415633046188459,3.249009585424943,gt-order-1,"ap_fixed<16,6,AP_RND,AP_SAT>",False,True,1000.0,0.00677490234375,-2.1690969604449757,1.0,0.10000000149011612,0.3611147105693817,0.0,12.014418601989746,12.014418601989746,11.423778391242102,11.423778391242102,0.13040966584839092,0.13040966584839092,0.13040966584839092,0.13040966584839092,0.9907453240728056,0.9990745323934902,0.13040966584839087,0.13040966584839087,1.0,0.0,0.0,1.0,1.0
0.013031667784522994,3.249009585424943,gt-order-1,"ap_fixed<16,6,AP_RND,AP_SAT>",False,True,1000.0,0.00506591796875,-2.295341846833934,1.0,0.10000000149011612,0.3640710413455963,0.0,11.813990592956543,11.813990592956543,11.423778391242102,11.423778391242102,0.1488708876398193,0.1488708876398193,0.1488708876398193,0.1488708876398193,0.989435201669008,0.9989435201511581,0.1488708876398192,0.1488708876398192,1.0,0.0,0.0,1.0,1.0
0.014876473740795015,3.249009585424943,gt-order-1,"ap_fixed<16,6,AP_RND,AP_SAT>",False,True,1000.0,0.00384521484375,-2.415079389729211,1.0,0.10000000149011612,0.4297988712787628,0.0,11.837484359741211,11.837484359741211,11.423778391242102,11.423778391242102,0.16994553873527662,0.16994553873527662,0.16994553873527662,0.16994553873527662,0.9879396141686618,0.9987939613988948,0.16994553873527649,0.16994553873527649,1.0,0.0,0.0,1.0,1.0
0.016982436524617443,3.249009585424943,gt-order-1,"ap_fixed<16,6,AP_RND,AP_SAT>",False,True,1000.0,0.002960205078125,-2.528678200546762,1.0,0.10000000149011612,0.39370131492614746,0.0,11.847334861755371,11.847334861755371,11.423778391242102,11.423778391242102,0.1940035874650429,0.1940035874650429,0.1940035874650429,0.1940035874650429,0.9862323063323433,0.9986232306127185,0.19400358746504276,0.19400358746504276,1.0,0.0,0.0,1.0,1.0
0.019386526359522076,3.249009585424943,gt-order-1,"ap_fixed<16,6,AP_RND,AP_SAT>",False,True,1000.0,0.0022735595703125,-2.6432936620204055,1.0,0.10000000149011612,0.3789026141166687,0.0,11.73220157623291,11.73220157623291,11.423778391242102,11.423778391242102,0.22146737905276578,0.22146737905276578,0.22146737905276578,0.22146737905276578,0.9842833059325425,0.9984283305698345,0.2214673790527657,0.2214673790527657,1.0,0.0,0.0,1.0,1.0
0.022130947096056376,3.249009585424943,gt-order-1,"ap_fixed<16,6,AP_RND,AP_SAT>",False,True,1000.0,0.0016937255859375,-2.771156951580628,1.0,0.10000000149011612,0.4147927463054657,0.0,11.715510368347168,11.715510368347168,11.423778391242102,11.423778391242102,0.252819040514462,0.252819040514462,0.252819040514462,0.252819040514462,0.9820583982562632,0.9982058397988913,0.2528190405144618,0.2528190405144618,1.0,0.0,0.0,1.0,1.0
0.025263877101318954,3.249009585424943,gt-order-1,"ap_fixed<16,6,AP_RND,AP_SAT>",False,True,1000.0,0.001251220703125,-2.902666077892886,1.0,0.10000000149011612,0.4095979332923889,0.0,11.666975021362305,11.666975021362305,11.423778391242102,11.423778391242102,0.28860893884056654,0.28860893884056654,0.28860893884056654,0.28860893884056654,0.9795185258601449,0.9979518525554946,0.2886089388405663,0.2886089388405663,1.0,0.0,0.0,1.0,1.0
0.028840315031266057,3.249009585424943,gt-order-1,"ap_fixed<16,6,AP_RND,AP_SAT>",False,True,1000.0,0.001007080078125,-2.996935994650589,1.0,0.10000000149011612,0.40723076462745667,0.0,11.633923530578613,11.633923530578613,11.423778391242102,11.423778391242102,0.32946536268859217,0.32946536268859217,0.32946536268859217,0.32946536268859217,0.9766191014977117,0.9976619101149309,0.32946536268859206,0.32946536268859206,1.0,0.0,0.0,1.0,1.0
0.03292304533334065,3.249009585424943,gt-order-1,"ap_fixed<16,6,AP_RND,AP_SAT>",False,True,1000.0,0.000732421875,-3.135238692655155,1.0,0.10000000149011612,0.42154499888420105,0.0,11.598580360412598,11.598580360412598,11.423778391242102,11.423778391242102,0.37610558717474124,0.37610558717474124,0.37610558717474124,0.37610558717474124,0.97330922289337,0.9973309222495649,0.3761055871747411,0.3761055871747411,1.0,0.0,0.0,1.0,1.0
0.037583740428844416,3.249009585424943,gt-order-1,"ap_fixed<16,6,AP_RND,AP_SAT>",False,True,1000.0,0.00054931640625,-3.260177429065803,1.0,0.10000000149011612,0.3923150897026062,0.0,11.555232048034668,11.555232048034668,11.423778391242102,11.423778391242102,0.42934834304291325,0.42934834304291325,0.42934834304291325,0.42934834304291325,0.9695307878531059,0.9969530787399078,0.42934834304291297,0.42934834304291297,1.0,0.0,0.0,1.0,1.0
0.04290421892388853,3.249009585424943,gt-order-1,"ap_fixed<16,6,AP_RND,AP_SAT>",False,True,1000.0,0.0003662109375,-3.4362686877261797,1.0,0.10000000149011612,0.4951004087924957,0.0,11.513809204101562,11.513809204101562,11.423778391242102,11.423778391242102,0.49012830728602697,0.49012830728602697,0.49012830728602697,0.49012830728602697,0.9652174659204323,0.9965217465402132,0.49012830728602663,0.49012830728602663,1.0,0.0,0.0,1.0,1.0
0.04897788193684462,3.249009585424943,gt-order-1,"ap_fixed<16,6,AP_RND,AP_SAT>",False,True,1000.0,0.000274658203125,-3.561207423939175,1.0,0.10000000149011612,0.38871610164642334,0.0,11.516010284423828,11.516010284423828,11.423778391242102,11.423778391242102,0.5595124662705377,0.5595124662705377,0.5595124662705377,0.5595124662705377,0.9602935371479353,0.9960293536556263,0.5595124662705374,0.5595124662705374,1.0,0.0,0.0,1.0,1.0
0.05591135275705602,3.249009585424943,gt-order-1,"ap_fixed<16,6,AP_RND,AP_SAT>",False,True,1000.0,0.0002288818359375,-3.6403886696705565,1.0,0.10000000149011612,0.4490245580673218,0.0,11.487035751342773,11.487035751342773,11.423778391242102,11.423778391242102,0.6387188833252859,0.6387188833252859,0.6387188833252859,0.6387188833252859,0.954672560233171,0.995467255955774,0.6387188833252856,0.6387188833252856,1.0,0.0,0.0,1.0,1.0
0.06382634861905485,3.249009585424943,gt-order-1,"ap_fixed<16,6,AP_RND,AP_SAT>",False,True,1000.0,0.0001220703125,-3.913389940074015,1.0,0.10000000149011612,0.49643734097480774,0.0,11.468826293945312,11.468826293945312,11.423778391242102,11.423778391242102,0.7291380197437939,0.7291380197437939,0.7291380197437939,0.7291380197437939,0.948255859448561,0.994825585867751,0.7291380197437931,0.7291380197437931,1.0,0.0,0.0,1.0,1.0
0.07286181745132274,3.249009585424943,gt-order-1,"ap_fixed<16,6,AP_RND,AP_SAT>",False,True,1000.0,0.0001373291015625,-3.8622374180219383,1.0,0.10000000149011612,0.4784119129180908,0.0,11.456344604492188,11.456344604492188,11.423778391242104,11.423778391242104,0.8323572901102654,0.8323572901102654,0.8323572901102654,0.8323572901102654,0.9409307820436871,0.9940930781163484,0.8323572901102646,0.8323572901102646,1.0,0.0,0.0,1.0,1.0
0.08317637711026708,3.249009585424943,gt-order-1,"ap_fixed<16,6,AP_RND,AP_SAT>",False,True,1000.0,7.62939453125e-05,-4.117509920595296,1.0,0.10000000149011612,0.49555984139442444,0.0,11.441096305847168,11.441096305847168,11.423778391242102,11.423778391242102,0.9501884689372679,0.9501884689372679,0.9501884689372679,0.9501884689372679,0.9325687533008866,0.993256875229608,0.9501884689372676,0.9501884689372676,1.0,0.0,0.0,1.0,1.0
0.09495109992021983,3.249009585424943,gt-order-1,"ap_fixed<16,6,AP_RND,AP_SAT>",False,True,1000.0,6.103515625e-05,-4.214419932180256,1.0,0.10000000149011612,0.5202690958976746,0.0,11.435323715209961,11.435323715209961,11.423778391242102,11.423778391242102,1.0847003318009876,1.0847003318009876,1.0847003318009876,1.0847003318009876,0.9230229601185452,0.9923022958971496,1.0847003318009862,1.0847003318009862,1.0,0.0,0.0,1.0,1.0
0.10839269140212034,3.249009585424943,gt-order-1,"ap_fixed<16,6,AP_RND,AP_SAT>",False,True,1000.0,4.57763671875e-05,-4.339358666416729,1.0,0.10000000149011612,0.5101128220558167,0.0,11.432089805603027,11.432089805603027,11.423778391242102,11.423778391242102,1.2382541052312743,1.2382541052312743,1.2382541052312743,1.2382541052312743,0.9121258352677898,0.9912125833958363,1.2382541052312726,1.2382541052312726,1.0,0.0,0.0,1.0,1.0
0.12373711899353519,3.249009585424943,gt-order-1,"ap_fixed<16,6,AP_RND,AP_SAT>",False,True,1000.0,4.57763671875e-05,-4.339358666416729,1.0,0.10000000149011612,0.4517699182033539,0.0,11.423349380493164,11.423349380493164,11.423778391242102,11.423778391242102,1.413545427805985,1.413545427805985,1.413545427805985,1.413545427805985,0.8996860795738806,0.9899686078079086,1.4135454278059838,1.4135454278059838,1.0,0.0,0.0,1.0,1.0
0.1412537544622754,3.249009585424943,gt-order-1,"ap_fixed<16,6,AP_RND,AP_SAT>",False,True,1000.0,3.0517578125e-05,-4.515449920728757,1.0,0.10000000149011612,0.5144433379173279,0.0,11.41988468170166,11.41988468170166,11.423778391242102,11.423778391242102,1.6136515882997835,1.6136515882997835,1.6136515882997835,1.6136515882997835,0.8854853096052013,0.9885485307898799,1.6136515882997822,1.6136515882997822,1.0,0.0,0.0,1.0,1.0
0.16125010273377416,3.249009585424943,gt-order-1,"ap_fixed<16,6,AP_RND,AP_SAT>",False,True,1000.0,1.52587890625e-05,-4.816479902161777,1.0,0.10000000149011612,0.525780975818634,0.0,11.409513473510742,11.409513473510742,11.423778391242102,11.423778391242102,1.8420854027079114,1.8420854027079114,1.8420854027079114,1.8420854027079114,0.8692742342266483,0.986927423227868,1.8420854027079099,1.8420854027079099,1.0,0.0,0.0,1.0,1.0
0.18407720014689555,3.249009585424943,gt-order-1,"ap_fixed<16,6,AP_RND,AP_SAT>",False,True,1000.0,0.0,-12.0,1.0,0.10000000149011612,0.7225245833396912,0.0,11.408293724060059,11.408293724060059,11.423778391242102,11.423778391242102,2.10285717707921,2.10285717707921,2.10285717707921,2.10285717707921,1.1028571770792095,1.1028571770792095,2.1028571770792084,2.1028571770792084,1.0,0.0,0.0,1.0,1.0
0.21013577690467466,3.249009585424943,gt-order-1,"ap_fixed<16,6,AP_RND,AP_SAT>",False,True,1000.0,0.0,-12.0,1.0,0.10000000149011612,0.6476192474365234,0.0,11.39976978302002,11.39976978302002,11.423778391242102,11.423778391242102,2.400544500817054,2.400544500817054,2.400544500817054,2.400544500817054,1.400544500817053,1.400544500817053,2.400544500817053,2.400544500817053,1.0,0.0,0.0,1.0,1.0
0.239883291901949,3.249009585424943,gt-order-1,"ap_fixed<16,6,AP_RND,AP_SAT>",False,True,1000.0,0.0,-12.0,1.0,0.10000000149011612,0.652729868888855,0.0,11.39688491821289,11.39688491821289,11.423778391242102,11.423778391242102,2.7403735303408023,2.7403735303408023,2.7403735303408023,2.7403735303408023,1.7403735303408014,1.7403735303408014,2.7403735303407992,2.7403735303407992,1.0,0.0,0.0,1.0,1.0
0.27384196342643613,3.249009585424943,gt-order-1,"ap_fixed<16,6,AP_RND,AP_SAT>",False,True,1000.0,0.0,-12.0,1.0,0.10000000149011612,0.5573863983154297,0.0,11.394311904907227,11.394311904907227,11.423778391242102,11.423778391242102,3.1283100608321392,3.1283100608321392,3.1283100608321392,3.1283100608321392,2.1283100608321392,2.1283100608321392,3.1283100608321353,3.1283100608321353,1.0,0.0,0.0,1.0,1.0
0.3126079367123954,3.249009585424943,gt-order-1,"ap_fixed<16,6,AP_RND,AP_SAT>",False,True,1000.0,0.0,-12.0,1.0,0.10000000149011612,0.6910947561264038,0.0,11.389643669128418,11.389643669128418,11.423778391242102,11.423778391242102,3.571163875731345,3.571163875731345,3.571163875731345,3.571163875731345,2.5711638757313433,2.5711638757313433,3.5711638757313406,3.5711638757313406,1.0,0.0,0.0,1.0,1.0
0.35686174928348097,3.249009585424943,gt-order-1,"ap_fixed<16,6,AP_RND,AP_SAT>",False,True,1000.0,0.0,-12.0,0.34794628620147705,0.10000000149011612,0.5257810354232788,0.0,11.439376831054688,11.439376831054688,11.423778391242102,11.423778391242102,4.076709438079642,3.39574662417285,4.076709438079642,3.39574662417285,3.0767094380796416,2.3957466241728467,4.076709438079638,1.4184759089023202,1.0,0.0,0.0,1.0,1.0
0.4073802778041126,3.249009585424943,gt-order-1,"ap_fixed<16,6,AP_RND,AP_SAT>",False,True,1000.0,0.0,-12.0,0.5453023910522461,0.10000000149011612,0.505092203617096,0.0,11.438011169433594,11.438011169433594,11.423778391242102,11.423778391242102,4.653822072569795,3.425361455403855,4.653822072569795,3.425361455403855,3.6538220725697967,2.4253614554038556,4.653822072569791,2.5377403037040267,1.0,0.0,0.0,1.0,1.0
0.46505037616660627,3.249009585424943,gt-order-1,"ap_fixed<16,6,AP_RND,AP_SAT>",False,True,1000.0,0.0,-12.0,0.2321503460407257,0.10000000149011612,0.629858136177063,0.0,11.438011169433594,11.438011169433594,11.423778391242102,11.423778391242102,5.31263236194598,3.7027902681004936,5.31263236194598,3.7027902681004936,4.312632361945979,2.7027902681004936,5.312632361945977,1.2333294412129165,1.0,0.0,0.0,1.0,1.0
0.5308844442309882,3.249009585424943,gt-order-1,"ap_fixed<16,6,AP_RND,AP_SAT>",False,True,1000.0,0.0,-12.0,0.19155935943126678,0.10000000149011612,0.5956833958625793,0.0,11.438011169433594,11.438011169433594,11.423778391242102,11.423778391242102,6.0647062477657006,3.8204413784015143,6.0647062477657006,3.8204413784015143,5.0647062477657006,2.820441378401514,6.064706247765695,1.1617512439607982,1.0,0.0,0.0,1.0,1.0
0.606038200527066,3.249009585424943,gt-order-1,"ap_fixed<16,6,AP_RND,AP_SAT>",False,True,1000.0,0.0,-12.0,0.35206419229507446,0.10000000149011612,0.5433008074760437,0.0,11.501358032226562,11.501358032226562,11.423778391242102,11.423778391242102,6.923246239379555,5.376885213554749,6.923246239379555,5.376885213554749,5.923246239379558,4.376885213554746,6.92324623937955,2.437427095327073,1.0,0.0,0.0,1.0,1.0
0.6918309709189363,3.249009585424943,gt-order-1,"ap_fixed<16,6,AP_RND,AP_SAT>",False,True,1000.0,0.0,-12.0,0.25287991762161255,0.10000000149011612,0.6527299284934998,0.0,11.438011169433594,11.438011169433594,11.423778391242102,11.423778391242102,7.903323944782633,4.501044497523713,7.903323944782633,4.501044497523713,6.903323944782631,3.5010444975237123,7.903323944782624,1.998591908093548,1.0,0.0,0.0,1.0,1.0
0.7897688493998856,3.249009585424943,gt-order-1,"ap_fixed<16,6,AP_RND,AP_SAT>",False,True,1000.0,0.0,-12.0,0.11098659038543701,0.10000000149011612,0.5252256989479065,0.0,11.501358032226562,11.501358032226562,11.423778391242102,11.423778391242102,9.022144604247806,5.476820836564698,9.022144604247806,5.476820836564698,8.022144604247805,4.476820836564696,9.0221446042478,1.0013370675898312,1.0,0.0,0.0,1.0,1.0
0.9015711376059565,3.249009585424943,gt-order-1,"ap_fixed<16,6,AP_RND,AP_SAT>",False,True,1000.0,0.0,-12.0,0.1518578976392746,0.09004022181034088,0.5747030973434448,0.0,11.501358032226562,11.501358032226562,11.423778391242102,11.423778391242102,10.299349074022944,4.869314480530054,10.299349074022944,4.869314480530054,9.299349074022942,3.8693144805300523,10.299349074022935,1.5640374974341325,1.0,0.0,0.0,1.0,1.0
1.0292005271944276,3.249009585424943,gt-order-1,"ap_fixed<16,6,AP_RND,AP_SAT>",False,True,1000.0,0.0,-12.0,0.18549883365631104,0.04622873663902283,0.5324831604957581,0.0,11.62567138671875,11.62567138671875,11.423778391242102,11.423778391242102,11.757359047829171,5.459326268910719,11.757359047829171,5.459326268910719,10.757359047829173,4.459326268910716,11.757359047829162,2.1809763902507853,1.0,0.0,0.0,1.0,1.0
1.174897554939529,3.249009585424943,gt-order-1,"ap_fixed<16,6,AP_RND,AP_SAT>",False,True,1000.0,0.0,-12.0,0.1081257313489914,0.01742178201675415,0.5812382102012634,0.0,11.501358032226562,11.501358032226562,11.423778391242102,11.423778391242102,13.42176926116661,5.458174160877581,13.42176926116661,5.458174160877581,12.42176926116661,4.458174160877583,13.4217692611666,1.4512386173610505,1.0,0.0,0.0,1.0,1.0
1.3412199354053709,3.249009585424943,gt-order-1,"ap_fixed<16,6,AP_RND,AP_SAT>",False,True,1000.0,1.52587890625e-05,-4.816479902161777,0.041677720844745636,0.03506408631801605,0.7634799480438232,0.0,11.501358032226562,11.501358032226562,11.423778391242102,11.423778391242102,15.321798934812113,4.297658127179161,15.321798934812113,4.297658127179161,14.321798934812117,3.2976581271791603,15.321798934812106,0.63857765884442,1.0,0.0,0.0,1.0,1.0
1.5310874616820287,3.249009585424943,gt-order-1,"ap_fixed<16,6,AP_RND,AP_SAT>",False,True,1000.0,1.52587890625e-05,-4.816479902161777,0.10144970566034317,0.01806820183992386,0.8436958193778992,0.0,11.501358032226562,11.501358032226562,11.423778391242102,11.423778391242102,17.490804500239783,3.557634082378339,17.490804500239783,3.557634082378339,16.490804500239783,2.557634082378338,17.49080450023977,1.7744369683119303,1.0,0.0,0.0,1.0,1.0
1.7478332624182173,3.249009585424943,gt-order-1,"ap_fixed<16,6,AP_RND,AP_SAT>",False,True,1000.0,1.52587890625e-05,-4.816479902161777,0.0,0.0,0.5582422018051147,0.0,11.469218254089355,11.469218254089355,11.423778391242102,11.423778391242102,19.966859735156522,4.97406400240414,19.966859735156522,4.97406400240414,18.966859735156508,3.9740640024041403,19.966859735156504,0.0,1.0,0.0,0.0,1.0,1.0
1.9952623149688795,3.249009585424943,gt-order-1,"ap_fixed<16,6,AP_RND,AP_SAT>",True,False,,114.69183349609375,,0.0,0.0,0.9999997615814209,0.0,11.423824310302734,11.423824310302734,11.423778391242099,11.423778391242099,22.793433950114018,2.279343428976265,22.793433950114018,2.279343428976265,21.793433950114025,1.2793434289762646,22.79343395011401,0.0,1.0,0.0,0.0,1.0,1.0
0.01,3.363585661014858,gt-order-1,"ap_fixed<16,6,AP_RND,AP_SAT>",False,True,1000.0,0.0084075927734375,-2.075328331720259,1.0,0.10000000149011612,0.4247969686985016,0.0,12.948343276977539,12.948343276977539,12.24370253431659,12.24370253431659,0.12243702260648512,0.12243702260648512,0.12243702260648512,0.12243702260648512,0.9913111120780914,0.9991311111948616,0.12243702260648505,0.12243702260648505,1.0,0.0,0.0,1.0,1.0
0.011415633046188459,3.363585661014858,gt-order-1,"ap_fixed<16,6,AP_RND,AP_SAT>",False,True,1000.0,0.0069732666015625,-2.156563730491569,1.0,0.10000000149011612,0.384269118309021,0.0,12.731112480163574,12.731112480163574,12.243702534316593,12.243702534316593,0.13976961925936973,0.13976961925936973,0.13976961925936973,0.13976961925936973,0.990081083884768,0.9990081083736962,0.13976961925936965,0.13976961925936965,1.0,0.0,0.0,1.0,1.0
0.013031667784522994,3.363585661014858,gt-order-1,"ap_fixed<16,6,AP_RND,AP_SAT>",False,True,1000.0,0.004852294921875,-2.3140528105497635,1.0,0.10000000149011612,0.38469764590263367,0.0,12.823609352111816,12.823609352111816,12.24370253431659,12.24370253431659,0.15955586688192322,0.15955586688192322,0.15955586688192322,0.15955586688192322,0.9886769294523292,0.9988676929283601,0.15955586688192316,0.15955586688192316,1.0,0.0,0.0,1.0,1.0
0.014876473740795015,3.363585661014858,gt-order-1,"ap_fixed<16,6,AP_RND,AP_SAT>",False,True,1000.0,0.0035552978515625,-2.449124009475526,1.0,0.10000000149011612,0.3664138615131378,0.0,12.651731491088867,12.651731491088867,12.24370253431659,12.24370253431659,0.18214311868165226,0.18214311868165226,0.18214311868165226,0.18214311868165226,0.9870739984501391,0.9987073998257525,0.18214311868165217,0.18214311868165217,1.0,0.0,0.0,1.0,1.0
0.016982436524617443,3.363585661014858,gt-order-1,"ap_fixed<16,6,AP_RND,AP_SAT>",False,True,1000.0,0.002532958984375,-2.5963718424121867,1.0,0.10000000149011612,0.40484151244163513,0.0,12.603653907775879,12.603653907775879,12.243702534316592,12.243702534316592,0.2079278968973407,0.2079278968973407,0.2079278968973407,0.2079278968973407,0.9852441512091827,0.9985244150989302,0.20792789689734054,0.20792789689734054,1.0,0.0,0.0,1.0,1.0
0.019386526359522076,3.363585661014858,gt-order-1,"ap_fixed<16,6,AP_RND,AP_SAT>",False,True,1000.0,0.002044677734375,-2.689375132046489,1.0,0.10000000149011612,0.39449387788772583,0.0,12.578975677490234,12.578975677490234,12.243702534316592,12.243702534316592,0.23736285993219208,0.23736285993219208,0.23736285993219208,0.23736285993219208,0.9831552642912332,0.9983155264040227,0.23736285993219183,0.23736285993219183,1.0,0.0,0.0,1.0,1.0
0.022130947096056376,3.363585661014858,gt-order-1,"ap_fixed<16,6,AP_RND,AP_SAT>",False,True,1000.0,0.001495361328125,-2.8252538546407764,1.0,0.10000000149011612,0.393312931060791,0.0,12.50337028503418,12.50337028503418,12.24370253431659,12.24370253431659,0.2709647387280804,0.2709647387280804,0.2709647387280804,0.2709647387280804,0.9807706672746804,0.998077066698814,0.2709647387280803,0.2709647387280803,1.0,0.0,0.0,1.0,1.0
0.025263877101318954,3.363585661014858,gt-order-1,"ap_fixed<16,6,AP_RND,AP_SAT>",False,True,1000.0,0.0011749267578125,-2.929989205081582,1.0,0.10000000149011612,0.4139091968536377,0.0,12.491969108581543,12.491969108581543,12.243702534316592,12.243702534316592,0.30932340202062125,0.30932340202062125,0.30932340202062125,0.30932340202062125,0.9780484994279962,0.9978048499100893,0.3093234020206211,0.3093234020206211,1.0,0.0,0.0,1.0,1.0
0.028840315031266057,3.363585661014858,gt-order-1,"ap_fixed<16,6,AP_RND,AP_SAT>",False,True,1000.0,0.0009002685546875,-3.0456279184991493,1.0,0.10000000149011612,0.42157459259033203,0.0,12.429557800292969,12.429557800292969,12.243702534316593,12.243702534316593,0.35311223292044713,0.35311223292044713,0.35311223292044713,0.35311223292044713,0.9749409733233892,0.9974940972949982,0.35311223292044674,0.35311223292044674,1.0,0.0,0.0,1.0,1.0
0.03292304533334065,3.363585661014858,gt-order-1,"ap_fixed<16,6,AP_RND,AP_SAT>",False,True,1000.0,0.000640869140625,-3.193230639548134,1.0,0.10000000149011612,0.4000795781612396,0.0,12.412799835205078,12.412799835205078,12.243702534316592,12.243702534316592,0.40309998786323775,0.40309998786323775,0.40309998786323775,0.40309998786323775,0.971393533252409,0.9971393532826139,0.40309998786323764,0.40309998786323764,1.0,0.0,0.0,1.0,1.0
0.037583740428844416,3.363585661014858,gt-order-1,"ap_fixed<16,6,AP_RND,AP_SAT>",False,True,1000.0,0.0004730224609375,-3.3251182358713,1.0,0.10000000149011612,0.4441647529602051,0.0,12.394157409667969,12.394157409667969,12.243702534316592,12.243702534316592,0.46016416073417676,0.46016416073417676,0.46016416073417676,0.46016416073417676,0.9673439068250692,0.9967343906338455,0.4601641607341764,0.4601641607341764,1.0,0.0,0.0,1.0,1.0
0.04290421892388853,3.363585661014858,gt-order-1,"ap_fixed<16,6,AP_RND,AP_SAT>",False,True,1000.0,0.0003662109375,-3.4362686877261797,1.0,0.10000000149011612,0.44284215569496155,0.0,12.357275009155273,12.357275009155273,12.243702534316592,12.243702534316592,0.5253065135313558,0.5253065135313558,0.5253065135313558,0.5253065135313558,0.9627210028179755,0.9962721002262477,0.5253065135313554,0.5253065135313554,1.0,0.0,0.0,1.0,1.0
0.04897788193684462,3.363585661014858,gt-order-1,"ap_fixed<16,6,AP_RND,AP_SAT>",False,True,1000.0,0.0002899169921875,-3.5377263281728744,1.0,0.10000000149011612,0.4304306209087372,0.0,12.34743881225586,12.34743881225586,12.243702534316592,12.243702534316592,0.5996706139284147,0.5996706139284147,0.5996706139284147,0.5996706139284147,0.9574436666004791,0.995744366596634,0.5996706139284143,0.5996706139284143,1.0,0.0,0.0,1.0,1.0
0.05591135275705602,3.363585661014858,gt-order-1,"ap_fixed<16,6,AP_RND,AP_SAT>",False,True,1000.0,0.00018310546875,-3.7372986822042473,1.0,0.10000000149011612,0.4457957446575165,0.0,12.32369613647461,12.32369613647461,12.243702534316592,12.243702534316592,0.684561949878246,0.684561949878246,0.684561949878246,0.684561949878246,0.9514192526780669,0.9951419251954157,0.6845619498782454,0.6845619498782454,1.0,0.0,0.0,1.0,1.0
0.06382634861905485,3.363585661014858,gt-order-1,"ap_fixed<16,6,AP_RND,AP_SAT>",False,True,1000.0,0.0001373291015625,-3.8622374180219383,1.0,0.10000000149011612,0.44390013813972473,0.0,12.294434547424316,12.294434547424316,12.243702534316593,12.243702534316593,0.7814707808974755,0.7814707808974755,0.7814707808974755,0.7814707808974755,0.9445420030239685,0.994454200219758,0.7814707808974751,0.7814707808974751,1.0,0.0,0.0,1.0,1.0
0.07286181745132274,3.363585661014858,gt-order-1,"ap_fixed<16,6,AP_RND,AP_SAT>",False,True,1000.0,9.1552734375e-05,-4.038328675496402,1.0,0.10000000149011612,0.5455414056777954,0.0,12.296826362609863,12.296826362609863,12.243702534316592,12.243702534316592,0.8920984558132581,0.8920984558132581,0.8920984558132581,0.8920984558132581,0.93669117940917,0.9936691178465796,0.8920984558132574,0.8920984558132574,1.0,0.0,0.0,1.0,1.0
0.08317637711026708,3.363585661014858,gt-order-1,"ap_fixed<16,6,AP_RND,AP_SAT>",False,True,1000.0,6.103515625e-05,-4.214419932180256,1.0,0.10000000149011612,0.49143609404563904,0.0,12.282073974609375,12.282073974609375,12.243702534316592,12.243702534316592,1.0183867864702765,1.0183867864702765,1.0183867864702765,1.0183867864702765,0.9277289788626035,0.9927728977785681,1.0183867864702758,1.0183867864702758,1.0,0.0,0.0,1.0,1.0
0.09495109992021983,3.363585661014858,gt-order-1,"ap_fixed<16,6,AP_RND,AP_SAT>",False,True,1000.0,4.57763671875e-05,-4.339358666416729,1.0,0.10000000149011612,0.5212485194206238,0.0,12.265674591064453,12.265674591064453,12.243702534316592,12.243702534316592,1.1625530316333272,1.1625530316333272,1.1625530316333272,1.1625530316333272,0.9174980509971801,0.9917498049767804,1.162553031633326,1.162553031633326,1.0,0.0,0.0,1.0,1.0
0.10839269140212034,3.363585661014858,gt-order-1,"ap_fixed<16,6,AP_RND,AP_SAT>",False,True,1000.0,4.57763671875e-05,-4.339358666416729,1.0,0.10000000149011612,0.4819627106189728,0.0,12.260655403137207,12.260655403137207,12.243702534316592,12.243702534316592,1.327127891238763,1.327127891238763,1.327127891238763,1.327127891238763,0.9058188017028592,0.9905818800299447,1.3271278912387616,1.3271278912387616,1.0,0.0,0.0,1.0,1.0
0.12373711899353519,3.363585661014858,gt-order-1,"ap_fixed<16,6,AP_RND,AP_SAT>",False,True,1000.0,3.0517578125e-05,-4.515449920728757,1.0,0.10000000149011612,0.4728432893753052,0.0,12.244338989257812,12.244338989257812,12.243702534316592,12.243702534316592,1.5150004791819132,1.5150004791819132,1.5150004791819132,1.5150004791819132,0.8924862015996734,0.9892486199997591,1.5150004791819116,1.5150004791819116,1.0,0.0,0.0,1.0,1.0
0.1412537544622754,3.363585661014858,gt-order-1,"ap_fixed<16,6,AP_RND,AP_SAT>",False,True,1000.0,1.52587890625e-05,-4.816479902161777,1.0,0.10000000149011612,0.5869830846786499,0.0,12.233987808227539,12.233987808227539,12.243702534316592,12.243702534316592,1.7294689519114417,1.7294689519114417,1.7294689519114417,1.7294689519114417,0.8772661931197291,0.9877266191290851,1.729468951911441,1.729468951911441,1.0,0.0,0.0,1.0,1.0
0.16125010273377416,3.363585661014858,gt-order-1,"ap_fixed<16,6,AP_RND,AP_SAT>",False,True,1000.0,1.52587890625e-05,-4.816479902161777,1.0,0.10000000149011612,0.592002809047699,0.0,12.231245994567871,12.231245994567871,12.243702534316592,12.243702534316592,1.9742982523937227,1.9742982523937227,1.9742982523937227,1.9742982523937227,0.9742982523937226,0.9859891590550793,1.9742982523937225,1.9742982523937225,1.0,0.0,0.0,1.0,1.0
0.18407720014689555,3.363585661014858,gt-order-1,"ap_fixed<16,6,AP_RND,AP_SAT>",False,True,1000.0,0.0,-12.0,1.0,0.10000000149011612,0.5212467312812805,0.0,12.228155136108398,12.228155136108398,12.24370253431659,12.24370253431659,2.2537865202330067,2.2537865202330067,2.2537865202330067,2.2537865202330067,1.2537865202330072,1.2537865202330072,2.2537865202330054,2.2537865202330054,1.0,0.0,0.0,1.0,1.0
0.21013577690467466,3.363585661014858,gt-order-1,"ap_fixed<16,6,AP_RND,AP_SAT>",False,True,1000.0,0.0,-12.0,1.0,0.10000000149011612,0.4952605664730072,0.0,12.218202590942383,12.218202590942383,12.24370253431659,12.24370253431659,2.572839894279303,2.572839894279303,2.572839894279303,2.572839894279303,1.5728398942793032,1.5728398942793032,2.5728398942793014,2.5728398942793014,1.0,0.0,0.0,1.0,1.0
0.239883291901949,3.363585661014858,gt-order-1,"ap_fixed<16,6,AP_RND,AP_SAT>",False,True,1000.0,0.0,-12.0,1.0,0.10000000149011612,0.4952605664730072,0.0,12.21567440032959,12.21567440032959,12.243702534316592,12.243702534316592,2.937059630299749,2.937059630299749,2.937059630299749,2.937059630299749,1.9370596302997485,1.9370596302997485,2.9370596302997467,2.9370596302997467,1.0,0.0,0.0,1.0,1.0
0.27384196342643613,3.363585661014858,gt-order-1,"ap_fixed<16,6,AP_RND,AP_SAT>",False,True,1000.0,0.0,-12.0,1.0,0.10000000149011612,0.5397840738296509,0.0,12.21063232421875,12.21063232421875,12.243702534316592,12.243702534316592,3.3528397092596247,3.3528397092596247,3.3528397092596247,3.3528397092596247,2.352839709259626,2.352839709259626,3.352839709259622,3.352839709259622,1.0,0.0,0.0,1.0,1.0
0.3126079367123954,3.363585661014858,gt-order-1,"ap_fixed<16,6,AP_RND,AP_SAT>",False,True,1000.0,0.0,-12.0,0.8079738616943359,0.10000000149011612,0.40657857060432434,0.0,12.312973976135254,12.312973976135254,12.243702534316592,12.243702534316592,3.8274786763434063,3.8274786763434046,3.8274786763434063,3.8274786763434046,2.827478676343407,2.827478676343405,3.8274786763434046,3.092502726677906,1.0,0.0,0.0,1.0,1.0
0.35686174928348097,3.363585661014858,gt-order-1,"ap_fixed<16,6,AP_RND,AP_SAT>",False,True,1000.0,0.0,-12.0,0.7819060683250427,0.10000000149011612,0.4670993983745575,0.0,12.312973976135254,12.312973976135254,12.24370253431659,12.24370253431659,4.369308994732779,3.8680572362668815,4.369308994732779,3.8680572362668815,3.3693089947327794,2.8680572362668837,4.369308994732777,3.4163892173687502,1.0,0.0,0.0,1.0,1.0
0.4073802778041126,3.363585661014858,gt-order-1,"ap_fixed<16,6,AP_RND,AP_SAT>",False,True,1000.0,0.0,-12.0,0.3381475508213043,0.10000000149011612,0.4477667212486267,0.0,12.312973976135254,12.312973976135254,12.243702534316593,12.243702534316593,4.987843001914702,3.947082918883532,4.987843001914702,3.947082918883532,3.987843001914702,2.9470829188835315,4.987843001914695,1.6866268949786365,1.0,0.0,0.0,1.0,1.0
0.46505037616660627,3.363585661014858,gt-order-1,"ap_fixed<16,6,AP_RND,AP_SAT>",False,True,1000.0,0.0,-12.0,0.27554580569267273,0.10000000149011612,0.4670993983745575,0.0,12.312973976135254,12.312973976135254,12.24370253431659,12.24370253431659,5.693938387645654,4.002484759363948,5.693938387645654,4.002484759363948,4.693938387645658,3.002484759363948,5.693938387645651,1.5689408405882588,1.0,0.0,0.0,1.0,1.0
0.5308844442309882,3.363585661014858,gt-order-1,"ap_fixed<16,6,AP_RND,AP_SAT>",False,True,1000.0,0.0,-12.0,0.4112778902053833,0.10000000149011612,0.46352359652519226,0.0,12.312973976135254,12.312973976135254,12.243702534316592,12.243702534316592,6.499991221169069,4.20913664248575,6.499991221169069,4.20913664248575,5.499991221169073,3.209136642485752,6.499991221169064,2.6733026757959255,1.0,0.0,0.0,1.0,1.0
0.606038200527066,3.363585661014858,gt-order-1,"ap_fixed<16,6,AP_RND,AP_SAT>",False,True,1000.0,0.0,-12.0,0.4057733416557312,0.10000000149011612,0.4670993685722351,0.0,12.195125579833984,12.195125579833984,12.243702534316592,12.243702534316592,7.4201516016604625,4.259113068818462,7.4201516016604625,4.259113068818462,6.420151601660464,3.259113068818459,7.420151601660457,3.01089971099789,1.0,0.0,0.0,1.0,1.0
0.6918309709189363,3.363585661014858,gt-order-1,"ap_fixed<16,6,AP_RND,AP_SAT>",False,True,1000.0,0.0,-12.0,0.4517107605934143,0.10000000149011612,0.4670993387699127,0.0,12.19365119934082,12.19365119934082,12.243702534316593,12.243702534316593,8.470572878623464,4.396526668591555,8.470572878623464,4.396526668591555,7.470572878623465,3.3965266685915543,8.470572878623459,3.82624891766495,1.0,0.0,0.0,1.0,1.0
0.7897688493998856,3.363585661014858,gt-order-1,"ap_fixed<16,6,AP_RND,AP_SAT>",False,True,1000.0,0.0,-12.0,0.3052904009819031,0.10000000149011612,0.4477667212486267,0.0,12.192397117614746,12.192397117614746,12.243702534316592,12.243702534316592,9.669695172018203,4.568698949801883,9.669695172018203,4.568698949801883,8.669695172018203,3.568698949801883,9.669695172018198,2.952065116438208,1.0,0.0,0.0,1.0,1.0
0.9015711376059565,3.363585661014858,gt-order-1,"ap_fixed<16,6,AP_RND,AP_SAT>",False,True,1000.0,0.0,-12.0,0.305135577917099,0.07304956018924713,0.4670993685722351,0.0,12.312973976135254,12.312973976135254,12.243702534316592,12.243702534316592,11.038569030374452,5.83899096667812,11.038569030374452,5.83899096667812,10.038569030374461,4.838990966678121,11.038569030374441,3.3682601404610963,1.0,0.0,0.0,1.0,1.0
1.0292005271944276,3.363585661014858,gt-order-1,"ap_fixed<16,6,AP_RND,AP_SAT>",False,True,1000.0,0.0,-12.0,0.16760268807411194,0.049286797642707825,0.4670993685722351,0.0,12.190174102783203,12.190174102783203,12.243702534316592,12.243702534316592,12.601225430032533,5.18278454420457,12.601225430032533,5.18278454420457,11.60122543003254,4.182784544204568,12.601225430032523,2.111999255101308,1.0,0.0,0.0,1.0,1.0
1.174897554939529,3.363585661014858,gt-order-1,"ap_fixed<16,6,AP_RND,AP_SAT>",False,True,1000.0,0.0,-12.0,0.2079508900642395,0.04230348765850067,0.4670993685722351,0.0,12.188719749450684,12.188719749450684,12.243702534316592,12.243702534316592,14.385096129310538,4.40091760832113,14.385096129310538,4.40091760832113,13.385096129310545,3.4009176083211288,14.385096129310528,2.991393543749771,1.0,0.0,0.0,1.0,1.0
1.3412199354053709,3.363585661014858,gt-order-1,"ap_fixed<16,6,AP_RND,AP_SAT>",False,True,1000.0,0.0,-12.0,0.14139389991760254,0.0075245201587677,0.4670993685722351,0.0,12.188634872436523,12.188634872436523,12.243702534316593,12.243702534316593,16.421497513665546,4.390102663534439,16.421497513665546,4.390102663534439,15.421497513665551,3.3901026635344373,16.421497513665535,2.3218995759443835,1.0,0.0,0.0,1.0,1.0
1.5310874616820287,3.363585661014858,gt-order-1,"ap_fixed<16,6,AP_RND,AP_SAT>",False,True,1000.0,0.0,-12.0,0.16580472886562347,0.013408638536930084,0.4670993685722351,0.0,12.186850547790527,12.186850547790527,12.243702534316592,12.243702534316592,18.74618012119344,4.089477606341047,18.74618012119344,4.089477606341047,17.74618012119345,3.0894776063410476,18.746180121193433,3.1082053122606177,1.0,0.0,0.0,1.0,1.0
1.7478332624182173,3.363585661014858,gt-order-1,"ap_fixed<16,6,AP_RND,AP_SAT>",True,False,,120.68293762207031,,0.0,0.0,0.9999997615814209,0.0,12.24367904663086,12.24367904663086,12.243702534316586,12.243702534316586,21.399950416501277,2.1399950735385387,21.399950416501277,2.1399950735385387,20.399950416501298,1.1399950735385391,21.399950416501266,0.0,1.0,0.0,0.0,1.0,1.0
1.9952623149688795,3.363585661014858,gt-order-1,"ap_fixed<16,6,AP_RND,AP_SAT>",True,False,,193.05174255371094,,0.0,0.0,0.9999998211860657,0.0,12.243440628051758,12.243440628051758,12.243702534316586,12.243702534316586,24.429397653121406,2.44293980171478,24.429397653121406,2.44293980171478,23.429397653121413,1.44293980171478,24.4293976531214,0.0,1.0,0.0,0.0,1.0,1.0
0.01,3.4822022531844965,gt-order-1,"ap_fixed<16,6,AP_RND,AP_SAT>",False,True,1000.0,0.00750732421875,-2.1245148277984893,1.0,0.10000000149011612,0.39097774028778076,0.0,13.84267520904541,13.84267520904541,13.122475445912183,13.122475445912183,0.13122475152602,0.13122475152602,0.13122475152602,0.13122475152602,0.9906874805522948,0.9990687480413528,0.1312247515260199,0.1312247515260199,1.0,0.0,0.0,1.0,1.0
0.011415633046188459,3.4822022531844965,gt-order-1,"ap_fixed<16,6,AP_RND,AP_SAT>",False,True,1000.0,0.0059051513671875,-2.2287689655312426,1.0,0.10000000149011612,0.399003267288208,0.0,13.640496253967285,13.640496253967285,13.122475445912183,13.122475445912183,0.14980136863623575,0.14980136863623575,0.14980136863623575,0.14980136863623575,0.9893691689830239,0.9989369168824618,0.14980136863623564,0.14980136863623564,1.0,0.0,0.0,1.0,1.0
0.013031667784522994,3.4822022531844965,gt-order-1,"ap_fixed<16,6,AP_RND,AP_SAT>",False,True,1000.0,0.00482177734375,-2.316792847915226,1.0,0.10000000149011612,0.3793400526046753,0.0,13.598020553588867,13.598020553588867,13.122475445912183,13.122475445912183,0.17100774373935235,0.17100774373935235,0.17100774373935235,0.17100774373935235,0.9878642335324587,0.9987864233351622,0.1710077437393522,0.1710077437393522,1.0,0.0,0.0,1.0,1.0
0.014876473740795015,3.4822022531844965,gt-order-1,"ap_fixed<16,6,AP_RND,AP_SAT>",False,True,1000.0,0.003570556640625,-2.447264073091924,1.0,0.10000000149011612,0.426279753446579,0.0,13.523246765136719,13.523246765136719,13.122475445912185,13.122475445912185,0.19521616078491763,0.19521616078491763,0.19521616078491763,0.19521616078491763,0.9861462546305113,0.9986146254424074,0.1952161607849175,0.1952161607849175,1.0,0.0,0.0,1.0,1.0
0.016982436524617443,3.4822022531844965,gt-order-1,"ap_fixed<16,6,AP_RND,AP_SAT>",False,True,1000.0,0.00274658203125,-2.561207425362271,1.0,0.10000000149011612,0.4090176224708557,0.0,13.508491516113281,13.508491516113281,13.122475445912183,13.122475445912183,0.22285160178532645,0.22285160178532645,0.22285160178532645,0.22285160178532645,0.9841850729268355,0.9984185072691174,0.22285160178532626,0.22285160178532626,1.0,0.0,0.0,1.0,1.0
0.019386526359522076,3.4822022531844965,gt-order-1,"ap_fixed<16,6,AP_RND,AP_SAT>",False,True,1000.0,0.0018463134765625,-2.7336945600720264,1.0,0.10000000149011612,0.3839055299758911,0.0,13.456582069396973,13.456582069396973,13.122475445912183,13.122475445912183,0.2543992140042254,0.2543992140042254,0.2543992140042254,0.2543992140042254,0.9819462593729847,0.9981946259103963,0.2543992140042253,0.2543992140042253,1.0,0.0,0.0,1.0,1.0
0.022130947096056376,3.4822022531844965,gt-order-1,"ap_fixed<16,6,AP_RND,AP_SAT>",False,True,1000.0,0.00140380859375,-2.852692102968775,1.0,0.10000000149011612,0.3833267390727997,0.0,13.411033630371094,13.411033630371094,13.122475445912183,13.122475445912183,0.29041281595181423,0.29041281595181423,0.29041281595181423,0.29041281595181423,0.9793905115844104,0.9979390511277304,0.290412815951814,0.290412815951814,1.0,0.0,0.0,1.0,1.0
0.025263877101318954,3.4822022531844965,gt-order-1,"ap_fixed<16,6,AP_RND,AP_SAT>",False,True,1000.0,0.0011138916015625,-2.953157070113354,1.0,0.10000000149011612,0.5269274115562439,0.0,13.361814498901367,13.361814498901367,13.122475445912185,13.122475445912185,0.3315246132846523,0.3315246132846523,0.3315246132846523,0.3315246132846523,0.97647296434016,0.9976472963989579,0.33152461328465216,0.33152461328465216,1.0,0.0,0.0,1.0,1.0
0.028840315031266057,3.4822022531844965,gt-order-1,"ap_fixed<16,6,AP_RND,AP_SAT>",False,True,1000.0,0.00079345703125,-3.1004765864415553,1.0,0.10000000149011612,0.36481913924217224,0.0,13.344764709472656,13.344764709472656,13.122475445912185,13.122475445912185,0.37845632015009023,0.37845632015009023,0.37845632015009023,0.37845632015009023,0.9731424003435366,0.9973142399943329,0.37845632015008973,0.37845632015008973,1.0,0.0,0.0,1.0,1.0
0.03292304533334065,3.4822022531844965,gt-order-1,"ap_fixed<16,6,AP_RND,AP_SAT>",False,True,1000.0,0.0006256103515625,-3.2036960732097706,1.0,0.10000000149011612,0.4311200976371765,0.0,13.281848907470703,13.281848907470703,13.122475445912183,13.122475445912183,0.43203186929419224,0.43203186929419224,0.43203186929419224,0.43203186929419224,0.9693403482342817,0.9969340347777415,0.43203186929419196,0.43203186929419196,1.0,0.0,0.0,1.0,1.0
0.037583740428844416,3.4822022531844965,gt-order-1,"ap_fixed<16,6,AP_RND,AP_SAT>",False,True,1000.0,0.0004730224609375,-3.3251182358713,1.0,0.10000000149011612,0.42692017555236816,0.0,13.227167129516602,13.227167129516602,13.122475445912183,13.122475445912183,0.4931917353756646,0.4931917353756646,0.4931917353756646,0.4931917353756646,0.9650000661176885,0.9965000065596148,0.49319173537566424,0.49319173537566424,1.0,0.0,0.0,1.0,1.0
0.04290421892388853,3.4822022531844965,gt-order-1,"ap_fixed<16,6,AP_RND,AP_SAT>",False,True,1000.0,0.00030517578125,-3.5154499335366216,1.0,0.10000000149011612,0.42131200432777405,0.0,13.23137378692627,13.23137378692627,13.122475445912183,13.122475445912183,0.5630095803187298,0.5630095803187298,0.5630095803187298,0.5630095803187298,0.9600453603074798,0.996004535971211,0.5630095803187294,0.5630095803187294,1.0,0.0,0.0,1.0,1.0
0.04897788193684462,3.4822022531844965,gt-order-1,"ap_fixed<16,6,AP_RND,AP_SAT>",False,True,1000.0,0.00030517578125,-3.5154499335366216,1.0,0.10000000149011612,0.5840470194816589,0.0,13.227407455444336,13.227407455444336,13.122475445912183,13.122475445912183,0.6427110496073434,0.6427110496073434,0.6427110496073434,0.6427110496073434,0.9543892514245931,0.9954389250744938,0.642711049607343,0.642711049607343,1.0,0.0,0.0,1.0,1.0
0.05591135275705602,3.4822022531844965,gt-order-1,"ap_fixed<16,6,AP_RND,AP_SAT>",False,True,1000.0,0.0001983642578125,-3.7025365761274838,1.0,0.10000000149011612,0.6412861347198486,0.0,13.20232105255127,13.20232105255127,13.122475445912183,13.122475445912183,0.7336953305836308,0.7336953305836308,0.7336953305836308,0.7336953305836308,0.9479324444870758,0.9947932443711208,0.73369533058363,0.73369533058363,1.0,0.0,0.0,1.0,1.0
0.06382634861905485,3.4822022531844965,gt-order-1,"ap_fixed<16,6,AP_RND,AP_SAT>",False,True,1000.0,0.0001373291015625,-3.8622374180219383,1.0,0.10000000149011612,0.6145830154418945,0.0,13.178122520446777,13.178122520446777,13.122475445912183,13.122475445912183,0.8375596438481536,0.8375596438481536,0.8375596438481536,0.8375596438481536,0.9405615908489445,0.9940561589963246,0.8375596438481531,0.8375596438481531,1.0,0.0,0.0,1.0,1.0
0.07286181745132274,3.4822022531844965,gt-order-1,"ap_fixed<16,6,AP_RND,AP_SAT>",False,True,1000.0,0.0001068115234375,-3.9713818865434534,1.0,0.10000000149011612,0.6615107655525208,0.0,13.166474342346191,13.166474342346191,13.122475445912183,13.122475445912183,0.9561274499224902,0.9561274499224902,0.9561274499224902,0.9561274499224902,0.9321472864810668,0.9932147285469981,0.9561274499224893,0.9561274499224893,1.0,0.0,0.0,1.0,1.0
0.08317637711026708,3.4822022531844965,gt-order-1,"ap_fixed<16,6,AP_RND,AP_SAT>",False,True,1000.0,7.62939453125e-05,-4.117509920595296,1.0,0.10000000149011612,0.6105000972747803,0.0,13.151790618896484,13.151790618896484,13.122475445912185,13.122475445912185,1.0914799312088599,1.0914799312088599,1.0914799312088599,1.0914799312088599,0.9225418378167227,0.9922541836662507,1.0914799312088594,1.0914799312088594,1.0,0.0,0.0,1.0,1.0
0.09495109992021983,3.4822022531844965,gt-order-1,"ap_fixed<16,6,AP_RND,AP_SAT>",False,True,1000.0,4.57763671875e-05,-4.339358666416729,1.0,0.10000000149011612,0.5212485790252686,0.0,13.144371032714844,13.144371032714844,13.122475445912185,13.122475445912185,1.2459934868084925,1.2459934868084925,1.2459934868084925,1.2459934868084925,0.9115766008875419,0.9911576599569931,1.2459934868084919,1.2459934868084919,1.0,0.0,0.0,1.0,1.0
0.10839269140212034,3.4822022531844965,gt-order-1,"ap_fixed<16,6,AP_RND,AP_SAT>",False,True,1000.0,3.0517578125e-05,-4.515449920728757,1.0,0.10000000149011612,0.5682269930839539,0.0,13.130987167358398,13.130987167358398,13.122475445912185,13.122475445912185,1.4223804537520113,1.4223804537520113,1.4223804537520113,1.4223804537520113,0.8990590914933054,0.9899059089989168,1.42238045375201,1.42238045375201,1.0,0.0,0.0,1.0,1.0
0.12373711899353519,3.4822022531844965,gt-order-1,"ap_fixed<16,6,AP_RND,AP_SAT>",False,True,1000.0,1.52587890625e-05,-4.816479902161777,1.0,0.10000000149011612,0.5923057198524475,0.0,13.11640453338623,13.11640453338623,13.122475445912185,13.122475445912185,1.6237373076394759,1.6237373076394759,1.6237373076394759,1.6237373076394759,0.8847695645866075,0.9884769562869539,1.6237373076394748,1.6237373076394748,1.0,0.0,0.0,1.0,1.0
0.1412537544622754,3.4822022531844965,gt-order-1,"ap_fixed<16,6,AP_RND,AP_SAT>",False,True,1000.0,1.52587890625e-05,-4.816479902161777,1.0,0.10000000149011612,0.6853675246238708,0.0,13.111568450927734,13.111568450927734,13.122475445912185,13.122475445912185,1.8535989250242055,1.8535989250242055,1.8535989250242055,1.8535989250242055,0.8684571634787123,0.986845716151857,1.8535989250242035,1.8535989250242035,1.0,0.0,0.0,1.0,1.0
0.16125010273377416,3.4822022531844965,gt-order-1,"ap_fixed<16,6,AP_RND,AP_SAT>",False,True,1000.0,1.52587890625e-05,-4.816479902161777,1.0,0.10000000149011612,0.4629100263118744,0.0,13.104435920715332,13.104435920715332,13.122475445912183,13.122475445912183,2.1160004718613536,2.1160004718613536,2.1160004718613536,2.1160004718613536,1.1160004718613532,1.1160004718613532,2.116000471861353,2.116000471861353,1.0,0.0,0.0,1.0,1.0
0.18407720014689555,3.4822022531844965,gt-order-1,"ap_fixed<16,6,AP_RND,AP_SAT>",False,True,1000.0,0.0,-12.0,1.0,0.10000000149011612,0.598099946975708,0.0,13.097869873046875,13.097869873046875,13.122475445912183,13.122475445912183,2.4155485801122745,2.4155485801122745,2.4155485801122745,2.4155485801122745,1.4155485801122751,1.4155485801122751,2.4155485801122722,2.4155485801122722,1.0,0.0,0.0,1.0,1.0
0.21013577690467466,3.4822022531844965,gt-order-1,"ap_fixed<16,6,AP_RND,AP_SAT>",False,True,1000.0,0.0,-12.0,1.0,0.10000000149011612,0.4866642653942108,0.0,13.125593185424805,13.125593185424805,13.122475445912182,13.122475445912182,2.757501519194492,2.757501519194492,2.757501519194492,2.757501519194492,1.7575015191944925,1.7575015191944925,2.7575015191944905,2.7575015191944905,1.0,0.0,0.0,1.0,1.0
0.239883291901949,3.4822022531844965,gt-order-1,"ap_fixed<16,6,AP_RND,AP_SAT>",False,True,1000.0,0.0,-12.0,1.0,0.10000000149011612,0.45103856921195984,0.0,13.187942504882812,13.187942504882812,13.122475445912185,13.122475445912185,3.147862566389902,3.147862566389902,3.147862566389902,3.147862566389902,2.147862566389902,2.147862566389902,3.1478625663898994,3.1478625663898994,1.0,0.0,0.0,1.0,1.0
0.27384196342643613,3.4822022531844965,gt-order-1,"ap_fixed<16,6,AP_RND,AP_SAT>",False,True,1000.0,0.0,-12.0,1.0,0.10000000149011612,0.5399687886238098,0.0,13.083165168762207,13.083165168762207,13.122475445912183,13.122475445912183,3.5934846208099733,3.5934846208099733,3.5934846208099733,3.5934846208099733,2.593484620809974,2.593484620809974,3.593484620809971,3.593484620809971,1.0,0.0,0.0,1.0,1.0
0.3126079367123954,3.4822022531844965,gt-order-1,"ap_fixed<16,6,AP_RND,AP_SAT>",False,True,1000.0,0.0,-12.0,1.0,0.10000000149011612,0.5983210802078247,0.0,13.086061477661133,13.086061477661133,13.122475445912185,13.122475445912185,4.10219006949047,4.10219006949047,4.10219006949047,4.10219006949047,3.1021900694904705,3.1021900694904705,4.102190069490467,4.102190069490467,1.0,0.0,0.0,1.0,1.0
0.35686174928348097,3.4822022531844965,gt-order-1,"ap_fixed<16,6,AP_RND,AP_SAT>",False,True,1000.0,0.0,-12.0,1.0,0.10000000149011612,0.49160516262054443,0.0,13.125593185424805,13.125593185424805,13.122475445912185,13.122475445912185,4.682909425337856,4.682909425337855,4.682909425337856,4.682909425337855,3.6829094253378556,3.6829094253378556,4.682909425337852,4.682909425337852,1.0,0.0,0.0,1.0,1.0
0.4073802778041126,3.4822022531844965,gt-order-1,"ap_fixed<16,6,AP_RND,AP_SAT>",False,True,1000.0,0.0,-12.0,1.0,0.10000000149011612,0.5379438400268555,0.0,13.251176834106445,13.251176834106445,13.122475445912187,13.122475445912187,5.345837759226808,5.345837759226808,5.345837759226808,5.345837759226808,4.345837759226808,4.345837759226808,5.345837759226804,5.345837759226804,1.0,0.0,0.0,1.0,1.0
0.46505037616660627,3.4822022531844965,gt-order-1,"ap_fixed<16,6,AP_RND,AP_SAT>",False,True,1000.0,0.0,-12.0,1.0,0.10000000149011612,0.43834173679351807,0.0,13.251176834106445,13.251176834106445,13.122475445912183,13.122475445912183,6.102612054890755,6.102612054890755,6.102612054890755,6.102612054890755,5.102612054890756,5.102612054890756,6.102612054890752,6.102612054890752,1.0,0.0,0.0,1.0,1.0
0.5308844442309882,3.4822022531844965,gt-order-1,"ap_fixed<16,6,AP_RND,AP_SAT>",False,True,1000.0,0.0,-12.0,1.0,0.10000000149011612,0.4738035500049591,0.0,13.187942504882812,13.187942504882812,13.122475445912183,13.122475445912183,6.966518090370842,6.966518090370842,6.966518090370842,6.966518090370842,5.966518090370842,5.966518090370842,6.966518090370836,6.966518090370836,1.0,0.0,0.0,1.0,1.0
0.606038200527066,3.4822022531844965,gt-order-1,"ap_fixed<16,6,AP_RND,AP_SAT>",False,True,1000.0,0.0,-12.0,1.0,0.10000000149011612,0.4985272288322449,0.0,13.125593185424805,13.125593185424805,13.122475445912183,13.122475445912183,7.952721566439979,7.952721566439979,7.952721566439979,7.952721566439979,6.952721566439982,6.952721566439982,7.952721566439974,7.952721566439974,1.0,0.0,0.0,1.0,1.0
0.6918309709189363,3.4822022531844965,gt-order-1,"ap_fixed<16,6,AP_RND,AP_SAT>",False,True,1000.0,0.0,-12.0,0.1671038269996643,0.10000000149011612,0.5076730847358704,0.0,13.187942504882812,13.187942504882812,13.122475445912183,13.122475445912183,9.07853521440934,5.589091963727664,9.07853521440934,5.589091963727664,8.078535214409342,4.589091963727662,9.078535214409337,1.517057977879018,1.0,0.0,0.0,1.0,1.0
0.7897688493998856,3.4822022531844965,gt-order-1,"ap_fixed<16,6,AP_RND,AP_SAT>",False,True,1000.0,0.0,-12.0,0.30153557658195496,0.08415046334266663,0.5714285373687744,0.0,13.251176834106445,13.251176834106445,13.122475445912185,13.122475445912185,10.36372266547777,7.041039329534242,10.36372266547777,7.041039329534242,9.363722665477765,6.0410393295342395,10.363722665477766,3.1250310894703133,1.0,0.0,0.0,1.0,1.0
0.9015711376059565,3.4822022531844965,gt-order-1,"ap_fixed<16,6,AP_RND,AP_SAT>",False,True,1000.0,0.0,-12.0,0.7613080739974976,0.02226656675338745,0.5091192722320557,0.0,13.251176834106445,13.251176834106445,13.122475445912187,13.122475445912187,11.830845338907995,9.374540451459081,11.830845338907995,9.374540451459081,10.830845338907995,8.374540451459087,11.830845338907983,9.006918078726308,1.0,0.0,0.0,1.0,1.0
1.0292005271944276,3.4822022531844965,gt-order-1,"ap_fixed<16,6,AP_RND,AP_SAT>",False,True,1000.0,1.52587890625e-05,-4.816479902161777,0.05893312022089958,0.0,0.527046263217926,0.0,13.251176834106445,13.251176834106445,13.122475445912183,13.122475445912183,13.505658997393798,9.313824320957554,13.505658997393798,9.313824320957554,12.505658997393807,8.313824320957558,13.50565899739379,0.7959306253558822,1.0,0.0,0.0,1.0,1.0
1.174897554939529,3.4822022531844965,gt-order-1,"ap_fixed<16,6,AP_RND,AP_SAT>",False,True,1000.0,1.52587890625e-05,-4.816479902161777,0.10704091936349869,0.030802592635154724,0.7869485020637512,0.0,13.312938690185547,13.312938690185547,13.122475445912183,13.122475445912183,15.417564271500853,4.543524436018552,15.417564271500853,4.543524436018552,14.41756427150086,3.5435244360185525,15.417564271500837,1.6503102539672794,1.0,0.0,0.0,1.0,1.0
1.3412199354053709,3.4822022531844965,gt-order-1,"ap_fixed<16,6,AP_RND,AP_SAT>",False,True,1000.0,1.52587890625e-05,-4.816479902161777,0.022687584161758423,0.014121957123279572,0.6363636255264282,0.0,13.125593185424805,13.125593185424805,13.122475445912185,13.122475445912185,17.600125232069935,4.039364517101517,17.600125232069935,4.039364517101517,16.60012523206993,3.0393645171015193,17.600125232069928,0.39930432246007447,1.0,0.0,0.0,1.0,1.0
1.5310874616820287,3.4822022531844965,gt-order-1,"ap_fixed<16,6,AP_RND,AP_SAT>",True,False,,100.93405151367188,,0.0,0.0,0.9999996423721313,0.0,244.1424102783203,244.1424102783203,13.122475445912183,13.122475445912183,20.09165835706403,2.0091658656453073,20.09165835706403,2.0091658656453073,19.09165835706403,1.0091658656453069,20.091658357064023,0.0,1.0,0.0,0.0,1.0,1.0
1.7478332624182173,3.4822022531844965,gt-order-1,"ap_fixed<16,6,AP_RND,AP_SAT>",True,False,,156.06077575683594,,0.0,0.0,0.9999997615814209,0.0,13.122515678405762,13.122515678405762,13.122475445912176,13.122475445912176,22.93589893230371,2.293589927407524,22.93589893230371,2.293589927407524,21.935898932303715,1.2935899274075238,22.93589893230371,0.0,1.0,0.0,0.0,1.0,1.0
1.9952623149688795,3.4822022531844965,gt-order-1,"ap_fixed<16,6,AP_RND,AP_SAT>",True,False,,119.05137634277344,,0.0,0.0,0.9999997615814209,0.0,13.121615409851074,13.121615409851074,13.122475445912176,13.122475445912176,26.18278008331275,2.618278047346658,26.18278008331275,2.618278047346658,25.18278008331275,1.618278047346658,26.182780083312743,0.0,1.0,0.0,0.0,1.0,1.0
0.01,3.605001850443321,gt-order-1,"ap_fixed<16,6,AP_RND,AP_SAT>",False,True,1000.0,0.0070343017578125,-2.1527790051723112,1.0,0.10000000149011612,0.40086716413497925,0.0,14.585805892944336,14.585805892944336,14.064320953335384,14.064320953335384,0.14064320638973313,0.14064320638973313,0.14064320638973313,0.14064320638973313,0.9900190888178512,0.9990019088669123,0.14064320638973304,0.14064320638973304,1.0,0.0,0.0,1.0,1.0
0.011415633046188459,3.605001850443321,gt-order-1,"ap_fixed<16,6,AP_RND,AP_SAT>",False,True,1000.0,0.0051116943359375,-2.291435123501893,1.0,0.10000000149011612,0.4014498293399811,0.0,14.700493812561035,14.700493812561035,14.064320953335383,14.064320953335383,0.1605531316429508,0.1605531316429508,0.1605531316429508,0.1605531316429508,0.9886061574669763,0.9988606157297194,0.16055313164295065,0.16055313164295065,1.0,0.0,0.0,1.0,1.0
0.013031667784522994,3.605001850443321,gt-order-1,"ap_fixed<16,6,AP_RND,AP_SAT>",False,True,1000.0,0.0043182373046875,-2.3646934949988365,1.0,0.10000000149011612,0.41914406418800354,0.0,14.516666412353516,14.516666412353516,14.064320953335383,14.064320953335383,0.1832815617273799,0.1832815617273799,0.1832815617273799,0.1832815617273799,0.9869932075932815,0.9986993207399467,0.18328156172737972,0.18328156172737972,1.0,0.0,0.0,1.0,1.0
0.014876473740795015,3.605001850443321,gt-order-1,"ap_fixed<16,6,AP_RND,AP_SAT>",False,True,1000.0,0.003265380859375,-2.486066157141509,1.0,0.10000000149011612,0.39837121963500977,0.0,14.473722457885742,14.473722457885742,14.064320953335383,14.064320953335383,0.2092275007008902,0.2092275007008902,0.2092275007008902,0.2092275007008902,0.9851519234027428,0.9985151923181488,0.20922750070089013,0.20922750070089013,1.0,0.0,0.0,1.0,1.0
0.016982436524617443,3.605001850443321,gt-order-1,"ap_fixed<16,6,AP_RND,AP_SAT>",False,True,1000.0,0.0023193359375,-2.634636342491677,1.0,0.10000000149011612,0.41969236731529236,0.0,14.395954132080078,14.395954132080078,14.064320953335383,14.064320953335383,0.23884643300666872,0.23884643300666872,0.23884643300666872,0.23884643300666872,0.9830499809041136,0.9983049980651536,0.23884643300666863,0.23884643300666863,1.0,0.0,0.0,1.0,1.0
0.019386526359522076,3.605001850443321,gt-order-1,"ap_fixed<16,6,AP_RND,AP_SAT>",False,True,1000.0,0.0017547607421875,-2.7557820900225924,1.0,0.10000000149011612,0.3780995309352875,0.0,14.351364135742188,14.351364135742188,14.064320953335383,14.064320953335383,0.2726583266075957,0.2726583266075957,0.2726583266075957,0.2726583266075957,0.9806504799570435,0.9980650479668713,0.2726583266075954,0.2726583266075954,1.0,0.0,0.0,1.0,1.0
0.022130947096056376,3.605001850443321,gt-order-1,"ap_fixed<16,6,AP_RND,AP_SAT>",False,True,1000.0,0.0014801025390625,-2.8297081960640322,1.0,0.10000000149011612,0.579736053943634,0.0,14.332124710083008,14.332124710083008,14.064320953335383,14.064320953335383,0.3112567494862864,0.3112567494862864,0.3112567494862864,0.3112567494862864,0.9779112973088913,0.9977911296979745,0.3112567494862863,0.3112567494862863,1.0,0.0,0.0,1.0,1.0
0.025263877101318954,3.605001850443321,gt-order-1,"ap_fixed<16,6,AP_RND,AP_SAT>",False,True,1000.0,0.0010223388671875,-2.990405127498068,1.0,0.10000000149011612,0.40660083293914795,0.0,14.305477142333984,14.305477142333984,14.064320953335384,14.064320953335384,0.3553192828886737,0.3553192828886737,0.3553192828886737,0.3553192828886737,0.9747843476065995,0.9974784347230857,0.3553192828886733,0.3553192828886733,1.0,0.0,0.0,1.0,1.0
0.028840315031266057,3.605001850443321,gt-order-1,"ap_fixed<16,6,AP_RND,AP_SAT>",False,True,1000.0,0.0007476806640625,-3.12628385001433,1.0,0.10000000149011612,0.5868447422981262,0.0,14.234395980834961,14.234395980834961,14.064320953335383,14.064320953335383,0.40561944088584406,0.40561944088584406,0.40561944088584406,0.40561944088584406,0.9712147375109179,0.9971214737081985,0.4056194408858438,0.4056194408858438,1.0,0.0,0.0,1.0,1.0
0.03292304533334065,3.605001850443321,gt-order-1,"ap_fixed<16,6,AP_RND,AP_SAT>",False,True,1000.0,0.0005340576171875,-3.2724118854602255,1.0,0.10000000149011612,0.4308421313762665,0.0,14.21597957611084,14.21597957611084,14.064320953335383,14.064320953335383,0.4630402927304227,0.4630402927304227,0.4630402927304227,0.4630402927304227,0.9671397989697988,0.9967139798480142,0.4630402927304225,0.4630402927304225,1.0,0.0,0.0,1.0,1.0
0.037583740428844416,3.605001850443321,gt-order-1,"ap_fixed<16,6,AP_RND,AP_SAT>",False,True,1000.0,0.00042724609375,-3.3693218982649826,1.0,0.10000000149011612,0.5798736810684204,0.0,14.181958198547363,14.181958198547363,14.064320953335383,14.064320953335383,0.5285898142043448,0.5285898142043448,0.5285898142043448,0.5285898142043448,0.96248799979188,0.9962487999232907,0.5285898142043447,0.5285898142043447,1.0,0.0,0.0,1.0,1.0
0.04290421892388853,3.605001850443321,gt-order-1,"ap_fixed<16,6,AP_RND,AP_SAT>",False,True,1000.0,0.0002593994140625,-3.5860310075711945,1.0,0.10000000149011612,0.46317219734191895,0.0,14.170853614807129,14.170853614807129,14.064320953335384,14.064320953335384,0.6034187276663519,0.6034187276663519,0.6034187276663519,0.6034187276663519,0.9571776776064529,0.995717767696835,0.6034187276663512,0.6034187276663512,1.0,0.0,0.0,1.0,1.0
0.04897788193684462,3.605001850443321,gt-order-1,"ap_fixed<16,6,AP_RND,AP_SAT>",False,True,1000.0,0.000244140625,-3.612359946188904,1.0,0.10000000149011612,0.4043581485748291,0.0,14.14281940460205,14.14281940460205,14.064320953335383,14.064320953335383,0.6888406474213362,0.6888406474213362,0.6888406474213362,0.6888406474213362,0.9511156102235421,0.9951115609495106,0.6888406474213356,0.6888406474213356,1.0,0.0,0.0,1.0,1.0
0.05591135275705602,3.605001850443321,gt-order-1,"ap_fixed<16,6,AP_RND,AP_SAT>",False,True,1000.0,0.0001678466796875,-3.7750872428780267,1.0,0.10000000149011612,0.48155131936073303,0.0,14.127411842346191,14.127411842346191,14.064320953335383,14.064320953335383,0.7863551853325178,0.7863551853325178,0.7863551853325178,0.7863551853325178,0.9441953759168612,0.9944195375085307,0.7863551853325171,0.7863551853325171,1.0,0.0,0.0,1.0,1.0
0.06382634861905485,3.605001850443321,gt-order-1,"ap_fixed<16,6,AP_RND,AP_SAT>",False,True,1000.0,0.000152587890625,-3.816479927777507,1.0,0.10000000149011612,0.594754695892334,0.0,14.100850105285645,14.100850105285645,14.064320953335383,14.064320953335383,0.8976742000543224,0.8976742000543224,0.8976742000543224,0.8976742000543224,0.9362954906160109,0.9936295489666743,0.8976742000543219,0.8976742000543219,1.0,0.0,0.0,1.0,1.0
0.07286181745132274,3.605001850443321,gt-order-1,"ap_fixed<16,6,AP_RND,AP_SAT>",False,True,1000.0,7.62939453125e-05,-4.117509920595296,1.0,0.10000000149011612,0.7060942649841309,0.0,14.09241771697998,14.09241771697998,14.064320953335383,14.064320953335383,1.0247520281848197,1.0247520281848197,1.0247520281848197,1.0247520281848197,0.9272772625170567,0.9927277261433403,1.0247520281848193,1.0247520281848193,1.0,0.0,0.0,1.0,1.0
0.08317637711026708,3.605001850443321,gt-order-1,"ap_fixed<16,6,AP_RND,AP_SAT>",False,True,1000.0,7.62939453125e-05,-4.117509920595296,1.0,0.10000000149011612,0.7330445647239685,0.0,14.092663764953613,14.092663764953613,14.064320953335384,14.064320953335384,1.1698192257946147,1.1698192257946147,1.1698192257946147,1.1698192257946147,0.9169823975750955,0.9916982396338037,1.169819225794614,1.169819225794614,1.0,0.0,0.0,1.0,1.0
0.09495109992021983,3.605001850443321,gt-order-1,"ap_fixed<16,6,AP_RND,AP_SAT>",False,True,1000.0,3.0517578125e-05,-4.515449920728757,1.0,0.10000000149011612,0.5133270025253296,0.0,14.07109260559082,14.07109260559082,14.064320953335383,14.064320953335383,1.3354227543781807,1.3354227543781807,1.3354227543781807,1.3354227543781807,0.9052301476607779,0.9905230146248596,1.3354227543781803,1.3354227543781803,1.0,0.0,0.0,1.0,1.0
0.10839269140212034,3.605001850443321,gt-order-1,"ap_fixed<16,6,AP_RND,AP_SAT>",False,True,1000.0,3.0517578125e-05,-4.515449920728757,1.0,0.10000000149011612,0.7835609316825867,0.0,14.071600914001465,14.071600914001465,14.064320953335383,14.064320953335383,1.52446962478797,1.52446962478797,1.52446962478797,1.52446962478797,0.8918142133169976,0.9891814211704906,1.5244696247879692,1.5244696247879692,1.0,0.0,0.0,1.0,1.0
0.12373711899353519,3.605001850443321,gt-order-1,"ap_fixed<16,6,AP_RND,AP_SAT>",False,True,1000.0,3.0517578125e-05,-4.515449920728757,1.0,0.10000000149011612,0.7835610508918762,0.0,14.053622245788574,14.053622245788574,14.064320953335383,14.064320953335383,1.7402785574013169,1.7402785574013169,1.7402785574013169,1.7402785574013169,0.8764990776341589,0.9876499075793852,1.7402785574013158,1.7402785574013158,1.0,0.0,0.0,1.0,1.0
0.1412537544622754,3.605001850443321,gt-order-1,"ap_fixed<16,6,AP_RND,AP_SAT>",False,True,1000.0,1.52587890625e-05,-4.816479902161777,1.0,0.10000000149011612,0.608862578868866,0.0,14.0474214553833,14.0474214553833,14.064320953335383,14.064320953335383,1.9866381391034633,1.9866381391034633,1.9866381391034633,1.9866381391034633,0.9866381391034624,0.9866381391034624,1.9866381391034618,1.9866381391034618,1.0,0.0,0.0,1.0,1.0
0.16125010273377416,3.605001850443321,gt-order-1,"ap_fixed<16,6,AP_RND,AP_SAT>",False,True,1000.0,0.0,-12.0,1.0,0.10000000149011612,0.5325517654418945,0.0,14.187911033630371,14.187911033630371,14.06432095333538,14.06432095333538,2.267873153684417,2.267873153684417,2.267873153684417,2.267873153684417,1.2678731536844163,1.2678731536844163,2.267873153684416,2.267873153684416,1.0,0.0,0.0,1.0,1.0
0.18407720014689555,3.605001850443321,gt-order-1,"ap_fixed<16,6,AP_RND,AP_SAT>",False,True,1000.0,0.0,-12.0,1.0,0.10000000149011612,0.6218743324279785,0.0,14.040878295898438,14.040878295898438,14.064320953335383,14.064320953335383,2.588920867034705,2.588920867034705,2.588920867034705,2.588920867034705,1.5889208670347033,1.5889208670347033,2.5889208670347044,2.5889208670347044,1.0,0.0,0.0,1.0,1.0
0.21013577690467466,3.605001850443321,gt-order-1,"ap_fixed<16,6,AP_RND,AP_SAT>",False,True,1000.0,0.0,-12.0,1.0,0.10000000149011612,0.6218743324279785,0.0,14.031197547912598,14.031197547912598,14.064320953335384,14.064320953335384,2.95541695277795,2.95541695277795,2.95541695277795,2.95541695277795,1.9554169527779475,1.9554169527779475,2.9554169527779486,2.9554169527779486,1.0,0.0,0.0,1.0,1.0
0.239883291901949,3.605001850443321,gt-order-1,"ap_fixed<16,6,AP_RND,AP_SAT>",False,True,1000.0,0.0,-12.0,1.0,0.10000000149011612,0.489592045545578,0.0,14.125551223754883,14.125551223754883,14.064320953335384,14.064320953335384,3.37379556419662,3.3737955641966195,3.37379556419662,3.3737955641966195,2.373795564196618,2.373795564196618,3.3737955641966155,3.3737955641966155,1.0,0.0,0.0,1.0,1.0
0.27384196342643613,3.605001850443321,gt-order-1,"ap_fixed<16,6,AP_RND,AP_SAT>",False,True,1000.0,0.0,-12.0,1.0,0.10000000149011612,0.6218743324279785,0.0,14.023553848266602,14.023553848266602,14.06432095333538,14.06432095333538,3.8514014567038095,3.8514014567038095,3.8514014567038095,3.8514014567038095,2.851401456703808,2.851401456703808,3.8514014567038064,3.8514014567038064,1.0,0.0,0.0,1.0,1.0
0.3126079367123954,3.605001850443321,gt-order-1,"ap_fixed<16,6,AP_RND,AP_SAT>",False,True,1000.0,0.0,-12.0,1.0,0.10000000149011612,0.6218742728233337,0.0,14.021960258483887,14.021960258483887,14.064320953335383,14.064320953335383,4.396618457142681,4.396618457142681,4.396618457142681,4.396618457142681,3.3966184571426776,3.3966184571426776,4.396618457142679,4.396618457142679,1.0,0.0,0.0,1.0,1.0
0.35686174928348097,3.605001850443321,gt-order-1,"ap_fixed<16,6,AP_RND,AP_SAT>",False,True,1000.0,0.0,-12.0,1.0,0.10000000149011612,0.5669746994972229,0.0,14.01663589477539,14.01663589477539,14.064320953335383,14.064320953335383,5.019018052258408,5.019018052258408,5.019018052258408,5.019018052258408,4.019018052258405,4.019018052258405,5.019018052258404,5.019018052258404,1.0,0.0,0.0,1.0,1.0
0.4073802778041126,3.605001850443321,gt-order-1,"ap_fixed<16,6,AP_RND,AP_SAT>",False,True,1000.0,0.0,-12.0,1.0,0.10000000149011612,0.5443310737609863,0.0,14.312907218933105,14.312907218933105,14.064320953335383,14.064320953335383,5.729527048469067,5.729527048469067,5.729527048469067,5.729527048469067,4.7295270484690635,4.7295270484690635,5.7295270484690635,5.7295270484690635,1.0,0.0,0.0,1.0,1.0
0.46505037616660627,3.605001850443321,gt-order-1,"ap_fixed<16,6,AP_RND,AP_SAT>",False,True,1000.0,0.0,-12.0,1.0,0.10000000149011612,0.4721921682357788,0.0,14.125551223754883,14.125551223754883,14.064320953335383,14.064320953335383,6.540617656130878,6.540617656130878,6.540617656130878,6.540617656130878,5.540617656130874,5.540617656130874,6.540617656130876,6.540617656130876,1.0,0.0,0.0,1.0,1.0
0.5308844442309882,3.605001850443321,gt-order-1,"ap_fixed<16,6,AP_RND,AP_SAT>",False,True,1000.0,0.0,-12.0,1.0,0.10000000149011612,0.5099784731864929,0.0,14.062914848327637,14.062914848327637,14.064320953335383,14.064320953335383,7.466529219585198,7.466529219585198,7.466529219585198,7.466529219585198,6.466529219585196,6.466529219585196,7.466529219585195,7.466529219585195,1.0,0.0,0.0,1.0,1.0
0.606038200527066,3.605001850443321,gt-order-1,"ap_fixed<16,6,AP_RND,AP_SAT>",False,True,1000.0,0.0,-12.0,1.0,0.10000000149011612,0.5325517654418945,0.0,14.312907218933105,14.312907218933105,14.064320953335384,14.064320953335384,8.523515934470014,8.523515934470014,8.523515934470014,8.523515934470014,7.523515934470007,7.523515934470006,8.523515934470007,8.523515934470007,1.0,0.0,0.0,1.0,1.0
0.6918309709189363,3.605001850443321,gt-order-1,"ap_fixed<16,6,AP_RND,AP_SAT>",False,True,1000.0,0.0,-12.0,1.0,0.10000000149011612,0.49770113825798035,0.0,14.312907218933105,14.312907218933105,14.064320953335384,14.064320953335384,9.730133126778716,9.730133126778716,9.730133126778716,9.730133126778716,8.73013312677871,8.73013312677871,9.730133126778707,9.730133126778707,1.0,0.0,0.0,1.0,1.0
0.7897688493998856,3.605001850443321,gt-order-1,"ap_fixed<16,6,AP_RND,AP_SAT>",False,True,1000.0,0.0,-12.0,0.8537740111351013,0.04846814274787903,0.5,0.0,14.187911033630371,14.187911033630371,14.064320953335383,14.064320953335383,11.107562931965058,10.078151987826256,11.107562931965058,10.078151987826256,10.107562931965054,9.07815198782624,11.107562931965049,9.483348558359367,1.0,0.0,0.0,1.0,1.0
0.9015711376059565,3.605001850443321,gt-order-1,"ap_fixed<16,6,AP_RND,AP_SAT>",False,True,1000.0,1.52587890625e-05,-4.816479902161777,0.12295343726873398,0.05559234321117401,0.701292872428894,0.0,14.004928588867188,14.004928588867188,14.064320953335383,14.064320953335383,12.679986080485094,9.97833658136701,12.679986080485094,9.97833658136701,11.67998608048509,8.978336581367008,12.679986080485088,1.5590478731153432,1.0,0.0,0.0,1.0,1.0
1.0292005271944276,3.605001850443321,gt-order-1,"ap_fixed<16,6,AP_RND,AP_SAT>",False,True,1000.0,3.0517578125e-05,-4.515449920728757,0.04752960056066513,0.035489484667778015,0.8898888230323792,0.0,14.312907218933105,14.312907218933105,14.064320953335384,14.064320953335384,14.475006915316373,4.355858045099817,14.475006915316373,4.355858045099817,13.475006915316365,3.3558580450998132,14.475006915316367,0.6879912967978524,1.0,0.0,0.0,1.0,1.0
1.174897554939529,3.605001850443321,gt-order-1,"ap_fixed<16,6,AP_RND,AP_SAT>",False,True,1000.0,1.52587890625e-05,-4.816479902161777,0.029421478509902954,0.011895984411239624,0.858282208442688,0.0,14.312907218933105,14.312907218933105,14.064320953335383,14.064320953335383,16.524136252098078,4.335012478045824,16.524136252098078,4.335012478045824,15.524136252098073,3.3350124780458237,16.524136252098057,0.48616451963581137,1.0,0.0,0.0,1.0,1.0
1.3412199354053709,3.605001850443321,gt-order-1,"ap_fixed<16,6,AP_RND,AP_SAT>",False,True,1000.0,1.52587890625e-05,-4.816479902161777,0.009665504097938538,0.00806727260351181,0.7384650111198425,0.0,14.188462257385254,14.188462257385254,14.064320953335383,14.064320953335383,18.86334717127155,3.23918920526309,18.86334717127155,3.23918920526309,17.863347171271542,2.239189205263089,18.86334717127154,0.18232375938476236,1.0,0.0,0.0,1.0,1.0
1.5310874616820287,3.605001850443321,gt-order-1,"ap_fixed<16,6,AP_RND,AP_SAT>",True,False,,110.59426879882812,,0.0,0.0,0.9999997615814209,0.0,244.1424102783203,244.1424102783203,14.064320953335379,14.064320953335379,21.533706257117622,2.1533706577994844,21.533706257117622,2.1533706577994844,20.5337062571176,1.1533706577994833,21.53370625711761,0.0,1.0,0.0,0.0,1.0,1.0
1.7478332624182173,3.605001850443321,gt-order-1,"ap_fixed<16,6,AP_RND,AP_SAT>",True,False,,117.60328674316406,,0.0,0.0,0.9999999403953552,0.0,14.063835144042969,14.063835144042969,14.064320953335375,14.064320953335375,24.582087828380644,2.4582088194682297,24.582087828380644,2.4582088194682297,23.582087828380637,1.4582088194682288,24.582087828380637,0.0,1.0,0.0,0.0,1.0,1.0
1.9952623149688795,3.605001850443321,gt-order-1,"ap_fixed<16,6,AP_RND,AP_SAT>",True,False,,306.33294677734375,,0.0,0.0,0.9999998807907104,0.0,14.063990592956543,14.063990592956543,14.064320953335377,14.064320953335377,28.06200888392748,2.8062009302083997,28.06200888392748,2.8062009302083997,27.062008883927465,1.8062009302083988,28.062008883927476,0.0,1.0,0.0,0.0,1.0,1.0
0.01,3.73213196614723,gt-order-1,"ap_fixed<16,6,AP_RND,AP_SAT>",False,True,1000.0,0.006134033203125,-2.212253877468428,1.0,0.10000000149011612,0.4352256655693054,0.0,15.676737785339355,15.676737785339355,15.07376595657334,15.07376595657334,0.15073765619648416,0.15073765619648416,0.15073765619648416,0.15073765619648416,0.9893027242793206,0.9989302724119918,0.15073765619648402,0.15073765619648402,1.0,0.0,0.0,1.0,1.0
0.011415633046188459,3.73213196614723,gt-order-1,"ap_fixed<16,6,AP_RND,AP_SAT>",False,True,1000.0,0.0052490234375,-2.279921487969431,1.0,0.10000000149011612,0.42305487394332886,0.0,15.619526863098145,15.619526863098145,15.073765956573336,15.073765956573336,0.1720765857100842,0.1720765857100842,0.1720765857100842,0.1720765857100842,0.9877883819553721,0.9987788381773401,0.17207658571008402,0.17207658571008402,1.0,0.0,0.0,1.0,1.0
0.013031667784522994,3.73213196614723,gt-order-1,"ap_fixed<16,6,AP_RND,AP_SAT>",False,True,1000.0,0.0037994384765625,-2.420280583413658,1.0,0.10000000149011612,0.39583835005760193,0.0,15.531618118286133,15.531618118286133,15.073765956573334,15.073765956573334,0.1964363139038421,0.1964363139038421,0.1964363139038421,0.1964363139038421,0.9860596650869755,0.9986059664879249,0.19643631390384206,0.19643631390384206,1.0,0.0,0.0,1.0,1.0
0.014876473740795015,3.73213196614723,gt-order-1,"ap_fixed<16,6,AP_RND,AP_SAT>",False,True,1000.0,0.0026702880859375,-2.573441881774765,1.0,0.10000000149011612,0.40474429726600647,0.0,15.490342140197754,15.490342140197754,15.073765956573334,15.073765956573334,0.2242444827381489,0.2242444827381489,0.2242444827381489,0.2242444827381489,0.984086225557572,0.9984086225320438,0.22424448273814881,0.22424448273814881,1.0,0.0,0.0,1.0,1.0
0.016982436524617443,3.73213196614723,gt-order-1,"ap_fixed<16,6,AP_RND,AP_SAT>",False,True,1000.0,0.0021209716796875,-2.673465130164842,1.0,0.10000000149011612,0.42580750584602356,0.0,15.431084632873535,15.431084632873535,15.073765956573336,15.073765956573336,0.255989268351493,0.255989268351493,0.255989268351493,0.255989268351493,0.9818334193711922,0.9981833419100485,0.25598926835149277,0.25598926835149277,1.0,0.0,0.0,1.0,1.0
0.019386526359522076,3.73213196614723,gt-order-1,"ap_fixed<16,6,AP_RND,AP_SAT>",False,True,1000.0,0.00164794921875,-2.783056174873213,1.0,0.10000000149011612,0.4163093864917755,0.0,15.428425788879395,15.428425788879395,15.073765956573336,15.073765956573336,0.29222795860749595,0.29222795860749595,0.29222795860749595,0.29222795860749595,0.9792616979367056,0.9979261697627679,0.29222795860749573,0.29222795860749573,1.0,0.0,0.0,1.0,1.0
0.022130947096056376,3.73213196614723,gt-order-1,"ap_fixed<16,6,AP_RND,AP_SAT>",False,True,1000.0,0.001251220703125,-2.902666077892886,1.0,0.10000000149011612,0.4426420032978058,0.0,15.323331832885742,15.323331832885742,15.073765956573336,15.073765956573336,0.3335967239177222,0.3335967239177222,0.3335967239177222,0.3335967239177222,0.976325914669844,0.9976325914317071,0.333596723917722,0.333596723917722,1.0,0.0,0.0,1.0,1.0
0.025263877101318954,3.73213196614723,gt-order-1,"ap_fixed<16,6,AP_RND,AP_SAT>",False,True,1000.0,0.000946044921875,-3.024088240666382,1.0,0.10000000149011612,0.4464777708053589,0.0,15.32304573059082,15.32304573059082,15.073765956573336,15.073765956573336,0.38082177787980254,0.38082177787980254,0.38082177787980254,0.38082177787980254,0.9729745329653423,0.9972974532562631,0.38082177787980215,0.38082177787980215,1.0,0.0,0.0,1.0,1.0
0.028840315031266057,3.73213196614723,gt-order-1,"ap_fixed<16,6,AP_RND,AP_SAT>",False,True,1000.0,0.0005645751953125,-3.248278205787463,1.0,0.10000000149011612,0.4504131078720093,0.0,15.258066177368164,15.258066177368164,15.073765956573334,15.073765956573334,0.43473215234748663,0.43473215234748663,0.43473215234748663,0.43473215234748663,0.9691487195990114,0.9969148719139289,0.4347321523474864,0.4347321523474864,1.0,0.0,0.0,1.0,1.0
0.03292304533334065,3.73213196614723,gt-order-1,"ap_fixed<16,6,AP_RND,AP_SAT>",False,True,1000.0,0.00048828125,-3.311329951414358,1.0,0.10000000149011612,0.40750375390052795,0.0,15.25179672241211,15.25179672241211,15.073765956573334,15.073765956573334,0.49627429751070434,0.49627429751070434,0.49627429751070434,0.49627429751070434,0.9647813086158199,0.9964781308091021,0.49627429751070384,0.49627429751070384,1.0,0.0,0.0,1.0,1.0
0.037583740428844416,3.73213196614723,gt-order-1,"ap_fixed<16,6,AP_RND,AP_SAT>",False,True,1000.0,0.0003814697265625,-3.418539920813185,1.0,0.10000000149011612,0.4813728928565979,0.0,15.211052894592285,15.211052894592285,15.073765956573336,15.073765956573336,0.5665285350627105,0.5665285350627105,0.5665285350627105,0.5665285350627105,0.959795633711466,0.9959795633112375,0.5665285350627101,0.5665285350627101,1.0,0.0,0.0,1.0,1.0
0.04290421892388853,3.73213196614723,gt-order-1,"ap_fixed<16,6,AP_RND,AP_SAT>",False,True,1000.0,0.000244140625,-3.612359946188904,1.0,0.10000000149011612,0.49925678968429565,0.0,15.18208122253418,15.18208122253418,15.073765956573336,15.073765956573336,0.6467281786895488,0.6467281786895488,0.6467281786895488,0.6467281786895488,0.9541041713242688,0.9954104170640365,0.6467281786895483,0.6467281786895483,1.0,0.0,0.0,1.0,1.0
0.04897788193684462,3.73213196614723,gt-order-1,"ap_fixed<16,6,AP_RND,AP_SAT>",False,True,1000.0,0.0001678466796875,-3.7750872428780267,1.0,0.10000000149011612,0.48955443501472473,0.0,15.164491653442383,15.164491653442383,15.073765956573336,15.073765956573336,0.7382811253422956,0.7382811253422956,0.7382811253422956,0.7382811253422956,0.947607008385046,0.9947607007604328,0.7382811253422951,0.7382811253422951,1.0,0.0,0.0,1.0,1.0
0.05591135275705602,3.73213196614723,gt-order-1,"ap_fixed<16,6,AP_RND,AP_SAT>",False,True,1000.0,0.000152587890625,-3.816479927777507,1.0,0.10000000149011612,0.5071011185646057,0.0,15.147823333740234,15.147823333740234,15.073765956573334,15.073765956573334,0.8427946192190089,0.8427946192190089,0.8427946192190089,0.8427946192190089,0.9401900849118995,0.994019008402066,0.8427946192190083,0.8427946192190083,1.0,0.0,0.0,1.0,1.0
0.06382634861905485,3.73213196614723,gt-order-1,"ap_fixed<16,6,AP_RND,AP_SAT>",False,True,1000.0,0.0001068115234375,-3.9713818865434534,1.0,0.10000000149011612,0.46673712134361267,0.0,15.126419067382812,15.126419067382812,15.073765956573336,15.073765956573336,0.9621033849959222,0.9621033849959222,0.9621033849959222,0.9621033849959222,0.9317231975022531,0.9931723196484847,0.9621033849959214,0.9621033849959214,1.0,0.0,0.0,1.0,1.0
0.07286181745132274,3.73213196614723,gt-order-1,"ap_fixed<16,6,AP_RND,AP_SAT>",False,True,1000.0,7.62939453125e-05,-4.117509920595296,1.0,0.10000000149011612,0.5618293881416321,0.0,15.113358497619629,15.113358497619629,15.073765956573336,15.073765956573336,1.0983020287743475,1.0983020287743475,1.0983020287743475,1.0983020287743475,0.9220576999614041,0.9922057698799972,1.098302028774347,1.098302028774347,1.0,0.0,0.0,1.0,1.0
0.08317637711026708,3.73213196614723,gt-order-1,"ap_fixed<16,6,AP_RND,AP_SAT>",False,True,1000.0,4.57763671875e-05,-4.339358666416729,1.0,0.10000000149011612,0.45789846777915955,0.0,15.085895538330078,15.085895538330078,15.073765956573334,15.073765956573334,1.253781201355903,1.253781201355903,1.253781201355903,1.253781201355903,0.9110239369330065,0.9911023935607159,1.2537812013559022,1.2537812013559022,1.0,0.0,0.0,1.0,1.0
0.09495109992021983,3.73213196614723,gt-order-1,"ap_fixed<16,6,AP_RND,AP_SAT>",False,True,1000.0,3.0517578125e-05,-4.515449920728757,1.0,0.10000000149011612,0.5272400975227356,0.0,15.08437442779541,15.08437442779541,15.073765956573336,15.073765956573336,1.4312706684786927,1.4312706684786927,1.4312706684786927,1.4312706684786927,0.8984281873689152,0.9898428185855377,1.4312706684786913,1.4312706684786913,1.0,0.0,0.0,1.0,1.0
0.10839269140212034,3.73213196614723,gt-order-1,"ap_fixed<16,6,AP_RND,AP_SAT>",False,True,1000.0,1.52587890625e-05,-4.816479902161777,1.0,0.10000000149011612,0.7187499403953552,0.0,15.081140518188477,15.081140518188477,15.073765956573336,15.073765956573336,1.6338860872276522,1.6338860872276522,1.6338860872276522,1.6338860872276522,0.8840493449860048,0.9884049343258206,1.6338860872276506,1.6338860872276506,1.0,0.0,0.0,1.0,1.0
0.12373711899353519,3.73213196614723,gt-order-1,"ap_fixed<16,6,AP_RND,AP_SAT>",False,True,1000.0,1.52587890625e-05,-4.816479902161777,1.0,0.10000000149011612,0.7071067690849304,0.0,15.067842483520508,15.067842483520508,15.073765956573338,15.073765956573338,1.8651843740304737,1.8651843740304737,1.8651843740304737,1.8651843740304737,0.8676349890109756,0.986763498703858,1.8651843740304723,1.8651843740304723,1.0,0.0,0.0,1.0,1.0
0.1412537544622754,3.73213196614723,gt-order-1,"ap_fixed<16,6,AP_RND,AP_SAT>",False,True,1000.0,0.0,-12.0,1.0,0.10000000149011612,0.5576189756393433,0.0,15.055193901062012,15.055193901062012,15.073765956573336,15.073765956573336,2.129226035768631,2.129226035768631,2.129226035768631,2.129226035768631,1.1292260357686301,1.1292260357686301,2.12922603576863,2.12922603576863,1.0,0.0,0.0,1.0,1.0
0.16125010273377416,3.73213196614723,gt-order-1,"ap_fixed<16,6,AP_RND,AP_SAT>",False,True,1000.0,0.0,-12.0,1.0,0.10000000149011612,0.5325843691825867,0.0,15.12551498413086,15.12551498413086,15.073765956573336,15.073765956573336,2.4306462609364474,2.4306462609364474,2.4306462609364474,2.4306462609364474,1.4306462609364463,1.4306462609364463,2.430646260936446,2.430646260936446,1.0,0.0,0.0,1.0,1.0
0.18407720014689555,3.73213196614723,gt-order-1,"ap_fixed<16,6,AP_RND,AP_SAT>",False,True,1000.0,0.0,-12.0,1.0,0.10000000149011612,0.5518587231636047,0.0,15.04338264465332,15.04338264465332,15.073765956573336,15.073765956573336,2.774736680089432,2.774736680089432,2.774736680089432,2.774736680089432,1.7747366800894306,1.7747366800894306,2.7747366800894304,2.7747366800894304,1.0,0.0,0.0,1.0,1.0
0.21013577690467466,3.73213196614723,gt-order-1,"ap_fixed<16,6,AP_RND,AP_SAT>",False,True,1000.0,0.0,-12.0,1.0,0.10000000149011612,0.4716719388961792,0.0,15.037556648254395,15.037556648254395,15.073765956573334,15.073765956573334,3.167537458656972,3.167537458656972,3.167537458656972,3.167537458656972,2.16753745865697,2.16753745865697,3.167537458656969,3.167537458656969,1.0,0.0,0.0,1.0,1.0
0.239883291901949,3.73213196614723,gt-order-1,"ap_fixed<16,6,AP_RND,AP_SAT>",False,True,1000.0,0.0,-12.0,1.0,0.10000000149011612,0.5720775723457336,0.0,15.033720016479492,15.033720016479492,15.073765956573336,15.073765956573336,3.6159445513766224,3.6159445513766224,3.6159445513766224,3.6159445513766224,2.615944551376621,2.615944551376621,3.6159445513766197,3.6159445513766197,1.0,0.0,0.0,1.0,1.0
0.27384196342643613,3.73213196614723,gt-order-1,"ap_fixed<16,6,AP_RND,AP_SAT>",False,True,1000.0,0.0,-12.0,0.5830271244049072,0.10000000149011612,0.4716719686985016,0.0,15.156604766845703,15.156604766845703,15.073765956573334,15.073765956573334,4.1278298721838365,4.127829872183833,4.1278298721838365,4.127829872183833,3.127829872183837,3.12782987218383,4.127829872183834,2.4066367804120166,1.0,0.0,0.0,1.0,1.0
0.3126079367123954,3.73213196614723,gt-order-1,"ap_fixed<16,6,AP_RND,AP_SAT>",False,True,1000.0,0.0,-12.0,0.6048182249069214,0.10000000149011612,0.5416762232780457,0.0,15.031867027282715,15.031867027282715,15.073765956573334,15.073765956573334,4.712178984197769,4.146000428247451,4.712178984197769,4.146000428247451,3.7121789841977693,3.146000428247448,4.7121789841977675,2.8500117286661935,1.0,0.0,0.0,1.0,1.0
0.35686174928348097,3.73213196614723,gt-order-1,"ap_fixed<16,6,AP_RND,AP_SAT>",False,True,1000.0,1.52587890625e-05,-4.816479902161777,0.4511926472187042,0.10000000149011612,0.5416762232780457,0.0,15.12551498413086,15.12551498413086,15.073765956573334,15.073765956573334,5.379250352902245,4.169452100121529,5.379250352902245,4.169452100121529,4.379250352902245,3.1694521001215255,5.379250352902241,2.427078206778111,1.0,0.0,0.0,1.0,1.0
0.4073802778041126,3.73213196614723,gt-order-1,"ap_fixed<16,6,AP_RND,AP_SAT>",False,True,1000.0,0.0,-12.0,0.3548372685909271,0.10000000149011612,0.49929261207580566,0.0,15.12551498413086,15.12551498413086,15.073765956573336,15.073765956573336,6.140755039438813,4.1547637257892225,6.140755039438813,4.1547637257892225,5.14075503943881,3.1547637257892207,6.140755039438809,2.178968745280438,1.0,0.0,0.0,1.0,1.0
0.46505037616660627,3.73213196614723,gt-order-1,"ap_fixed<16,6,AP_RND,AP_SAT>",False,True,1000.0,0.0,-12.0,0.3155202567577362,0.10000000149011612,0.5416762828826904,0.0,15.12551498413086,15.12551498413086,15.073765956573336,15.073765956573336,7.010060427877741,4.206960250768932,7.010060427877741,4.206960250768932,6.010060427877738,3.206960250768932,7.010060427877736,2.2118160660912296,1.0,0.0,0.0,1.0,1.0
0.5308844442309882,3.73213196614723,gt-order-1,"ap_fixed<16,6,AP_RND,AP_SAT>",False,True,1000.0,0.0,-12.0,0.48077598214149475,0.10000000149011612,0.48104944825172424,0.0,15.12551498413086,15.12551498413086,15.073765956573336,15.073765956573336,8.00242786959809,4.2158977509322835,8.00242786959809,4.2158977509322835,7.0024278695980895,3.2158977509322804,8.002427869598085,3.8473751185224887,1.0,0.0,0.0,1.0,1.0
0.606038200527066,3.73213196614723,gt-order-1,"ap_fixed<16,6,AP_RND,AP_SAT>",False,True,1000.0,0.0,-12.0,0.21755503118038177,0.10000000149011612,0.5416762828826904,0.0,15.063924789428711,15.063924789428711,15.073765956573336,15.073765956573336,9.135278180128191,4.401844120572623,9.135278180128191,4.401844120572623,8.135278180128186,3.4018441205726186,9.135278180128187,1.987425729319249,1.0,0.0,0.0,1.0,1.0
0.6918309709189363,3.73213196614723,gt-order-1,"ap_fixed<16,6,AP_RND,AP_SAT>",False,True,1000.0,0.0,-12.0,0.29575690627098083,0.09311018884181976,0.5073666572570801,0.0,15.013593673706055,15.013593673706055,15.073765956573334,15.073765956573334,10.428498465443539,5.035517500517083,10.428498465443539,5.035517500517083,9.428498465443539,4.0355175005170825,10.428498465443528,3.0843004431912493,1.0,0.0,0.0,1.0,1.0
0.7897688493998856,3.73213196614723,gt-order-1,"ap_fixed<16,6,AP_RND,AP_SAT>",False,True,1000.0,0.0,-12.0,0.33997058868408203,0.08137296885251999,0.5098311305046082,0.0,15.013154983520508,15.013154983520508,15.073765956573336,15.073765956573336,11.90479117618855,4.699461363831055,11.90479117618855,4.699461363831055,10.904791176188548,3.6994613638310527,11.904791176188546,4.047278864329885,1.0,0.0,0.0,1.0,1.0
0.9015711376059565,3.73213196614723,gt-order-1,"ap_fixed<16,6,AP_RND,AP_SAT>",False,True,1000.0,0.0,-12.0,0.2747427523136139,0.04463343322277069,0.4981677532196045,0.0,15.12551498413086,15.12551498413086,15.073765956573336,15.073765956573336,13.590072577553904,4.510912445528316,13.590072577553904,4.510912445528316,12.5900725775539,3.510912445528314,13.590072577553896,3.7337739440989264,1.0,0.0,0.0,1.0,1.0
1.0292005271944276,3.73213196614723,gt-order-1,"ap_fixed<16,6,AP_RND,AP_SAT>",False,True,1000.0,3.0517578125e-05,-4.515449920728757,0.10757385939359665,0.011370673775672913,0.48923277854919434,0.0,15.12551498413086,15.12551498413086,15.073765956573334,15.073765956573334,15.513928271774445,4.689984984430383,15.513928271774445,4.689984984430383,14.513928271774445,3.6899849844303807,15.513928271774427,1.6688931385502062,1.0,0.0,0.0,1.0,1.0
1.174897554939529,3.73213196614723,gt-order-1,"ap_fixed<16,6,AP_RND,AP_SAT>",False,True,1000.0,1.52587890625e-05,-4.816479902161777,0.021718308329582214,0.0002598017454147339,0.5303144454956055,0.0,15.063924789428711,15.063924789428711,15.073765956573336,15.073765956573336,17.710130714813165,4.339010083138037,17.710130714813165,4.339010083138037,16.71013071481316,3.339010083138036,17.710130714813154,0.38463407942151634,1.0,0.0,0.0,1.0,1.0
1.3412199354053709,3.73213196614723,gt-order-1,"ap_fixed<16,6,AP_RND,AP_SAT>",True,False,,103.265380859375,,0.0,0.0,0.9999996423721313,0.0,244.1424102783203,244.1424102783203,15.073765956573336,15.073765956573336,20.217234899627684,2.021723520088796,20.217234899627684,2.021723520088796,19.217234899627687,1.0217235200887944,20.217234899627663,0.0,1.0,0.0,0.0,1.0,1.0
1.5310874616820287,3.73213196614723,gt-order-1,"ap_fixed<16,6,AP_RND,AP_SAT>",True,False,,123.40925598144531,,0.0,0.0,0.9999997615814209,0.0,15.073506355285645,15.073506355285645,15.073765956573329,15.073765956573329,23.079254901418587,2.3079255245326284,23.079254901418587,2.3079255245326284,22.07925490141858,1.3079255245326271,23.079254901418576,0.0,1.0,0.0,0.0,1.0,1.0
1.7478332624182173,3.73213196614723,gt-order-1,"ap_fixed<16,6,AP_RND,AP_SAT>",True,False,,147.24761962890625,,0.0,0.0,0.9999998807907104,0.0,244.1424102783203,244.1424102783203,15.07376595657333,15.07376595657333,26.346429371057873,2.6346429763650265,26.346429371057873,2.6346429763650265,25.34642937105786,1.634642976365025,26.34642937105786,0.0,1.0,0.0,0.0,1.0,1.0
1.9952623149688795,3.73213196614723,gt-order-1,"ap_fixed<16,6,AP_RND,AP_SAT>",True,False,,188.90121459960938,,0.0,0.0,0.9999998807907104,0.0,244.1424102783203,244.1424102783203,15.073765956573327,15.073765956573327,30.07611640768829,3.0076116855857347,30.07611640768829,3.0076116855857347,29.076116407688268,2.0076116855857324,30.076116407688286,0.0,1.0,0.0,0.0,1.0,1.0
0.01,3.863745315699382,gt-order-1,"ap_fixed<16,6,AP_RND,AP_SAT>",False,True,1000.0,0.0059661865234375,-2.2243031731550396,1.0,0.10000000149011612,0.4517020583152771,0.0,16.857685089111328,16.857685089111328,16.155662332341958,16.155662332341958,0.16155661971234764,0.16155661971234764,0.16155661971234764,0.16155661971234764,0.9885349437798273,0.9988534943608985,0.16155661971234755,0.16155661971234755,1.0,0.0,0.0,1.0,1.0
0.011415633046188459,3.863745315699382,gt-order-1,"ap_fixed<16,6,AP_RND,AP_SAT>",False,True,1000.0,0.004486083984375,-2.3481326001147327,1.0,0.10000000149011612,0.4001883268356323,0.0,16.670869827270508,16.670869827270508,16.155662332341954,16.155662332341954,0.1844271180833956,0.1844271180833956,0.1844271180833956,0.1844271180833956,0.986911911866469,0.998691191167144,0.18442711808339543,0.18442711808339543,1.0,0.0,0.0,1.0,1.0
0.013031667784522994,3.863745315699382,gt-order-1,"ap_fixed<16,6,AP_RND,AP_SAT>",False,True,1000.0,0.003509521484375,-2.454752094482359,1.0,0.10000000149011612,0.37629491090774536,0.0,16.659387588500977,16.659387588500977,16.155662332341954,16.155662332341954,0.21053522831542199,0.21053522831542199,0.21053522831542199,0.21053522831542199,0.9850591190057022,0.9985059118783065,0.2105352283154219,0.2105352283154219,1.0,0.0,0.0,1.0,1.0
0.014876473740795015,3.863745315699382,gt-order-1,"ap_fixed<16,6,AP_RND,AP_SAT>",False,True,1000.0,0.0026397705078125,-2.5784338273303837,1.0,0.10000000149011612,0.3885919451713562,0.0,16.486324310302734,16.486324310302734,16.155662332341958,16.155662332341958,0.24033928571302965,0.24033928571302965,0.24033928571302965,0.24033928571302965,0.9829440388916144,0.9982944038637459,0.2403392857130294,0.2403392857130294,1.0,0.0,0.0,1.0,1.0
0.016982436524617443,3.863745315699382,gt-order-1,"ap_fixed<16,6,AP_RND,AP_SAT>",False,True,1000.0,0.002044677734375,-2.689375132046489,1.0,0.10000000149011612,0.4116208255290985,0.0,16.482139587402344,16.482139587402344,16.155662332341954,16.155662332341954,0.274362504506481,0.274362504506481,0.274362504506481,0.274362504506481,0.9805295410087501,0.9980529540718617,0.2743625045064808,0.2743625045064808,1.0,0.0,0.0,1.0,1.0
0.019386526359522076,3.863745315699382,gt-order-1,"ap_fixed<16,6,AP_RND,AP_SAT>",False,True,1000.0,0.00140380859375,-2.852692102968775,1.0,0.10000000149011612,0.3951612412929535,0.0,16.457279205322266,16.457279205322266,16.155662332341954,16.155662332341954,0.3132021710389846,0.3132021710389846,0.3132021710389846,0.3132021710389846,0.9777732382267238,0.9977773237895521,0.3132021710389845,0.3132021710389845,1.0,0.0,0.0,1.0,1.0
0.022130947096056376,3.863745315699382,gt-order-1,"ap_fixed<16,6,AP_RND,AP_SAT>",False,True,1000.0,0.00115966796875,-2.9356663379684087,1.0,0.10000000149011612,0.40098127722740173,0.0,16.431415557861328,16.431415557861328,16.155662332341954,16.155662332341954,0.3575401158752894,0.3575401158752894,0.3575401158752894,0.3575401158752894,0.9746267436346714,0.9974626743256577,0.35754011587528933,0.35754011587528933,1.0,0.0,0.0,1.0,1.0
0.025263877101318954,3.863745315699382,gt-order-1,"ap_fixed<16,6,AP_RND,AP_SAT>",False,True,1000.0,0.000823974609375,-3.084086170273658,1.0,0.10000000149011612,0.4114612340927124,0.0,16.356245040893555,16.356245040893555,16.155662332341954,16.155662332341954,0.40815467547744977,0.40815467547744977,0.40815467547744977,0.40815467547744977,0.9710348216668109,0.9971034821235196,0.40815467547744966,0.40815467547744966,1.0,0.0,0.0,1.0,1.0
0.028840315031266057,3.863745315699382,gt-order-1,"ap_fixed<16,6,AP_RND,AP_SAT>",False,True,1000.0,0.000640869140625,-3.193230639548134,1.0,0.10000000149011612,0.3940085768699646,0.0,16.3399715423584,16.3399715423584,16.155662332341958,16.155662332341958,0.4659343841858904,0.4659343841858904,0.4659343841858904,0.4659343841858904,0.9669344164348435,0.9966934415942127,0.4659343841858903,0.4659343841858903,1.0,0.0,0.0,1.0,1.0
0.03292304533334065,3.863745315699382,gt-order-1,"ap_fixed<16,6,AP_RND,AP_SAT>",False,True,1000.0,0.000518798828125,-3.2850010127443285,1.0,0.10000000149011612,0.6425399780273438,0.0,16.3198184967041,16.3198184967041,16.155662332341954,16.155662332341954,0.5318936221977651,0.5318936221977651,0.5318936221977651,0.5318936221977651,0.9622535412506982,0.9962253540688233,0.5318936221977647,0.5318936221977647,1.0,0.0,0.0,1.0,1.0
0.037583740428844416,3.863745315699382,gt-order-1,"ap_fixed<16,6,AP_RND,AP_SAT>",False,True,1000.0,0.0004119873046875,-3.3851161654105666,1.0,0.10000000149011612,0.6223620772361755,0.0,16.289270401000977,16.289270401000977,16.155662332341954,16.155662332341954,0.6071902496348787,0.6071902496348787,0.6071902496348787,0.6071902496348787,0.9569100272040871,0.9956910026561996,0.6071902496348784,0.6071902496348784,1.0,0.0,0.0,1.0,1.0
0.04290421892388853,3.863745315699382,gt-order-1,"ap_fixed<16,6,AP_RND,AP_SAT>",False,True,1000.0,0.0002593994140625,-3.5860310075711945,1.0,0.10000000149011612,0.44822925329208374,0.0,16.241422653198242,16.241422653198242,16.155662332341958,16.155662332341958,0.6931460993768833,0.6931460993768833,0.6931460993768833,0.6931460993768833,0.9508100688644074,0.995081006813142,0.6931460993768825,0.6931460993768825,1.0,0.0,0.0,1.0,1.0
0.04897788193684462,3.863745315699382,gt-order-1,"ap_fixed<16,6,AP_RND,AP_SAT>",False,True,1000.0,0.0001983642578125,-3.7025365761274838,1.0,0.10000000149011612,0.4754270613193512,0.0,16.24534034729004,16.24534034729004,16.155662332341954,16.155662332341954,0.7912701180138909,0.7912701180138909,0.7912701180138909,0.7912701180138909,0.9438465820557228,0.9943846581218971,0.7912701180138906,0.7912701180138906,1.0,0.0,0.0,1.0,1.0
0.05591135275705602,3.863745315699382,gt-order-1,"ap_fixed<16,6,AP_RND,AP_SAT>",False,True,1000.0,0.0001220703125,-3.913389940074015,1.0,0.10000000149011612,0.5112076997756958,0.0,16.2114315032959,16.2114315032959,16.155662332341954,16.155662332341954,0.9032849072251536,0.9032849072251536,0.9032849072251536,0.9032849072251536,0.9358973203164974,0.9935897319361291,0.903284907225153,0.903284907225153,1.0,0.0,0.0,1.0,1.0
0.06382634861905485,3.863745315699382,gt-order-1,"ap_fixed<16,6,AP_RND,AP_SAT>",False,True,1000.0,9.1552734375e-05,-4.038328675496402,1.0,0.10000000149011612,0.5018483996391296,0.0,16.18897247314453,16.18897247314453,16.155662332341958,16.155662332341958,1.0311568762296706,1.0311568762296706,1.0311568762296706,1.0311568762296706,0.9268227350953451,0.9926822734004919,1.03115687622967,1.03115687622967,1.0,0.0,0.0,1.0,1.0
0.07286181745132274,3.863745315699382,gt-order-1,"ap_fixed<16,6,AP_RND,AP_SAT>",False,True,1000.0,4.57763671875e-05,-4.339358666416729,1.0,0.10000000149011612,0.4974561035633087,0.0,16.179149627685547,16.179149627685547,16.155662332341958,16.155662332341958,1.1771309682612394,1.1771309682612394,1.1771309682612394,1.1771309682612394,0.9164635113457364,0.9916463510100942,1.1771309682612385,1.1771309682612385,1.0,0.0,0.0,1.0,1.0
0.08317637711026708,3.863745315699382,gt-order-1,"ap_fixed<16,6,AP_RND,AP_SAT>",False,True,1000.0,4.57763671875e-05,-4.339358666416729,1.0,0.10000000149011612,0.5242106318473816,0.0,16.17628288269043,16.17628288269043,16.155662332341954,16.155662332341954,1.3437694194071628,1.3437694194071628,1.3437694194071628,1.3437694194071628,0.9046378169592592,0.9904637815538251,1.3437694194071619,1.3437694194071619,1.0,0.0,0.0,1.0,1.0
0.09495109992021983,3.863745315699382,gt-order-1,"ap_fixed<16,6,AP_RND,AP_SAT>",False,True,1000.0,3.0517578125e-05,-4.515449920728757,1.0,0.10000000149011612,0.6218743324279785,0.0,16.156944274902344,16.156944274902344,16.155662332341954,16.155662332341954,1.5339979201444096,1.5339979201444096,1.5339979201444096,1.5339979201444096,0.8911380268577146,0.9891138025235541,1.533997920144409,1.533997920144409,1.0,0.0,0.0,1.0,1.0
0.10839269140212034,3.863745315699382,gt-order-1,"ap_fixed<16,6,AP_RND,AP_SAT>",False,True,1000.0,1.52587890625e-05,-4.816479902161777,1.0,0.10000000149011612,0.6257681250572205,0.0,16.151782989501953,16.151782989501953,16.155662332341954,16.155662332341954,1.7511557490548952,1.7511557490548952,1.7511557490548952,1.7511557490548952,0.875727165194835,0.9875727163343024,1.7511557490548946,1.7511557490548946,1.0,0.0,0.0,1.0,1.0
0.12373711899353519,3.863745315699382,gt-order-1,"ap_fixed<16,6,AP_RND,AP_SAT>",False,True,1000.0,0.0,-12.0,1.0,0.10000000149011612,0.6162495017051697,0.0,16.147075653076172,16.147075653076172,16.155662332341954,16.155662332341954,1.999055114774186,1.999055114774186,1.999055114774186,1.999055114774186,0.999055114774185,0.999055114774185,1.9990551147741842,1.9990551147741842,1.0,0.0,0.0,1.0,1.0
0.1412537544622754,3.863745315699382,gt-order-1,"ap_fixed<16,6,AP_RND,AP_SAT>",False,True,1000.0,1.52587890625e-05,-4.816479902161777,1.0,0.10000000149011612,0.5860942602157593,0.0,16.133455276489258,16.133455276489258,16.155662332341954,16.155662332341954,2.282047960822185,2.282047960822185,2.282047960822185,2.282047960822185,1.2820479608221849,1.2820479608221849,2.2820479608221835,2.2820479608221835,1.0,0.0,0.0,1.0,1.0
0.16125010273377416,3.863745315699382,gt-order-1,"ap_fixed<16,6,AP_RND,AP_SAT>",False,True,1000.0,1.52587890625e-05,-4.816479902161777,1.0,0.10000000149011612,0.5360446572303772,0.0,16.250959396362305,16.250959396362305,16.155662332341958,16.155662332341958,2.6051021592208397,2.6051021592208397,2.6051021592208397,2.6051021592208397,1.6051021592208385,1.6051021592208383,2.6051021592208388,2.6051021592208388,1.0,0.0,0.0,1.0,1.0
0.18407720014689555,3.863745315699382,gt-order-1,"ap_fixed<16,6,AP_RND,AP_SAT>",False,True,1000.0,1.52587890625e-05,-4.816479902161777,0.6123669743537903,0.10000000149011612,0.6249324083328247,0.0,16.250959396362305,16.250959396362305,16.155662332341954,16.155662332341954,2.9738891391729507,2.9738891391729494,2.9738891391729507,2.9738891391729494,1.9738891391729503,1.9738891391729483,2.9738891391729485,1.8211114942189366,1.0,0.0,0.0,1.0,1.0
0.21013577690467466,3.863745315699382,gt-order-1,"ap_fixed<16,6,AP_RND,AP_SAT>",False,True,1000.0,0.0,-12.0,0.531131386756897,0.10000000149011612,0.6673083901405334,0.0,16.250959396362305,16.250959396362305,16.155662332341954,16.155662332341954,3.394882589694906,3.290424265382773,3.394882589694906,3.290424265382773,2.394882589694905,2.290424265382772,3.394882589694906,1.8031286977415013,1.0,0.0,0.0,1.0,1.0
0.239883291901949,3.863745315699382,gt-order-1,"ap_fixed<16,6,AP_RND,AP_SAT>",False,True,1000.0,0.0,-12.0,1.0,0.10000000149011612,0.5074900984764099,0.0,16.250959396362305,16.250959396362305,16.155662332341954,16.155662332341954,3.875473412073088,3.875473412073088,3.875473412073088,3.875473412073088,2.875473412073088,2.875473412073088,3.8754734120730863,3.8754734120730863,1.0,0.0,0.0,1.0,1.0
0.27384196342643613,3.863745315699382,gt-order-1,"ap_fixed<16,6,AP_RND,AP_SAT>",False,True,1000.0,0.0,-12.0,1.0,0.10000000149011612,0.5101909637451172,0.0,16.10841178894043,16.10841178894043,16.155662332341958,16.155662332341958,4.424098514762679,4.424098514762679,4.424098514762679,4.424098514762679,3.424098514762677,3.424098514762677,4.424098514762677,4.424098514762677,1.0,0.0,0.0,1.0,1.0
0.3126079367123954,3.863745315699382,gt-order-1,"ap_fixed<16,6,AP_RND,AP_SAT>",False,True,1000.0,0.0,-12.0,1.0,0.10000000149011612,0.5573530197143555,0.0,16.250959396362305,16.250959396362305,16.155662332341954,16.155662332341954,5.0503883858604945,5.0503883858604945,5.0503883858604945,5.0503883858604945,4.050388385860491,4.050388385860491,5.050388385860492,5.050388385860492,1.0,0.0,0.0,1.0,1.0
0.35686174928348097,3.863745315699382,gt-order-1,"ap_fixed<16,6,AP_RND,AP_SAT>",False,True,1000.0,0.0,-12.0,1.0,0.10000000149011612,0.5142857432365417,0.0,16.1254825592041,16.1254825592041,16.155662332341958,16.155662332341958,5.765337776438176,5.765337776438176,5.765337776438176,5.765337776438176,4.765337776438174,4.765337776438174,5.7653377764381695,5.7653377764381695,1.0,0.0,0.0,1.0,1.0
0.4073802778041126,3.863745315699382,gt-order-1,"ap_fixed<16,6,AP_RND,AP_SAT>",False,True,1000.0,0.0,-12.0,1.0,0.10000000149011612,0.5146991014480591,0.0,16.1254825592041,16.1254825592041,16.155662332341954,16.155662332341954,6.581498291045063,6.581498291045063,6.581498291045063,6.581498291045063,5.581498291045063,5.581498291045063,6.581498291045061,6.581498291045061,1.0,0.0,0.0,1.0,1.0
0.46505037616660627,3.863745315699382,gt-order-1,"ap_fixed<16,6,AP_RND,AP_SAT>",False,True,1000.0,0.0,-12.0,1.0,0.10000000149011612,0.6538972854614258,0.0,16.250959396362305,16.250959396362305,16.155662332341954,16.155662332341954,7.513196737190853,7.513196737190853,7.513196737190853,7.513196737190853,6.513196737190854,6.513196737190854,7.51319673719085,7.51319673719085,1.0,0.0,0.0,1.0,1.0
0.5308844442309882,3.863745315699382,gt-order-1,"ap_fixed<16,6,AP_RND,AP_SAT>",False,True,1000.0,0.0,-12.0,1.0,0.10000000149011612,0.5370250344276428,0.0,16.250959396362305,16.250959396362305,16.155662332341954,16.155662332341954,8.576789826285662,8.576789826285662,8.576789826285662,8.576789826285662,7.57678982628566,7.57678982628566,8.576789826285657,8.576789826285657,1.0,0.0,0.0,1.0,1.0
0.606038200527066,3.863745315699382,gt-order-1,"ap_fixed<16,6,AP_RND,AP_SAT>",False,True,1000.0,0.0,-12.0,1.0,0.10000000149011612,0.5247641801834106,0.0,16.1878604888916,16.1878604888916,16.155662332341954,16.155662332341954,9.790948726108036,9.790948726108036,9.790948726108036,9.790948726108036,8.790948726108033,8.790948726108033,9.790948726108034,9.790948726108034,1.0,0.0,0.0,1.0,1.0
0.6918309709189363,3.863745315699382,gt-order-1,"ap_fixed<16,6,AP_RND,AP_SAT>",False,True,1000.0,0.0,-12.0,0.14163567125797272,0.07876311987638474,0.5873784422874451,0.0,16.1878604888916,16.1878604888916,16.155662332341954,16.155662332341954,11.176987909088636,4.632786186354305,11.176987909088636,4.632786186354305,10.176987909088636,3.6327861863543025,11.17698790908863,1.583060185146013,1.0,0.0,0.0,1.0,1.0
0.7897688493998856,3.863745315699382,gt-order-1,"ap_fixed<16,6,AP_RND,AP_SAT>",False,True,1000.0,0.0,-12.0,0.7551884055137634,0.0,0.5346546769142151,0.0,16.250959396362305,16.250959396362305,16.155662332341954,16.155662332341954,12.759239259362088,11.553758021410694,12.759239259362088,11.553758021410694,11.75923925936209,10.55375802141068,12.759239259362083,9.635629551846263,1.0,0.0,0.0,1.0,1.0
0.9015711376059565,3.863745315699382,gt-order-1,"ap_fixed<16,6,AP_RND,AP_SAT>",False,True,1000.0,1.52587890625e-05,-4.816479902161777,0.04811520874500275,0.038759469985961914,0.504694938659668,0.0,16.250959396362305,16.250959396362305,16.155662332341958,16.155662332341958,14.565479142207142,4.29988947849796,14.565479142207142,4.29988947849796,13.565479142207135,3.2998894784979584,14.56547914220713,0.7008210693982796,1.0,0.0,0.0,1.0,1.0
1.0292005271944276,3.863745315699382,gt-order-1,"ap_fixed<16,6,AP_RND,AP_SAT>",False,True,1000.0,1.52587890625e-05,-4.816479902161777,0.1039806604385376,0.008639827370643616,0.6598289012908936,0.0,16.250959396362305,16.250959396362305,16.155662332341954,16.155662332341954,16.627416620971466,4.298377644738964,16.627416620971466,4.298377644738964,15.627416620971466,3.2983776447389634,16.627416620971456,1.728929761635329,1.0,0.0,0.0,1.0,1.0
1.174897554939529,3.863745315699382,gt-order-1,"ap_fixed<16,6,AP_RND,AP_SAT>",False,True,1000.0,1.52587890625e-05,-4.816479902161777,0.10012707859277725,0.006531223654747009,0.8352403044700623,0.0,16.188825607299805,16.188825607299805,16.155662332341954,16.155662332341954,18.981248117719993,3.342591867864089,18.981248117719993,3.342591867864089,17.981248117719993,2.3425918678640856,18.98124811771999,1.9005369220719546,1.0,0.0,0.0,1.0,1.0
1.3412199354053709,3.863745315699382,gt-order-1,"ap_fixed<16,6,AP_RND,AP_SAT>",True,False,,125.01519775390625,,0.0,0.0,0.9999997615814209,0.0,16.156002044677734,16.156002044677734,16.155662332341954,16.155662332341954,21.66829585075196,2.166829617363472,21.66829585075196,2.166829617363472,20.668295850751942,1.1668296173634711,21.66829585075196,0.0,1.0,0.0,0.0,1.0,1.0
1.5310874616820287,3.863745315699382,gt-order-1,"ap_fixed<16,6,AP_RND,AP_SAT>",True,False,,148.83401489257812,,0.0,0.0,0.9999998211860657,0.0,16.155366897583008,16.155366897583008,16.15566233234195,16.15566233234195,24.735732937844276,2.473573330643542,24.735732937844276,2.473573330643542,23.735732937844276,1.4735733306435401,24.73573293784427,0.0,1.0,0.0,0.0,1.0,1.0
1.7478332624182173,3.863745315699382,gt-order-1,"ap_fixed<16,6,AP_RND,AP_SAT>",True,False,,113.48748779296875,,0.0,0.0,0.9999998807907104,0.0,16.153356552124023,16.153356552124023,16.15566233234195,16.15566233234195,28.23740383179384,2.8237404252563945,28.23740383179384,2.8237404252563945,27.23740383179383,1.8237404252563922,28.237403831793827,0.0,1.0,0.0,0.0,1.0,1.0
1.9952623149688795,3.863745315699382,gt-order-1,"ap_fixed<16,6,AP_RND,AP_SAT>",True,False,,372.3191833496094,,0.0,0.0,0.9999999403953552,0.0,16.155006408691406,16.155006408691406,16.155662332341954,16.155662332341954,32.2347834211219,3.2234783901457584,32.2347834211219,3.2234783901457584,31.234783421121875,2.2234783901457575,32.23478342112188,0.0,1.0,0.0,0.0,1.0,1.0
0.01,4.0,gt-order-1,"ap_fixed<16,6,AP_RND,AP_SAT>",False,True,1000.0,0.0052947998046875,-2.2761504557508023,1.0,0.10000000149011612,0.40931880474090576,0.0,18.049880981445312,18.049880981445312,17.315210154516382,17.315210154516382,0.17315209767491277,0.17315209767491277,0.17315209767491277,0.17315209767491277,0.987712056931053,0.9987712056747949,0.17315209767491269,0.17315209767491269,1.0,0.0,0.0,1.0,1.0
0.011415633046188459,4.0,gt-order-1,"ap_fixed<16,6,AP_RND,AP_SAT>",False,True,1000.0,0.0039520263671875,-2.4031801664325556,1.0,0.10000000149011612,0.413061261177063,0.0,17.838069915771484,17.838069915771484,17.315210154516382,17.315210154516382,0.19766409089975595,0.19766409089975595,0.19766409089975595,0.19766409089975595,0.9859725343881683,0.9985972534179142,0.19766409089975573,0.19766409089975573,1.0,0.0,0.0,1.0,1.0
0.013031667784522994,4.0,gt-order-1,"ap_fixed<16,6,AP_RND,AP_SAT>",False,True,1000.0,0.0030975341796875,-2.5089838925702797,1.0,0.10000000149011612,0.44927099347114563,0.0,17.803119659423828,17.803119659423828,17.315210154516382,17.315210154516382,0.22564607059859038,0.22564607059859038,0.22564607059859038,0.22564607059859038,0.9839867601578078,0.9983986759919194,0.22564607059859013,0.22564607059859013,1.0,0.0,0.0,1.0,1.0
0.014876473740795015,4.0,gt-order-1,"ap_fixed<16,6,AP_RND,AP_SAT>",False,True,1000.0,0.0023651123046875,-2.6261482322697822,1.0,0.10000000149011612,0.40610289573669434,0.0,17.75447654724121,17.75447654724121,17.315210154516382,17.315210154516382,0.2575892683877481,0.2575892683877481,0.2575892683877481,0.2575892683877481,0.9817198734082736,0.9981719873135878,0.25758926838774787,0.25758926838774787,1.0,0.0,0.0,1.0,1.0
0.016982436524617443,4.0,gt-order-1,"ap_fixed<16,6,AP_RND,AP_SAT>",False,True,1000.0,0.0018310546875,-2.737298684338892,1.0,0.10000000149011612,0.40370073914527893,0.0,17.70479965209961,17.70479965209961,17.315210154516382,17.315210154516382,0.29405445139434927,0.29405445139434927,0.29405445139434927,0.29405445139434927,0.9791320786382378,0.9979132078327281,0.294054451394349,0.294054451394349,1.0,0.0,0.0,1.0,1.0
0.019386526359522076,4.0,gt-order-1,"ap_fixed<16,6,AP_RND,AP_SAT>",False,True,1000.0,0.00152587890625,-2.8164799303390797,1.0,0.10000000149011612,0.45889055728912354,0.0,17.617090225219727,17.617090225219727,17.315210154516382,17.315210154516382,0.33568177527046966,0.33568177527046966,0.33568177527046966,0.33568177527046966,0.976177946445957,0.997617794609098,0.3356817752704692,0.3356817752704692,1.0,0.0,0.0,1.0,1.0
0.022130947096056376,4.0,gt-order-1,"ap_fixed<16,6,AP_RND,AP_SAT>",False,True,1000.0,0.0011749267578125,-2.929989205081582,1.0,0.10000000149011612,0.4100259840488434,0.0,17.579669952392578,17.579669952392578,17.315210154516382,17.315210154516382,0.38320200792122733,0.38320200792122733,0.38320200792122733,0.38320200792122733,0.9728056170241561,0.9972805616618929,0.3832020079212269,0.3832020079212269,1.0,0.0,0.0,1.0,1.0
0.025263877101318954,4.0,gt-order-1,"ap_fixed<16,6,AP_RND,AP_SAT>",False,True,1000.0,0.0009002685546875,-3.0456279184991493,1.0,0.10000000149011612,0.41088947653770447,0.0,17.565288543701172,17.565288543701172,17.315210154516382,17.315210154516382,0.43744934971143273,0.43744934971143273,0.43744934971143273,0.43744934971143273,0.9689558903589253,0.9968955889896332,0.43744934971143246,0.43744934971143246,1.0,0.0,0.0,1.0,1.0
0.028840315031266057,4.0,gt-order-1,"ap_fixed<16,6,AP_RND,AP_SAT>",False,True,1000.0,0.000701904296875,-3.153722098323388,1.0,0.10000000149011612,0.4007655084133148,0.0,17.510295867919922,17.510295867919922,17.315210154516382,17.315210154516382,0.4993761081675411,0.4993761081675411,0.4993761081675411,0.4993761081675411,0.9645611848221678,0.9964561184294087,0.49937610816754063,0.49937610816754063,1.0,0.0,0.0,1.0,1.0
0.03292304533334065,4.0,gt-order-1,"ap_fixed<16,6,AP_RND,AP_SAT>",False,True,1000.0,0.00048828125,-3.311329951414358,1.0,0.10000000149011612,0.41052547097206116,0.0,17.476213455200195,17.476213455200195,17.315210154516382,17.315210154516382,0.5700694690655971,0.5700694690655971,0.5700694690655971,0.5700694690655971,0.9595443469915411,0.9959544346388703,0.5700694690655967,0.5700694690655967,1.0,0.0,0.0,1.0,1.0
0.037583740428844416,4.0,gt-order-1,"ap_fixed<16,6,AP_RND,AP_SAT>",False,True,1000.0,0.0003204345703125,-3.49426063453445,1.0,0.10000000149011612,0.4660995304584503,0.0,17.42865753173828,17.42865753173828,17.315210154516382,17.315210154516382,0.6507703961572657,0.6507703961572657,0.6507703961572657,0.6507703961572657,0.9538173104090825,0.9953817309720904,0.6507703961572652,0.6507703961572652,1.0,0.0,0.0,1.0,1.0
0.04290421892388853,4.0,gt-order-1,"ap_fixed<16,6,AP_RND,AP_SAT>",False,True,1000.0,0.0002288818359375,-3.6403886696705565,1.0,0.10000000149011612,0.49517571926116943,0.0,17.390533447265625,17.390533447265625,17.315210154516382,17.315210154516382,0.742895594844622,0.742895594844622,0.742895594844622,0.742895594844622,0.9472795369030921,0.9947279536117495,0.7428955948446216,0.7428955948446216,1.0,0.0,0.0,1.0,1.0
0.04897788193684462,4.0,gt-order-1,"ap_fixed<16,6,AP_RND,AP_SAT>",False,True,1000.0,0.00018310546875,-3.7372986822042473,1.0,0.10000000149011612,0.586947500705719,0.0,17.384143829345703,17.384143829345703,17.315210154516382,17.315210154516382,0.8480623140390541,0.8480623140390541,0.8480623140390541,0.8480623140390541,0.9398162564949311,0.9939816255598122,0.8480623140390537,0.8480623140390537,1.0,0.0,0.0,1.0,1.0
0.05591135275705602,4.0,gt-order-1,"ap_fixed<16,6,AP_RND,AP_SAT>",False,True,1000.0,0.000152587890625,-3.816479927777507,1.0,0.10000000149011612,0.6541009545326233,0.0,17.367067337036133,17.367067337036133,17.315210154516382,17.315210154516382,0.9681167925065863,0.9681167925065863,0.9681167925065863,0.9681167925065863,0.9312964486705357,0.9931296447646775,0.9681167925065856,0.9681167925065856,1.0,0.0,0.0,1.0,1.0
0.06382634861905485,4.0,gt-order-1,"ap_fixed<16,6,AP_RND,AP_SAT>",False,True,1000.0,0.0001068115234375,-3.9713818865434534,1.0,0.10000000149011612,0.6353198289871216,0.0,17.335796356201172,17.335796356201172,17.31521015451638,17.31521015451638,1.105166575464265,1.105166575464265,1.105166575464265,1.105166575464265,0.9215705489949954,0.9921570547826304,1.1051665754642641,1.1051665754642641,1.0,0.0,0.0,1.0,1.0
0.07286181745132274,4.0,gt-order-1,"ap_fixed<16,6,AP_RND,AP_SAT>",False,True,1000.0,6.103515625e-05,-4.214419932180256,1.0,0.10000000149011612,0.7161122560501099,0.0,17.34746551513672,17.34746551513672,17.31521015451638,17.31521015451638,1.2616177334945606,1.2616177334945606,1.2616177334945606,1.2616177334945606,0.9104678078283448,0.9910467806494209,1.2616177334945602,1.2616177334945602,1.0,0.0,0.0,1.0,1.0
0.08317637711026708,4.0,gt-order-1,"ap_fixed<16,6,AP_RND,AP_SAT>",False,True,1000.0,6.103515625e-05,-4.214419932180256,1.0,0.10000000149011612,0.7623222470283508,0.0,17.328189849853516,17.328189849853516,17.31521015451638,17.31521015451638,1.4402164032401241,1.4402164032401241,1.4402164032401241,1.4402164032401241,0.8977933423411089,0.989779334081811,1.4402164032401235,1.4402164032401235,1.0,0.0,0.0,1.0,1.0
0.09495109992021983,4.0,gt-order-1,"ap_fixed<16,6,AP_RND,AP_SAT>",False,True,1000.0,0.0,-12.0,1.0,0.10000000149011612,0.5393487811088562,0.0,17.311771392822266,17.311771392822266,17.315210154516386,17.315210154516386,1.644098262113225,1.644098262113225,1.644098262113225,1.644098262113225,0.8833246254831275,0.9883324623744527,1.6440982621132227,1.6440982621132227,1.0,0.0,0.0,1.0,1.0
0.10839269140212034,4.0,gt-order-1,"ap_fixed<16,6,AP_RND,AP_SAT>",False,True,1000.0,1.52587890625e-05,-4.816479902161777,1.0,0.10000000149011612,0.8528028726577759,0.0,17.30895233154297,17.30895233154297,17.315210154516382,17.315210154516382,1.8768422602813577,1.8768422602813577,1.8768422602813577,1.8768422602813577,0.8768422602813574,0.986680767084503,1.8768422602813566,1.8768422602813566,1.0,0.0,0.0,1.0,1.0
0.12373711899353519,4.0,gt-order-1,"ap_fixed<16,6,AP_RND,AP_SAT>",False,True,1000.0,1.52587890625e-05,-4.816479902161777,1.0,0.10000000149011612,0.7818787097930908,0.0,17.295564651489258,17.295564651489258,17.315210154516382,17.315210154516382,2.142534221793071,2.142534221793071,2.142534221793071,2.142534221793071,1.1425342217930698,1.1425342217930698,2.142534221793069,2.142534221793069,1.0,0.0,0.0,1.0,1.0
0.1412537544622754,4.0,gt-order-1,"ap_fixed<16,6,AP_RND,AP_SAT>",False,True,1000.0,1.52587890625e-05,-4.816479902161777,1.0,0.10000000149011612,0.621059000492096,0.0,17.286142349243164,17.286142349243164,17.31521015451638,17.31521015451638,2.4458384442226486,2.4458384442226486,2.4458384442226486,2.4458384442226486,1.4458384442226488,1.4458384442226488,2.4458384442226477,2.4458384442226477,1.0,0.0,0.0,1.0,1.0
0.16125010273377416,4.0,gt-order-1,"ap_fixed<16,6,AP_RND,AP_SAT>",False,True,1000.0,0.0,-12.0,1.0,0.10000000149011612,0.48551616072654724,0.0,17.313739776611328,17.313739776611328,17.315210154516382,17.315210154516382,2.792079360967574,2.792079360967574,2.792079360967574,2.792079360967574,1.792079360967574,1.792079360967574,2.7920793609675716,2.7920793609675716,1.0,0.0,0.0,1.0,1.0
0.18407720014689555,4.0,gt-order-1,"ap_fixed<16,6,AP_RND,AP_SAT>",False,True,1000.0,0.0,-12.0,1.0,0.10000000149011612,0.5654141306877136,0.0,17.313739776611328,17.313739776611328,17.315210154516382,17.315210154516382,3.1873354593410137,3.1873354593410137,3.1873354593410137,3.1873354593410137,2.187335459341014,2.187335459341014,3.187335459341011,3.187335459341011,1.0,0.0,0.0,1.0,1.0
0.21013577690467466,4.0,gt-order-1,"ap_fixed<16,6,AP_RND,AP_SAT>",False,True,1000.0,0.0,-12.0,1.0,0.10000000149011612,0.5176970958709717,0.0,17.266159057617188,17.266159057617188,17.315210154516382,17.315210154516382,3.638545067434249,3.638545067434249,3.638545067434249,3.638545067434249,2.6385450674342494,2.6385450674342494,3.6385450674342454,3.6385450674342454,1.0,0.0,0.0,1.0,1.0
0.239883291901949,4.0,gt-order-1,"ap_fixed<16,6,AP_RND,AP_SAT>",False,True,1000.0,0.0,-12.0,1.0,0.10000000149011612,0.4741770625114441,0.0,17.312835693359375,17.312835693359375,17.315210154516382,17.315210154516382,4.153629557108884,4.153629557108884,4.153629557108884,4.153629557108884,3.153629557108884,3.153629557108884,4.15362955710888,4.15362955710888,1.0,0.0,0.0,1.0,1.0
0.27384196342643613,4.0,gt-order-1,"ap_fixed<16,6,AP_RND,AP_SAT>",False,True,1000.0,0.0,-12.0,1.0,0.10000000149011612,0.5491185784339905,0.0,17.37544822692871,17.37544822692871,17.31521015451638,17.31521015451638,4.74163138295147,4.74163138295147,4.74163138295147,4.74163138295147,3.741631382951472,3.741631382951472,4.741631382951466,4.741631382951466,1.0,0.0,0.0,1.0,1.0
0.3126079367123954,4.0,gt-order-1,"ap_fixed<16,6,AP_RND,AP_SAT>",False,True,1000.0,0.0,-12.0,1.0,0.10000000149011612,0.5381255745887756,0.0,17.375675201416016,17.375675201416016,17.315210154516382,17.315210154516382,5.412872246533673,5.412872246533673,5.412872246533673,5.412872246533673,4.412872246533673,4.412872246533673,5.412872246533671,5.412872246533671,1.0,0.0,0.0,1.0,1.0
0.35686174928348097,4.0,gt-order-1,"ap_fixed<16,6,AP_RND,AP_SAT>",False,True,1000.0,0.0,-12.0,1.0,0.10000000149011612,0.5344167351722717,0.0,17.312835693359375,17.312835693359375,17.315210154516382,17.315210154516382,6.179136030279232,6.179136030279232,6.179136030279232,6.179136030279232,5.179136030279234,5.179136030279234,6.1791360302792295,6.1791360302792295,1.0,0.0,0.0,1.0,1.0
0.4073802778041126,4.0,gt-order-1,"ap_fixed<16,6,AP_RND,AP_SAT>",False,True,1000.0,0.0,-12.0,0.44933152198791504,0.10000000149011612,0.5455447435379028,0.0,17.312835693359375,17.312835693359375,17.315210154516382,17.315210154516382,7.053875210854065,6.646970613493325,7.053875210854065,6.646970613493325,6.053875210854068,5.646970613493323,7.053875210854059,3.1695284844058795,1.0,0.0,0.0,1.0,1.0
0.46505037616660627,4.0,gt-order-1,"ap_fixed<16,6,AP_RND,AP_SAT>",False,True,1000.0,0.0,-12.0,0.4770696759223938,0.10000000149011612,0.55901700258255,0.0,17.312835693359375,17.312835693359375,17.315210154516382,17.315210154516382,8.052444880347283,6.6431128621334326,8.052444880347283,6.6431128621334326,7.052444880347287,5.643112862133432,8.052444880347275,3.8415772694502133,1.0,0.0,0.0,1.0,1.0
0.5308844442309882,4.0,gt-order-1,"ap_fixed<16,6,AP_RND,AP_SAT>",False,True,1000.0,0.0,-12.0,0.47678571939468384,0.10000000149011612,0.5455447435379028,0.0,17.312835693359375,17.312835693359375,17.315210154516382,17.315210154516382,9.192375727979588,6.65619537141287,9.192375727979588,6.65619537141287,8.192375727979586,5.656195371412869,9.192375727979577,4.382793474410973,1.0,0.0,0.0,1.0,1.0
0.606038200527066,4.0,gt-order-1,"ap_fixed<16,6,AP_RND,AP_SAT>",False,True,1000.0,0.0,-12.0,0.6054122447967529,0.08106771111488342,0.5455446839332581,0.0,17.312835693359375,17.312835693359375,17.315210154516382,17.315210154516382,10.493679015887142,6.536989990212325,10.493679015887142,6.536989990212325,9.493679015887146,5.5369899902123265,10.493679015887135,6.353001769184813,1.0,0.0,0.0,1.0,1.0
0.6918309709189363,4.0,gt-order-1,"ap_fixed<16,6,AP_RND,AP_SAT>",False,True,1000.0,0.0,-12.0,0.47090402245521545,0.03891351819038391,0.5367421507835388,0.0,17.312835693359375,17.312835693359375,17.315210154516382,17.315210154516382,11.97919902998515,6.585362246081932,11.97919902998515,6.585362246081932,10.979199029985152,5.585362246081933,11.979199029985143,5.641053009011618,1.0,0.0,0.0,1.0,1.0
0.7897688493998856,4.0,gt-order-1,"ap_fixed<16,6,AP_RND,AP_SAT>",False,True,1000.0,1.52587890625e-05,-4.816479902161777,0.11675567924976349,0.04521133005619049,0.4709520637989044,0.0,17.313739776611328,17.313739776611328,17.315210154516382,17.315210154516382,13.675014037978118,4.5318015291713785,13.675014037978118,4.5318015291713785,12.675014037978118,3.5318015291713816,13.675014037978109,1.5966355527541851,1.0,0.0,0.0,1.0,1.0
0.9015711376059565,4.0,gt-order-1,"ap_fixed<16,6,AP_RND,AP_SAT>",False,True,1000.0,0.0,-12.0,0.4184551537036896,0.0,0.5455446839332581,0.0,17.312835693359375,17.312835693359375,17.315210154516382,17.315210154516382,15.610894011052384,6.731511439751905,15.610894011052384,6.731511439751905,14.61089401105239,5.7315114397519045,15.610894011052372,6.532459052846927,1.0,0.0,0.0,1.0,1.0
1.0292005271944276,4.0,gt-order-1,"ap_fixed<16,6,AP_RND,AP_SAT>",False,True,1000.0,1.52587890625e-05,-4.816479902161777,0.10184997320175171,0.013886325061321259,0.5793654322624207,0.0,17.24398422241211,17.24398422241211,17.315210154516382,17.315210154516382,17.82082388182002,3.5507805295210386,17.82082388182002,3.5507805295210386,16.82082388182002,2.5507805295210417,17.820823881820008,1.8150504347965046,1.0,0.0,0.0,1.0,1.0
1.174897554939529,4.0,gt-order-1,"ap_fixed<16,6,AP_RND,AP_SAT>",True,False,,103.36970520019531,,0.0,0.0,0.9999997615814209,0.0,244.1424102783203,244.1424102783203,17.315210154516375,17.315210154516375,20.34359801488227,2.0343598318025506,20.34359801488227,2.0343598318025506,19.343598014882286,1.0343598318025504,20.343598014882268,0.0,1.0,0.0,0.0,1.0,1.0
1.3412199354053709,4.0,gt-order-1,"ap_fixed<16,6,AP_RND,AP_SAT>",True,False,,164.75152587890625,,0.0,0.0,0.9999998807907104,0.0,17.31468963623047,17.31468963623047,17.315210154516375,17.315210154516375,23.22350446721778,2.322350481327496,23.22350446721778,2.322350481327496,22.223504467217797,1.3223504813274958,23.223504467217765,0.0,1.0,0.0,0.0,1.0,1.0
1.5310874616820287,4.0,gt-order-1,"ap_fixed<16,6,AP_RND,AP_SAT>",True,False,,181.91883850097656,,0.0,0.0,0.9999999403953552,0.0,17.313865661621094,17.313865661621094,17.31521015451637,17.31521015451637,26.51110213459621,2.651110252964241,26.51110213459621,2.651110252964241,25.511102134596232,1.6511102529642414,26.511102134596204,0.0,1.0,0.0,0.0,1.0,1.0
1.7478332624182173,4.0,gt-order-1,"ap_fixed<16,6,AP_RND,AP_SAT>",True,False,,227.81869506835938,,0.0,0.0,0.9999998807907104,0.0,244.1424102783203,244.1424102783203,17.315210154516375,17.315210154516375,30.264100072620128,3.026410052359036,30.264100072620128,3.026410052359036,29.26410007262014,2.0264100523590365,30.264100072620117,0.0,1.0,0.0,0.0,1.0,1.0
1.9952623149688795,4.0,gt-order-1,"ap_fixed<16,6,AP_RND,AP_SAT>",True,False,,119.5504150390625,,0.0,0.0,1.0,0.0,17.307533264160156,17.307533264160156,17.315210154516375,17.315210154516375,34.548385435407596,3.4548385950218643,34.548385435407596,3.4548385950218643,33.548385435407596,2.4548385950218647,34.548385435407596,0.0,1.0,0.0,0.0,1.0,1.0
