eta,gamma,controller,precision,diverged,converged,converged_step,final_loss,log_final_loss,final_alpha,min_alpha,min_update_cosine,max_grad_sat,max_curvature_proxy,max_curvature_for_control,max_hessian_lambda,max_hessian_spectral_norm,max_margin_lambda_raw,max_margin_lambda_ctrl,max_margin_norm_raw,max_margin_norm_ctrl,max_spectral_radius_raw,max_spectral_radius_ctrl,final_margin_lambda_raw,final_margin_lambda_ctrl,min_controller_feasible,min_alpha_min_bound,max_alpha_min_bound,min_alpha_max_bound,max_alpha_max_bound
0.01,1.0,none,"ap_fixed<16,6,AP_RND,AP_SAT>",False,True,500.0,0.0912628173828125,-1.0397061282068334,1.0,1.0,0.6084535121917725,0.0,1.1013003587722778,1.1013003587722778,1.082200634657274,1.082200634657274,0.010822006104682048,0.010822006104682048,0.010822006104682048,0.010822006104682048,0.9992320035581912,0.9992320035581912,0.010822006104682034,0.010822006104682034,1.0,0.0,0.0,1.0,1.0
0.012469049049711741,1.0,none,"ap_fixed<16,6,AP_RND,AP_SAT>",False,True,500.0,0.0782318115234375,-1.1066166131777484,1.0,1.0,0.637397825717926,0.0,1.095267415046692,1.095267415046692,1.0822006346572737,1.0822006346572737,0.013494012321283725,0.013494012321283725,0.013494012321283725,0.013494012321283725,0.9990423814819336,0.9990423814819336,0.013494012321283713,0.013494012321283713,1.0,0.0,0.0,1.0,1.0
0.015547718420411735,1.0,none,"ap_fixed<16,6,AP_RND,AP_SAT>",False,True,500.0,0.0658416748046875,-1.1814991305658746,1.0,1.0,0.7165006399154663,0.0,1.0832123756408691,1.0832123756408691,1.082200634657274,1.082200634657274,0.016825751209928012,0.016825751209928012,0.016825751209928012,0.016825751209928012,0.9988059406975942,0.9988059406975942,0.016825751209928002,0.016825751209928002,1.0,0.0,0.0,1.0,1.0
0.019386526359522076,1.0,none,"ap_fixed<16,6,AP_RND,AP_SAT>",False,True,500.0,0.05084228515625,-1.293774937880407,1.0,1.0,0.7551596760749817,0.0,1.0838923454284668,1.0838923454284668,1.082200634657274,1.082200634657274,0.020980110954404354,0.020980110954404354,0.020980110954404354,0.020980110954404354,0.9985111216528727,0.9985111216528727,0.020980110954404343,0.020980110954404343,1.0,0.0,0.0,1.0,1.0
0.024173154808041036,1.0,none,"ap_fixed<16,6,AP_RND,AP_SAT>",False,True,500.0,0.0342559814453125,-1.4652635852716793,1.0,1.0,0.7692245244979858,0.0,1.0779151916503906,1.0779151916503906,1.082200634657274,1.082200634657274,0.02616020414474567,0.02616020414474567,0.02616020414474567,0.02616020414474567,0.9981435102229825,0.9981435102229825,0.02616020414474565,0.02616020414474565,1.0,0.0,0.0,1.0,1.0
0.03014162529877389,1.0,none,"ap_fixed<16,6,AP_RND,AP_SAT>",False,True,500.0,0.02130126953125,-1.6715945123161686,1.0,1.0,0.75350022315979,0.0,1.0792039632797241,1.0792039632797241,1.082200634657274,1.082200634657274,0.0326192863034584,0.0326192863034584,0.0326192863034584,0.0326192863034584,0.9976851338307258,0.9976851338307258,0.03261928630345836,0.03261928630345836,1.0,0.0,0.0,1.0,1.0
0.037583740428844416,1.0,none,"ap_fixed<16,6,AP_RND,AP_SAT>",False,True,500.0,0.013031005859375,-1.8850220599013663,1.0,1.0,0.7299799919128418,0.0,1.0754789113998413,1.0754789113998413,1.0822006346572737,1.0822006346572737,0.0406731497598291,0.0406731497598291,0.0406731497598291,0.0406731497598291,0.997113581900568,0.997113581900568,0.040673149759829066,0.040673149759829066,1.0,0.0,0.0,1.0,1.0
0.046863350287889544,1.0,none,"ap_fixed<16,6,AP_RND,AP_SAT>",False,True,500.0,0.007110595703125,-2.1480940138726217,1.0,1.0,0.6498126983642578,0.0,1.075677752494812,1.075677752494812,1.0822006346572737,1.0822006346572737,0.050715548213020156,0.050715548213020156,0.050715548213020156,0.050715548213020156,0.996400911236305,0.996400911236305,0.05071554821302015,0.05071554821302015,1.0,0.0,0.0,1.0,1.0
0.05843414133735175,1.0,none,"ap_fixed<16,6,AP_RND,AP_SAT>",False,True,500.0,0.0035858154296875,-2.4454120682308482,1.0,1.0,0.3963119685649872,0.0,1.0747421979904175,1.0747421979904175,1.0822006346572737,1.0822006346572737,0.06323746332564908,0.06323746332564908,0.06323746332564908,0.06323746332564908,0.9955122787444998,0.9955122787444998,0.06323746332564907,0.06323746332564907,1.0,0.0,0.0,1.0,1.0
0.07286181745132274,1.0,none,"ap_fixed<16,6,AP_RND,AP_SAT>",False,True,500.0,0.0021820068359375,-2.6611438929596027,1.0,1.0,0.37542223930358887,0.0,1.0733598470687866,1.0733598470687866,1.082200634657274,1.082200634657274,0.07885110834341007,0.07885110834341007,0.07885110834341007,0.07885110834341007,0.994404237989272,0.994404237989272,0.07885110834340998,0.07885110834340998,1.0,0.0,0.0,1.0,1.0
0.09085175756516867,1.0,none,"ap_fixed<16,6,AP_RND,AP_SAT>",False,True,500.0,0.0014190673828125,-2.8479969817637216,1.0,1.0,0.3592585027217865,0.0,1.073255181312561,1.073255181312561,1.0822006346572737,1.0822006346572737,0.09831982578454528,0.09831982578454528,0.09831982578454528,0.09831982578454528,0.993022617467462,0.993022617467462,0.09831982578454519,0.09831982578454519,1.0,0.0,0.0,1.0,1.0
0.11328350213326084,1.0,none,"ap_fixed<16,6,AP_RND,AP_SAT>",False,True,500.0,0.0008544921875,-3.06829190310925,1.0,1.0,0.37459373474121094,0.0,1.073835849761963,1.073835849761963,1.0822006346572737,1.0822006346572737,0.12259547567773055,0.12259547567773055,0.12259547567773055,0.12259547567773055,0.9912998673081818,0.9912998673081818,0.1225954756777305,0.1225954756777305,1.0,0.0,0.0,1.0,1.0
0.1412537544622754,1.0,none,"ap_fixed<16,6,AP_RND,AP_SAT>",False,True,500.0,0.0005645751953125,-3.248278205787463,1.0,1.0,0.35457244515419006,0.0,1.0730421543121338,1.0730421543121338,1.082200634657274,1.082200634657274,0.15286490276391557,0.15286490276391557,0.15286490276391557,0.15286490276391557,0.9891517616729671,0.9891517616729671,0.15286490276391543,0.15286490276391543,1.0,0.0,0.0,1.0,1.0
0.17612999928460507,1.0,none,"ap_fixed<16,6,AP_RND,AP_SAT>",False,True,500.0,0.0003814697265625,-3.418539920813185,1.0,1.0,0.4084497392177582,0.0,1.0738611221313477,1.0738611221313477,1.0822006346572737,1.0822006346572737,0.19060799429379932,0.19060799429379932,0.19060799429379932,0.19060799429379932,0.9864732786156264,0.9864732786156264,0.19060799429379915,0.19060799429379915,1.0,0.0,0.0,1.0,1.0
0.21961736002054355,1.0,none,"ap_fixed<16,6,AP_RND,AP_SAT>",False,True,500.0,0.000213623046875,-3.6703518929124668,1.0,1.0,0.41630545258522034,0.0,1.0737076997756958,1.0737076997756958,1.082200634657274,1.082200634657274,0.2376700537227322,0.2376700537227322,0.2376700537227322,0.2376700537227322,0.983133463997522,0.983133463997522,0.23767005372273217,0.23767005372273217,1.0,0.0,0.0,1.0,1.0
0.27384196342643613,1.0,none,"ap_fixed<16,6,AP_RND,AP_SAT>",False,True,500.0,0.0001220703125,-3.913389940074015,1.0,1.0,0.45363837480545044,0.0,1.073965311050415,1.073965311050415,1.0822006346572737,1.0822006346572737,0.29635196143446685,0.29635196143446685,0.29635196143446685,0.29635196143446685,0.9789690331253483,0.9789690331253483,0.2963519614344667,0.2963519614344667,1.0,0.0,0.0,1.0,1.0
0.34145488738336005,1.0,none,"ap_fixed<16,6,AP_RND,AP_SAT>",False,True,500.0,9.1552734375e-05,-4.038328675496402,1.0,1.0,0.511101245880127,0.0,1.0742675065994263,1.0742675065994263,1.082200634657274,1.082200634657274,0.3695227022908524,0.3695227022908524,0.3695227022908524,0.3695227022908524,0.9737763851006964,0.9737763851006964,0.36952270229085216,0.36952270229085216,1.0,0.0,0.0,1.0,1.0
0.42576177390469155,1.0,none,"ap_fixed<16,6,AP_RND,AP_SAT>",False,True,500.0,4.57763671875e-05,-4.339358666416729,1.0,1.0,0.4902903139591217,0.0,1.0746105909347534,1.0746105909347534,1.082200634657274,1.082200634657274,0.46075964610686715,0.46075964610686715,0.46075964610686715,0.46075964610686715,0.9673016476504993,0.9673016476504993,0.46075964610686676,0.46075964610686676,1.0,0.0,0.0,1.0,1.0
0.5308844442309882,1.0,none,"ap_fixed<16,6,AP_RND,AP_SAT>",False,True,500.0,4.57763671875e-05,-4.339358666416729,1.0,1.0,0.41039133071899414,0.0,1.0745593309402466,1.0745593309402466,1.082200634657274,1.082200634657274,0.5745234829987242,0.5745234829987242,0.5745234829987242,0.5745234829987242,0.9592282626334913,0.9592282626334913,0.5745234829987237,0.5745234829987237,1.0,0.0,0.0,1.0,1.0
0.6619624174845152,1.0,none,"ap_fixed<16,6,AP_RND,AP_SAT>",False,True,500.0,1.52587890625e-05,-4.816479902161777,1.0,1.0,0.5207556486129761,0.0,1.0747700929641724,1.0747700929641724,1.0822006346572737,1.0822006346572737,0.7163761185187895,0.7163761185187895,0.7163761185187895,0.7163761185187895,0.9491615228546683,0.9491615228546683,0.716376118518789,0.716376118518789,1.0,0.0,0.0,1.0,1.0
0.8254041852680182,1.0,none,"ap_fixed<16,6,AP_RND,AP_SAT>",False,True,500.0,1.52587890625e-05,-4.816479902161777,1.0,1.0,0.5144957304000854,0.0,1.0746991634368896,1.0746991634368896,1.0822006346572737,1.0822006346572737,0.8932529135658605,0.8932529135658605,0.8932529135658605,0.8932529135658605,0.9366092522385948,0.9366092522385948,0.8932529135658598,0.8932529135658598,1.0,0.0,0.0,1.0,1.0
1.0292005271944276,1.0,none,"ap_fixed<16,6,AP_RND,AP_SAT>",False,True,500.0,1.52587890625e-05,-4.816479902161777,1.0,1.0,0.7071067690849304,0.0,1.0747134685516357,1.0747134685516357,1.082200634657274,1.082200634657274,1.1138014926137512,1.1138014926137512,1.1138014926137512,1.1138014926137512,0.9209577619033995,0.9209577619033995,1.1138014926137505,1.1138014926137505,1.0,0.0,0.0,1.0,1.0
1.2833151855576512,1.0,none,"ap_fixed<16,6,AP_RND,AP_SAT>",False,True,500.0,0.0,-12.0,1.0,1.0,0.6324555277824402,0.0,1.0748673677444458,1.0748673677444458,1.0822006346572737,1.0822006346572737,1.3888045041358772,1.3888045041358772,1.3888045041358772,1.3888045041358772,0.9014418484680488,0.9014418484680488,1.388804504135877,1.388804504135877,1.0,0.0,0.0,1.0,1.0
1.600171999495828,1.0,none,"ap_fixed<16,6,AP_RND,AP_SAT>",False,True,500.0,0.0,-12.0,1.0,1.0,0.6324555277824402,0.0,1.0749164819717407,1.0749164819717407,1.082200634657274,1.082200634657274,1.7317072003295033,1.7317072003295033,1.7317072003295033,1.7317072003295033,0.8771073537342533,0.8771073537342533,1.7317072003295018,1.7317072003295018,1.0,0.0,0.0,1.0,1.0
1.9952623149688795,1.0,none,"ap_fixed<16,6,AP_RND,AP_SAT>",True,False,,111.97543334960938,,1.0,1.0,0.9999998807907104,0.0,1.0822489261627197,1.0822489261627197,1.0822006346572735,1.0822006346572735,2.1592740897129747,2.1592740897129747,2.1592740897129747,2.1592740897129747,1.159274089712975,1.159274089712975,2.1592740897129743,2.1592740897129743,1.0,0.0,0.0,1.0,1.0
0.01,1.0594630943592953,none,"ap_fixed<16,6,AP_RND,AP_SAT>",False,True,500.0,0.0853271484375,-1.0689127678809844,1.0,1.0,0.5996925830841064,0.0,1.2168083190917969,1.2168083190917969,1.2147291416517956,1.2147291416517956,0.012147291145004834,0.012147291145004834,0.012147291145004834,0.012147291145004834,0.9991379531460766,0.9991379531460766,0.012147291145004829,0.012147291145004829,1.0,0.0,0.0,1.0,1.0
0.012469049049711741,1.0594630943592953,none,"ap_fixed<16,6,AP_RND,AP_SAT>",False,True,500.0,0.073699951171875,-1.1325327998662942,1.0,1.0,0.6915074586868286,0.0,1.213778018951416,1.213778018951416,1.2147291416517958,1.2147291416517958,0.015146516717450313,0.015146516717450313,0.015146516717450313,0.015146516717450313,0.9989251095632504,0.9989251095632504,0.015146516717450303,0.015146516717450303,1.0,0.0,0.0,1.0,1.0
0.015547718420411735,1.0594630943592953,none,"ap_fixed<16,6,AP_RND,AP_SAT>",False,True,500.0,0.060211181640625,-1.2203228497003138,1.0,1.0,0.7114343643188477,0.0,1.2145079374313354,1.2145079374313354,1.2147291416517956,1.2147291416517956,0.01888626717665466,0.01888626717665466,0.01888626717665466,0.01888626717665466,0.9986597137577715,0.9986597137577715,0.018886267176654644,0.018886267176654644,1.0,0.0,0.0,1.0,1.0
0.019386526359522076,1.0594630943592953,none,"ap_fixed<16,6,AP_RND,AP_SAT>",False,True,500.0,0.044921875,-1.3475421249485702,1.0,1.0,0.7534714341163635,0.0,1.2104829549789429,1.2104829549789429,1.2147291416517958,1.2147291416517958,0.0235493783271288,0.0235493783271288,0.0235493783271288,0.0235493783271288,0.9983287905709656,0.9983287905709656,0.023549378327128778,0.023549378327128778,1.0,0.0,0.0,1.0,1.0
0.024173154808041036,1.0594630943592953,none,"ap_fixed<16,6,AP_RND,AP_SAT>",False,True,500.0,0.02874755859375,-1.5413990321517335,1.0,1.0,0.7565265893936157,0.0,1.2122163772583008,1.2122163772583008,1.2147291416517958,1.2147291416517958,0.029363836342829727,0.029363836342829727,0.029363836342829727,0.029363836342829727,0.9979161606948992,0.9979161606948992,0.029363836342829696,0.029363836342829696,1.0,0.0,0.0,1.0,1.0
0.03014162529877389,1.0594630943592953,none,"ap_fixed<16,6,AP_RND,AP_SAT>",False,True,500.0,0.017303466796875,-1.7618668760417127,1.0,1.0,0.725561261177063,0.0,1.2080045938491821,1.2080045938491821,1.2147291416517956,1.2147291416517956,0.03661391093643439,0.03661391093643439,0.03661391093643439,0.03661391093643439,0.9974016505938796,0.9974016505938796,0.03661391093643437,0.03661391093643437,1.0,0.0,0.0,1.0,1.0
0.037583740428844416,1.0594630943592953,none,"ap_fixed<16,6,AP_RND,AP_SAT>",False,True,500.0,0.0100250244140625,-1.9989145610205974,1.0,1.0,0.6842737793922424,0.0,1.2097504138946533,1.2097504138946533,1.2147291416517956,1.2147291416517956,0.045654067012887115,0.045654067012887115,0.045654067012887115,0.045654067012887115,0.996760105247542,0.996760105247542,0.045654067012887094,0.045654067012887094,1.0,0.0,0.0,1.0,1.0
0.046863350287889544,1.0594630943592953,none,"ap_fixed<16,6,AP_RND,AP_SAT>",False,True,500.0,0.005157470703125,-2.2875632302618376,1.0,1.0,0.44257083535194397,0.0,1.2067681550979614,1.2067681550979614,1.2147291416517956,1.2147291416517956,0.05692627815609475,0.05692627815609475,0.05692627815609475,0.05692627815609475,0.9959601594788295,0.9959601594788295,0.056926278156094696,0.056926278156094696,1.0,0.0,0.0,1.0,1.0
0.05843414133735175,1.0594630943592953,none,"ap_fixed<16,6,AP_RND,AP_SAT>",False,True,500.0,0.003173828125,-2.4984165955241013,1.0,1.0,0.3621163070201874,0.0,1.2053345441818237,1.2053345441818237,1.2147291416517954,1.2147291416517954,0.07098165264903018,0.07098165264903018,0.07098165264903018,0.07098165264903018,0.9949627032379508,0.9949627032379508,0.0709816526490301,0.0709816526490301,1.0,0.0,0.0,1.0,1.0
0.07286181745132274,1.0594630943592953,none,"ap_fixed<16,6,AP_RND,AP_SAT>",False,True,500.0,0.0019683837890625,-2.7058902201038153,1.0,1.0,0.39056676626205444,0.0,1.205519199371338,1.205519199371338,1.2147291416517958,1.2147291416517958,0.08850737662579272,0.08850737662579272,0.08850737662579272,0.08850737662579272,0.9937189695497929,0.9937189695497929,0.08850737662579262,0.08850737662579262,1.0,0.0,0.0,1.0,1.0
0.09085175756516867,1.0594630943592953,none,"ap_fixed<16,6,AP_RND,AP_SAT>",False,True,500.0,0.001190185546875,-2.9243853275683223,1.0,1.0,0.3828379213809967,0.0,1.2047722339630127,1.2047722339630127,1.2147291416517956,1.2147291416517956,0.11036027309338821,0.11036027309338821,0.11036027309338821,0.11036027309338821,0.9921681529583292,0.9921681529583292,0.11036027309338813,0.11036027309338813,1.0,0.0,0.0,1.0,1.0
0.11328350213326084,1.0594630943592953,none,"ap_fixed<16,6,AP_RND,AP_SAT>",False,True,500.0,0.0007781982421875,-3.1089097539676858,1.0,1.0,0.5517104864120483,0.0,1.2057594060897827,1.2057594060897827,1.2147291416517954,1.2147291416517954,0.13760876880982917,0.13760876880982917,0.13760876880982917,0.13760876880982917,0.9902344312975808,0.9902344312975808,0.13760876880982909,0.13760876880982909,1.0,0.0,0.0,1.0,1.0
0.1412537544622754,1.0594630943592953,none,"ap_fixed<16,6,AP_RND,AP_SAT>",False,True,500.0,0.000518798828125,-3.2850010127443285,1.0,1.0,0.40075209736824036,0.0,1.2045774459838867,1.2045774459838867,1.2147291416517954,1.2147291416517954,0.17158505195471724,0.17158505195471724,0.17158505195471724,0.17158505195471724,0.9878232642609601,0.9878232642609601,0.17158505195471718,0.17158505195471718,1.0,0.0,0.0,1.0,1.0
0.17612999928460507,1.0594630943592953,none,"ap_fixed<16,6,AP_RND,AP_SAT>",False,True,500.0,0.000335693359375,-3.474057248507769,1.0,1.0,0.35993099212646484,0.0,1.20522141456604,1.20522141456604,1.2147291416517956,1.2147291416517956,0.21395023980354952,0.21395023980354952,0.21395023980354952,0.21395023980354952,0.9848167687003431,0.9848167687003431,0.21395023980354932,0.21395023980354932,1.0,0.0,0.0,1.0,1.0
0.21961736002054355,1.0594630943592953,none,"ap_fixed<16,6,AP_RND,AP_SAT>",False,True,500.0,0.00018310546875,-3.7372986822042473,1.0,1.0,0.4103049635887146,0.0,1.2056416273117065,1.2056416273117065,1.2147291416517954,1.2147291416517954,0.26677561545358136,0.26677561545358136,0.26677561545358136,0.26677561545358136,0.9810679535659353,0.9810679535659353,0.2667756154535811,0.2667756154535811,1.0,0.0,0.0,1.0,1.0
0.27384196342643613,1.0594630943592953,none,"ap_fixed<16,6,AP_RND,AP_SAT>",False,True,500.0,0.0001068115234375,-3.9713818865434534,1.0,1.0,0.38359764218330383,0.0,1.206192970275879,1.206192970275879,1.2147291416517954,1.2147291416517954,0.332643829814535,0.332643829814535,0.332643829814535,0.332643829814535,0.9763935379875465,0.9763935379875465,0.3326438298145349,0.3326438298145349,1.0,0.0,0.0,1.0,1.0
0.34145488738336005,1.0594630943592953,none,"ap_fixed<16,6,AP_RND,AP_SAT>",False,True,500.0,7.62939453125e-05,-4.117509920595296,1.0,1.0,0.3881077468395233,0.0,1.2062515020370483,1.2062515020370483,1.2147291416517956,1.2147291416517956,0.4147752095125812,0.4147752095125812,0.4147752095125812,0.4147752095125812,0.9705649876851005,0.9705649876851005,0.4147752095125808,0.4147752095125808,1.0,0.0,0.0,1.0,1.0
0.42576177390469155,1.0594630943592953,none,"ap_fixed<16,6,AP_RND,AP_SAT>",False,True,500.0,4.57763671875e-05,-4.339358666416729,1.0,1.0,0.5052911639213562,0.0,1.2062411308288574,1.2062411308288574,1.2147291416517956,1.2147291416517956,0.51718521639976,0.51718521639976,0.51718521639976,0.51718521639976,0.9632973406686948,0.9632973406686948,0.5171852163997593,0.5171852163997593,1.0,0.0,0.0,1.0,1.0
0.5308844442309882,1.0594630943592953,none,"ap_fixed<16,6,AP_RND,AP_SAT>",False,True,500.0,3.0517578125e-05,-4.515449920728757,1.0,1.0,0.502518892288208,0.0,1.2064366340637207,1.2064366340637207,1.2147291416517956,1.2147291416517956,0.6448808058432324,0.6448808058432324,0.6448808058432324,0.6448808058432324,0.954235272440837,0.954235272440837,0.644880805843232,0.644880805843232,1.0,0.0,0.0,1.0,1.0
0.6619624174845152,1.0594630943592953,none,"ap_fixed<16,6,AP_RND,AP_SAT>",False,True,500.0,1.52587890625e-05,-4.816479902161777,1.0,1.0,0.4423258602619171,0.0,1.2065081596374512,1.2065081596374512,1.2147291416517958,1.2147291416517958,0.8041050057448563,0.8041050057448563,0.8041050057448563,0.8041050057448563,0.9429357391576353,0.9429357391576353,0.8041050057448558,0.8041050057448558,1.0,0.0,0.0,1.0,1.0
0.8254041852680182,1.0594630943592953,none,"ap_fixed<16,6,AP_RND,AP_SAT>",False,True,500.0,1.52587890625e-05,-4.816479902161777,1.0,1.0,0.5144957304000854,0.0,1.2064814567565918,1.2064814567565918,1.2147291416517956,1.2147291416517956,1.0026424955086588,1.0026424955086588,1.0026424955086588,1.0026424955086588,0.9288462918566879,0.9288462918566879,1.0026424955086584,1.0026424955086584,1.0,0.0,0.0,1.0,1.0
1.0292005271944276,1.0594630943592953,none,"ap_fixed<16,6,AP_RND,AP_SAT>",False,True,500.0,1.52587890625e-05,-4.816479902161777,1.0,1.0,0.6708203554153442,0.0,1.2066494226455688,1.2066494226455688,1.2147291416517958,1.2147291416517958,1.2501999054192636,1.2501999054192636,1.2501999054192636,1.2501999054192636,0.9112780880628149,0.9112780880628149,1.2501999054192632,1.2501999054192632,1.0,0.0,0.0,1.0,1.0
1.2833151855576512,1.0594630943592953,none,"ap_fixed<16,6,AP_RND,AP_SAT>",False,True,500.0,0.0,-12.0,1.0,1.0,0.6324555277824402,0.0,1.2067301273345947,1.2067301273345947,1.2147291416517956,1.2147291416517956,1.5588803491742462,1.5588803491742462,1.5588803491742462,1.5588803491742462,0.8893722160267932,0.8893722160267932,1.558880349174245,1.558880349174245,1.0,0.0,0.0,1.0,1.0
1.600171999495828,1.0594630943592953,none,"ap_fixed<16,6,AP_RND,AP_SAT>",False,True,500.0,0.000152587890625,-3.816479927777507,1.0,1.0,0.9995770454406738,0.0,1.2215403318405151,1.2215403318405151,1.2147291416517954,1.2147291416517954,1.943775612102347,1.943775612102347,1.943775612102347,1.943775612102347,0.9437756121023473,0.9437756121023473,1.9437756121023464,1.9437756121023464,1.0,0.0,0.0,1.0,1.0
1.9952623149688795,1.0594630943592953,none,"ap_fixed<16,6,AP_RND,AP_SAT>",True,False,,150.00149536132812,,1.0,1.0,0.9999998807907104,0.0,1.214548110961914,1.214548110961914,1.214729141651795,1.214729141651795,2.4237032187831513,2.4237032187831513,2.4237032187831513,2.4237032187831513,1.4237032187831509,1.4237032187831509,2.4237032187831513,2.4237032187831513,1.0,0.0,0.0,1.0,1.0
0.01,1.122462048309373,none,"ap_fixed<16,6,AP_RND,AP_SAT>",False,True,500.0,0.080352783203125,-1.0949990758482449,1.0,1.0,0.5873746871948242,0.0,1.3696179389953613,1.3696179389953613,1.363487359952976,1.363487359952976,0.013634873294766587,0.013634873294766587,0.013634873294766587,0.013634873294766587,0.9990323851184628,0.9990323851184628,0.013634873294766574,0.013634873294766574,1.0,0.0,0.0,1.0,1.0
0.012469049049711741,1.122462048309373,none,"ap_fixed<16,6,AP_RND,AP_SAT>",False,True,500.0,0.0703277587890625,-1.1528732224930034,1.0,1.0,0.6755750179290771,0.0,1.3597759008407593,1.3597759008407593,1.363487359952976,1.363487359952976,0.017001390172855423,0.017001390172855423,0.017001390172855423,0.017001390172855423,0.9987934762734912,0.9987934762734912,0.017001390172855412,0.017001390172855412,1.0,0.0,0.0,1.0,1.0
0.015547718420411735,1.122462048309373,none,"ap_fixed<16,6,AP_RND,AP_SAT>",False,True,500.0,0.0531158447265625,-1.2747759073312344,1.0,1.0,0.7121445536613464,0.0,1.3627482652664185,1.3627482652664185,1.363487359952976,1.363487359952976,0.021199118131838675,0.021199118131838675,0.021199118131838675,0.021199118131838675,0.9984955795527849,0.9984955795527849,0.021199118131838657,0.021199118131838657,1.0,0.0,0.0,1.0,1.0
0.019386526359522076,1.122462048309373,none,"ap_fixed<16,6,AP_RND,AP_SAT>",False,True,500.0,0.0382537841796875,-1.4173255966541296,1.0,1.0,0.7406183481216431,0.0,1.3616431951522827,1.3616431951522827,1.363487359952976,1.363487359952976,0.02643328342327269,0.02643328342327269,0.02643328342327269,0.02643328342327269,0.9981241308330991,0.9981241308330991,0.02643328342327267,0.02643328342327267,1.0,0.0,0.0,1.0,1.0
0.024173154808041036,1.122462048309373,none,"ap_fixed<16,6,AP_RND,AP_SAT>",False,True,500.0,0.0232391357421875,-1.6337800272689684,1.0,1.0,0.7300551533699036,0.0,1.3572478294372559,1.3572478294372559,1.363487359952976,1.363487359952976,0.03295979187486464,0.03295979187486464,0.03295979187486464,0.03295979187486464,0.9976609694552325,0.9976609694552325,0.032959791874864613,0.032959791874864613,1.0,0.0,0.0,1.0,1.0
0.03014162529877389,1.122462048309373,none,"ap_fixed<16,6,AP_RND,AP_SAT>",False,True,500.0,0.01348876953125,-1.8700276655784294,1.0,1.0,0.6933676600456238,0.0,1.3597314357757568,1.3597314357757568,1.3634873599529758,1.3634873599529758,0.04109772545045496,0.04109772545045496,0.04109772545045496,0.04109772545045496,0.9970834513908933,0.9970834513908933,0.04109772545045494,0.04109772545045494,1.0,0.0,0.0,1.0,1.0
0.037583740428844416,1.122462048309373,none,"ap_fixed<16,6,AP_RND,AP_SAT>",False,True,500.0,0.0073089599609375,-2.1361444171497164,1.0,1.0,0.61394864320755,0.0,1.3557630777359009,1.3557630777359009,1.363487359952976,1.363487359952976,0.05124495755314761,0.05124495755314761,0.05124495755314761,0.05124495755314761,0.9963633410842763,0.9963633410842763,0.05124495755314757,0.05124495755314757,1.0,0.0,0.0,1.0,1.0
0.046863350287889544,1.122462048309373,none,"ap_fixed<16,6,AP_RND,AP_SAT>",False,True,500.0,0.0040740966796875,-2.389968669152525,1.0,1.0,0.3925606310367584,0.0,1.355323076248169,1.355323076248169,1.363487359952976,1.363487359952976,0.0638975867570417,0.0638975867570417,0.0638975867570417,0.0638975867570417,0.9954654323143457,0.9954654323143457,0.06389758675704166,0.06389758675704166,1.0,0.0,0.0,1.0,1.0
0.05843414133735175,1.122462048309373,none,"ap_fixed<16,6,AP_RND,AP_SAT>",False,True,500.0,0.0026397705078125,-2.5784338273303837,1.0,1.0,0.3685435652732849,0.0,1.3543449640274048,1.3543449640274048,1.363487359952976,1.363487359952976,0.07967421119404432,0.07967421119404432,0.07967421119404432,0.07967421119404432,0.9943458255343155,0.9943458255343155,0.07967421119404425,0.07967421119404425,1.0,0.0,0.0,1.0,1.0
0.07286181745132274,1.122462048309373,none,"ap_fixed<16,6,AP_RND,AP_SAT>",False,True,500.0,0.0018157958984375,-2.7409329689919923,1.0,1.0,0.37413904070854187,0.0,1.3553833961486816,1.3553833961486816,1.3634873599529758,1.3634873599529758,0.09934617121950845,0.09934617121950845,0.09934617121950845,0.09934617121950845,0.9929497816651762,0.9929497816651762,0.09934617121950842,0.09934617121950842,1.0,0.0,0.0,1.0,1.0
0.09085175756516867,1.122462048309373,none,"ap_fixed<16,6,AP_RND,AP_SAT>",False,True,500.0,0.0010528564453125,-2.977630839473952,1.0,1.0,0.3695001006126404,0.0,1.3532243967056274,1.3532243967056274,1.3634873599529758,1.3634873599529758,0.12387521814054511,0.12387521814054511,0.12387521814054511,0.12387521814054511,0.9912090488899156,0.9912090488899156,0.12387521814054497,0.12387521814054497,1.0,0.0,0.0,1.0,1.0
0.11328350213326084,1.122462048309373,none,"ap_fixed<16,6,AP_RND,AP_SAT>",False,True,500.0,0.0006561279296875,-3.1830114743822073,1.0,1.0,0.4015378952026367,0.0,1.3528962135314941,1.3528962135314941,1.363487359952976,1.363487359952976,0.15446062044395847,0.15446062044395847,0.15446062044395847,0.15446062044395847,0.989038519704437,0.989038519704437,0.15446062044395834,0.15446062044395834,1.0,0.0,0.0,1.0,1.0
0.1412537544622754,1.122462048309373,none,"ap_fixed<16,6,AP_RND,AP_SAT>",False,True,500.0,0.0004730224609375,-3.3251182358713,1.0,1.0,0.3976459503173828,0.0,1.353568434715271,1.353568434715271,1.3634873599529758,1.3634873599529758,0.19259770880198002,0.19259770880198002,0.19259770880198002,0.19259770880198002,0.9863320762021057,0.9863320762021057,0.19259770880197996,0.19259770880197996,1.0,0.0,0.0,1.0,1.0
0.17612999928460507,1.122462048309373,none,"ap_fixed<16,6,AP_RND,AP_SAT>",False,True,500.0,0.00030517578125,-3.5154499335366216,1.0,1.0,0.4009978175163269,0.0,1.3537893295288086,1.3537893295288086,1.363487359952976,1.363487359952976,0.24015102431342633,0.24015102431342633,0.24015102431342633,0.24015102431342633,0.9829573990224518,0.9829573990224518,0.24015102431342614,0.24015102431342614,1.0,0.0,0.0,1.0,1.0
0.21961736002054355,1.122462048309373,none,"ap_fixed<16,6,AP_RND,AP_SAT>",False,True,500.0,0.00018310546875,-3.7372986822042473,1.0,1.0,0.551245927810669,0.0,1.353940725326538,1.353940725326538,1.363487359952976,1.363487359952976,0.29944550364537337,0.29944550364537337,0.29944550364537337,0.29944550364537337,0.978749496289932,0.978749496289932,0.2994455036453732,0.2994455036453732,1.0,0.0,0.0,1.0,1.0
0.27384196342643613,1.122462048309373,none,"ap_fixed<16,6,AP_RND,AP_SAT>",False,True,500.0,9.1552734375e-05,-4.038328675496402,1.0,1.0,0.4008188247680664,0.0,1.3542028665542603,1.3542028665542603,1.363487359952976,1.363487359952976,0.3733800744268964,0.3733800744268964,0.3733800744268964,0.3733800744268964,0.973502642182696,0.973502642182696,0.3733800744268962,0.3733800744268962,1.0,0.0,0.0,1.0,1.0
0.34145488738336005,1.122462048309373,none,"ap_fixed<16,6,AP_RND,AP_SAT>",False,True,500.0,7.62939453125e-05,-4.117509920595296,1.0,1.0,0.5252256989479065,0.0,1.3545969724655151,1.3545969724655151,1.363487359952976,1.363487359952976,0.4655694310776362,0.4655694310776362,0.4655694310776362,0.4655694310776362,0.9669603156435223,0.9669603156435223,0.4655694310776359,0.4655694310776359,1.0,0.0,0.0,1.0,1.0
0.42576177390469155,1.122462048309373,none,"ap_fixed<16,6,AP_RND,AP_SAT>",False,True,500.0,3.0517578125e-05,-4.515449920728757,1.0,1.0,0.5282705426216125,0.0,1.3548343181610107,1.3548343181610107,1.363487359952976,1.363487359952976,0.5805207771312012,0.5805207771312012,0.5805207771312012,0.5805207771312012,0.9588026576521652,0.9588026576521652,0.5805207771312009,0.5805207771312009,1.0,0.0,0.0,1.0,1.0
0.5308844442309882,1.122462048309373,none,"ap_fixed<16,6,AP_RND,AP_SAT>",False,True,500.0,3.0517578125e-05,-4.515449920728757,1.0,1.0,0.45883145928382874,0.0,1.354981541633606,1.354981541633606,1.3634873599529758,1.3634873599529758,0.7238542299626378,0.7238542299626378,0.7238542299626378,0.7238542299626378,0.9486308299436463,0.9486308299436463,0.7238542299626377,0.7238542299626377,1.0,0.0,0.0,1.0,1.0
0.6619624174845152,1.122462048309373,none,"ap_fixed<16,6,AP_RND,AP_SAT>",False,True,500.0,1.52587890625e-05,-4.816479902161777,1.0,1.0,0.5144957304000854,0.0,1.3550095558166504,1.3550095558166504,1.363487359952976,1.363487359952976,0.902577351455612,0.902577351455612,0.902577351455612,0.902577351455612,0.9359475326153309,0.9359475326153309,0.9025773514556117,0.9025773514556117,1.0,0.0,0.0,1.0,1.0
0.8254041852680182,1.122462048309373,none,"ap_fixed<16,6,AP_RND,AP_SAT>",False,True,500.0,1.52587890625e-05,-4.816479902161777,1.0,1.0,0.6246950626373291,0.0,1.3549944162368774,1.3549944162368774,1.363487359952976,1.363487359952976,1.1254281487960252,1.1254281487960252,1.1254281487960252,1.1254281487960252,0.9201326626706396,0.9201326626706396,1.125428148796024,1.125428148796024,1.0,0.0,0.0,1.0,1.0
1.0292005271944276,1.122462048309373,none,"ap_fixed<16,6,AP_RND,AP_SAT>",False,True,500.0,1.52587890625e-05,-4.816479902161777,1.0,1.0,0.5773502588272095,0.0,1.3551559448242188,1.3551559448242188,1.363487359952976,1.363487359952976,1.4033019460911291,1.4033019460911291,1.4033019460911291,1.4033019460911291,0.9004130205706086,0.9004130205706086,1.4033019460911287,1.4033019460911287,1.0,0.0,0.0,1.0,1.0
1.2833151855576512,1.122462048309373,none,"ap_fixed<16,6,AP_RND,AP_SAT>",False,True,500.0,0.0,-12.0,1.0,1.0,0.6324555277824402,0.0,1.3551174402236938,1.3551174402236938,1.3634873599529758,1.3634873599529758,1.7497840291275804,1.7497840291275804,1.7497840291275804,1.7497840291275804,0.8758245104697584,0.8758245104697584,1.7497840291275788,1.7497840291275788,1.0,0.0,0.0,1.0,1.0
1.600171999495828,1.122462048309373,none,"ap_fixed<16,6,AP_RND,AP_SAT>",True,False,,125.19708251953125,,1.0,1.0,0.9999999403953552,0.0,1.3634018898010254,1.3634018898010254,1.363487359952976,1.363487359952976,2.1818143541715798,2.1818143541715798,2.1818143541715798,2.1818143541715798,1.1818143541715775,1.1818143541715775,2.181814354171578,2.181814354171578,1.0,0.0,0.0,1.0,1.0
1.9952623149688795,1.122462048309373,none,"ap_fixed<16,6,AP_RND,AP_SAT>",True,False,,265.3290100097656,,1.0,1.0,0.9999998807907104,0.0,1.363385796546936,1.363385796546936,1.363487359952975,1.363487359952975,2.720514878398681,2.720514878398681,2.720514878398681,2.720514878398681,1.7205148783986806,1.7205148783986806,2.720514878398681,2.720514878398681,1.0,0.0,0.0,1.0,1.0
0.01,1.189207115002721,none,"ap_fixed<16,6,AP_RND,AP_SAT>",False,True,500.0,0.0758819580078125,-1.1198614713857509,1.0,1.0,0.5656885504722595,0.0,1.5298240184783936,1.5298240184783936,1.5304628124678654,1.5304628124678654,0.015304627782593559,0.015304627782593559,0.015304627782593559,0.015304627782593559,0.9989138890238175,0.9989138890238175,0.015304627782593548,0.015304627782593548,1.0,0.0,0.0,1.0,1.0
0.012469049049711741,1.189207115002721,none,"ap_fixed<16,6,AP_RND,AP_SAT>",False,True,500.0,0.0639801025390625,-1.1939550682133429,1.0,1.0,0.6689765453338623,0.0,1.5309311151504517,1.5309311151504517,1.5304628124678659,1.5304628124678659,0.019083415207244183,0.019083415207244183,0.019083415207244183,0.019083415207244183,0.9986457229137444,0.9986457229137444,0.01908341520724417,0.01908341520724417,1.0,0.0,0.0,1.0,1.0
0.015547718420411735,1.189207115002721,none,"ap_fixed<16,6,AP_RND,AP_SAT>",False,True,500.0,0.0467681884765625,-1.3300494517599792,1.0,1.0,0.7074658274650574,0.0,1.5278894901275635,1.5278894901275635,1.5304628124678654,1.5304628124678654,0.023795205522852286,0.023795205522852286,0.023795205522852286,0.023795205522852286,0.9983113451521974,0.9983113451521974,0.02379520552285227,0.02379520552285227,1.0,0.0,0.0,1.0,1.0
0.019386526359522076,1.189207115002721,none,"ap_fixed<16,6,AP_RND,AP_SAT>",False,True,500.0,0.031768798828125,-1.4979992054355113,1.0,1.0,0.7199899554252625,0.0,1.527949333190918,1.527949333190918,1.5304628124678656,1.5304628124678656,0.029670357407741096,0.029670357407741096,0.029670357407741096,0.029670357407741096,0.9978944080636538,0.9978944080636538,0.029670357407741085,0.029670357407741085,1.0,0.0,0.0,1.0,1.0
0.024173154808041036,1.189207115002721,none,"ap_fixed<16,6,AP_RND,AP_SAT>",False,True,500.0,0.01849365234375,-1.7329773107699482,1.0,1.0,0.6947178244590759,0.0,1.524484634399414,1.524484634399414,1.5304628124678654,1.5304628124678654,0.03699611544099722,0.03699611544099722,0.03699611544099722,0.03699611544099722,0.9973745269974948,0.9973745269974948,0.03699611544099719,0.03699611544099719,1.0,0.0,0.0,1.0,1.0
0.03014162529877389,1.189207115002721,none,"ap_fixed<16,6,AP_RND,AP_SAT>",False,True,500.0,0.0106048583984375,-1.9744951259926329,1.0,1.0,0.6367461681365967,0.0,1.5226573944091797,1.5226573944091797,1.5304628124678654,1.5304628124678654,0.0461306370167632,0.0461306370167632,0.0461306370167632,0.0461306370167632,0.9967262848914764,0.9967262848914764,0.04613063701676316,0.04613063701676316,1.0,0.0,0.0,1.0,1.0
0.037583740428844416,1.189207115002721,none,"ap_fixed<16,6,AP_RND,AP_SAT>",False,True,500.0,0.0053253173828125,-2.2736545035829665,1.0,1.0,0.3884862959384918,0.0,1.521662712097168,1.521662712097168,1.5304628124678656,1.5304628124678656,0.05752051992934613,0.05752051992934613,0.05752051992934613,0.05752051992934613,0.9959179884059609,0.9959179884059609,0.05752051992934604,0.05752051992934604,1.0,0.0,0.0,1.0,1.0
0.046863350287889544,1.189207115002721,none,"ap_fixed<16,6,AP_RND,AP_SAT>",False,True,500.0,0.0034637451171875,-2.4604540733051934,1.0,1.0,0.3812275528907776,0.0,1.5215849876403809,1.5215849876403809,1.5304628124678654,1.5304628124678654,0.0717226159995089,0.0717226159995089,0.0717226159995089,0.0717226159995089,0.9949101198941798,0.9949101198941798,0.07172261599950888,0.07172261599950888,1.0,0.0,0.0,1.0,1.0
0.05843414133735175,1.189207115002721,none,"ap_fixed<16,6,AP_RND,AP_SAT>",False,True,500.0,0.002227783203125,-2.6521270746443175,1.0,1.0,0.38714152574539185,0.0,1.5197954177856445,1.5197954177856445,1.5304628124678654,1.5304628124678654,0.08943127815237038,0.08943127815237038,0.08943127815237038,0.08943127815237038,0.9936534037811873,0.9936534037811873,0.0894312781523703,0.0894312781523703,1.0,0.0,0.0,1.0,1.0
0.07286181745132274,1.189207115002721,none,"ap_fixed<16,6,AP_RND,AP_SAT>",False,True,500.0,0.00152587890625,-2.8164799303390797,1.0,1.0,0.39446377754211426,0.0,1.5198192596435547,1.5198192596435547,1.5304628124678656,1.5304628124678656,0.11151230666176973,0.11151230666176973,0.11151230666176973,0.11151230666176973,0.9920863975285596,0.9920863975285596,0.11151230666176959,0.11151230666176959,1.0,0.0,0.0,1.0,1.0
0.09085175756516867,1.189207115002721,none,"ap_fixed<16,6,AP_RND,AP_SAT>",False,True,500.0,0.0010223388671875,-2.990405127498068,1.0,1.0,0.5350590944290161,0.0,1.5213583707809448,1.5213583707809448,1.5304628124678656,1.5304628124678656,0.13904523086813766,0.13904523086813766,0.13904523086813766,0.13904523086813766,0.9901324910623758,0.9901324910623758,0.13904523086813753,0.13904523086813753,1.0,0.0,0.0,1.0,1.0
0.11328350213326084,1.189207115002721,none,"ap_fixed<16,6,AP_RND,AP_SAT>",False,True,500.0,0.0006256103515625,-3.2036960732097706,1.0,1.0,0.5447069406509399,0.0,1.5199774503707886,1.5199774503707886,1.5304628124678652,1.5304628124678652,0.1733761841315089,0.1733761841315089,0.1733761841315089,0.1733761841315089,0.9876961544397644,0.9876961544397644,0.17337618413150882,0.17337618413150882,1.0,0.0,0.0,1.0,1.0
0.1412537544622754,1.189207115002721,none,"ap_fixed<16,6,AP_RND,AP_SAT>",False,True,500.0,0.0004119873046875,-3.3851161654105666,1.0,1.0,0.40176159143447876,0.0,1.5207481384277344,1.5207481384277344,1.5304628124678654,1.5304628124678654,0.21618361837847266,0.21618361837847266,0.21618361837847266,0.21618361837847266,0.9846582743385098,0.9846582743385098,0.21618361837847247,0.21618361837847247,1.0,0.0,0.0,1.0,1.0
0.17612999928460507,1.189207115002721,none,"ap_fixed<16,6,AP_RND,AP_SAT>",False,True,500.0,0.000244140625,-3.612359946188904,1.0,1.0,0.3870967626571655,0.0,1.521289587020874,1.521289587020874,1.5304628124678654,1.5304628124678654,0.26956041022664196,0.26956041022664196,0.26956041022664196,0.26956041022664196,0.9808703272990098,0.9808703272990098,0.26956041022664184,0.26956041022664184,1.0,0.0,0.0,1.0,1.0
0.21961736002054355,1.189207115002721,none,"ap_fixed<16,6,AP_RND,AP_SAT>",False,True,500.0,0.0001373291015625,-3.8622374180219383,1.0,1.0,0.4020903408527374,0.0,1.521360993385315,1.521360993385315,1.5304628124678654,1.5304628124678654,0.3361162128453909,0.3361162128453909,0.3361162128453909,0.3361162128453909,0.9761471162036642,0.9761471162036642,0.33611621284539056,0.33611621284539056,1.0,0.0,0.0,1.0,1.0
0.27384196342643613,1.189207115002721,none,"ap_fixed<16,6,AP_RND,AP_SAT>",False,True,500.0,9.1552734375e-05,-4.038328675496402,1.0,1.0,0.4629100263118744,0.0,1.5216946601867676,1.5216946601867676,1.5304628124678654,1.5304628124678654,0.4191049624739879,0.4191049624739879,0.4191049624739879,0.4191049624739879,0.9702577216263051,0.9702577216263051,0.41910496247398754,0.41910496247398754,1.0,0.0,0.0,1.0,1.0
0.34145488738336005,1.189207115002721,none,"ap_fixed<16,6,AP_RND,AP_SAT>",False,True,500.0,6.103515625e-05,-4.214419932180256,1.0,1.0,0.45566117763519287,0.0,1.521557331085205,1.521557331085205,1.5304628124678654,1.5304628124678654,0.5225840164082761,0.5225840164082761,0.5225840164082761,0.5225840164082761,0.9629142084171259,0.9629142084171259,0.5225840164082758,0.5225840164082758,1.0,0.0,0.0,1.0,1.0
0.42576177390469155,1.189207115002721,none,"ap_fixed<16,6,AP_RND,AP_SAT>",False,True,500.0,3.0517578125e-05,-4.515449920728757,1.0,1.0,0.5212860107421875,0.0,1.5218015909194946,1.5218015909194946,1.5304628124678654,1.5304628124678654,0.6516125395507081,0.6516125395507081,0.6516125395507081,0.6516125395507081,0.9537575469669833,0.9537575469669833,0.6516125395507075,0.6516125395507075,1.0,0.0,0.0,1.0,1.0
0.5308844442309882,1.189207115002721,none,"ap_fixed<16,6,AP_RND,AP_SAT>",False,True,500.0,3.0517578125e-05,-4.515449920728757,1.0,1.0,0.5299988985061646,0.0,1.521794080734253,1.521794080734253,1.5304628124678654,1.5304628124678654,0.8124989003518058,0.8124989003518058,0.8124989003518058,0.8124989003518058,0.9423400564623846,0.9423400564623846,0.8124989003518052,0.8124989003518052,1.0,0.0,0.0,1.0,1.0
0.6619624174845152,1.189207115002721,none,"ap_fixed<16,6,AP_RND,AP_SAT>",False,True,500.0,1.52587890625e-05,-4.816479902161777,1.0,1.0,0.4285714328289032,0.0,1.521921157836914,1.521921157836914,1.5304628124678652,1.5304628124678652,1.0131088210646801,1.0131088210646801,1.0131088210646801,1.0131088210646801,0.9281035366389342,0.9281035366389342,1.0131088210646793,1.0131088210646793,1.0,0.0,0.0,1.0,1.0
0.8254041852680182,1.189207115002721,none,"ap_fixed<16,6,AP_RND,AP_SAT>",False,True,500.0,0.0,-12.0,1.0,1.0,0.6708203554153442,0.0,1.521860122680664,1.521860122680664,1.5304628124678654,1.5304628124678654,1.263250383117795,1.263250383117795,1.263250383117795,1.263250383117795,0.9103519454205973,0.9103519454205973,1.2632503831177946,1.2632503831177946,1.0,0.0,0.0,1.0,1.0
1.0292005271944276,1.189207115002721,none,"ap_fixed<16,6,AP_RND,AP_SAT>",False,True,500.0,0.0,-12.0,1.0,1.0,0.4714045226573944,0.0,1.5220317840576172,1.5220317840576172,1.5304628124678654,1.5304628124678654,1.575153174306162,1.575153174306162,1.575153174306162,1.575153174306162,0.8882173956736881,0.8882173956736881,1.5751531743061609,1.5751531743061609,1.0,0.0,0.0,1.0,1.0
1.2833151855576512,1.189207115002721,none,"ap_fixed<16,6,AP_RND,AP_SAT>",False,True,500.0,0.00042724609375,-3.3693218982649826,1.0,1.0,0.999728798866272,0.0,1.537894368171692,1.537894368171692,1.5304628124678654,1.5304628124678654,1.9640661623165385,1.9640661623165385,1.9640661623165385,1.9640661623165385,0.9640661623165379,0.9640661623165379,1.9640661623165374,1.9640661623165374,1.0,0.0,0.0,1.0,1.0
1.600171999495828,1.189207115002721,none,"ap_fixed<16,6,AP_RND,AP_SAT>",True,False,,109.81088256835938,,1.0,1.0,0.9999998807907104,0.0,1.5306291580200195,1.5306291580200195,1.530462812467865,1.530462812467865,2.449003805127578,2.449003805127578,2.449003805127578,2.449003805127578,1.4490038051275769,1.4490038051275769,2.4490038051275778,2.4490038051275778,1.0,0.0,0.0,1.0,1.0
1.9952623149688795,1.189207115002721,none,"ap_fixed<16,6,AP_RND,AP_SAT>",True,False,,404.794677734375,,1.0,1.0,0.9999839067459106,0.0,1.5306240320205688,1.5306240320205688,1.5304628124678645,1.5304628124678645,3.0536746980172333,3.0536746980172333,3.0536746980172333,3.0536746980172333,2.0536746980172325,2.0536746980172325,3.0536746980172333,3.0536746980172333,1.0,0.0,0.0,1.0,1.0
0.01,1.2599210498948732,none,"ap_fixed<16,6,AP_RND,AP_SAT>",False,True,500.0,0.07171630859375,-1.1443820726819258,1.0,1.0,0.5435289740562439,0.0,1.722787618637085,1.722787618637085,1.7178864276879033,1.7178864276879033,0.017178863892901495,0.017178863892901495,0.017178863892901495,0.017178863892901495,0.9987808816462168,0.9987808816462168,0.017178863892901474,0.017178863892901474,1.0,0.0,0.0,1.0,1.0
0.012469049049711741,1.2599210498948732,none,"ap_fixed<16,6,AP_RND,AP_SAT>",False,True,500.0,0.0564727783203125,-1.248160845520897,1.0,1.0,0.6639506816864014,0.0,1.720842957496643,1.720842957496643,1.7178864276879031,1.7178864276879031,0.021420409376425826,0.021420409376425826,0.021420409376425826,0.021420409376425826,0.9984798753643342,0.9984798753643342,0.021420409376425822,0.021420409376425822,1.0,0.0,0.0,1.0,1.0
0.015547718420411735,1.2599210498948732,none,"ap_fixed<16,6,AP_RND,AP_SAT>",False,True,500.0,0.0405731201171875,-1.391761593281428,1.0,1.0,0.6995583176612854,0.0,1.7159440517425537,1.7159440517425537,1.7178864276879033,1.7178864276879033,0.02670921519866101,0.02670921519866101,0.02670921519866101,0.02670921519866101,0.9981045490163475,0.9981045490163475,0.026709215198661002,0.026709215198661002,1.0,0.0,0.0,1.0,1.0
0.019386526359522076,1.2599210498948732,none,"ap_fixed<16,6,AP_RND,AP_SAT>",False,True,500.0,0.025909423828125,-1.5865422446990032,1.0,1.0,0.6904890537261963,0.0,1.7129489183425903,1.7129489183425903,1.7178864276879033,1.7178864276879033,0.03330385023417736,0.03330385023417736,0.03330385023417736,0.03330385023417736,0.9976365529568628,0.9976365529568628,0.03330385023417734,0.03330385023417734,1.0,0.0,0.0,1.0,1.0
0.024173154808041036,1.2599210498948732,none,"ap_fixed<16,6,AP_RND,AP_SAT>",False,True,500.0,0.0146484375,-1.834208697554483,1.0,1.0,0.6396070122718811,0.0,1.7107627391815186,1.7107627391815186,1.7178864276879033,1.7178864276879033,0.04152673562239752,0.04152673562239752,0.04152673562239752,0.04152673562239752,0.997053006189141,0.997053006189141,0.04152673562239749,0.04152673562239749,1.0,0.0,0.0,1.0,1.0
0.03014162529877389,1.2599210498948732,none,"ap_fixed<16,6,AP_RND,AP_SAT>",False,True,500.0,0.007904052734375,-2.10215017082352,1.0,1.0,0.430473655462265,0.0,1.709357738494873,1.709357738494873,1.7178864276879033,1.7178864276879033,0.05177988944658439,0.05177988944658439,0.05177988944658439,0.05177988944658439,0.9963253790253682,0.9963253790253682,0.05177988944658436,0.05177988944658436,1.0,0.0,0.0,1.0,1.0
0.037583740428844416,1.2599210498948732,none,"ap_fixed<16,6,AP_RND,AP_SAT>",False,True,500.0,0.0046539306640625,-2.3321800911835955,1.0,1.0,0.3769422471523285,0.0,1.7093535661697388,1.7093535661697388,1.7178864276879036,1.7178864276879036,0.06456460078297395,0.06456460078297395,0.06456460078297395,0.06456460078297395,0.9954180968945368,0.9954180968945368,0.0645646007829739,0.0645646007829739,1.0,0.0,0.0,1.0,1.0
0.046863350287889544,1.2599210498948732,none,"ap_fixed<16,6,AP_RND,AP_SAT>",False,True,500.0,0.00299072265625,-2.524223859122009,1.0,1.0,0.37482109665870667,0.0,1.7076655626296997,1.7076655626296997,1.7178864276879036,1.7178864276879036,0.08050591466848506,0.08050591466848506,0.08050591466848506,0.08050591466848506,0.9942868027378096,0.9942868027378096,0.08050591466848502,0.08050591466848502,1.0,0.0,0.0,1.0,1.0
0.05843414133735175,1.2599210498948732,none,"ap_fixed<16,6,AP_RND,AP_SAT>",False,True,500.0,0.001953125,-2.709269960753472,1.0,1.0,0.3884690999984741,0.0,1.7059543132781982,1.7059543132781982,1.7178864276879031,1.7178864276879031,0.10038321591166695,0.10038321591166695,0.10038321591166695,0.10038321591166695,0.9928761865922763,0.9928761865922763,0.1003832159116669,0.1003832159116669,1.0,0.0,0.0,1.0,1.0
0.07286181745132274,1.2599210498948732,none,"ap_fixed<16,6,AP_RND,AP_SAT>",False,True,500.0,0.0012664794921875,-2.8974018379047104,1.0,1.0,0.5531591773033142,0.0,1.7062150239944458,1.7062150239944458,1.7178864276879033,1.7178864276879033,0.12516833246377737,0.12516833246377737,0.12516833246377737,0.12516833246377737,0.9911172815402476,0.9911172815402476,0.1251683324637773,0.1251683324637773,1.0,0.0,0.0,1.0,1.0
0.09085175756516867,1.2599210498948732,none,"ap_fixed<16,6,AP_RND,AP_SAT>",False,True,500.0,0.000823974609375,-3.084086170273658,1.0,1.0,0.5691744685173035,0.0,1.7057832479476929,1.7057832479476929,1.7178864276879038,1.7178864276879038,0.15607299504255037,0.15607299504255037,0.15607299504255037,0.15607299504255037,0.9889240956810338,0.9889240956810338,0.15607299504255023,0.15607299504255023,1.0,0.0,0.0,1.0,1.0
0.11328350213326084,1.2599210498948732,none,"ap_fixed<16,6,AP_RND,AP_SAT>",False,True,500.0,0.0005035400390625,-3.297965989883329,1.0,1.0,0.5492504239082336,0.0,1.7062360048294067,1.7062360048294067,1.7178864276879033,1.7178864276879033,0.19460818726040863,0.19460818726040863,0.19460818726040863,0.19460818726040863,0.986189400279042,0.986189400279042,0.19460818726040852,0.19460818726040852,1.0,0.0,0.0,1.0,1.0
0.1412537544622754,1.2599210498948732,none,"ap_fixed<16,6,AP_RND,AP_SAT>",False,True,500.0,0.000335693359375,-3.474057248507769,1.0,1.0,0.46204236149787903,0.0,1.7068685293197632,1.7068685293197632,1.7178864276879033,1.7178864276879033,0.2426579077096243,0.2426579077096243,0.2426579077096243,0.2426579077096243,0.9827794951503327,0.9827794951503327,0.2426579077096241,0.2426579077096241,1.0,0.0,0.0,1.0,1.0
0.17612999928460507,1.2599210498948732,none,"ap_fixed<16,6,AP_RND,AP_SAT>",False,True,500.0,0.0002288818359375,-3.6403886696705565,1.0,1.0,0.36364874243736267,0.0,1.7070716619491577,1.7070716619491577,1.7178864276879033,1.7178864276879033,0.3025713309712023,0.3025713309712023,0.3025713309712023,0.3025713309712023,0.9785276683478416,0.9785276683478416,0.3025713309712022,0.3025713309712022,1.0,0.0,0.0,1.0,1.0
0.21961736002054355,1.2599210498948732,none,"ap_fixed<16,6,AP_RND,AP_SAT>",False,True,500.0,0.0001068115234375,-3.9713818865434534,1.0,1.0,0.40492913126945496,0.0,1.7073451280593872,1.7073451280593872,1.7178864276879036,1.7178864276879036,0.37727769369442243,0.37727769369442243,0.37727769369442243,0.37727769369442243,0.973226043135134,0.973226043135134,0.3772776936944221,0.3772776936944221,1.0,0.0,0.0,1.0,1.0
0.27384196342643613,1.2599210498948732,none,"ap_fixed<16,6,AP_RND,AP_SAT>",False,True,500.0,6.103515625e-05,-4.214419932180256,1.0,1.0,0.44038552045822144,0.0,1.7073484659194946,1.7073484659194946,1.7178864276879038,1.7178864276879038,0.4704294158247174,0.4704294158247174,0.4704294158247174,0.4704294158247174,0.9666154212195308,0.9666154212195308,0.4704294158247169,0.4704294158247169,1.0,0.0,0.0,1.0,1.0
0.34145488738336005,1.2599210498948732,none,"ap_fixed<16,6,AP_RND,AP_SAT>",False,True,500.0,4.57763671875e-05,-4.339358666416729,1.0,1.0,0.5039526224136353,0.0,1.707635760307312,1.707635760307312,1.7178864276879033,1.7178864276879033,0.5865807269546183,0.5865807269546183,0.5865807269546183,0.5865807269546183,0.9583726063222672,0.9583726063222672,0.586580726954618,0.586580726954618,1.0,0.0,0.0,1.0,1.0
0.42576177390469155,1.2599210498948732,none,"ap_fixed<16,6,AP_RND,AP_SAT>",False,True,500.0,3.0517578125e-05,-4.515449920728757,1.0,1.0,0.4902903139591217,0.0,1.7079205513000488,1.7079205513000488,1.7178864276879033,1.7178864276879033,0.7314103476976264,0.7314103476976264,0.7314103476976264,0.7314103476976264,0.9480946013319456,0.9480946013319456,0.731410347697626,0.731410347697626,1.0,0.0,0.0,1.0,1.0
0.5308844442309882,1.2599210498948732,none,"ap_fixed<16,6,AP_RND,AP_SAT>",False,True,500.0,1.52587890625e-05,-4.816479902161777,1.0,1.0,0.5076730847358704,0.0,1.7081102132797241,1.7081102132797241,1.7178864276879036,1.7178864276879036,0.9119991822441098,0.9119991822441098,0.9119991822441098,0.9119991822441098,0.9352789015245241,0.9352789015245241,0.9119991822441091,0.9119991822441091,1.0,0.0,0.0,1.0,1.0
0.6619624174845152,1.2599210498948732,none,"ap_fixed<16,6,AP_RND,AP_SAT>",False,True,500.0,1.52587890625e-05,-4.816479902161777,1.0,1.0,0.45226702094078064,0.0,1.7083827257156372,1.7083827257156372,1.7178864276879033,1.7178864276879033,1.1371762053280532,1.1371762053280532,1.1371762053280532,1.1371762053280532,0.9192989482864415,0.9192989482864415,1.1371762053280516,1.1371762053280516,1.0,0.0,0.0,1.0,1.0
0.8254041852680182,1.2599210498948732,none,"ap_fixed<16,6,AP_RND,AP_SAT>",False,True,500.0,1.52587890625e-05,-4.816479902161777,1.0,1.0,0.547722578048706,0.0,1.7084019184112549,1.7084019184112549,1.7178864276879033,1.7178864276879033,1.417950616147473,1.417950616147473,1.417950616147473,1.417950616147473,0.8993734608015489,0.8993734608015489,1.417950616147472,1.417950616147472,1.0,0.0,0.0,1.0,1.0
1.0292005271944276,1.2599210498948732,none,"ap_fixed<16,6,AP_RND,AP_SAT>",False,True,500.0,0.0,-12.0,1.0,1.0,0.5163977742195129,0.0,1.7084097862243652,1.7084097862243652,1.7178864276879033,1.7178864276879033,1.768049662903449,1.768049662903449,1.768049662903449,1.768049662903449,0.8745282686978582,0.8745282686978582,1.768049662903448,1.768049662903448,1.0,0.0,0.0,1.0,1.0
1.2833151855576512,1.2599210498948732,none,"ap_fixed<16,6,AP_RND,AP_SAT>",True,False,,121.52499389648438,,1.0,1.0,0.9999999403953552,0.0,1.717759609222412,1.717759609222412,1.717886427687903,1.717886427687903,2.2045897331435427,2.2045897331435427,2.2045897331435427,2.2045897331435427,1.2045897331435418,1.2045897331435418,2.2045897331435422,2.2045897331435422,1.0,0.0,0.0,1.0,1.0
1.600171999495828,1.2599210498948732,none,"ap_fixed<16,6,AP_RND,AP_SAT>",True,False,,122.35928344726562,,1.0,1.0,0.9999998211860657,0.0,1.7176767587661743,1.7176767587661743,1.7178864276879025,1.7178864276879025,2.748913834371936,2.748913834371936,2.748913834371936,2.748913834371936,1.7489138343719346,1.7489138343719346,2.748913834371935,2.748913834371935,1.0,0.0,0.0,1.0,1.0
1.9952623149688795,1.2599210498948732,none,"ap_fixed<16,6,AP_RND,AP_SAT>",True,False,,286.312255859375,,1.0,1.0,1.0,0.0,1.7176798582077026,1.7176798582077026,1.717886427687903,1.717886427687903,3.427633965074149,3.427633965074149,3.427633965074149,3.427633965074149,2.4276339650741483,2.4276339650741483,3.4276339650741465,3.4276339650741465,1.0,0.0,0.0,1.0,1.0
0.01,1.3348398541700344,none,"ap_fixed<16,6,AP_RND,AP_SAT>",False,True,500.0,0.0638580322265625,-1.1947844682876194,1.0,1.0,0.5405827164649963,0.0,1.9259796142578125,1.9259796142578125,1.9282623165016357,1.9282623165016357,0.019282622734016142,0.019282622734016142,0.019282622734016142,0.019282622734016142,0.9986315859179283,0.9986315859179283,0.019282622734016132,0.019282622734016132,1.0,0.0,0.0,1.0,1.0
0.012469049049711741,1.3348398541700344,none,"ap_fixed<16,6,AP_RND,AP_SAT>",False,True,500.0,0.048614501953125,-1.313234159149653,1.0,1.0,0.656639039516449,0.0,1.928256630897522,1.928256630897522,1.9282623165016357,1.9282623165016357,0.024043596560799047,0.024043596560799047,0.024043596560799047,0.024043596560799047,0.9982937177908165,0.9982937177908165,0.024043596560799033,0.024043596560799033,1.0,0.0,0.0,1.0,1.0
0.015547718420411735,1.3348398541700344,none,"ap_fixed<16,6,AP_RND,AP_SAT>",False,True,500.0,0.034881591796875,-1.4574037045519856,1.0,1.0,0.6897782683372498,0.0,1.92421555519104,1.92421555519104,1.9282623165016355,1.9282623165016355,0.02998008037133608,0.02998008037133608,0.02998008037133608,0.02998008037133608,0.9978724282102245,0.9978724282102245,0.02998008037133606,0.02998008037133606,1.0,0.0,0.0,1.0,1.0
0.019386526359522076,1.3348398541700344,none,"ap_fixed<16,6,AP_RND,AP_SAT>",False,True,500.0,0.02069091796875,-1.684220241071665,1.0,1.0,0.6456456184387207,0.0,1.9231892824172974,1.9231892824172974,1.9282623165016355,1.9282623165016355,0.037382307913922976,0.037382307913922976,0.037382307913922976,0.037382307913922976,0.9973471203956339,0.9973471203956339,0.037382307913922955,0.037382307913922955,1.0,0.0,0.0,1.0,1.0
0.024173154808041036,1.3348398541700344,none,"ap_fixed<16,6,AP_RND,AP_SAT>",False,True,500.0,0.01141357421875,-1.942578332721187,1.0,1.0,0.47176364064216614,0.0,1.920730471611023,1.920730471611023,1.9282623165016355,1.9282623165016355,0.04661218468078073,0.04661218468078073,0.04661218468078073,0.04661218468078073,0.9966921112966239,0.9966921112966239,0.046612184680780704,0.046612184680780704,1.0,0.0,0.0,1.0,1.0
0.03014162529877389,1.3348398541700344,none,"ap_fixed<16,6,AP_RND,AP_SAT>",False,True,500.0,0.006744384765625,-2.171057661210214,1.0,1.0,0.3867949843406677,0.0,1.9177918434143066,1.9177918434143066,1.9282623165016357,1.9282623165016357,0.05812096071266521,0.05812096071266521,0.05812096071266521,0.05812096071266521,0.9958753774214307,0.9958753774214307,0.058120960712665155,0.058120960712665155,1.0,0.0,0.0,1.0,1.0
0.037583740428844416,1.3348398541700344,none,"ap_fixed<16,6,AP_RND,AP_SAT>",False,True,500.0,0.004180908203125,-2.3787293676994357,1.0,1.0,0.3925735056400299,0.0,1.9180889129638672,1.9180889129638672,1.9282623165016353,1.9282623165016353,0.07247131397233363,0.07247131397233363,0.07247131397233363,0.07247131397233363,0.9948569876642845,0.9948569876642845,0.07247131397233358,0.07247131397233358,1.0,0.0,0.0,1.0,1.0
0.046863350287889544,1.3348398541700344,none,"ap_fixed<16,6,AP_RND,AP_SAT>",False,True,500.0,0.0027008056640625,-2.5685066641010907,1.0,1.0,0.3916667103767395,0.0,1.9152002334594727,1.9152002334594727,1.9282623165016357,1.9282623165016357,0.09036483379152614,0.09036483379152614,0.09036483379152614,0.09036483379152614,0.9935871529101552,0.9935871529101552,0.09036483379152609,0.09036483379152609,1.0,0.0,0.0,1.0,1.0
0.05843414133735175,1.3348398541700344,none,"ap_fixed<16,6,AP_RND,AP_SAT>",False,True,500.0,0.001617431640625,-2.79117406509042,1.0,1.0,0.36811113357543945,0.0,1.9179909229278564,1.9179909229278564,1.9282623165016355,1.9282623165016355,0.1126763500380135,0.1126763500380135,0.1126763500380135,0.1126763500380135,0.9920037898248935,0.9920037898248935,0.11267635003801343,0.11267635003801343,1.0,0.0,0.0,1.0,1.0
0.07286181745132274,1.3348398541700344,none,"ap_fixed<16,6,AP_RND,AP_SAT>",False,True,500.0,0.0010223388671875,-2.990405127498068,1.0,1.0,0.3616431653499603,0.0,1.9158622026443481,1.9158622026443481,1.9282623165016357,1.9282623165016357,0.14049670270350306,0.14049670270350306,0.14049670270350306,0.14049670270350306,0.9900294856609425,0.9900294856609425,0.1404967027035029,0.1404967027035029,1.0,0.0,0.0,1.0,1.0
0.09085175756516867,1.3348398541700344,none,"ap_fixed<16,6,AP_RND,AP_SAT>",False,True,500.0,0.0006866455078125,-3.1632674162158683,1.0,1.0,0.39933496713638306,0.0,1.9153335094451904,1.9153335094451904,1.9282623165016357,1.9282623165016357,0.17518601353009314,0.17518601353009314,0.17518601353009314,0.17518601353009314,0.9875677177734893,0.9875677177734893,0.175186013530093,0.175186013530093,1.0,0.0,0.0,1.0,1.0
0.11328350213326084,1.3348398541700344,none,"ap_fixed<16,6,AP_RND,AP_SAT>",False,True,500.0,0.0003814697265625,-3.418539920813185,1.0,1.0,0.42201387882232666,0.0,1.9157060384750366,1.9157060384750366,1.9282623165016357,1.9282623165016357,0.21844030427668887,0.21844030427668887,0.21844030427668887,0.21844030427668887,0.984498125976557,0.984498125976557,0.21844030427668862,0.21844030427668862,1.0,0.0,0.0,1.0,1.0
0.1412537544622754,1.3348398541700344,none,"ap_fixed<16,6,AP_RND,AP_SAT>",False,True,500.0,0.000274658203125,-3.561207423939175,1.0,1.0,0.4248952567577362,0.0,1.9162100553512573,1.9162100553512573,1.9282623165016353,1.9282623165016353,0.27237429186011786,0.27237429186011786,0.27237429186011786,0.27237429186011786,0.9806706368880906,0.9806706368880906,0.27237429186011786,0.27237429186011786,1.0,0.0,0.0,1.0,1.0
0.17612999928460507,1.3348398541700344,none,"ap_fixed<16,6,AP_RND,AP_SAT>",False,True,500.0,0.0001678466796875,-3.7750872428780267,1.0,1.0,0.37165555357933044,0.0,1.9167593717575073,1.9167593717575073,1.9282623165016355,1.9282623165016355,0.3396248355898353,0.3396248355898353,0.3396248355898353,0.3396248355898353,0.9758981226748453,0.9758981226748453,0.3396248355898351,0.3396248355898351,1.0,0.0,0.0,1.0,1.0
0.21961736002054355,1.3348398541700344,none,"ap_fixed<16,6,AP_RND,AP_SAT>",False,True,500.0,9.1552734375e-05,-4.038328675496402,1.0,1.0,0.6056978702545166,0.0,1.917725682258606,1.917725682258606,1.9282623165016353,1.9282623165016353,0.4234798924319623,0.4234798924319623,0.4234798924319623,0.4234798924319623,0.9699472495898636,0.9699472495898636,0.42347989243196205,0.42347989243196205,1.0,0.0,0.0,1.0,1.0
0.27384196342643613,1.3348398541700344,none,"ap_fixed<16,6,AP_RND,AP_SAT>",False,True,500.0,6.103515625e-05,-4.214419932180256,1.0,1.0,0.5095246434211731,0.0,1.9177513122558594,1.9177513122558594,1.9282623165016353,1.9282623165016353,0.5280391651557304,0.5280391651557304,0.5280391651557304,0.5280391651557304,0.9625270773871476,0.9625270773871476,0.5280391651557301,0.5280391651557301,1.0,0.0,0.0,1.0,1.0
0.34145488738336005,1.3348398541700344,none,"ap_fixed<16,6,AP_RND,AP_SAT>",False,True,500.0,4.57763671875e-05,-4.339358666416729,1.0,1.0,0.41305702924728394,0.0,1.9178317785263062,1.9178317785263062,1.9282623165016357,1.9282623165016357,0.6584146036330493,0.6584146036330493,0.6584146036330493,0.6584146036330493,0.9532748305102772,0.9532748305102772,0.6584146036330493,0.6584146036330493,1.0,0.0,0.0,1.0,1.0
0.42576177390469155,1.3348398541700344,none,"ap_fixed<16,6,AP_RND,AP_SAT>",False,True,500.0,1.52587890625e-05,-4.816479902161777,1.0,1.0,0.4926646053791046,0.0,1.9180386066436768,1.9180386066436768,1.9282623165016355,1.9282623165016355,0.8209803562292983,0.8209803562292983,0.8209803562292983,0.8209803562292983,0.9417381599969398,0.9417381599969398,0.8209803562292978,0.8209803562292978,1.0,0.0,0.0,1.0,1.0
0.5308844442309882,1.3348398541700344,none,"ap_fixed<16,6,AP_RND,AP_SAT>",False,True,500.0,1.52587890625e-05,-4.816479902161777,1.0,1.0,0.5933908224105835,0.0,1.9182116985321045,1.9182116985321045,1.9282623165016357,1.9282623165016357,1.0236844691581164,1.0236844691581164,1.0236844691581164,1.0236844691581164,0.9273530233663105,0.9273530233663105,1.023684469158116,1.023684469158116,1.0,0.0,0.0,1.0,1.0
0.6619624174845152,1.3348398541700344,none,"ap_fixed<16,6,AP_RND,AP_SAT>",False,True,500.0,1.52587890625e-05,-4.816479902161777,1.0,1.0,0.6454972624778748,0.0,1.9182428121566772,1.9182428121566772,1.9282623165016353,1.9282623165016353,1.2764371314742018,1.2764371314742018,1.2764371314742018,1.2764371314742018,0.9094161323548838,0.9094161323548838,1.2764371314742013,1.2764371314742013,1.0,0.0,0.0,1.0,1.0
0.8254041852680182,1.3348398541700344,none,"ap_fixed<16,6,AP_RND,AP_SAT>",False,True,500.0,0.0,-12.0,1.0,1.0,0.6882472038269043,0.0,1.9184085130691528,1.9184085130691528,1.9282623165016357,1.9282623165016357,1.5915957514475338,1.5915957514475338,1.5915957514475338,1.5915957514475338,0.887050528899028,0.887050528899028,1.5915957514475323,1.5915957514475323,1.0,0.0,0.0,1.0,1.0
1.0292005271944276,1.3348398541700344,none,"ap_fixed<16,6,AP_RND,AP_SAT>",False,True,500.0,0.00274658203125,-2.561207425362271,1.0,1.0,0.9999551773071289,0.0,1.9304745197296143,1.9304745197296143,1.9282623165016353,1.9282623165016353,1.9845686441964934,1.9845686441964934,1.9845686441964934,1.9845686441964934,0.9845686441964926,0.9845686441964926,1.984568644196493,1.984568644196493,1.0,0.0,0.0,1.0,1.0
1.2833151855576512,1.3348398541700344,none,"ap_fixed<16,6,AP_RND,AP_SAT>",True,False,,162.49978637695312,,1.0,1.0,0.9999998211860657,0.0,1.9282459020614624,1.9282459020614624,1.9282623165016348,1.9282623165016348,2.4745683051286056,2.4745683051286056,2.4745683051286056,2.4745683051286056,1.4745683051286034,1.4745683051286034,2.474568305128605,2.474568305128605,1.0,0.0,0.0,1.0,1.0
1.600171999495828,1.3348398541700344,none,"ap_fixed<16,6,AP_RND,AP_SAT>",True,False,,126.61029052734375,,1.0,1.0,0.9999998807907104,0.0,1.9280887842178345,1.9280887842178345,1.9282623165016348,1.9282623165016348,3.085551450140692,3.085551450140692,3.085551450140692,3.085551450140692,2.08555145014069,2.08555145014069,3.085551450140692,3.085551450140692,1.0,0.0,0.0,1.0,1.0
1.9952623149688795,1.3348398541700344,none,"ap_fixed<16,6,AP_RND,AP_SAT>",True,False,,101.1558837890625,,1.0,1.0,1.0,0.0,1.9276636838912964,1.9276636838912964,1.9282623165016346,1.9282623165016346,3.8473890375332314,3.8473890375332314,3.8473890375332314,3.8473890375332314,2.8473890375332296,2.8473890375332296,3.847389037533231,3.847389037533231,1.0,0.0,0.0,1.0,1.0
0.01,1.4142135623730951,none,"ap_fixed<16,6,AP_RND,AP_SAT>",False,True,500.0,0.056640625,-1.2468719630692071,1.0,1.0,0.5376569032669067,0.0,2.159930944442749,2.159930944442749,2.164401270196561,2.164401270196561,0.021644012218184225,0.021644012218184225,0.021644012218184225,0.021644012218184225,0.9984640071308356,0.9984640071308356,0.021644012218184204,0.021644012218184204,1.0,0.0,0.0,1.0,1.0
0.012469049049711741,1.4142135623730951,none,"ap_fixed<16,6,AP_RND,AP_SAT>",False,True,500.0,0.042205810546875,-1.3746277548401173,1.0,1.0,0.6452575325965881,0.0,2.1562492847442627,2.1562492847442627,2.1644012701965605,2.1644012701965605,0.026988024653565312,0.026988024653565312,0.026988024653565312,0.026988024653565312,0.9980847629818891,0.9980847629818891,0.026988024653565295,0.026988024653565295,1.0,0.0,0.0,1.0,1.0
0.015547718420411735,1.4142135623730951,none,"ap_fixed<16,6,AP_RND,AP_SAT>",False,True,500.0,0.0282135009765625,-1.5495430194491329,1.0,1.0,0.6494451761245728,0.0,2.1584553718566895,2.1584553718566895,2.1644012701965605,2.1644012701965605,0.033651502433569305,0.033651502433569305,0.033651502433569305,0.033651502433569305,0.9976118814176601,0.9976118814176601,0.033651502433569284,0.033651502433569284,1.0,0.0,0.0,1.0,1.0
0.019386526359522076,1.4142135623730951,none,"ap_fixed<16,6,AP_RND,AP_SAT>",False,True,500.0,0.0164031982421875,-1.7850714663455989,1.0,1.0,0.4809684157371521,0.0,2.156724691390991,2.156724691390991,2.164401270196561,2.164401270196561,0.04196022192590788,0.04196022192590788,0.04196022192590788,0.04196022192590788,0.9970222433337654,0.9970222433337654,0.04196022192590785,0.04196022192590785,1.0,0.0,0.0,1.0,1.0
0.024173154808041036,1.4142135623730951,none,"ap_fixed<16,6,AP_RND,AP_SAT>",False,True,500.0,0.009002685546875,-2.0456279189333144,1.0,1.0,0.3836527466773987,0.0,2.1553359031677246,2.1553359031677246,2.164401270196561,2.164401270196561,0.05232040831081238,0.05232040831081238,0.05232040831081238,0.05232040831081238,0.9962870204809035,0.9962870204809035,0.05232040831081233,0.05232040831081233,1.0,0.0,0.0,1.0,1.0
0.03014162529877389,1.4142135623730951,none,"ap_fixed<16,6,AP_RND,AP_SAT>",False,True,500.0,0.005889892578125,-2.229892625878209,1.0,1.0,0.38201794028282166,0.0,2.154010534286499,2.154010534286499,2.164401270196561,2.164401270196561,0.0652385726335021,0.0652385726335021,0.0652385726335021,0.0652385726335021,0.9953702677050166,0.9953702677050166,0.06523857263350208,0.06523857263350208,1.0,0.0,0.0,1.0,1.0
0.037583740428844416,1.4142135623730951,none,"ap_fixed<16,6,AP_RND,AP_SAT>",False,True,500.0,0.0036468505859375,-2.438082029556474,1.0,1.0,0.36508995294570923,0.0,2.151651382446289,2.151651382446289,2.1644012701965605,2.1644012701965605,0.08134629955280755,0.08134629955280755,0.08134629955280755,0.08134629955280755,0.9942271638554577,0.9942271638554577,0.08134629955280753,0.08134629955280753,1.0,0.0,0.0,1.0,1.0
0.046863350287889544,1.4142135623730951,none,"ap_fixed<16,6,AP_RND,AP_SAT>",False,True,500.0,0.0023345947265625,-2.631788499620075,1.0,1.0,0.3562734127044678,0.0,2.1537845134735107,2.1537845134735107,2.164401270196561,2.164401270196561,0.10143109646737443,0.10143109646737443,0.10143109646737443,0.10143109646737443,0.9928018225403441,0.9928018225403441,0.10143109646737435,0.10143109646737435,1.0,0.0,0.0,1.0,1.0
0.05843414133735175,1.4142135623730951,none,"ap_fixed<16,6,AP_RND,AP_SAT>",False,True,500.0,0.0014801025390625,-2.8297081960640322,1.0,1.0,0.37390944361686707,0.0,2.151350975036621,2.151350975036621,2.164401270196561,2.164401270196561,0.1264749267028379,0.1264749267028379,0.1264749267028379,0.1264749267028379,0.9910245575734575,0.9910245575734575,0.12647492670283772,0.12647492670283772,1.0,0.0,0.0,1.0,1.0
0.07286181745132274,1.4142135623730951,none,"ap_fixed<16,6,AP_RND,AP_SAT>",False,True,500.0,0.0009765625,-3.0102999561950945,1.0,1.0,0.5350387096405029,0.0,2.1504905223846436,2.1504905223846436,2.164401270196561,2.164401270196561,0.1577022167510852,0.1577022167510852,0.1577022167510852,0.1577022167510852,0.988808476083855,0.988808476083855,0.15770221675108514,0.15770221675108514,1.0,0.0,0.0,1.0,1.0
0.09085175756516867,1.4142135623730951,none,"ap_fixed<16,6,AP_RND,AP_SAT>",False,True,500.0,0.0006103515625,-3.2144199385841885,1.0,1.0,0.3630046844482422,0.0,2.150521993637085,2.150521993637085,2.1644012701965605,2.1644012701965605,0.19663965164922298,0.19663965164922298,0.19663965164922298,0.19663965164922298,0.9860452350662371,0.9860452350662371,0.19663965164922295,0.19663965164922295,1.0,0.0,0.0,1.0,1.0
0.11328350213326084,1.4142135623730951,none,"ap_fixed<16,6,AP_RND,AP_SAT>",False,True,500.0,0.000335693359375,-3.474057248507769,1.0,1.0,0.3662058711051941,0.0,2.1526236534118652,2.1526236534118652,2.1644012701965605,2.1644012701965605,0.24519095145537864,0.24519095145537864,0.24519095145537864,0.24519095145537864,0.9825997347800985,0.9825997347800985,0.24519095145537848,0.24519095145537848,1.0,0.0,0.0,1.0,1.0
0.1412537544622754,1.4142135623730951,none,"ap_fixed<16,6,AP_RND,AP_SAT>",False,True,500.0,0.000244140625,-3.612359946188904,1.0,1.0,0.392586350440979,0.0,2.151580333709717,2.151580333709717,2.164401270196561,2.164401270196561,0.3057298056524188,0.3057298056524188,0.3057298056524188,0.3057298056524188,0.9783035235500966,0.9783035235500966,0.3057298056524186,0.3057298056524186,1.0,0.0,0.0,1.0,1.0
0.17612999928460507,1.4142135623730951,none,"ap_fixed<16,6,AP_RND,AP_SAT>",False,True,500.0,0.000152587890625,-3.816479927777507,1.0,1.0,0.4226926565170288,0.0,2.1520864963531494,2.1520864963531494,2.164401270196561,2.164401270196561,0.3812159887429477,0.3812159887429477,0.3812159887429477,0.3812159887429477,0.9729465574858237,0.9729465574858237,0.3812159887429474,0.3812159887429474,1.0,0.0,0.0,1.0,1.0
0.21961736002054355,1.4142135623730951,none,"ap_fixed<16,6,AP_RND,AP_SAT>",False,True,500.0,7.62939453125e-05,-4.117509920595296,1.0,1.0,0.412948340177536,0.0,2.1529338359832764,2.1529338359832764,2.1644012701965605,2.1644012701965605,0.47534010763916973,0.47534010763916973,0.47534010763916973,0.47534010763916973,0.9662669283124694,0.9662669283124694,0.47534010763916945,0.47534010763916945,1.0,0.0,0.0,1.0,1.0
0.27384196342643613,1.4142135623730951,none,"ap_fixed<16,6,AP_RND,AP_SAT>",False,True,500.0,4.57763671875e-05,-4.339358666416729,1.0,1.0,0.5078993439674377,0.0,2.1526894569396973,2.1526894569396973,2.1644012701965605,2.1644012701965605,0.5927039231104659,0.5927039231104659,0.5927039231104659,0.5927039231104659,0.9579380666464964,0.9579380666464964,0.5927039231104657,0.5927039231104657,1.0,0.0,0.0,1.0,1.0
0.34145488738336005,1.4142135623730951,none,"ap_fixed<16,6,AP_RND,AP_SAT>",False,True,500.0,3.0517578125e-05,-4.515449920728757,1.0,1.0,0.48827308416366577,0.0,2.1532163619995117,2.1532163619995117,2.164401270196561,2.164401270196561,0.7390454048828725,0.7390454048828725,0.7390454048828725,0.7390454048828725,0.9475527706949176,0.9475527706949176,0.7390454048828721,0.7390454048828721,1.0,0.0,0.0,1.0,1.0
0.42576177390469155,1.4142135623730951,none,"ap_fixed<16,6,AP_RND,AP_SAT>",False,True,500.0,1.52587890625e-05,-4.816479902161777,1.0,1.0,0.5980503559112549,0.0,2.153221368789673,2.153221368789673,2.1644012701965605,2.1644012701965605,0.9215192925892616,0.9215192925892616,0.9215192925892616,0.9215192925892616,0.9346032959163773,0.9346032959163773,0.9215192925892606,0.9215192925892606,1.0,0.0,0.0,1.0,1.0
0.5308844442309882,1.4142135623730951,none,"ap_fixed<16,6,AP_RND,AP_SAT>",False,True,500.0,1.52587890625e-05,-4.816479902161777,1.0,1.0,0.4856429398059845,0.0,2.153594493865967,2.153594493865967,2.1644012701965605,2.1644012701965605,1.1490469664656953,1.1490469664656953,1.1490469664656953,1.1490469664656953,0.9184565260343013,0.9184565260343013,1.1490469664656946,1.1490469664656946,1.0,0.0,0.0,1.0,1.0
0.6619624174845152,1.4142135623730951,none,"ap_fixed<16,6,AP_RND,AP_SAT>",False,True,500.0,1.52587890625e-05,-4.816479902161777,1.0,1.0,0.5252256989479065,0.0,2.1535732746124268,2.1535732746124268,2.1644012701965605,2.1644012701965605,1.4327522376214383,1.4327522376214383,1.4327522376214383,1.4327522376214383,0.8983230466661101,0.8983230466661101,1.4327522376214379,1.4327522376214379,1.0,0.0,0.0,1.0,1.0
0.8254041852680182,1.4142135623730951,none,"ap_fixed<16,6,AP_RND,AP_SAT>",False,True,500.0,0.0,-12.0,1.0,1.0,0.6255432367324829,0.0,2.153787136077881,2.153787136077881,2.164401270196561,2.164401270196561,1.7865058278597385,1.7865058278597385,1.7865058278597385,1.7865058278597385,0.8732185056701954,0.8732185056701954,1.7865058278597363,1.7865058278597363,1.0,0.0,0.0,1.0,1.0
1.0292005271944276,1.4142135623730951,none,"ap_fixed<16,6,AP_RND,AP_SAT>",True,False,,101.93583679199219,,1.0,1.0,0.9999998807907104,0.0,2.1641976833343506,2.1641976833343506,2.1644012701965596,2.1644012701965596,2.227602986135269,2.227602986135269,2.227602986135269,2.227602986135269,1.2276029861352686,1.2276029861352686,2.2276029861352686,2.2276029861352686,1.0,0.0,0.0,1.0,1.0
1.2833151855576512,1.4142135623730951,none,"ap_fixed<16,6,AP_RND,AP_SAT>",True,False,,168.59934997558594,,1.0,1.0,0.9999999403953552,0.0,2.1641244888305664,2.1641244888305664,2.16440127019656,2.16440127019656,2.7776090094036547,2.7776090094036547,2.7776090094036547,2.7776090094036547,1.7776090094036545,1.7776090094036545,2.7776090094036534,2.7776090094036534,1.0,0.0,0.0,1.0,1.0
1.600171999495828,1.4142135623730951,none,"ap_fixed<16,6,AP_RND,AP_SAT>",True,False,,377.9307861328125,,1.0,1.0,0.9999998807907104,0.0,2.164135217666626,2.164135217666626,2.164401270196559,2.164401270196559,3.4634144020703763,3.4634144020703763,3.4634144020703763,3.4634144020703763,2.463414402070374,2.463414402070374,3.463414402070376,3.463414402070376,1.0,0.0,0.0,1.0,1.0
1.9952623149688795,1.4142135623730951,none,"ap_fixed<16,6,AP_RND,AP_SAT>",True,False,,205.32427978515625,,1.0,1.0,0.9999999403953552,0.0,2.1637699604034424,2.1637699604034424,2.16440127019656,2.16440127019656,4.318548181185797,4.318548181185797,4.318548181185797,4.318548181185797,3.3185481811857946,3.3185481811857946,4.318548181185796,4.318548181185796,1.0,0.0,0.0,1.0,1.0
0.01,1.4983070768766815,none,"ap_fixed<16,6,AP_RND,AP_SAT>",False,True,500.0,0.0492706298828125,-1.307411885597723,1.0,1.0,0.5128872990608215,0.0,2.422713279724121,2.422713279724121,2.429458284496637,2.429458284496637,0.024294582301940124,0.024294582301940124,0.024294582301940124,0.024294582301940124,0.9982759062798022,0.9982759062798022,0.024294582301940117,0.024294582301940117,1.0,0.0,0.0,1.0,1.0
0.012469049049711741,1.4983070768766815,none,"ap_fixed<16,6,AP_RND,AP_SAT>",False,True,500.0,0.036407470703125,-1.4388094912774474,1.0,1.0,0.6230512261390686,0.0,2.4245283603668213,2.4245283603668213,2.4294582844966373,2.4294582844966373,0.030293033449776772,0.030293033449776772,0.030293033449776772,0.030293033449776772,0.9978502191111007,0.9978502191111007,0.030293033449776734,0.030293033449776734,1.0,0.0,0.0,1.0,1.0
0.015547718420411735,1.4983070768766815,none,"ap_fixed<16,6,AP_RND,AP_SAT>",False,True,500.0,0.0227813720703125,-1.6424201228796103,1.0,1.0,0.4967130720615387,0.0,2.4186620712280273,2.4186620712280273,2.4294582844966364,2.4294582844966364,0.03777253437185845,0.03777253437185845,0.03777253437185845,0.03777253437185845,0.9973194274963405,0.9973194274963405,0.037772534371858436,0.037772534371858436,1.0,0.0,0.0,1.0,1.0
0.019386526359522076,1.4983070768766815,none,"ap_fixed<16,6,AP_RND,AP_SAT>",False,True,500.0,0.0128631591796875,-1.8906523559651942,1.0,1.0,0.4103074073791504,0.0,2.418013572692871,2.418013572692871,2.4294582844966364,2.4294582844966364,0.04709875667738659,0.04709875667738659,0.04709875667738659,0.04709875667738659,0.9966575811179879,0.9966575811179879,0.04709875667738658,0.04709875667738658,1.0,0.0,0.0,1.0,1.0
0.024173154808041036,1.4983070768766815,none,"ap_fixed<16,6,AP_RND,AP_SAT>",False,True,500.0,0.008087158203125,-2.0922040609692085,1.0,1.0,0.3632843792438507,0.0,2.4175491333007812,2.4175491333007812,2.429458284496637,2.429458284496637,0.05872767271449913,0.05872767271449913,0.05872767271449913,0.05872767271449913,0.9958323213599429,0.9958323213599429,0.05872767271449907,0.05872767271449907,1.0,0.0,0.0,1.0,1.0
0.03014162529877389,1.4983070768766815,none,"ap_fixed<16,6,AP_RND,AP_SAT>",False,True,500.0,0.00537109375,-2.2699372670647104,1.0,1.0,0.37416863441467285,0.0,2.417633295059204,2.417633295059204,2.429458284496637,2.429458284496637,0.07322782190882911,0.07322782190882911,0.07322782190882911,0.07322782190882911,0.9948033011505327,0.9948033011505327,0.07322782190882902,0.07322782190882902,1.0,0.0,0.0,1.0,1.0
0.037583740428844416,1.4983070768766815,none,"ap_fixed<16,6,AP_RND,AP_SAT>",False,True,500.0,0.0033416748046875,-2.4760358156536175,1.0,1.0,0.37943360209465027,0.0,2.415031909942627,2.415031909942627,2.4294582844966373,2.4294582844966373,0.09130813407061336,0.09130813407061336,0.09130813407061336,0.09130813407061336,0.9935202104486661,0.9935202104486661,0.09130813407061326,0.09130813407061326,1.0,0.0,0.0,1.0,1.0
0.046863350287889544,1.4983070768766815,none,"ap_fixed<16,6,AP_RND,AP_SAT>",False,True,500.0,0.0020904541015625,-2.679759363259541,1.0,1.0,0.35528698563575745,0.0,2.4169070720672607,2.4169070720672607,2.429458284496637,2.429458284496637,0.11385255636809961,0.11385255636809961,0.11385255636809961,0.11385255636809961,0.9919203188997802,0.9919203188997802,0.11385255636809956,0.11385255636809956,1.0,0.0,0.0,1.0,1.0
0.05843414133735175,1.4983070768766815,none,"ap_fixed<16,6,AP_RND,AP_SAT>",False,True,500.0,0.0013580322265625,-2.8670899236589893,1.0,1.0,0.3480640649795532,0.0,2.4152183532714844,2.4152183532714844,2.4294582844966373,2.4294582844966373,0.141963305367775,0.141963305367775,0.141963305367775,0.141963305367775,0.9899254064037324,0.9899254064037324,0.14196330536777485,0.14196330536777485,1.0,0.0,0.0,1.0,1.0
0.07286181745132274,1.4983070768766815,none,"ap_fixed<16,6,AP_RND,AP_SAT>",False,True,500.0,0.000823974609375,-3.084086170273658,1.0,1.0,0.35343223810195923,0.0,2.415290355682373,2.415290355682373,2.4294582844966373,2.4294582844966373,0.17701475333851294,0.17701475333851294,0.17701475333851294,0.17701475333851294,0.9874379390095978,0.9874379390095978,0.17701475333851274,0.17701475333851274,1.0,0.0,0.0,1.0,1.0
0.09085175756516867,1.4983070768766815,none,"ap_fixed<16,6,AP_RND,AP_SAT>",False,True,500.0,0.00048828125,-3.311329951414358,1.0,1.0,0.38378578424453735,0.0,2.416048526763916,2.416048526763916,2.4294582844966373,2.4294582844966373,0.22072054629516674,0.22072054629516674,0.22072054629516674,0.22072054629516674,0.9843363058044523,0.9843363058044523,0.22072054629516658,0.22072054629516658,1.0,0.0,0.0,1.0,1.0
0.11328350213326084,1.4983070768766815,none,"ap_fixed<16,6,AP_RND,AP_SAT>",False,True,500.0,0.0003204345703125,-3.49426063453445,1.0,1.0,0.37322235107421875,0.0,2.416686773300171,2.416686773300171,2.429458284496637,2.429458284496637,0.2752175377548108,0.2752175377548108,0.2752175377548108,0.2752175377548108,0.9804688624552512,0.9804688624552512,0.27521753775481056,0.27521753775481056,1.0,0.0,0.0,1.0,1.0
0.1412537544622754,1.4983070768766815,none,"ap_fixed<16,6,AP_RND,AP_SAT>",False,True,500.0,0.0002288818359375,-3.6403886696705565,1.0,1.0,0.3811233341693878,0.0,2.4177234172821045,2.4177234172821045,2.4294582844966373,2.4294582844966373,0.3431701040779568,0.3431701040779568,0.3431701040779568,0.3431701040779568,0.9756465283474647,0.9756465283474647,0.34317010407795645,0.34317010407795645,1.0,0.0,0.0,1.0,1.0
0.17612999928460507,1.4983070768766815,none,"ap_fixed<16,6,AP_RND,AP_SAT>",False,True,500.0,0.0001220703125,-3.913389940074015,1.0,1.0,0.4003309905529022,0.0,2.4175829887390137,2.4175829887390137,2.4294582844966373,2.4294582844966373,0.4279004798172303,0.4279004798172303,0.4279004798172303,0.4279004798172303,0.9696335371831576,0.9696335371831576,0.4279004798172298,0.4279004798172298,1.0,0.0,0.0,1.0,1.0
0.21961736002054355,1.4983070768766815,none,"ap_fixed<16,6,AP_RND,AP_SAT>",False,True,500.0,7.62939453125e-05,-4.117509920595296,1.0,1.0,0.4593152403831482,0.0,2.41754150390625,2.41754150390625,2.429458284496637,2.429458284496637,0.5335512311691764,0.5335512311691764,0.5335512311691764,0.5335512311691764,0.9621359068606332,0.9621359068606332,0.5335512311691759,0.5335512311691759,1.0,0.0,0.0,1.0,1.0
0.27384196342643613,1.4983070768766815,none,"ap_fixed<16,6,AP_RND,AP_SAT>",False,True,500.0,4.57763671875e-05,-4.339358666416729,1.0,1.0,0.39254051446914673,0.0,2.417903423309326,2.417903423309326,2.429458284496637,2.429458284496637,0.6652876599557761,0.6652876599557761,0.6652876599557761,0.6652876599557761,0.9527870756368858,0.9527870756368858,0.6652876599557754,0.6652876599557754,1.0,0.0,0.0,1.0,1.0
0.34145488738336005,1.4983070768766815,none,"ap_fixed<16,6,AP_RND,AP_SAT>",False,True,500.0,3.0517578125e-05,-4.515449920728757,1.0,1.0,0.5520524382591248,0.0,2.417764663696289,2.417764663696289,2.429458284496637,2.429458284496637,0.8295504194325337,0.8295504194325337,0.8295504194325337,0.8295504194325337,0.9411299749484884,0.9411299749484884,0.829550419432533,0.829550419432533,1.0,0.0,0.0,1.0,1.0
0.42576177390469155,1.4983070768766815,none,"ap_fixed<16,6,AP_RND,AP_SAT>",False,True,500.0,1.52587890625e-05,-4.816479902161777,1.0,1.0,0.6454972624778748,0.0,2.418083667755127,2.418083667755127,2.429458284496637,2.429458284496637,1.0343704333074732,1.0343704333074732,1.0343704333074732,1.0343704333074732,0.9265946808115546,0.9265946808115546,1.0343704333074726,1.0343704333074726,1.0,0.0,0.0,1.0,1.0
0.5308844442309882,1.4983070768766815,none,"ap_fixed<16,6,AP_RND,AP_SAT>",False,True,500.0,1.52587890625e-05,-4.816479902161777,1.0,1.0,0.4923659861087799,0.0,2.418278217315674,2.418278217315674,2.429458284496637,2.429458284496637,1.289761612319834,1.289761612319834,1.289761612319834,1.289761612319834,0.9084705442260078,0.9084705442260078,1.2897616123198332,1.2897616123198332,1.0,0.0,0.0,1.0,1.0
0.6619624174845152,1.4983070768766815,none,"ap_fixed<16,6,AP_RND,AP_SAT>",False,True,500.0,1.52587890625e-05,-4.816479902161777,1.0,1.0,0.7016463875770569,0.0,2.418308734893799,2.418308734893799,2.429458284496637,2.429458284496637,1.6082100122794638,1.6082100122794638,1.6082100122794638,1.6082100122794638,0.8858714774977171,0.8858714774977171,1.608210012279463,1.608210012279463,1.0,0.0,0.0,1.0,1.0
0.8254041852680182,1.4983070768766815,none,"ap_fixed<16,6,AP_RND,AP_SAT>",True,False,,100.52252197265625,,1.0,1.0,0.9999997615814209,0.0,2.4296534061431885,2.4296534061431885,2.429458284496637,2.429458284496637,2.0052849920020623,2.0052849920020623,2.0052849920020623,2.0052849920020623,1.0052849920020615,1.0052849920020615,2.0052849920020606,2.0052849920020606,1.0,0.0,0.0,1.0,1.0
1.0292005271944276,1.4983070768766815,none,"ap_fixed<16,6,AP_RND,AP_SAT>",True,False,,108.01432800292969,,1.0,1.0,1.0,0.0,2.429462194442749,2.429462194442749,2.4294582844966355,2.4294582844966355,2.5003998120664086,2.5003998120664086,2.5003998120664086,2.5003998120664086,1.5003998120664088,1.5003998120664088,2.500399812066408,2.500399812066408,1.0,0.0,0.0,1.0,1.0
1.2833151855576512,1.4983070768766815,none,"ap_fixed<16,6,AP_RND,AP_SAT>",True,False,,168.72683715820312,,1.0,1.0,0.9999998807907104,0.0,2.4293456077575684,2.4293456077575684,2.4294582844966355,2.4294582844966355,3.1177606998795446,3.1177606998795446,3.1177606998795446,3.1177606998795446,2.1177606998795424,2.1177606998795424,3.1177606998795446,3.1177606998795446,1.0,0.0,0.0,1.0,1.0
1.600171999495828,1.4983070768766815,none,"ap_fixed<16,6,AP_RND,AP_SAT>",True,False,,130.0124053955078,,1.0,1.0,0.9999999403953552,0.0,2.428868055343628,2.428868055343628,2.429458284496636,2.429458284496636,3.887551226113772,3.887551226113772,3.887551226113772,3.887551226113772,2.8875512261137715,2.8875512261137715,3.887551226113771,3.887551226113771,1.0,0.0,0.0,1.0,1.0
1.9952623149688795,1.4983070768766815,none,"ap_fixed<16,6,AP_RND,AP_SAT>",True,False,,409.575439453125,,1.0,1.0,0.9964287281036377,0.0,2.429227590560913,2.429227590560913,2.429458284496635,2.429458284496635,4.847406439946741,4.847406439946741,4.847406439946741,4.847406439946741,3.847406439946739,3.847406439946739,4.847406439946738,4.847406439946738,1.0,0.0,0.0,1.0,1.0
0.01,1.5874010519681994,none,"ap_fixed<16,6,AP_RND,AP_SAT>",False,True,500.0,0.0427398681640625,-1.3691668217899695,1.0,1.0,0.48816436529159546,0.0,2.7233917713165283,2.7233917713165283,2.726974719921721,2.726974719921721,0.027269746589690863,0.027269746589690863,0.027269746589690863,0.027269746589690863,0.9980647702326784,0.9980647702326784,0.027269746589690846,0.027269746589690846,1.0,0.0,0.0,1.0,1.0
0.012469049049711741,1.5874010519681994,none,"ap_fixed<16,6,AP_RND,AP_SAT>",False,True,500.0,0.031402587890625,-1.5030345601834552,1.0,1.0,0.5005528330802917,0.0,2.7151715755462646,2.7151715755462646,2.7269747199217207,2.7269747199217207,0.034002780345907466,0.034002780345907466,0.034002780345907466,0.034002780345907466,0.9975869525416867,0.9975869525416867,0.034002780345907445,0.034002780345907445,1.0,0.0,0.0,1.0,1.0
0.015547718420411735,1.5874010519681994,none,"ap_fixed<16,6,AP_RND,AP_SAT>",False,True,500.0,0.01812744140625,-1.7416634899545667,1.0,1.0,0.4369269609451294,0.0,2.7156436443328857,2.7156436443328857,2.726974719921721,2.726974719921721,0.04239823626392252,0.04239823626392252,0.04239823626392252,0.04239823626392252,0.9969911590989664,0.9969911590989664,0.04239823626392248,0.04239823626392248,1.0,0.0,0.0,1.0,1.0
0.019386526359522076,1.5874010519681994,none,"ap_fixed<16,6,AP_RND,AP_SAT>",False,True,500.0,0.0113372802734375,-1.945491116824817,1.0,1.0,0.38219913840293884,0.0,2.715526819229126,2.715526819229126,2.7269747199217216,2.7269747199217216,0.0528665668468511,0.0528665668468511,0.0528665668468511,0.0528665668468511,0.9962482616579647,0.9962482616579647,0.052866566846851044,0.052866566846851044,1.0,0.0,0.0,1.0,1.0
0.024173154808041036,1.5874010519681994,none,"ap_fixed<16,6,AP_RND,AP_SAT>",False,True,500.0,0.0071868896484375,-2.143459023434374,1.0,1.0,0.37324342131614685,0.0,2.713028907775879,2.713028907775879,2.726974719921721,2.726974719921721,0.06591958375011046,0.06591958375011046,0.06591958375011046,0.06591958375011046,0.9953219389001987,0.9953219389001987,0.06591958375011045,0.06591958375011045,1.0,0.0,0.0,1.0,1.0
0.03014162529877389,1.5874010519681994,none,"ap_fixed<16,6,AP_RND,AP_SAT>",False,True,500.0,0.0047149658203125,-2.3265214511067547,1.0,1.0,0.3821088671684265,0.0,2.713031530380249,2.713031530380249,2.7269747199217216,2.7269747199217216,0.08219545090138526,0.08219545090138526,0.08219545090138526,0.08219545090138526,0.9941669027689853,0.9941669027689853,0.08219545090138519,0.08219545090138519,1.0,0.0,0.0,1.0,1.0
0.037583740428844416,1.5874010519681994,none,"ap_fixed<16,6,AP_RND,AP_SAT>",False,True,500.0,0.002838134765625,-2.5469669862527615,1.0,1.0,0.3689115643501282,0.0,2.71359920501709,2.71359920501709,2.726974719921721,2.726974719921721,0.10248991510688789,0.10248991510688789,0.10248991510688789,0.10248991510688789,0.9927266821525903,0.9927266821525903,0.1024899151068878,0.1024899151068878,1.0,0.0,0.0,1.0,1.0
0.046863350287889544,1.5874010519681994,none,"ap_fixed<16,6,AP_RND,AP_SAT>",False,True,500.0,0.0019073486328125,-2.7195699173879473,1.0,1.0,0.36749696731567383,0.0,2.711488962173462,2.711488962173462,2.7269747199217216,2.7269747199217216,0.1277951735148224,0.1277951735148224,0.1277951735148224,0.1277951735148224,0.9909308646087881,0.9909308646087881,0.12779517351482222,0.12779517351482222,1.0,0.0,0.0,1.0,1.0
0.05843414133735175,1.5874010519681994,none,"ap_fixed<16,6,AP_RND,AP_SAT>",False,True,500.0,0.001190185546875,-2.9243853275683223,1.0,1.0,0.35336238145828247,0.0,2.711097002029419,2.711097002029419,2.726974719921721,2.726974719921721,0.1593484223890101,0.1593484223890101,0.1593484223890101,0.1593484223890101,0.988691651043814,0.988691651043814,0.15934842238900992,0.15934842238900992,1.0,0.0,0.0,1.0,1.0
0.07286181745132274,1.5874010519681994,none,"ap_fixed<16,6,AP_RND,AP_SAT>",False,True,500.0,0.000701904296875,-3.153722098323388,1.0,1.0,0.3566666841506958,0.0,2.712028741836548,2.712028741836548,2.726974719921721,2.726974719921721,0.1986923424401659,0.1986923424401659,0.1986923424401659,0.1986923424401659,0.985899563299408,0.985899563299408,0.1986923424401657,0.1986923424401657,1.0,0.0,0.0,1.0,1.0
0.09085175756516867,1.5874010519681994,none,"ap_fixed<16,6,AP_RND,AP_SAT>",False,True,500.0,0.0005035400390625,-3.297965989883329,1.0,1.0,0.37081393599510193,0.0,2.712510824203491,2.712510824203491,2.726974719921721,2.726974719921721,0.24775043628252294,0.24775043628252294,0.24775043628252294,0.24775043628252294,0.9824180977412464,0.9824180977412464,0.24775043628252266,0.24775043628252266,1.0,0.0,0.0,1.0,1.0
0.11328350213326084,1.5874010519681994,none,"ap_fixed<16,6,AP_RND,AP_SAT>",False,True,500.0,0.0002899169921875,-3.5377263281728744,1.0,1.0,0.37639114260673523,0.0,2.7125744819641113,2.7125744819641113,2.7269747199217207,2.7269747199217207,0.30892124088970324,0.30892124088970324,0.30892124088970324,0.30892124088970324,0.9780770393607626,0.9780770393607626,0.3089212408897032,0.3089212408897032,1.0,0.0,0.0,1.0,1.0
0.1412537544622754,1.5874010519681994,none,"ap_fixed<16,6,AP_RND,AP_SAT>",False,True,500.0,0.0001678466796875,-3.7750872428780267,1.0,1.0,0.580683171749115,0.0,2.7132370471954346,2.7132370471954346,2.726974719921721,2.726974719921721,0.38519541760618753,0.38519541760618753,0.38519541760618753,0.38519541760618753,0.972664152344221,0.972664152344221,0.38519541760618736,0.38519541760618736,1.0,0.0,0.0,1.0,1.0
0.17612999928460507,1.5874010519681994,none,"ap_fixed<16,6,AP_RND,AP_SAT>",False,True,500.0,0.0001068115234375,-3.9713818865434534,1.0,1.0,0.40178972482681274,0.0,2.713942289352417,2.713942289352417,2.7269747199217207,2.7269747199217207,0.48030204862963005,0.48030204862963005,0.48030204862963005,0.48030204862963005,0.9659147979701012,0.9659147979701012,0.4803020486296297,0.4803020486296297,1.0,0.0,0.0,1.0,1.0
0.21961736002054355,1.5874010519681994,none,"ap_fixed<16,6,AP_RND,AP_SAT>",False,True,500.0,6.103515625e-05,-4.214419932180256,1.0,1.0,0.4138204753398895,0.0,2.714064598083496,2.714064598083496,2.726974719921721,2.726974719921721,0.59889100729421,0.59889100729421,0.59889100729421,0.59889100729421,0.9574989924865929,0.9574989924865929,0.5988910072942097,0.5988910072942097,1.0,0.0,0.0,1.0,1.0
0.27384196342643613,1.5874010519681994,none,"ap_fixed<16,6,AP_RND,AP_SAT>",False,True,500.0,3.0517578125e-05,-4.515449920728757,1.0,1.0,0.5019646286964417,0.0,2.7145869731903076,2.7145869731903076,2.7269747199217216,2.7269747199217216,0.7467601488581112,0.7467601488581112,0.7467601488581112,0.7467601488581112,0.9470052842490919,0.9470052842490919,0.7467601488581104,0.7467601488581104,1.0,0.0,0.0,1.0,1.0
0.34145488738336005,1.5874010519681994,none,"ap_fixed<16,6,AP_RND,AP_SAT>",False,True,500.0,3.0517578125e-05,-4.515449920728757,1.0,1.0,0.6348111033439636,0.0,2.7144076824188232,2.7144076824188232,2.7269747199217207,2.7269747199217207,0.9311388621606567,0.9311388621606567,0.9311388621606567,0.9311388621606567,0.9339206311420295,0.9339206311420295,0.9311388621606564,0.9311388621606564,1.0,0.0,0.0,1.0,1.0
0.42576177390469155,1.5874010519681994,none,"ap_fixed<16,6,AP_RND,AP_SAT>",False,True,500.0,1.52587890625e-05,-4.816479902161777,1.0,1.0,0.588348388671875,0.0,2.714824676513672,2.714824676513672,2.726974719921721,2.726974719921721,1.1610415542691164,1.1610415542691164,1.1610415542691164,1.1610415542691164,0.9176053151235104,0.9176053151235104,1.1610415542691155,1.1610415542691155,1.0,0.0,0.0,1.0,1.0
0.5308844442309882,1.5874010519681994,none,"ap_fixed<16,6,AP_RND,AP_SAT>",False,True,500.0,1.52587890625e-05,-4.816479902161777,1.0,1.0,0.6123723983764648,0.0,2.714815378189087,2.714815378189087,2.7269747199217207,2.7269747199217207,1.4477084599336472,1.4477084599336472,1.4477084599336472,1.4477084599336472,0.8972616596618276,0.8972616596618276,1.4477084599336467,1.4477084599336467,1.0,0.0,0.0,1.0,1.0
0.6619624174845152,1.5874010519681994,none,"ap_fixed<16,6,AP_RND,AP_SAT>",False,True,500.0,0.0,-12.0,1.0,1.0,0.5547001957893372,0.0,2.7150721549987793,2.7150721549987793,2.7269747199217216,2.7269747199217216,1.8051547029216628,1.8051547029216628,1.8051547029216628,1.8051547029216628,0.8718950649495284,0.8718950649495284,1.805154702921661,1.805154702921661,1.0,0.0,0.0,1.0,1.0
0.8254041852680182,1.5874010519681994,none,"ap_fixed<16,6,AP_RND,AP_SAT>",True,False,,116.11210632324219,,1.0,1.0,0.9999998211860657,0.0,2.727053642272949,2.727053642272949,2.72697471992172,2.72697471992172,2.250856297605065,2.250856297605065,2.250856297605065,2.250856297605065,1.2508562976050652,1.2508562976050652,2.2508562976050643,2.2508562976050643,1.0,0.0,0.0,1.0,1.0
1.0292005271944276,1.5874010519681994,none,"ap_fixed<16,6,AP_RND,AP_SAT>",True,False,,234.36572265625,,1.0,1.0,0.9999998807907104,0.0,2.7269818782806396,2.7269818782806396,2.7269747199217207,2.7269747199217207,2.8066038921984875,2.8066038921984875,2.8066038921984875,2.8066038921984875,1.8066038921984868,1.8066038921984868,2.8066038921984875,2.8066038921984875,1.0,0.0,0.0,1.0,1.0
1.2833151855576512,1.5874010519681994,none,"ap_fixed<16,6,AP_RND,AP_SAT>",True,False,,503.63348388671875,,1.0,1.0,0.9999998807907104,0.0,2.7269723415374756,2.7269723415374756,2.72697471992172,2.72697471992172,3.4995680582753965,3.4995680582753965,3.4995680582753965,3.4995680582753965,2.4995680582753965,2.4995680582753965,3.4995680582753965,3.4995680582753965,1.0,0.0,0.0,1.0,1.0
1.600171999495828,1.5874010519681994,none,"ap_fixed<16,6,AP_RND,AP_SAT>",True,False,,264.31829833984375,,1.0,1.0,0.9999999403953552,0.0,2.7265684604644775,2.7265684604644775,2.72697471992172,2.72697471992172,4.363628708368391,4.363628708368391,4.363628708368391,4.363628708368391,3.3636287083683905,3.3636287083683905,4.363628708368391,4.363628708368391,1.0,0.0,0.0,1.0,1.0
1.9952623149688795,1.5874010519681994,none,"ap_fixed<16,6,AP_RND,AP_SAT>",True,False,,803.6424560546875,,1.0,1.0,0.9710401892662048,0.0,2.7268433570861816,2.7268433570861816,2.7269747199217202,2.7269747199217202,5.4410297568288275,5.4410297568288275,5.4410297568288275,5.4410297568288275,4.441029756828825,4.441029756828825,5.4410297568288275,5.4410297568288275,1.0,0.0,0.0,1.0,1.0
0.01,1.681792830507429,none,"ap_fixed<16,6,AP_RND,AP_SAT>",False,True,500.0,0.03704833984375,-1.4312312482087568,1.0,1.0,0.4649727940559387,0.0,3.052011728286743,3.052011728286743,3.0609256335791475,3.0609256335791475,0.03060925565162128,0.03060925565162128,0.03060925565162128,0.03060925565162128,0.9978277780195233,0.9978277780195233,0.030609255651621262,0.030609255651621262,1.0,0.0,0.0,1.0,1.0
0.012469049049711741,1.681792830507429,none,"ap_fixed<16,6,AP_RND,AP_SAT>",False,True,500.0,0.0255279541015625,-1.592983989644292,1.0,1.0,0.44819363951683044,0.0,3.0514063835144043,3.0514063835144043,3.060925633579148,3.060925633579148,0.038166830522263544,0.038166830522263544,0.038166830522263544,0.038166830522263544,0.9972914457924361,0.9972914457924361,0.038166830522263516,0.038166830522263516,1.0,0.0,0.0,1.0,1.0
0.015547718420411735,1.681792830507429,none,"ap_fixed<16,6,AP_RND,AP_SAT>",False,True,500.0,0.0148162841796875,-1.8292607006863824,1.0,1.0,0.3746894896030426,0.0,3.0459461212158203,3.0459461212158203,3.0609256335791475,3.0609256335791475,0.047590411180089984,0.047590411180089984,0.047590411180089984,0.047590411180089984,0.9966226902606874,0.9966226902606874,0.047590411180089956,0.047590411180089956,1.0,0.0,0.0,1.0,1.0
0.019386526359522076,1.681792830507429,none,"ap_fixed<16,6,AP_RND,AP_SAT>",False,True,500.0,0.009857177734375,-2.0062474125845564,1.0,1.0,0.3775583803653717,0.0,3.0485756397247314,3.0485756397247314,3.0609256335791484,3.0609256335791484,0.05934071498304803,0.05934071498304803,0.05934071498304803,0.05934071498304803,0.9957888160728087,0.9957888160728087,0.05934071498304801,0.05934071498304801,1.0,0.0,0.0,1.0,1.0
0.024173154808041036,1.681792830507429,none,"ap_fixed<16,6,AP_RND,AP_SAT>",False,True,500.0,0.0060577392578125,-2.2176894237888916,1.0,1.0,0.37319064140319824,0.0,3.0456390380859375,3.0456390380859375,3.0609256335791475,3.0609256335791475,0.0739922310909331,0.0739922310909331,0.0739922310909331,0.0739922310909331,0.9947490539270349,0.9947490539270349,0.07399223109093304,0.07399223109093304,1.0,0.0,0.0,1.0,1.0
0.03014162529877389,1.681792830507429,none,"ap_fixed<16,6,AP_RND,AP_SAT>",False,True,500.0,0.003936767578125,-2.4048602245501516,1.0,1.0,0.3591112196445465,0.0,3.0476622581481934,3.0476622581481934,3.060925633579148,3.060925633579148,0.09226127429405304,0.09226127429405304,0.09226127429405304,0.09226127429405304,0.9934525696982195,0.9934525696982195,0.09226127429405295,0.09226127429405295,1.0,0.0,0.0,1.0,1.0
0.037583740428844416,1.681792830507429,none,"ap_fixed<16,6,AP_RND,AP_SAT>",False,True,500.0,0.0025482177734375,-2.593763459305685,1.0,1.0,0.37132537364959717,0.0,3.0439441204071045,3.0439441204071045,3.0609256335791475,3.0609256335791475,0.11504104018354418,0.11504104018354418,0.11504104018354418,0.11504104018354418,0.9918359767062676,0.9918359767062676,0.11504104018354416,0.11504104018354416,1.0,0.0,0.0,1.0,1.0
0.046863350287889544,1.681792830507429,none,"ap_fixed<16,6,AP_RND,AP_SAT>",False,True,500.0,0.0015716552734375,-2.8036427056421975,1.0,1.0,0.39845138788223267,0.0,3.043865919113159,3.043865919113159,3.060925633579148,3.060925633579148,0.14344523240407728,0.14344523240407728,0.14344523240407728,0.14344523240407728,0.9898202396566188,0.9898202396566188,0.14344523240407717,0.14344523240407717,1.0,0.0,0.0,1.0,1.0
0.05843414133735175,1.681792830507429,none,"ap_fixed<16,6,AP_RND,AP_SAT>",False,True,500.0,0.0010986328125,-2.959147433797126,1.0,1.0,0.41008201241493225,0.0,3.0453641414642334,3.0453641414642334,3.060925633579148,3.060925633579148,0.17886255680981142,0.17886255680981142,0.17886255680981142,0.17886255680981142,0.9873068073981067,0.9873068073981067,0.17886255680981122,0.17886255680981122,1.0,0.0,0.0,1.0,1.0
0.07286181745132274,1.681792830507429,none,"ap_fixed<16,6,AP_RND,AP_SAT>",False,True,500.0,0.0006561279296875,-3.1830114743822073,1.0,1.0,0.3596845269203186,0.0,3.044887065887451,3.044887065887451,3.060925633579148,3.060925633579148,0.22302461395331452,0.22302461395331452,0.22302461395331452,0.22302461395331452,0.9841727948522927,0.9841727948522927,0.22302461395331433,0.22302461395331433,1.0,0.0,0.0,1.0,1.0
0.09085175756516867,1.681792830507429,none,"ap_fixed<16,6,AP_RND,AP_SAT>",False,True,500.0,0.0003662109375,-3.4362686877261797,1.0,1.0,0.37233808636665344,0.0,3.046356678009033,3.046356678009033,3.060925633579148,3.060925633579148,0.2780904625215449,0.2780904625215449,0.2780904625215449,0.2780904625215449,0.9802649818693526,0.9802649818693526,0.27809046252154473,0.27809046252154473,1.0,0.0,0.0,1.0,1.0
0.11328350213326084,1.681792830507429,none,"ap_fixed<16,6,AP_RND,AP_SAT>",False,True,500.0,0.0002288818359375,-3.6403886696705565,1.0,1.0,0.3969547748565674,0.0,3.0461347103118896,3.0461347103118896,3.060925633579148,3.060925633579148,0.3467523692421744,0.3467523692421744,0.3467523692421744,0.3467523692421744,0.9753923085610707,0.9753923085610707,0.34675236924217423,0.34675236924217423,1.0,0.0,0.0,1.0,1.0
0.1412537544622754,1.681792830507429,none,"ap_fixed<16,6,AP_RND,AP_SAT>",False,True,500.0,0.000152587890625,-3.816479927777507,1.0,1.0,0.41348838806152344,0.0,3.046825647354126,3.046825647354126,3.060925633579148,3.060925633579148,0.4323672379778604,0.4323672379778604,0.4323672379778604,0.4323672379778604,0.9693165482799325,0.9693165482799325,0.43236723797786025,0.43236723797786025,1.0,0.0,0.0,1.0,1.0
0.17612999928460507,1.681792830507429,none,"ap_fixed<16,6,AP_RND,AP_SAT>",False,True,500.0,9.1552734375e-05,-4.038328675496402,1.0,1.0,0.5877208709716797,0.0,3.0473520755767822,3.0473520755767822,3.060925633579149,3.060925633579149,0.539120821975649,0.539120821975649,0.539120821975649,0.539120821975649,0.96174065410289,0.96174065410289,0.5391208219756485,0.5391208219756485,1.0,0.0,0.0,1.0,1.0
0.21961736002054355,1.681792830507429,none,"ap_fixed<16,6,AP_RND,AP_SAT>",False,True,500.0,4.57763671875e-05,-4.339358666416729,1.0,1.0,0.4187179207801819,0.0,3.0471818447113037,3.0471818447113037,3.060925633579148,3.060925633579148,0.6722324275890263,0.6722324275890263,0.6722324275890263,0.6722324275890263,0.9522942317899491,0.9522942317899491,0.6722324275890258,0.6722324275890258,1.0,0.0,0.0,1.0,1.0
0.27384196342643613,1.681792830507429,none,"ap_fixed<16,6,AP_RND,AP_SAT>",False,True,500.0,3.0517578125e-05,-4.515449920728757,1.0,1.0,0.5598925352096558,0.0,3.047807216644287,3.047807216644287,3.0609256335791475,3.0609256335791475,0.8382099273149061,0.8382099273149061,0.8382099273149061,0.8382099273149061,0.9405154424827967,0.9405154424827967,0.8382099273149055,0.8382099273149055,1.0,0.0,0.0,1.0,1.0
0.34145488738336005,1.681792830507429,none,"ap_fixed<16,6,AP_RND,AP_SAT>",False,True,500.0,1.52587890625e-05,-4.816479902161777,1.0,1.0,0.4341447353363037,0.0,3.047778367996216,3.047778367996216,3.060925633579148,3.060925633579148,1.0451680357678894,1.0451680357678894,1.0451680357678894,1.0451680357678894,0.925828415874368,0.925828415874368,1.0451680357678892,1.0451680357678892,1.0,0.0,0.0,1.0,1.0
0.42576177390469155,1.681792830507429,none,"ap_fixed<16,6,AP_RND,AP_SAT>",False,True,500.0,1.52587890625e-05,-4.816479902161777,1.0,1.0,0.6831300258636475,0.0,3.0478787422180176,3.0478787422180176,3.0609256335791475,3.0609256335791475,1.3032250827814524,1.3032250827814524,1.3032250827814524,1.3032250827814524,0.907515092737083,0.907515092737083,1.3032250827814515,1.3032250827814515,1.0,0.0,0.0,1.0,1.0
0.5308844442309882,1.681792830507429,none,"ap_fixed<16,6,AP_RND,AP_SAT>",False,True,500.0,0.0,-12.0,1.0,1.0,0.5834599733352661,0.0,3.048069477081299,3.048069477081299,3.060925633579148,3.060925633579148,1.6249978052922673,1.6249978052922673,1.6249978052922673,1.6249978052922673,0.8846801114323688,0.8846801114323688,1.6249978052922658,1.6249978052922658,1.0,0.0,0.0,1.0,1.0
0.6619624174845152,1.681792830507429,none,"ap_fixed<16,6,AP_RND,AP_SAT>",True,False,,100.76193237304688,,1.0,1.0,0.9999998211860657,0.0,3.0610411167144775,3.0610411167144775,3.060925633579147,3.060925633579147,2.0262176478509772,2.0262176478509772,2.0262176478509772,2.0262176478509772,1.0262176478509777,1.0262176478509777,2.0262176478509764,2.0262176478509764,1.0,0.0,0.0,1.0,1.0
0.8254041852680182,1.681792830507429,none,"ap_fixed<16,6,AP_RND,AP_SAT>",True,False,,157.191162109375,,1.0,1.0,0.9999998807907104,0.0,3.060906171798706,3.060906171798706,3.060925633579147,3.060925633579147,2.526500773369902,2.526500773369902,2.526500773369902,2.526500773369902,1.5265007733699016,1.5265007733699016,2.5265007733699014,2.5265007733699014,1.0,0.0,0.0,1.0,1.0
1.0292005271944276,1.681792830507429,none,"ap_fixed<16,6,AP_RND,AP_SAT>",True,False,,226.19212341308594,,1.0,1.0,0.9999998211860657,0.0,3.0607869625091553,3.0607869625091553,3.0609256335791475,3.0609256335791475,3.150306357508133,3.150306357508133,3.150306357508133,3.150306357508133,2.1503063575081325,2.1503063575081325,3.150306357508131,3.150306357508131,1.0,0.0,0.0,1.0,1.0
1.2833151855576512,1.681792830507429,none,"ap_fixed<16,6,AP_RND,AP_SAT>",True,False,,168.15672302246094,,1.0,1.0,0.9999999403953552,0.0,3.060243844985962,3.060243844985962,3.060925633579146,3.060925633579146,3.9281323357253033,3.9281323357253033,3.9281323357253033,3.9281323357253033,2.928132335725305,2.928132335725305,3.9281323357253033,3.9281323357253033,1.0,0.0,0.0,1.0,1.0
1.600171999495828,1.681792830507429,none,"ap_fixed<16,6,AP_RND,AP_SAT>",True,False,,527.9794311523438,,1.0,1.0,0.9963483810424805,0.0,3.060656785964966,3.060656785964966,3.0609256335791466,3.0609256335791466,4.898007624086111,4.898007624086111,4.898007624086111,4.898007624086111,3.8980076240861097,3.8980076240861097,4.898007624086107,4.898007624086107,1.0,0.0,0.0,1.0,1.0
1.9952623149688795,1.681792830507429,none,"ap_fixed<16,6,AP_RND,AP_SAT>",True,False,,1555.9322509765625,,1.0,1.0,0.975992739200592,0.0,3.06085467338562,3.06085467338562,3.0609256335791475,3.0609256335791475,6.107349413280353,6.107349413280353,6.107349413280353,6.107349413280353,5.10734941328035,5.10734941328035,6.10734941328035,6.10734941328035,1.0,0.0,0.0,1.0,1.0
0.01,1.7817974362806785,none,"ap_fixed<16,6,AP_RND,AP_SAT>",False,True,500.0,0.032562255859375,-1.4872855155219107,1.0,1.0,0.43780168890953064,0.0,3.4245684146881104,3.4245684146881104,3.435772853299207,3.435772853299207,0.03435772776503699,0.03435772776503699,0.03435772776503699,0.03435772776503699,0.9975617632922104,0.9975617632922104,0.034357727765036976,0.034357727765036976,1.0,0.0,0.0,1.0,1.0
0.012469049049711741,1.7817974362806785,none,"ap_fixed<16,6,AP_RND,AP_SAT>",False,True,500.0,0.0205230712890625,-1.687757646264111,1.0,1.0,0.38293686509132385,0.0,3.424438714981079,3.424438714981079,3.435772853299207,3.435772853299207,0.042840818726958434,0.042840818726958434,0.042840818726958434,0.042840818726958434,0.9969597507283897,0.9969597507283897,0.042840818726958406,0.042840818726958406,1.0,0.0,0.0,1.0,1.0
0.015547718420411735,1.7817974362806785,none,"ap_fixed<16,6,AP_RND,AP_SAT>",False,True,500.0,0.013397216796875,-1.8729854146851799,1.0,1.0,0.3940460681915283,0.0,3.426311731338501,3.426311731338501,3.4357728532992073,3.4357728532992073,0.05341843036503563,0.05341843036503563,0.05341843036503563,0.05341843036503563,0.9962090980323475,0.9962090980323475,0.05341843036503559,0.05341843036503559,1.0,0.0,0.0,1.0,1.0
0.019386526359522076,1.7817974362806785,none,"ap_fixed<16,6,AP_RND,AP_SAT>",False,True,500.0,0.00848388671875,-2.071405138990451,1.0,1.0,0.40589192509651184,0.0,3.4201600551605225,3.4201600551605225,3.4357728532992073,3.4357728532992073,0.06660770042809668,0.06660770042809668,0.06660770042809668,0.06660770042809668,0.9952731059132925,0.9952731059132925,0.06660770042809666,0.06660770042809666,1.0,0.0,0.0,1.0,1.0
0.024173154808041036,1.7817974362806785,none,"ap_fixed<16,6,AP_RND,AP_SAT>",False,True,500.0,0.00543212890625,-2.2650299325708745,1.0,1.0,0.39520466327667236,0.0,3.418666362762451,3.418666362762451,3.435772853299207,3.435772853299207,0.08305347119459706,0.08305347119459706,0.08305347119459706,0.08305347119459706,0.994106012377742,0.994106012377742,0.08305347119459702,0.08305347119459702,1.0,0.0,0.0,1.0,1.0
0.03014162529877389,1.7817974362806785,none,"ap_fixed<16,6,AP_RND,AP_SAT>",False,True,500.0,0.0034637451171875,-2.4604540733051934,1.0,1.0,0.39758554100990295,0.0,3.41951322555542,3.41951322555542,3.4357728532992073,3.4357728532992073,0.1035597788305767,0.1035597788305767,0.1035597788305767,0.1035597788305767,0.9926507580500633,0.9926507580500633,0.1035597788305766,0.1035597788305766,1.0,0.0,0.0,1.0,1.0
0.037583740428844416,1.7817974362806785,none,"ap_fixed<16,6,AP_RND,AP_SAT>",False,True,500.0,0.0020904541015625,-2.679759363259541,1.0,1.0,0.3781219720840454,0.0,3.416815757751465,3.416815757751465,3.435772853299207,3.435772853299207,0.1291292014879015,0.1291292014879015,0.1291292014879015,0.1291292014879015,0.9908361937882342,0.9908361937882342,0.12912920148790144,0.12912920148790144,1.0,0.0,0.0,1.0,1.0
0.046863350287889544,1.7817974362806785,none,"ap_fixed<16,6,AP_RND,AP_SAT>",False,True,500.0,0.0013275146484375,-2.876960677677932,1.0,1.0,0.37617138028144836,0.0,3.416001081466675,3.416001081466675,3.4357728532992082,3.4357728532992082,0.1610118292396537,0.1610118292396537,0.1610118292396537,0.1610118292396537,0.9885736054745728,0.9885736054745728,0.16101182923965357,0.16101182923965357,1.0,0.0,0.0,1.0,1.0
0.05843414133735175,1.7817974362806785,none,"ap_fixed<16,6,AP_RND,AP_SAT>",False,True,500.0,0.0008697509765625,-3.0606050744518756,1.0,1.0,0.37393078207969666,0.0,3.419116258621216,3.419116258621216,3.435772853299207,3.435772853299207,0.2007664317019896,0.2007664317019896,0.2007664317019896,0.2007664317019896,0.985752373183248,0.985752373183248,0.20076643170198943,0.20076643170198943,1.0,0.0,0.0,1.0,1.0
0.07286181745132274,1.7817974362806785,none,"ap_fixed<16,6,AP_RND,AP_SAT>",False,True,500.0,0.0005340576171875,-3.2724118854602255,1.0,1.0,0.4067445993423462,0.0,3.4195261001586914,3.4195261001586914,3.4357728532992073,3.4357728532992073,0.25033666477624994,0.25033666477624994,0.25033666477624994,0.25033666477624994,0.9822345630788685,0.9822345630788685,0.2503366647762497,0.2503366647762497,1.0,0.0,0.0,1.0,1.0
0.09085175756516867,1.7817974362806785,none,"ap_fixed<16,6,AP_RND,AP_SAT>",False,True,500.0,0.000335693359375,-3.474057248507769,1.0,1.0,0.4115965962409973,0.0,3.418687105178833,3.418687105178833,3.435772853299207,3.435772853299207,0.31214598989643794,0.31214598989643794,0.31214598989643794,0.31214598989643794,0.9778481913600398,0.9778481913600398,0.31214598989643777,0.31214598989643777,1.0,0.0,0.0,1.0,1.0
0.11328350213326084,1.7817974362806785,none,"ap_fixed<16,6,AP_RND,AP_SAT>",False,True,500.0,0.0001983642578125,-3.7025365761274838,1.0,1.0,0.4264551103115082,0.0,3.4197165966033936,3.4197165966033936,3.435772853299207,3.435772853299207,0.38921637428557276,0.38921637428557276,0.38921637428557276,0.38921637428557276,0.9723788005555553,0.9723788005555553,0.3892163742855724,0.3892163742855724,1.0,0.0,0.0,1.0,1.0
0.1412537544622754,1.7817974362806785,none,"ap_fixed<16,6,AP_RND,AP_SAT>",False,True,500.0,0.0001220703125,-3.913389940074015,1.0,1.0,0.39777863025665283,0.0,3.420853853225708,3.420853853225708,3.4357728532992073,3.4357728532992073,0.48531581512592115,0.48531581512592115,0.48531581512592115,0.48531581512592115,0.9655589902975125,0.9655589902975125,0.48531581512592076,0.48531581512592076,1.0,0.0,0.0,1.0,1.0
0.17612999928460507,1.7817974362806785,none,"ap_fixed<16,6,AP_RND,AP_SAT>",False,True,500.0,7.62939453125e-05,-4.117509920595296,1.0,1.0,0.3802156448364258,0.0,3.4209821224212646,3.4209821224212646,3.4357728532992073,3.4357728532992073,0.6051426615766532,0.6051426615766532,0.6051426615766532,0.6051426615766532,0.9570553366917519,0.9570553366917519,0.6051426615766528,0.6051426615766528,1.0,0.0,0.0,1.0,1.0
0.21961736002054355,1.7817974362806785,none,"ap_fixed<16,6,AP_RND,AP_SAT>",False,True,500.0,4.57763671875e-05,-4.339358666416729,1.0,1.0,0.4228568971157074,0.0,3.4209234714508057,3.4209234714508057,3.435772853299207,3.435772853299207,0.7545553869327875,0.7545553869327875,0.7545553869327875,0.7545553869327875,0.946452086265366,0.946452086265366,0.7545553869327869,0.7545553869327869,1.0,0.0,0.0,1.0,1.0
0.27384196342643613,1.7817974362806785,none,"ap_fixed<16,6,AP_RND,AP_SAT>",False,True,500.0,1.52587890625e-05,-4.816479902161777,1.0,1.0,0.625,0.0,3.4211339950561523,3.4211339950561523,3.435772853299207,3.435772853299207,0.9408588310807744,0.9408588310807744,0.9408588310807744,0.9408588310807744,0.9332308424329495,0.9332308424329495,0.940858831080774,0.940858831080774,1.0,0.0,0.0,1.0,1.0
0.34145488738336005,1.7817974362806785,none,"ap_fixed<16,6,AP_RND,AP_SAT>",False,True,500.0,1.52587890625e-05,-4.816479902161777,1.0,1.0,0.5183210372924805,0.0,3.4214859008789062,3.4214859008789062,3.4357728532992073,3.4357728532992073,1.1731614532001715,1.1731614532001715,1.1731614532001715,1.1731614532001715,0.9167452126369132,0.9167452126369132,1.173161453200171,1.173161453200171,1.0,0.0,0.0,1.0,1.0
0.42576177390469155,1.7817974362806785,none,"ap_fixed<16,6,AP_RND,AP_SAT>",False,True,500.0,1.52587890625e-05,-4.816479902161777,1.0,1.0,0.7669649720191956,0.0,3.4217841625213623,3.4217841625213623,3.435772853299207,3.435772853299207,1.4628206945111157,1.4628206945111157,1.4628206945111157,1.4628206945111157,0.8961892026543886,0.8961892026543886,1.4628206945111157,1.4628206945111157,1.0,0.0,0.0,1.0,1.0
0.5308844442309882,1.7817974362806785,none,"ap_fixed<16,6,AP_RND,AP_SAT>",False,True,500.0,0.0,-12.0,1.0,1.0,0.8870654702186584,0.0,3.5641438961029053,3.5641438961029053,3.435772853299208,3.435772853299208,1.8239983633857852,1.8239983633857852,1.8239983633857852,1.8239983633857852,0.8705578030371993,0.8705578030371993,1.8239983633857833,1.8239983633857833,1.0,0.0,0.0,1.0,1.0
0.6619624174845152,1.7817974362806785,none,"ap_fixed<16,6,AP_RND,AP_SAT>",True,False,,122.72232055664062,,1.0,1.0,0.9999998807907104,0.0,3.4358720779418945,3.4358720779418945,3.4357728532992065,3.4357728532992065,2.274352409281475,2.274352409281475,2.274352409281475,2.274352409281475,1.274352409281475,1.274352409281475,2.274352409281474,2.274352409281474,1.0,0.0,0.0,1.0,1.0
0.8254041852680182,1.7817974362806785,none,"ap_fixed<16,6,AP_RND,AP_SAT>",True,False,,327.25701904296875,,1.0,1.0,1.0,0.0,3.4358320236206055,3.4358320236206055,3.435772853299206,3.435772853299206,2.835901230580911,2.835901230580911,2.835901230580911,2.835901230580911,1.8359012305809113,1.8359012305809113,2.8359012305809106,2.8359012305809106,1.0,0.0,0.0,1.0,1.0
1.0292005271944276,1.7817974362806785,none,"ap_fixed<16,6,AP_RND,AP_SAT>",True,False,,104.96780395507812,,1.0,1.0,1.0,0.0,3.4347798824310303,3.4347798824310303,3.435772853299205,3.435772853299205,3.5360993236696583,3.5360993236696583,3.5360993236696583,3.5360993236696583,2.5360993236696596,2.5360993236696596,3.5360993236696574,3.5360993236696574,1.0,0.0,0.0,1.0,1.0
1.2833151855576512,1.7817974362806785,none,"ap_fixed<16,6,AP_RND,AP_SAT>",True,False,,342.62286376953125,,1.0,1.0,1.0,0.0,3.4353740215301514,3.4353740215301514,3.4357728532992056,3.4357728532992056,4.409179463622153,4.409179463622153,4.409179463622153,4.409179463622153,3.409179463622152,3.409179463622152,4.409179463622152,4.409179463622152,1.0,0.0,0.0,1.0,1.0
1.600171999495828,1.7817974362806785,none,"ap_fixed<16,6,AP_RND,AP_SAT>",True,False,,1037.8397216796875,,1.0,1.0,0.9802946448326111,0.0,3.435671329498291,3.435671329498291,3.4357728532992056,3.4357728532992056,5.497827665420956,5.497827665420956,5.497827665420956,5.497827665420956,4.4978276654209575,4.4978276654209575,5.497827665420955,5.497827665420955,1.0,0.0,0.0,1.0,1.0
1.9952623149688795,1.7817974362806785,none,"ap_fixed<16,6,AP_RND,AP_SAT>",True,False,,2980.594970703125,,1.0,1.0,0.980280876159668,0.0,3.4358155727386475,3.4358155727386475,3.435772853299206,3.435772853299206,6.855267926004937,6.855267926004937,6.855267926004937,6.855267926004937,5.8552679260049345,5.8552679260049345,6.8552679260049345,6.8552679260049345,1.0,0.0,0.0,1.0,1.0
0.01,1.8877486253633868,none,"ap_fixed<16,6,AP_RND,AP_SAT>",False,True,500.0,0.028167724609375,-1.5502482339183878,1.0,1.0,0.3978705406188965,0.0,3.8428421020507812,3.8428421020507812,3.856524639255854,3.856524639255854,0.03856524553055811,0.03856524553055811,0.03856524553055811,0.03856524553055811,0.9972631718297482,0.9972631718297482,0.03856524553055809,0.03856524553055809,1.0,0.0,0.0,1.0,1.0
0.012469049049711741,1.8877486253633868,none,"ap_fixed<16,6,AP_RND,AP_SAT>",False,True,500.0,0.0180816650390625,-1.7427615802535579,1.0,1.0,0.3841334581375122,0.0,3.8434464931488037,3.8434464931488037,3.856524639255854,3.856524639255854,0.048087193199561847,0.048087193199561847,0.048087193199561847,0.048087193199561847,0.9965874355740164,0.9965874355740164,0.04808719319956182,0.04808719319956182,1.0,0.0,0.0,1.0,1.0
0.015547718420411735,1.8877486253633868,none,"ap_fixed<16,6,AP_RND,AP_SAT>",False,True,500.0,0.0116424560546875,-1.933955392631516,1.0,1.0,0.38121160864830017,0.0,3.841796636581421,3.841796636581421,3.8565246392558548,3.8565246392558548,0.05996016083988557,0.05996016083988557,0.05996016083988557,0.05996016083988557,0.9957448564109515,0.9957448564109515,0.059960160839885514,0.059960160839885514,1.0,0.0,0.0,1.0,1.0
0.019386526359522076,1.8877486253633868,none,"ap_fixed<16,6,AP_RND,AP_SAT>",False,True,500.0,0.007415771484375,-2.129843661302842,1.0,1.0,0.39831987023353577,0.0,3.8401198387145996,3.8401198387145996,3.8565246392558548,3.8565246392558548,0.07476461594906184,0.07476461594906184,0.07476461594906184,0.07476461594906184,0.9946942407794259,0.9946942407794259,0.07476461594906177,0.07476461594906177,1.0,0.0,0.0,1.0,1.0
0.024173154808041036,1.8877486253633868,none,"ap_fixed<16,6,AP_RND,AP_SAT>",False,True,500.0,0.00469970703125,-2.327929214030846,1.0,1.0,0.3999038636684418,0.0,3.8379416465759277,3.8379416465759277,3.8565246392558548,3.8565246392558548,0.09322436951270614,0.09322436951270614,0.09322436951270614,0.09322436951270614,0.9933842225784822,0.9933842225784822,0.09322436951270606,0.09322436951270606,1.0,0.0,0.0,1.0,1.0
0.03014162529877389,1.8877486253633868,none,"ap_fixed<16,6,AP_RND,AP_SAT>",False,True,500.0,0.003082275390625,-2.5111285610361747,1.0,1.0,0.4016173779964447,0.0,3.8371570110321045,3.8371570110321045,3.8565246392558548,3.8565246392558548,0.11624192161379344,0.11624192161379344,0.11624192161379344,0.11624192161379344,0.99175075482445,0.99175075482445,0.11624192161379338,0.11624192161379338,1.0,0.0,0.0,1.0,1.0
0.037583740428844416,1.8877486253633868,none,"ap_fixed<16,6,AP_RND,AP_SAT>",False,True,500.0,0.001861572265625,-2.7301200997156565,1.0,1.0,0.4177962839603424,0.0,3.837815999984741,3.837815999984741,3.8565246392558543,3.8565246392558543,0.14494262817966275,0.14494262817966275,0.14494262817966275,0.14494262817966275,0.9897139753056116,0.9897139753056116,0.14494262817966264,0.14494262817966264,1.0,0.0,0.0,1.0,1.0
0.046863350287889544,1.8877486253633868,none,"ap_fixed<16,6,AP_RND,AP_SAT>",False,True,500.0,0.0012359619140625,-2.9079949113936676,1.0,1.0,0.4038507044315338,0.0,3.8367855548858643,3.8367855548858643,3.8565246392558548,3.8565246392558548,0.18072966787606928,0.18072966787606928,0.18072966787606928,0.18072966787606928,0.9871743057916849,0.9871743057916849,0.1807296678760691,0.1807296678760691,1.0,0.0,0.0,1.0,1.0
0.05843414133735175,1.8877486253633868,none,"ap_fixed<16,6,AP_RND,AP_SAT>",False,True,500.0,0.00079345703125,-3.1004765864415553,1.0,1.0,0.42366284132003784,0.0,3.838848114013672,3.838848114013672,3.8565246392558548,3.8565246392558548,0.22535270044139136,0.22535270044139136,0.22535270044139136,0.22535270044139136,0.9840075796140936,0.9840075796140936,0.2253527004413912,0.2253527004413912,1.0,0.0,0.0,1.0,1.0
0.07286181745132274,1.8877486253633868,none,"ap_fixed<16,6,AP_RND,AP_SAT>",False,True,500.0,0.000457763671875,-3.339358674955306,1.0,1.0,0.40393102169036865,0.0,3.838982582092285,3.838982582092285,3.856524639255854,3.856524639255854,0.28099340586258065,0.28099340586258065,0.28099340586258065,0.28099340586258065,0.9800589712773788,0.9800589712773788,0.2809934058625806,0.2809934058625806,1.0,0.0,0.0,1.0,1.0
0.09085175756516867,1.8877486253633868,none,"ap_fixed<16,6,AP_RND,AP_SAT>",False,True,500.0,0.00030517578125,-3.5154499335366216,1.0,1.0,0.41063153743743896,0.0,3.8396801948547363,3.8396801948547363,3.8565246392558548,3.8565246392558548,0.35037202762824443,0.35037202762824443,0.35037202762824443,0.35037202762824443,0.9751354354914835,0.9751354354914835,0.35037202762824404,0.35037202762824404,1.0,0.0,0.0,1.0,1.0
0.11328350213326084,1.8877486253633868,none,"ap_fixed<16,6,AP_RND,AP_SAT>",False,True,500.0,0.00018310546875,-3.7372986822042473,1.0,1.0,0.4384355843067169,0.0,3.83976411819458,3.83976411819458,3.8565246392558543,3.8565246392558543,0.4368806092616922,0.4368806092616922,0.4368806092616922,0.4368806092616922,0.9689962518839171,0.9689962518839171,0.43688060926169175,0.43688060926169175,1.0,0.0,0.0,1.0,1.0
0.1412537544622754,1.8877486253633868,none,"ap_fixed<16,6,AP_RND,AP_SAT>",False,True,500.0,0.0001220703125,-3.913389940074015,1.0,1.0,0.4117647111415863,0.0,3.8404505252838135,3.8404505252838135,3.856524639255854,3.856524639255854,0.5447485846034366,0.5447485846034366,0.5447485846034366,0.5447485846034366,0.9613412736898996,0.9613412736898996,0.5447485846034366,0.5447485846034366,1.0,0.0,0.0,1.0,1.0
0.17612999928460507,1.8877486253633868,none,"ap_fixed<16,6,AP_RND,AP_SAT>",False,True,500.0,7.62939453125e-05,-4.117509920595296,1.0,1.0,0.4267458915710449,0.0,3.8408658504486084,3.8408658504486084,3.8565246392558543,3.8565246392558543,0.6792496722809381,0.6792496722809381,0.6792496722809381,0.6792496722809381,0.9517962452421057,0.9517962452421057,0.6792496722809376,0.6792496722809376,1.0,0.0,0.0,1.0,1.0
0.21961736002054355,1.8877486253633868,none,"ap_fixed<16,6,AP_RND,AP_SAT>",False,True,500.0,3.0517578125e-05,-4.515449920728757,1.0,1.0,0.47699907422065735,0.0,3.8410584926605225,3.8410584926605225,3.8565246392558543,3.8565246392558543,0.8469597862371007,0.8469597862371007,0.8469597862371007,0.8469597862371007,0.9398944990455791,0.9398944990455791,0.8469597862371003,0.8469597862371003,1.0,0.0,0.0,1.0,1.0
0.27384196342643613,1.8877486253633868,none,"ap_fixed<16,6,AP_RND,AP_SAT>",False,True,500.0,1.52587890625e-05,-4.816479902161777,1.0,1.0,0.5196152329444885,0.0,3.841195583343506,3.841195583343506,3.8565246392558548,3.8565246392558548,1.0560783320236808,1.0560783320236808,1.0560783320236808,1.0560783320236808,0.9250541546070252,0.9250541546070252,1.05607833202368,1.05607833202368,1.0,0.0,0.0,1.0,1.0
0.34145488738336005,1.8877486253633868,none,"ap_fixed<16,6,AP_RND,AP_SAT>",False,True,500.0,1.52587890625e-05,-4.816479902161777,1.0,1.0,0.5202659964561462,0.0,3.841522455215454,3.841522455215454,3.8565246392558548,3.8565246392558548,1.3168292094010736,1.3168292094010736,1.3168292094010736,1.3168292094010736,0.9065496608119851,0.9065496608119851,1.3168292094010727,1.3168292094010727,1.0,0.0,0.0,1.0,1.0
0.42576177390469155,1.8877486253633868,none,"ap_fixed<16,6,AP_RND,AP_SAT>",False,True,500.0,0.0,-12.0,1.0,1.0,0.5330017805099487,0.0,3.841447114944458,3.841447114944458,3.8565246392558548,3.8565246392558548,1.6419607151207076,1.6419607151207076,1.6419607151207076,1.6419607151207076,0.8834763197338136,0.8834763197338136,1.6419607151207058,1.6419607151207058,1.0,0.0,0.0,1.0,1.0
0.5308844442309882,1.8877486253633868,none,"ap_fixed<16,6,AP_RND,AP_SAT>",True,False,,104.37867736816406,,1.0,1.0,0.9999998807907104,0.0,3.856619119644165,3.856619119644165,3.856524639255854,3.856524639255854,2.0473689416356318,2.0473689416356318,2.0473689416356318,2.0473689416356318,1.0473689416356318,1.0473689416356318,2.0473689416356313,2.0473689416356313,1.0,0.0,0.0,1.0,1.0
0.6619624174845152,1.8877486253633868,none,"ap_fixed<16,6,AP_RND,AP_SAT>",True,False,,229.46200561523438,,1.0,1.0,0.9999999403953552,0.0,3.856503486633301,3.856503486633301,3.856524639255853,3.856524639255853,2.5528742670873776,2.5528742670873776,2.5528742670873776,2.5528742670873776,1.5528742670873779,1.5528742670873779,2.5528742670873776,2.5528742670873776,1.0,0.0,0.0,1.0,1.0
0.8254041852680182,1.8877486253633868,none,"ap_fixed<16,6,AP_RND,AP_SAT>",True,False,,305.10028076171875,,1.0,1.0,0.9999998807907104,0.0,3.85638165473938,3.85638165473938,3.856524639255853,3.856524639255853,3.1831915080559745,3.1831915080559745,3.1831915080559745,3.1831915080559745,2.183191508055972,2.183191508055972,3.183191508055973,3.183191508055973,1.0,0.0,0.0,1.0,1.0
1.0292005271944276,1.8877486253633868,none,"ap_fixed<16,6,AP_RND,AP_SAT>",True,False,,218.94537353515625,,1.0,1.0,1.0,0.0,3.8557686805725098,3.8557686805725098,3.856524639255853,3.856524639255853,3.969137294828148,3.969137294828148,3.969137294828148,3.969137294828148,2.969137294828146,2.969137294828146,3.969137294828148,3.969137294828148,1.0,0.0,0.0,1.0,1.0
1.2833151855576512,1.8877486253633868,none,"ap_fixed<16,6,AP_RND,AP_SAT>",True,False,,684.9632568359375,,1.0,1.0,0.9962218403816223,0.0,3.8562138080596924,3.8562138080596924,3.8565246392558525,3.8565246392558525,4.949136618281246,4.949136618281246,4.949136618281246,4.949136618281246,3.9491366182812446,3.9491366182812446,4.949136618281244,4.949136618281244,1.0,0.0,0.0,1.0,1.0
1.600171999495828,1.8877486253633868,none,"ap_fixed<16,6,AP_RND,AP_SAT>",True,False,,2013.77294921875,,1.0,1.0,0.9839784502983093,0.0,3.856440782546997,3.856440782546997,3.856524639255852,3.856524639255852,6.171102910286591,6.171102910286591,6.171102910286591,6.171102910286591,5.17110291028659,5.17110291028659,6.171102910286591,6.171102910286591,1.0,0.0,0.0,1.0,1.0
1.9952623149688795,1.8877486253633868,none,"ap_fixed<16,6,AP_RND,AP_SAT>",True,False,,126.2900390625,,1.0,1.0,1.0,0.0,3.84201979637146,3.84201979637146,3.8565246392558534,3.8565246392558534,7.694778087542008,7.694778087542008,7.694778087542008,7.694778087542008,6.6947780875420015,6.6947780875420015,7.694778087542008,7.694778087542008,1.0,0.0,0.0,1.0,1.0
0.01,2.0,none,"ap_fixed<16,6,AP_RND,AP_SAT>",False,True,500.0,0.0253143310546875,-1.5966335445821824,1.0,1.0,0.39533284306526184,0.0,4.315764904022217,4.315764904022217,4.328802538629095,4.328802538629095,0.04328802441872818,0.04328802441872818,0.04328802441872818,0.04328802441872818,0.9969280142327634,0.9969280142327634,0.04328802441872816,0.04328802441872816,1.0,0.0,0.0,1.0,1.0
0.012469049049711741,2.0,none,"ap_fixed<16,6,AP_RND,AP_SAT>",False,True,500.0,0.0165863037109375,-1.7802503865112207,1.0,1.0,0.400368332862854,0.0,4.313496112823486,4.313496112823486,4.328802538629096,4.328802538629096,0.05397604928513491,0.05397604928513491,0.05397604928513491,0.05397604928513491,0.9961695259277331,0.9961695259277331,0.05397604928513483,0.05397604928513483,1.0,0.0,0.0,1.0,1.0
0.015547718420411735,2.0,none,"ap_fixed<16,6,AP_RND,AP_SAT>",False,True,500.0,0.010589599609375,-1.9751204601278327,1.0,1.0,0.38484302163124084,0.0,4.312625885009766,4.312625885009766,4.328802538629096,4.328802538629096,0.06730300483971205,0.06730300483971205,0.06730300483971205,0.06730300483971205,0.9952237627903758,0.9952237627903758,0.06730300483971201,0.06730300483971201,1.0,0.0,0.0,1.0,1.0
0.019386526359522076,2.0,none,"ap_fixed<16,6,AP_RND,AP_SAT>",False,True,500.0,0.0065460205078125,-2.18402263837263,1.0,1.0,0.3911435306072235,0.0,4.310957908630371,4.310957908630371,4.328802538629095,4.328802538629095,0.0839204438176174,0.0839204438176174,0.0839204438176174,0.0839204438176174,0.9940444866114896,0.9940444866114896,0.08392044381761736,0.08392044381761736,1.0,0.0,0.0,1.0,1.0
0.024173154808041036,2.0,none,"ap_fixed<16,6,AP_RND,AP_SAT>",False,True,500.0,0.004119873046875,-2.385116166359297,1.0,1.0,0.3952077031135559,0.0,4.309708118438721,4.309708118438721,4.328802538629095,4.328802538629095,0.10464081657898265,0.10464081657898265,0.10464081657898265,0.10464081657898265,0.9925740408919289,0.9925740408919289,0.1046408165789826,0.1046408165789826,1.0,0.0,0.0,1.0,1.0
0.03014162529877389,2.0,none,"ap_fixed<16,6,AP_RND,AP_SAT>",False,True,500.0,0.0027618408203125,-2.5588013555972666,1.0,1.0,0.37266573309898376,0.0,4.308101654052734,4.308101654052734,4.328802538629096,4.328802538629096,0.1304771452138336,0.1304771452138336,0.1304771452138336,0.1304771452138336,0.9907405353229018,0.9907405353229018,0.13047714521383344,0.13047714521383344,1.0,0.0,0.0,1.0,1.0
0.037583740428844416,2.0,none,"ap_fixed<16,6,AP_RND,AP_SAT>",False,True,500.0,0.001861572265625,-2.7301200997156565,1.0,1.0,0.3932366967201233,0.0,4.307445526123047,4.307445526123047,4.328802538629095,4.328802538629095,0.1626925990393164,0.1626925990393164,0.1626925990393164,0.1626925990393164,0.9884543276022709,0.9884543276022709,0.16269259903931635,0.16269259903931635,1.0,0.0,0.0,1.0,1.0
0.046863350287889544,2.0,none,"ap_fixed<16,6,AP_RND,AP_SAT>",False,True,500.0,0.0011749267578125,-2.929989205081582,1.0,1.0,0.4066976010799408,0.0,4.307053565979004,4.307053565979004,4.328802538629095,4.328802538629095,0.20286219285208063,0.20286219285208063,0.20286219285208063,0.20286219285208063,0.9856036449452192,0.9856036449452192,0.20286219285208054,0.20286219285208054,1.0,0.0,0.0,1.0,1.0
0.05843414133735175,2.0,none,"ap_fixed<16,6,AP_RND,AP_SAT>",False,True,500.0,0.000701904296875,-3.153722098323388,1.0,1.0,0.38814684748649597,0.0,4.307429313659668,4.307429313659668,4.328802538629095,4.328802538629095,0.25294985330259634,0.25294985330259634,0.25294985330259634,0.25294985330259634,0.982049114977998,0.982049114977998,0.25294985330259623,0.25294985330259623,1.0,0.0,0.0,1.0,1.0
0.07286181745132274,2.0,none,"ap_fixed<16,6,AP_RND,AP_SAT>",False,True,500.0,0.0004119873046875,-3.3851161654105666,1.0,1.0,0.45419058203697205,0.0,4.309096336364746,4.309096336364746,4.328802538629095,4.328802538629095,0.31540443337364016,0.31540443337364016,0.31540443337364016,0.31540443337364016,0.9776169519570865,0.9776169519570865,0.31540443337364005,0.31540443337364005,1.0,0.0,0.0,1.0,1.0
0.09085175756516867,2.0,none,"ap_fixed<16,6,AP_RND,AP_SAT>",False,True,500.0,0.000244140625,-3.612359946188904,1.0,1.0,0.38651034235954285,0.0,4.3098273277282715,4.3098273277282715,4.328802538629095,4.328802538629095,0.3932793031381811,0.3932793031381811,0.3932793031381811,0.3932793031381811,0.9720904698698469,0.9720904698698469,0.39327930313818094,0.39327930313818094,1.0,0.0,0.0,1.0,1.0
0.11328350213326084,2.0,none,"ap_fixed<16,6,AP_RND,AP_SAT>",False,True,500.0,0.0001983642578125,-3.7025365761274838,1.0,1.0,0.5717033743858337,0.0,4.310481548309326,4.310481548309326,4.328802538629095,4.328802538629095,0.4903819027109222,0.4903819027109222,0.4903819027109222,0.4903819027109222,0.965199469232726,0.965199469232726,0.490381902710922,0.490381902710922,1.0,0.0,0.0,1.0,1.0
0.1412537544622754,2.0,none,"ap_fixed<16,6,AP_RND,AP_SAT>",False,True,500.0,0.0001068115234375,-3.9713818865434534,1.0,1.0,0.5128226280212402,0.0,4.311296463012695,4.311296463012695,4.328802538629096,4.328802538629096,0.6114596110556623,0.6114596110556623,0.6114596110556623,0.6114596110556623,0.9566070466918679,0.9566070466918679,0.6114596110556619,0.6114596110556619,1.0,0.0,0.0,1.0,1.0
0.17612999928460507,2.0,none,"ap_fixed<16,6,AP_RND,AP_SAT>",False,True,500.0,4.57763671875e-05,-4.339358666416729,1.0,1.0,0.5397956371307373,0.0,4.311458587646484,4.311458587646484,4.328802538629096,4.328802538629096,0.7624319771751974,0.7624319771751974,0.7624319771751974,0.7624319771751974,0.9458931144625047,0.9458931144625047,0.7624319771751968,0.7624319771751968,1.0,0.0,0.0,1.0,1.0
0.21961736002054355,2.0,none,"ap_fixed<16,6,AP_RND,AP_SAT>",False,True,500.0,3.0517578125e-05,-4.515449920728757,1.0,1.0,0.6217567324638367,0.0,4.311636924743652,4.311636924743652,4.328802538629096,4.328802538629096,0.9506802148909288,0.9506802148909288,0.9506802148909288,0.9506802148909288,0.9325338559900863,0.9325338559900863,0.950680214890928,0.950680214890928,1.0,0.0,0.0,1.0,1.0
0.27384196342643613,2.0,none,"ap_fixed<16,6,AP_RND,AP_SAT>",False,True,500.0,1.52587890625e-05,-4.816479902161777,1.0,1.0,0.6745784878730774,0.0,4.312023639678955,4.312023639678955,4.328802538629096,4.328802538629096,1.1854078457378676,1.1854078457378676,1.1854078457378676,1.1854078457378676,0.915876132501392,0.915876132501392,1.1854078457378667,1.1854078457378667,1.0,0.0,0.0,1.0,1.0
0.34145488738336005,2.0,none,"ap_fixed<16,6,AP_RND,AP_SAT>",False,True,500.0,0.0,-12.0,1.0,1.0,0.5940885543823242,0.0,4.312185764312744,4.312185764312744,4.328802538629096,4.328802538629096,1.4780908091634095,1.4780908091634095,1.4780908091634095,1.4780908091634095,0.8951055404027844,0.8951055404027844,1.4780908091634088,1.4780908091634088,1.0,0.0,0.0,1.0,1.0
0.42576177390469155,2.0,none,"ap_fixed<16,6,AP_RND,AP_SAT>",False,True,500.0,3.0517578125e-05,-4.515449920728757,1.0,1.0,0.9922441244125366,0.0,4.312347412109375,4.312347412109375,4.328802538629095,4.328802538629095,1.8430385844274682,1.8430385844274682,1.8430385844274682,1.8430385844274682,0.8692065906019963,0.8692065906019963,1.843038584427468,1.843038584427468,1.0,0.0,0.0,1.0,1.0
0.5308844442309882,2.0,none,"ap_fixed<16,6,AP_RND,AP_SAT>",True,False,,120.68751525878906,,1.0,1.0,0.9999998807907104,0.0,4.328632831573486,4.328632831573486,4.328802538629094,4.328802538629094,2.298093931994896,2.298093931994896,2.298093931994896,2.298093931994896,1.298093931994896,1.298093931994896,2.298093931994895,2.298093931994895,1.0,0.0,0.0,1.0,1.0
0.6619624174845152,2.0,none,"ap_fixed<16,6,AP_RND,AP_SAT>",True,False,,132.0027313232422,,1.0,1.0,0.9999998807907104,0.0,4.328195095062256,4.328195095062256,4.328802538629093,4.328802538629093,2.8655044740751565,2.8655044740751565,2.8655044740751565,2.8655044740751565,1.865504474075156,1.865504474075156,2.865504474075156,2.865504474075156,1.0,0.0,0.0,1.0,1.0
0.8254041852680182,2.0,none,"ap_fixed<16,6,AP_RND,AP_SAT>",True,False,,137.28468322753906,,1.0,1.0,0.9999999403953552,0.0,4.3274030685424805,4.3274030685424805,4.328802538629092,4.328802538629092,3.5730116542634396,3.5730116542634396,3.5730116542634396,3.5730116542634396,2.57301165426344,2.57301165426344,3.5730116542634396,3.5730116542634396,1.0,0.0,0.0,1.0,1.0
1.0292005271944276,2.0,none,"ap_fixed<16,6,AP_RND,AP_SAT>",True,False,,446.1082458496094,,1.0,1.0,0.9999999403953552,0.0,4.328098773956299,4.328098773956299,4.328802538629092,4.328802538629092,4.455205970455001,4.455205970455001,4.455205970455001,4.455205970455001,3.455205970455003,3.455205970455003,4.455205970455,4.455205970455,1.0,0.0,0.0,1.0,1.0
1.2833151855576512,2.0,none,"ap_fixed<16,6,AP_RND,AP_SAT>",True,False,,1347.9000244140625,,1.0,1.0,0.987148642539978,0.0,4.328431606292725,4.328431606292725,4.328802538629093,4.328802538629093,5.555218016543507,5.555218016543507,5.555218016543507,5.555218016543507,4.555218016543509,4.555218016543509,5.555218016543505,5.555218016543505,1.0,0.0,0.0,1.0,1.0
1.600171999495828,2.0,none,"ap_fixed<16,6,AP_RND,AP_SAT>",True,False,,110.0430908203125,,1.0,1.0,0.9999998807907104,0.0,4.312842845916748,4.312842845916748,4.328802538629094,4.328802538629094,6.92682880131801,6.92682880131801,6.92682880131801,6.92682880131801,5.926828801318008,5.926828801318008,6.926828801318009,6.926828801318009,1.0,0.0,0.0,1.0,1.0
1.9952623149688795,2.0,none,"ap_fixed<16,6,AP_RND,AP_SAT>",True,False,,182.62911987304688,,1.0,1.0,0.9999583959579468,0.0,4.312883377075195,4.312883377075195,4.328802538629092,4.328802538629092,8.637096358851895,8.637096358851895,8.637096358851895,8.637096358851895,7.637096358851897,7.637096358851897,8.637096358851895,8.637096358851895,1.0,0.0,0.0,1.0,1.0
0.01,2.11892618871859,none,"ap_fixed<16,6,AP_RND,AP_SAT>",False,True,500.0,0.022247314453125,-1.6527224066222221,1.0,1.0,0.3996416926383972,0.0,4.842939853668213,4.842939853668213,4.858916566607183,4.858916566607183,0.04858916458001935,0.04858916458001935,0.04858916458001935,0.04858916458001935,0.9965518125843053,0.9965518125843053,0.048589164580019294,0.048589164580019294,1.0,0.0,0.0,1.0,1.0
0.012469049049711741,2.11892618871859,none,"ap_fixed<16,6,AP_RND,AP_SAT>",False,True,500.0,0.0147247314453125,-1.8319526172504124,1.0,1.0,0.39856135845184326,0.0,4.842170715332031,4.842170715332031,4.858916566607182,4.858916566607182,0.060586066869801246,0.060586066869801246,0.060586066869801246,0.060586066869801246,0.995700438253001,0.995700438253001,0.06058606686980121,0.06058606686980121,1.0,0.0,0.0,1.0,1.0
0.015547718420411735,2.11892618871859,none,"ap_fixed<16,6,AP_RND,AP_SAT>",False,True,500.0,0.00982666015625,-2.0075940632196914,1.0,1.0,0.3994670808315277,0.0,4.84218692779541,4.84218692779541,4.858916566607183,4.858916566607183,0.07554506870661866,0.07554506870661866,0.07554506870661866,0.07554506870661866,0.9946388550310847,0.9946388550310847,0.07554506870661858,0.07554506870661858,1.0,0.0,0.0,1.0,1.0
0.019386526359522076,2.11892618871859,none,"ap_fixed<16,6,AP_RND,AP_SAT>",False,True,500.0,0.0063934326171875,-2.1942659075894757,1.0,1.0,0.4046938121318817,0.0,4.842370986938477,4.842370986938477,4.858916566607182,4.858916566607182,0.09419751330851518,0.09419751330851518,0.09419751330851518,0.09419751330851518,0.9933151622838615,0.9933151622838615,0.09419751330851513,0.09419751330851513,1.0,0.0,0.0,1.0,1.0
0.024173154808041036,2.11892618871859,none,"ap_fixed<16,6,AP_RND,AP_SAT>",False,True,500.0,0.0041351318359375,-2.383510639644268,1.0,1.0,0.37320929765701294,0.0,4.841050624847412,4.841050624847412,4.858916566607182,4.858916566607182,0.1174553453713189,0.1174553453713189,0.1174553453713189,0.1174553453713189,0.9916646427795954,0.9916646427795954,0.11745534537131885,0.11745534537131885,1.0,0.0,0.0,1.0,1.0
0.03014162529877389,2.11892618871859,none,"ap_fixed<16,6,AP_RND,AP_SAT>",False,True,500.0,0.002593994140625,-2.586031009078002,1.0,1.0,0.3665361702442169,0.0,4.8365397453308105,4.8365397453308105,4.858916566607182,4.858916566607182,0.14645564374573755,0.14645564374573755,0.14645564374573755,0.14645564374573755,0.9896066023755176,0.9896066023755176,0.1464556437457375,0.1464556437457375,1.0,0.0,0.0,1.0,1.0
0.037583740428844416,2.11892618871859,none,"ap_fixed<16,6,AP_RND,AP_SAT>",False,True,500.0,0.0015869140625,-2.7994465910512463,1.0,1.0,0.39521971344947815,0.0,4.836004734039307,4.836004734039307,4.858916566607181,4.858916566607181,0.18261626805154843,0.18261626805154843,0.18261626805154843,0.18261626805154843,0.9870404209901672,0.9870404209901672,0.18261626805154835,0.18261626805154835,1.0,0.0,0.0,1.0,1.0
0.046863350287889544,2.11892618871859,none,"ap_fixed<16,6,AP_RND,AP_SAT>",False,True,500.0,0.00103759765625,-2.983971017498905,1.0,1.0,0.37107163667678833,0.0,4.835794448852539,4.835794448852539,4.858916566607182,4.858916566607182,0.227705112624379,0.227705112624379,0.227705112624379,0.227705112624379,0.9838406379153167,0.9838406379153167,0.22770511262437895,0.22770511262437895,1.0,0.0,0.0,1.0,1.0
0.05843414133735175,2.11892618871859,none,"ap_fixed<16,6,AP_RND,AP_SAT>",False,True,500.0,0.00067138671875,-3.1730272534906496,1.0,1.0,0.3604889214038849,0.0,4.836976528167725,4.836976528167725,4.858916566607182,4.858916566607182,0.28392661059612073,0.28392661059612073,0.28392661059612073,0.28392661059612073,0.979850812951802,0.979850812951802,0.28392661059612057,0.28392661059612057,1.0,0.0,0.0,1.0,1.0
0.07286181745132274,2.11892618871859,none,"ap_fixed<16,6,AP_RND,AP_SAT>",False,True,500.0,0.00042724609375,-3.3693218982649826,1.0,1.0,0.416586309671402,0.0,4.8386549949646,4.8386549949646,4.858916566607183,4.858916566607183,0.3540295065031709,0.3540295065031709,0.3540295065031709,0.3540295065031709,0.9748758781991704,0.9748758781991704,0.3540295065031705,0.3540295065031705,1.0,0.0,0.0,1.0,1.0
0.09085175756516867,2.11892618871859,none,"ap_fixed<16,6,AP_RND,AP_SAT>",False,True,500.0,0.000244140625,-3.612359946188904,1.0,1.0,0.5737463235855103,0.0,4.838921070098877,4.838921070098877,4.858916566607182,4.858916566607182,0.44144109237355283,0.44144109237355283,0.44144109237355283,0.44144109237355283,0.968672611833316,0.968672611833316,0.4414410923735525,0.4414410923735525,1.0,0.0,0.0,1.0,1.0
0.11328350213326084,2.11892618871859,none,"ap_fixed<16,6,AP_RND,AP_SAT>",False,True,500.0,0.0001373291015625,-3.8622374180219383,1.0,1.0,0.43579575419425964,0.0,4.839936256408691,4.839936256408691,4.858916566607182,4.858916566607182,0.5504350752393168,0.5504350752393168,0.5504350752393168,0.5504350752393168,0.9609377251903224,0.9609377251903224,0.5504350752393163,0.5504350752393163,1.0,0.0,0.0,1.0,1.0
0.1412537544622754,2.11892618871859,none,"ap_fixed<16,6,AP_RND,AP_SAT>",False,True,500.0,7.62939453125e-05,-4.117509920595296,1.0,1.0,0.6603907346725464,0.0,4.840582370758057,4.840582370758057,4.858916566607182,4.858916566607182,0.6863402078188692,0.6863402078188692,0.6863402078188692,0.6863402078188692,0.9512930570438383,0.9512930570438383,0.6863402078188688,0.6863402078188688,1.0,0.0,0.0,1.0,1.0
0.17612999928460507,2.11892618871859,none,"ap_fixed<16,6,AP_RND,AP_SAT>",False,True,500.0,4.57763671875e-05,-4.339358666416729,1.0,1.0,0.7169788479804993,0.0,4.840570449829102,4.840570449829102,4.858916566607182,4.858916566607182,0.8558009592141981,0.8558009592141981,0.8558009592141981,0.8558009592141981,0.9392670748013716,0.9392670748013716,0.8558009592141972,0.8558009592141972,1.0,0.0,0.0,1.0,1.0
0.21961736002054355,2.11892618871859,none,"ap_fixed<16,6,AP_RND,AP_SAT>",False,True,500.0,1.52587890625e-05,-4.816479902161777,1.0,1.0,0.6889986395835876,0.0,4.841094970703125,4.841094970703125,4.858916566607182,4.858916566607182,1.0671024618143257,1.0671024618143257,1.0671024618143257,1.0671024618143257,0.9242718142637407,0.9242718142637407,1.0671024618143246,1.0671024618143246,1.0,0.0,0.0,1.0,1.0
0.27384196342643613,2.11892618871859,none,"ap_fixed<16,6,AP_RND,AP_SAT>",False,True,500.0,1.52587890625e-05,-4.816479902161777,1.0,1.0,0.5443310737609863,0.0,4.841405868530273,4.841405868530273,4.858916566607182,4.858916566607182,1.3305753192581402,1.3305753192581402,1.3305753192581402,1.3305753192581402,0.9055741519501848,0.9055741519501848,1.330575319258139,1.330575319258139,1.0,0.0,0.0,1.0,1.0
0.34145488738336005,2.11892618871859,none,"ap_fixed<16,6,AP_RND,AP_SAT>",False,True,500.0,0.0,-12.0,1.0,1.0,0.5940885543823242,0.0,4.841614246368408,4.841614246368408,4.858916566607182,4.858916566607182,1.6591008380503247,1.6591008380503247,1.6591008380503247,1.6591008380503247,0.8822599507404003,0.8822599507404003,1.6591008380503238,1.6591008380503238,1.0,0.0,0.0,1.0,1.0
0.42576177390469155,2.11892618871859,none,"ap_fixed<16,6,AP_RND,AP_SAT>",True,False,,111.37371826171875,,1.0,1.0,0.9999998807907104,0.0,4.859338283538818,4.859338283538818,4.8589165666071805,4.8589165666071805,2.068740865599039,2.068740865599039,2.068740865599039,2.068740865599039,1.068740865599039,1.068740865599039,2.0687408655990387,2.0687408655990387,1.0,0.0,0.0,1.0,1.0
0.5308844442309882,2.11892618871859,none,"ap_fixed<16,6,AP_RND,AP_SAT>",True,False,,135.27212524414062,,1.0,1.0,0.9999998807907104,0.0,4.859023571014404,4.859023571014404,4.858916566607179,4.858916566607179,2.5795232233729277,2.5795232233729277,2.5795232233729277,2.5795232233729277,1.579523223372928,1.579523223372928,2.5795232233729277,2.5795232233729277,1.0,0.0,0.0,1.0,1.0
0.6619624174845152,2.11892618871859,none,"ap_fixed<16,6,AP_RND,AP_SAT>",True,False,,413.5380859375,,1.0,1.0,1.0,0.0,4.859070301055908,4.859070301055908,4.85891656660718,4.85891656660718,3.216420022979423,3.216420022979423,3.216420022979423,3.216420022979423,2.216420022979422,2.216420022979422,3.216420022979423,3.216420022979423,1.0,0.0,0.0,1.0,1.0
0.8254041852680182,2.11892618871859,none,"ap_fixed<16,6,AP_RND,AP_SAT>",True,False,,286.44805908203125,,1.0,1.0,0.9999999403953552,0.0,4.858375549316406,4.858375549316406,4.858916566607178,4.858916566607178,4.010569982034632,4.010569982034632,4.010569982034632,4.010569982034632,3.0105699820346326,3.0105699820346326,4.010569982034632,4.010569982034632,1.0,0.0,0.0,1.0,1.0
1.0292005271944276,2.11892618871859,none,"ap_fixed<16,6,AP_RND,AP_SAT>",True,False,,893.3846435546875,,1.0,1.0,0.9960337281227112,0.0,4.858875274658203,4.858875274658203,4.858916566607181,4.858916566607181,5.000799621677053,5.000799621677053,5.000799621677053,5.000799621677053,4.000799621677048,4.000799621677048,5.000799621677051,5.000799621677051,1.0,0.0,0.0,1.0,1.0
1.2833151855576512,2.11892618871859,none,"ap_fixed<16,6,AP_RND,AP_SAT>",True,False,,2619.81591796875,,1.0,1.0,0.9898466467857361,0.0,4.859131813049316,4.859131813049316,4.85891656660718,4.85891656660718,6.235521396696982,6.235521396696982,6.235521396696982,6.235521396696982,5.2355213966969805,5.2355213966969805,6.2355213966969805,6.2355213966969805,1.0,0.0,0.0,1.0,1.0
1.600171999495828,2.11892618871859,none,"ap_fixed<16,6,AP_RND,AP_SAT>",True,False,,160.0791473388672,,1.0,1.0,1.0,0.0,4.842098712921143,4.842098712921143,4.8589165666071805,4.8589165666071805,7.775102448409387,7.775102448409387,7.775102448409387,7.775102448409387,6.775102448409383,6.775102448409383,7.775102448409383,7.775102448409383,1.0,0.0,0.0,1.0,1.0
1.9952623149688795,2.11892618871859,none,"ap_fixed<16,6,AP_RND,AP_SAT>",True,False,,263.574462890625,,1.0,1.0,0.9933907389640808,0.0,4.842121601104736,4.842121601104736,4.85891656660718,4.85891656660718,9.694812875132605,9.694812875132605,9.694812875132605,9.694812875132605,8.694812875132603,8.694812875132603,9.694812875132605,9.694812875132605,1.0,0.0,0.0,1.0,1.0
0.01,2.244924096618746,none,"ap_fixed<16,6,AP_RND,AP_SAT>",False,True,500.0,0.0197906494140625,-1.7035399545176746,1.0,1.0,0.39961761236190796,0.0,5.433834075927734,5.433834075927734,5.453949439811904,5.453949439811904,0.054539493179066346,0.054539493179066346,0.054539493179066346,0.054539493179066346,0.9961295404738503,0.9961295404738503,0.05453949317906632,0.05453949317906632,1.0,0.0,0.0,1.0,1.0
0.012469049049711741,2.244924096618746,none,"ap_fixed<16,6,AP_RND,AP_SAT>",False,True,500.0,0.0131988525390625,-1.879463823125981,1.0,1.0,0.38766053318977356,0.0,5.435810565948486,5.435810565948486,5.453949439811904,5.453949439811904,0.06800556069142169,0.06800556069142169,0.06800556069142169,0.06800556069142169,0.9951739050939643,0.9951739050939643,0.06800556069142163,0.06800556069142163,1.0,0.0,0.0,1.0,1.0
0.015547718420411735,2.244924096618746,none,"ap_fixed<16,6,AP_RND,AP_SAT>",False,True,500.0,0.00897216796875,-2.047102604499156,1.0,1.0,0.39560553431510925,0.0,5.43283748626709,5.43283748626709,5.453949439811904,5.453949439811904,0.0847964725273547,0.0847964725273547,0.0847964725273547,0.0847964725273547,0.9939823182111387,0.9939823182111387,0.08479647252735467,0.08479647252735467,1.0,0.0,0.0,1.0,1.0
0.019386526359522076,2.244924096618746,none,"ap_fixed<16,6,AP_RND,AP_SAT>",False,True,500.0,0.006195068359375,-2.207953896976402,1.0,1.0,0.3775859773159027,0.0,5.432825088500977,5.432825088500977,5.453949439811904,5.453949439811904,0.10573313369309076,0.10573313369309076,0.10573313369309076,0.10573313369309076,0.9924965233323957,0.9924965233323957,0.10573313369309069,0.10573313369309069,1.0,0.0,0.0,1.0,1.0
0.024173154808041036,2.244924096618746,none,"ap_fixed<16,6,AP_RND,AP_SAT>",False,True,500.0,0.0038299560546875,-2.416806209029267,1.0,1.0,0.40406662225723267,0.0,5.429032802581787,5.429032802581787,5.453949439811904,5.453949439811904,0.13183916749945856,0.13183916749945856,0.13183916749945856,0.13183916749945856,0.9906438778209293,0.9906438778209293,0.1318391674994584,0.1318391674994584,1.0,0.0,0.0,1.0,1.0
0.03014162529877389,2.244924096618746,none,"ap_fixed<16,6,AP_RND,AP_SAT>",False,True,500.0,0.0024261474609375,-2.6150828061242417,1.0,1.0,0.4096871316432953,0.0,5.428131103515625,5.428131103515625,5.453949439811904,5.453949439811904,0.16439090180181987,0.16439090180181987,0.16439090180181987,0.16439090180181987,0.9883338055635722,0.9883338055635722,0.16439090180181978,0.16439090180181978,1.0,0.0,0.0,1.0,1.0
0.037583740428844416,2.244924096618746,none,"ap_fixed<16,6,AP_RND,AP_SAT>",False,True,500.0,0.0016632080078125,-2.779053432421957,1.0,1.0,0.41099169850349426,0.0,5.427408695220947,5.427408695220947,5.453949439811904,5.453949439811904,0.20497983021259045,0.20497983021259045,0.20497983021259045,0.20497983021259045,0.9854533643371038,0.9854533643371038,0.2049798302125903,0.2049798302125903,1.0,0.0,0.0,1.0,1.0
0.046863350287889544,2.244924096618746,none,"ap_fixed<16,6,AP_RND,AP_SAT>",False,True,500.0,0.0009307861328125,-3.031150095146343,1.0,1.0,0.38162338733673096,0.0,5.428307056427002,5.428307056427002,5.453949439811904,5.453949439811904,0.2555903470281668,0.2555903470281668,0.2555903470281668,0.2555903470281668,0.9818617292573812,0.9818617292573812,0.25559034702816663,0.25559034702816663,1.0,0.0,0.0,1.0,1.0
0.05843414133735175,2.244924096618746,none,"ap_fixed<16,6,AP_RND,AP_SAT>",False,True,500.0,0.00054931640625,-3.260177429065803,1.0,1.0,0.3607041835784912,0.0,5.430643081665039,5.430643081665039,5.453949439811904,5.453949439811904,0.31869684477617727,0.31869684477617727,0.31869684477617727,0.31869684477617727,0.977383302137261,0.977383302137261,0.318696844776177,0.318696844776177,1.0,0.0,0.0,1.0,1.0
0.07286181745132274,2.244924096618746,none,"ap_fixed<16,6,AP_RND,AP_SAT>",False,True,500.0,0.0003509521484375,-3.4547520933686315,1.0,1.0,0.40555354952812195,0.0,5.431880950927734,5.431880950927734,5.453949439811904,5.453949439811904,0.39738468487803386,0.39738468487803386,0.39738468487803386,0.39738468487803386,0.9717991266607038,0.9717991266607038,0.39738468487803363,0.39738468487803363,1.0,0.0,0.0,1.0,1.0
0.09085175756516867,2.244924096618746,none,"ap_fixed<16,6,AP_RND,AP_SAT>",False,True,500.0,0.00018310546875,-3.7372986822042473,1.0,1.0,0.480680376291275,0.0,5.432560920715332,5.432560920715332,5.453949439811904,5.453949439811904,0.49550087256218056,0.49550087256218056,0.49550087256218056,0.49550087256218056,0.9648361955596613,0.9648361955596613,0.49550087256218023,0.49550087256218023,1.0,0.0,0.0,1.0,1.0
0.11328350213326084,2.244924096618746,none,"ap_fixed<16,6,AP_RND,AP_SAT>",False,True,500.0,0.0001220703125,-3.913389940074015,1.0,1.0,0.4822428226470947,0.0,5.432582378387451,5.432582378387451,5.453949439811904,5.453949439811904,0.6178424817758339,0.6178424817758339,0.6178424817758339,0.6178424817758339,0.9561540788177469,0.9561540788177469,0.6178424817758336,0.6178424817758336,1.0,0.0,0.0,1.0,1.0
0.1412537544622754,2.244924096618746,none,"ap_fixed<16,6,AP_RND,AP_SAT>",False,True,500.0,7.62939453125e-05,-4.117509920595296,1.0,1.0,0.4307055175304413,0.0,5.433786869049072,5.433786869049072,5.453949439811904,5.453949439811904,0.7703908352079202,0.7703908352079202,0.7703908352079202,0.7703908352079202,0.9453283048084217,0.9453283048084217,0.7703908352079201,0.7703908352079201,1.0,0.0,0.0,1.0,1.0
0.17612999928460507,2.244924096618746,none,"ap_fixed<16,6,AP_RND,AP_SAT>",False,True,500.0,3.0517578125e-05,-4.515449920728757,1.0,1.0,0.48007938265800476,0.0,5.433852195739746,5.433852195739746,5.453949439811904,5.453949439811904,0.9606040972537053,0.9606040972537053,0.9606040972537053,0.9606040972537053,0.9318295960898058,0.9318295960898058,0.9606040972537042,0.9606040972537042,1.0,0.0,0.0,1.0,1.0
0.21961736002054355,2.244924096618746,none,"ap_fixed<16,6,AP_RND,AP_SAT>",False,True,500.0,1.52587890625e-05,-4.816479902161777,1.0,1.0,0.6063390374183655,0.0,5.4342474937438965,5.4342474937438965,5.453949439811904,5.453949439811904,1.1977820145814935,1.1977820145814935,1.1977820145814935,1.1977820145814935,0.9149979851597267,0.9149979851597267,1.1977820145814926,1.1977820145814926,1.0,0.0,0.0,1.0,1.0
0.27384196342643613,2.244924096618746,none,"ap_fixed<16,6,AP_RND,AP_SAT>",False,True,500.0,1.52587890625e-05,-4.816479902161777,1.0,1.0,0.847998321056366,0.0,5.434229373931885,5.434229373931885,5.453949439811904,5.453949439811904,1.4935202977075857,1.4935202977075857,1.4935202977075857,1.4935202977075857,0.894010568730783,0.894010568730783,1.4935202977075843,1.4935202977075843,1.0,0.0,0.0,1.0,1.0
0.34145488738336005,2.244924096618746,none,"ap_fixed<16,6,AP_RND,AP_SAT>",False,True,500.0,3.0517578125e-05,-4.515449920728757,1.0,1.0,0.990858793258667,0.0,5.452372074127197,5.452372074127197,5.453949439811904,5.453949439811904,1.8622777243105448,1.8622777243105448,1.8622777243105448,1.8622777243105448,0.8678412625740882,0.8678412625740882,1.8622777243105424,1.8622777243105424,1.0,0.0,0.0,1.0,1.0
0.42576177390469155,2.244924096618746,none,"ap_fixed<16,6,AP_RND,AP_SAT>",True,False,,110.77694702148438,,1.0,1.0,0.9999999403953552,0.0,5.453740119934082,5.453740119934082,5.453949439811902,5.453949439811902,2.322083108524804,2.322083108524804,2.322083108524804,2.322083108524804,1.3220831085248033,1.3220831085248033,2.322083108524802,2.322083108524802,1.0,0.0,0.0,1.0,1.0
0.5308844442309882,2.244924096618746,none,"ap_fixed<16,6,AP_RND,AP_SAT>",True,False,,180.0841522216797,,1.0,1.0,0.9999998807907104,0.0,5.4533586502075195,5.4533586502075195,5.4539494398119,5.4539494398119,2.89541691985055,2.89541691985055,2.89541691985055,2.89541691985055,1.8954169198505504,1.8954169198505504,2.8954169198505495,2.8954169198505495,1.0,0.0,0.0,1.0,1.0
0.6619624174845152,2.244924096618746,none,"ap_fixed<16,6,AP_RND,AP_SAT>",True,False,,180.3734893798828,,1.0,1.0,0.9999999403953552,0.0,5.452421188354492,5.452421188354492,5.4539494398119,5.4539494398119,3.6103094058224454,3.6103094058224454,3.6103094058224454,3.6103094058224454,2.610309405822445,2.610309405822445,3.6103094058224454,3.6103094058224454,1.0,0.0,0.0,1.0,1.0
0.8254041852680182,2.244924096618746,none,"ap_fixed<16,6,AP_RND,AP_SAT>",True,False,,583.8316040039062,,1.0,1.0,0.9999999403953552,0.0,5.453248977661133,5.453248977661133,5.453949439811901,5.453949439811901,4.501712595184098,4.501712595184098,4.501712595184098,4.501712595184098,3.5017125951840966,3.5017125951840966,4.501712595184095,4.501712595184095,1.0,0.0,0.0,1.0,1.0
1.0292005271944276,2.244924096618746,none,"ap_fixed<16,6,AP_RND,AP_SAT>",True,False,,1758.9215087890625,,1.0,1.0,0.9921369552612305,0.0,5.453628063201904,5.453628063201904,5.453949439811902,5.453949439811902,5.613207784364515,5.613207784364515,5.613207784364515,5.613207784364515,4.61320778436451,4.61320778436451,5.613207784364515,5.613207784364515,1.0,0.0,0.0,1.0,1.0
1.2833151855576512,2.244924096618746,none,"ap_fixed<16,6,AP_RND,AP_SAT>",True,False,,139.85372924804688,,1.0,1.0,1.0,0.0,5.435130596160889,5.435130596160889,5.453949439811899,5.453949439811899,6.999136116510315,6.999136116510315,6.999136116510315,6.999136116510315,5.999136116510317,5.999136116510317,6.9991361165103125,6.9991361165103125,1.0,0.0,0.0,1.0,1.0
1.600171999495828,2.244924096618746,none,"ap_fixed<16,6,AP_RND,AP_SAT>",True,False,,231.92784118652344,,1.0,1.0,0.9999900460243225,0.0,5.435153007507324,5.435153007507324,5.453949439811899,5.453949439811899,8.72725741668631,8.72725741668631,8.72725741668631,8.72725741668631,7.72725741668631,7.72725741668631,8.727257416686307,8.727257416686307,1.0,0.0,0.0,1.0,1.0
1.9952623149688795,2.244924096618746,none,"ap_fixed<16,6,AP_RND,AP_SAT>",True,False,,379.2950744628906,,1.0,1.0,0.9921176433563232,0.0,5.435202598571777,5.435202598571777,5.4539494398119,5.4539494398119,10.882059513594724,10.882059513594724,10.882059513594724,10.882059513594724,9.882059513594712,9.882059513594712,10.882059513594722,10.882059513594722,1.0,0.0,0.0,1.0,1.0
0.01,2.378414230005442,none,"ap_fixed<16,6,AP_RND,AP_SAT>",False,True,500.0,0.0186767578125,-1.7286985127909036,1.0,1.0,0.3979049324989319,0.0,6.1000590324401855,6.1000590324401855,6.121851249871462,6.121851249871462,0.061218511130374235,0.061218511130374235,0.061218511130374235,0.061218511130374235,0.9956555560952691,0.9956555560952691,0.061218511130374194,0.061218511130374194,1.0,0.0,0.0,1.0,1.0
0.012469049049711741,2.378414230005442,none,"ap_fixed<16,6,AP_RND,AP_SAT>",False,True,500.0,0.0127716064453125,-1.8937544725964344,1.0,1.0,0.3999091684818268,0.0,6.099755764007568,6.099755764007568,6.121851249871462,6.121851249871462,0.07633366082897672,0.07633366082897672,0.07633366082897672,0.07633366082897672,0.9945828916549767,0.9945828916549767,0.07633366082897665,0.07633366082897665,1.0,0.0,0.0,1.0,1.0
0.015547718420411735,2.378414230005442,none,"ap_fixed<16,6,AP_RND,AP_SAT>",False,True,500.0,0.00836181640625,-2.077699372087392,1.0,1.0,0.3690076470375061,0.0,6.097828388214111,6.097828388214111,6.121851249871462,6.121851249871462,0.09518082209140914,0.09518082209140914,0.09518082209140914,0.09518082209140914,0.9932453806087886,0.9932453806087886,0.0951808220914091,0.0951808220914091,1.0,0.0,0.0,1.0,1.0
0.019386526359522076,2.378414230005442,none,"ap_fixed<16,6,AP_RND,AP_SAT>",False,True,500.0,0.00537109375,-2.2699372670647104,1.0,1.0,0.35877397656440735,0.0,6.096767425537109,6.096767425537109,6.121851249871462,6.121851249871462,0.11868142963096437,0.11868142963096437,0.11868142963096437,0.11868142963096437,0.9915776322546141,0.9915776322546141,0.1186814296309643,0.1186814296309643,1.0,0.0,0.0,1.0,1.0
0.024173154808041036,2.378414230005442,none,"ap_fixed<16,6,AP_RND,AP_SAT>",False,True,500.0,0.0034637451171875,-2.4604540733051934,1.0,1.0,0.3785615861415863,0.0,6.094315528869629,6.094315528869629,6.121851249871463,6.121851249871463,0.1479844617639889,0.1479844617639889,0.1479844617639889,0.1479844617639889,0.9894981079899787,0.9894981079899787,0.14798446176398883,0.14798446176398883,1.0,0.0,0.0,1.0,1.0
0.03014162529877389,2.378414230005442,none,"ap_fixed<16,6,AP_RND,AP_SAT>",False,True,500.0,0.0020294189453125,-2.692628289442614,1.0,1.0,0.3807801306247711,0.0,6.092339038848877,6.092339038848877,6.121851249871462,6.121851249871462,0.1845225480670528,0.1845225480670528,0.1845225480670528,0.1845225480670528,0.9869051395659044,0.9869051395659044,0.1845225480670527,0.1845225480670527,1.0,0.0,0.0,1.0,1.0
0.037583740428844416,2.378414230005442,none,"ap_fixed<16,6,AP_RND,AP_SAT>",False,True,500.0,0.0013427734375,-2.8719972581500994,1.0,1.0,0.37322673201560974,0.0,6.093805313110352,6.093805313110352,6.121851249871462,6.121851249871462,0.23008207971738448,0.23008207971738448,0.23008207971738448,0.23008207971738448,0.9836719536238423,0.9836719536238423,0.23008207971738426,0.23008207971738426,1.0,0.0,0.0,1.0,1.0
0.046863350287889544,2.378414230005442,none,"ap_fixed<16,6,AP_RND,AP_SAT>",False,True,500.0,0.0007781982421875,-3.1089097539676858,1.0,1.0,0.4264979958534241,0.0,6.09506368637085,6.09506368637085,6.121851249871461,6.121851249871461,0.2868904639980355,0.2868904639980355,0.2868904639980355,0.2868904639980355,0.9796404795767178,0.9796404795767178,0.28689046399803536,0.28689046399803536,1.0,0.0,0.0,1.0,1.0
0.05843414133735175,2.378414230005442,none,"ap_fixed<16,6,AP_RND,AP_SAT>",False,True,500.0,0.0005035400390625,-3.297965989883329,1.0,1.0,0.3960448205471039,0.0,6.096892833709717,6.096892833709717,6.121851249871462,6.121851249871462,0.35772511260948153,0.35772511260948153,0.35772511260948153,0.35772511260948153,0.9746136151247483,0.9746136151247483,0.3577251126094812,0.3577251126094812,1.0,0.0,0.0,1.0,1.0
0.07286181745132274,2.378414230005442,none,"ap_fixed<16,6,AP_RND,AP_SAT>",False,True,500.0,0.0002899169921875,-3.5377263281728744,1.0,1.0,0.41569390892982483,0.0,6.09794807434082,6.09794807434082,6.121851249871463,6.121851249871463,0.4460492266470789,0.4460492266470789,0.4460492266470789,0.4460492266470789,0.9683455901142373,0.9683455901142373,0.4460492266470786,0.4460492266470786,1.0,0.0,0.0,1.0,1.0
0.09085175756516867,2.378414230005442,none,"ap_fixed<16,6,AP_RND,AP_SAT>",False,True,500.0,0.0001678466796875,-3.7750872428780267,1.0,1.0,0.4033244550228119,0.0,6.098393440246582,6.098393440246582,6.121851249871462,6.121851249871462,0.5561809234725507,0.5561809234725507,0.5561809234725507,0.5561809234725507,0.960529964249502,0.960529964249502,0.5561809234725502,0.5561809234725502,1.0,0.0,0.0,1.0,1.0
0.11328350213326084,2.378414230005442,none,"ap_fixed<16,6,AP_RND,AP_SAT>",False,True,500.0,9.1552734375e-05,-4.038328675496402,1.0,1.0,0.4438475966453552,0.0,6.09937858581543,6.09937858581543,6.121851249871462,6.121851249871462,0.6935047365260356,0.6935047365260356,0.6935047365260356,0.6935047365260356,0.9507846177590568,0.9507846177590568,0.6935047365260353,0.6935047365260353,1.0,0.0,0.0,1.0,1.0
0.1412537544622754,2.378414230005442,none,"ap_fixed<16,6,AP_RND,AP_SAT>",False,True,500.0,6.103515625e-05,-4.214419932180256,1.0,1.0,0.44183608889579773,0.0,6.099566459655762,6.099566459655762,6.121851249871462,6.121851249871462,0.8647344735138907,0.8647344735138907,0.8647344735138907,0.8647344735138907,0.9386330973540377,0.9386330973540377,0.8647344735138899,0.8647344735138899,1.0,0.0,0.0,1.0,1.0
0.17612999928460507,2.378414230005442,none,"ap_fixed<16,6,AP_RND,AP_SAT>",False,True,500.0,3.0517578125e-05,-4.515449920728757,1.0,1.0,0.7343031764030457,0.0,6.099863052368164,6.099863052368164,6.121851249871462,6.121851249871462,1.0782416409065678,1.0782416409065678,1.0782416409065678,1.0782416409065678,0.9234813091960382,0.9234813091960382,1.0782416409065674,1.0782416409065674,1.0,0.0,0.0,1.0,1.0
0.21961736002054355,2.378414230005442,none,"ap_fixed<16,6,AP_RND,AP_SAT>",False,True,500.0,1.52587890625e-05,-4.816479902161777,1.0,1.0,0.724368155002594,0.0,6.100149154663086,6.100149154663086,6.121851249871462,6.121851249871462,1.3444648513815636,1.3444648513815636,1.3444648513815636,1.3444648513815636,0.9045884648146558,0.9045884648146558,1.3444648513815627,1.3444648513815627,1.0,0.0,0.0,1.0,1.0
0.27384196342643613,2.378414230005442,none,"ap_fixed<16,6,AP_RND,AP_SAT>",False,True,500.0,0.0,-12.0,1.0,1.0,0.766261100769043,0.0,6.100505352020264,6.100505352020264,6.121851249871462,6.121851249871462,1.6764198498959515,1.6764198498959515,1.6764198498959515,1.6764198498959515,0.8810308865052189,0.8810308865052189,1.67641984989595,1.67641984989595,1.0,0.0,0.0,1.0,1.0
0.34145488738336005,2.378414230005442,none,"ap_fixed<16,6,AP_RND,AP_SAT>",True,False,,115.74029541015625,,1.0,1.0,0.9999998807907104,0.0,6.1218414306640625,6.1218414306640625,6.12185124987146,6.12185124987146,2.090336065633104,2.090336065633104,2.090336065633104,2.090336065633104,1.0903360656331034,1.0903360656331034,2.0903360656331023,2.0903360656331023,1.0,0.0,0.0,1.0,1.0
0.42576177390469155,2.378414230005442,none,"ap_fixed<16,6,AP_RND,AP_SAT>",True,False,,192.1590118408203,,1.0,1.0,0.9999998807907104,0.0,6.121496200561523,6.121496200561523,6.121851249871459,6.121851249871459,2.606450158202831,2.606450158202831,2.606450158202831,2.606450158202831,1.606450158202831,1.606450158202831,2.6064501582028305,2.6064501582028305,1.0,0.0,0.0,1.0,1.0
0.5308844442309882,2.378414230005442,none,"ap_fixed<16,6,AP_RND,AP_SAT>",True,False,,111.12130737304688,,1.0,1.0,0.9999999403953552,0.0,6.1194844245910645,6.1194844245910645,6.121851249871459,6.121851249871459,3.249995601407222,3.249995601407222,3.249995601407222,3.249995601407222,2.2499956014072215,2.2499956014072215,3.249995601407222,3.249995601407222,1.0,0.0,0.0,1.0,1.0
0.6619624174845152,2.378414230005442,none,"ap_fixed<16,6,AP_RND,AP_SAT>",True,False,,376.04730224609375,,1.0,1.0,0.9999999403953552,0.0,6.1207475662231445,6.1207475662231445,6.121851249871458,6.121851249871458,4.052435284258719,4.052435284258719,4.052435284258719,4.052435284258719,3.052435284258716,3.052435284258716,4.052435284258719,4.052435284258719,1.0,0.0,0.0,1.0,1.0
0.8254041852680182,2.378414230005442,none,"ap_fixed<16,6,AP_RND,AP_SAT>",True,False,,1168.8450927734375,,1.0,1.0,0.9957941770553589,0.0,6.121344089508057,6.121344089508057,6.121851249871457,6.121851249871457,5.053001532471177,5.053001532471177,5.053001532471177,5.053001532471177,4.053001532471177,4.053001532471177,5.053001532471177,5.053001532471177,1.0,0.0,0.0,1.0,1.0
1.0292005271944276,2.378414230005442,none,"ap_fixed<16,6,AP_RND,AP_SAT>",True,False,,121.82989501953125,,1.0,1.0,1.0,0.0,6.101215839385986,6.101215839385986,6.121851249871458,6.121851249871458,6.300612697224644,6.300612697224644,6.300612697224644,6.300612697224644,5.300612697224643,5.300612697224643,6.300612697224642,6.300612697224642,1.0,0.0,0.0,1.0,1.0
1.2833151855576512,2.378414230005442,none,"ap_fixed<16,6,AP_RND,AP_SAT>",True,False,,203.68826293945312,,1.0,1.0,0.9999999403953552,0.0,6.101315975189209,6.101315975189209,6.121851249871459,6.121851249871459,7.8562646492661505,7.8562646492661505,7.8562646492661505,7.8562646492661505,6.856264649266147,6.856264649266147,7.8562646492661505,7.8562646492661505,1.0,0.0,0.0,1.0,1.0
1.600171999495828,2.378414230005442,none,"ap_fixed<16,6,AP_RND,AP_SAT>",True,False,,335.15728759765625,,1.0,1.0,0.9941567182540894,0.0,6.101337909698486,6.101337909698486,6.121851249871456,6.121851249871456,9.796015220510307,9.796015220510307,9.796015220510307,9.796015220510307,8.79601522051031,8.79601522051031,9.796015220510306,9.796015220510306,1.0,0.0,0.0,1.0,1.0
1.9952623149688795,2.378414230005442,none,"ap_fixed<16,6,AP_RND,AP_SAT>",True,False,,544.8069458007812,,1.0,1.0,0.9940165877342224,0.0,6.10137414932251,6.10137414932251,6.121851249871456,6.121851249871456,12.21469879206893,12.21469879206893,12.21469879206893,12.21469879206893,11.214698792068923,11.214698792068923,12.214698792068928,12.214698792068928,1.0,0.0,0.0,1.0,1.0
0.01,2.5198420997897464,none,"ap_fixed<16,6,AP_RND,AP_SAT>",False,True,500.0,0.017852783203125,-1.7482940688532111,1.0,1.0,0.38420000672340393,0.0,6.846540451049805,6.846540451049805,6.871545710751613,6.871545710751613,0.06871545557160598,0.06871545557160598,0.06871545557160598,0.06871545557160598,0.9951235265848666,0.9951235265848666,0.06871545557160592,0.06871545557160592,1.0,0.0,0.0,1.0,1.0
0.012469049049711741,2.5198420997897464,none,"ap_fixed<16,6,AP_RND,AP_SAT>",False,True,500.0,0.011383056640625,-1.9437411031128775,1.0,1.0,0.3763011395931244,0.0,6.846644878387451,6.846644878387451,6.871545710751613,6.871545710751613,0.08568163750570332,0.08568163750570332,0.08568163750570332,0.08568163750570332,0.9939195014573358,0.9939195014573358,0.08568163750570323,0.08568163750570323,1.0,0.0,0.0,1.0,1.0
0.015547718420411735,2.5198420997897464,none,"ap_fixed<16,6,AP_RND,AP_SAT>",False,True,500.0,0.006866455078125,-2.1632674167851067,1.0,1.0,0.37738826870918274,0.0,6.845371723175049,6.845371723175049,6.871545710751613,6.871545710751613,0.10683686079464404,0.10683686079464404,0.10683686079464404,0.10683686079464404,0.9924181960653888,0.9924181960653888,0.10683686079464394,0.10683686079464394,1.0,0.0,0.0,1.0,1.0
0.019386526359522076,2.5198420997897464,none,"ap_fixed<16,6,AP_RND,AP_SAT>",False,True,500.0,0.0046539306640625,-2.3321800911835955,1.0,1.0,0.3869810402393341,0.0,6.843546390533447,6.843546390533447,6.8715457107516125,6.8715457107516125,0.13321540093670944,0.13321540093670944,0.13321540093670944,0.13321540093670944,0.9905462118274502,0.9905462118274502,0.1332154009367093,0.1332154009367093,1.0,0.0,0.0,1.0,1.0
0.024173154808041036,2.5198420997897464,none,"ap_fixed<16,6,AP_RND,AP_SAT>",False,True,500.0,0.0030059814453125,-2.5220137043176294,1.0,1.0,0.37935924530029297,0.0,6.839919090270996,6.839919090270996,6.871545710751613,6.871545710751613,0.16610694248959007,0.16610694248959007,0.16610694248959007,0.16610694248959007,0.9882120247565627,0.9882120247565627,0.16610694248959,0.16610694248959,1.0,0.0,0.0,1.0,1.0
0.03014162529877389,2.5198420997897464,none,"ap_fixed<16,6,AP_RND,AP_SAT>",False,True,500.0,0.001861572265625,-2.7301200997156565,1.0,1.0,0.4097852110862732,0.0,6.841599464416504,6.841599464416504,6.871545710751614,6.871545710751614,0.2071195577863376,0.2071195577863376,0.2071195577863376,0.2071195577863376,0.9853015161014714,0.9853015161014714,0.20711955778633742,0.20711955778633742,1.0,0.0,0.0,1.0,1.0
0.037583740428844416,2.5198420997897464,none,"ap_fixed<16,6,AP_RND,AP_SAT>",False,True,500.0,0.001068115234375,-2.9713818902028435,1.0,1.0,0.5740194320678711,0.0,6.8441643714904785,6.8441643714904785,6.871545710751613,6.871545710751613,0.2582584031318958,0.2582584031318958,0.2582584031318958,0.2582584031318958,0.9816723875781455,0.9816723875781455,0.2582584031318956,0.2582584031318956,1.0,0.0,0.0,1.0,1.0
0.046863350287889544,2.5198420997897464,none,"ap_fixed<16,6,AP_RND,AP_SAT>",False,True,500.0,0.000640869140625,-3.193230639548134,1.0,1.0,0.41235101222991943,0.0,6.8433074951171875,6.8433074951171875,6.871545710751613,6.871545710751613,0.32202365867394017,0.32202365867394017,0.32202365867394017,0.32202365867394017,0.9771472109512372,0.9771472109512372,0.3220236586739399,0.3220236586739399,1.0,0.0,0.0,1.0,1.0
0.05843414133735175,2.5198420997897464,none,"ap_fixed<16,6,AP_RND,AP_SAT>",False,True,500.0,0.0004119873046875,-3.3851161654105666,1.0,1.0,0.44345220923423767,0.0,6.84520149230957,6.84520149230957,6.871545710751614,6.871545710751614,0.4015328636466679,0.4015328636466679,0.4015328636466679,0.4015328636466679,0.9715047463691041,0.9715047463691041,0.40153286364666746,0.40153286364666746,1.0,0.0,0.0,1.0,1.0
0.07286181745132274,2.5198420997897464,none,"ap_fixed<16,6,AP_RND,AP_SAT>",False,True,500.0,0.000244140625,-3.612359946188904,1.0,1.0,0.41319698095321655,0.0,6.845663547515869,6.845663547515869,6.871545710751613,6.871545710751613,0.5006733298551095,0.5006733298551095,0.5006733298551095,0.5006733298551095,0.9644691261609889,0.9644691261609889,0.5006733298551093,0.5006733298551093,1.0,0.0,0.0,1.0,1.0
0.09085175756516867,2.5198420997897464,none,"ap_fixed<16,6,AP_RND,AP_SAT>",False,True,500.0,0.000152587890625,-3.816479927777507,1.0,1.0,0.4055747389793396,0.0,6.84584903717041,6.84584903717041,6.871545710751613,6.871545710751613,0.6242919801702013,0.6242919801702013,0.6242919801702013,0.6242919801702013,0.9556963827241346,0.9556963827241346,0.6242919801702007,0.6242919801702007,1.0,0.0,0.0,1.0,1.0
0.11328350213326084,2.5198420997897464,none,"ap_fixed<16,6,AP_RND,AP_SAT>",False,True,500.0,7.62939453125e-05,-4.117509920595296,1.0,1.0,0.6387960910797119,0.0,6.846930980682373,6.846930980682373,6.871545710751613,6.871545710751613,0.7784327490416345,0.7784327490416345,0.7784327490416345,0.7784327490416345,0.9447576011161666,0.9447576011161666,0.7784327490416341,0.7784327490416341,1.0,0.0,0.0,1.0,1.0
0.1412537544622754,2.5198420997897464,none,"ap_fixed<16,6,AP_RND,AP_SAT>",False,True,500.0,6.103515625e-05,-4.214419932180256,1.0,1.0,0.43328914046287537,0.0,6.847195625305176,6.847195625305176,6.871545710751613,6.871545710751613,0.9706316308384972,0.9706316308384972,0.9706316308384972,0.9706316308384972,0.9311179806013299,0.9311179806013299,0.9706316308384966,0.9706316308384966,1.0,0.0,0.0,1.0,1.0
0.17612999928460507,2.5198420997897464,none,"ap_fixed<16,6,AP_RND,AP_SAT>",False,True,500.0,3.0517578125e-05,-4.515449920728757,1.0,1.0,0.4517158269882202,0.0,6.8476080894470215,6.8476080894470215,6.871545710751614,6.871545710751614,1.2102853238848095,1.2102853238848095,1.2102853238848095,1.2102853238848095,0.9141106733913654,0.9141106733913654,1.2102853238848086,1.2102853238848086,1.0,0.0,0.0,1.0,1.0
0.21961736002054355,2.5198420997897464,none,"ap_fixed<16,6,AP_RND,AP_SAT>",False,True,500.0,1.52587890625e-05,-4.816479902161777,1.0,1.0,0.5688801407814026,0.0,6.848132133483887,6.848132133483887,6.871545710751613,6.871545710751613,1.5091107747776895,1.5091107747776895,1.5091107747776895,1.5091107747776895,0.8929041725405347,0.8929041725405347,1.509110774777688,1.509110774777688,1.0,0.0,0.0,1.0,1.0
0.27384196342643613,2.5198420997897464,none,"ap_fixed<16,6,AP_RND,AP_SAT>",False,True,500.0,3.0517578125e-05,-4.515449920728757,1.0,1.0,0.9816206693649292,0.0,6.899170875549316,6.899170875549316,6.871545710751614,6.871545710751614,1.8817176632988695,1.8817176632988695,1.8817176632988695,1.8817176632988695,0.8817176632988687,0.8817176632988687,1.8817176632988675,1.8817176632988675,1.0,0.0,0.0,1.0,1.0
0.34145488738336005,2.5198420997897464,none,"ap_fixed<16,6,AP_RND,AP_SAT>",True,False,,171.58221435546875,,1.0,1.0,0.9999998807907104,0.0,6.871337890625,6.871337890625,6.871545710751611,6.871545710751611,2.346322907818472,2.346322907818472,2.346322907818472,2.346322907818472,1.346322907818472,1.346322907818472,2.3463229078184713,2.3463229078184713,1.0,0.0,0.0,1.0,1.0
0.42576177390469155,2.5198420997897464,none,"ap_fixed<16,6,AP_RND,AP_SAT>",True,False,,246.72445678710938,,1.0,1.0,0.9999998807907104,0.0,6.870914936065674,6.870914936065674,6.871545710751611,6.871545710751611,2.925641390790504,2.925641390790504,2.925641390790504,2.925641390790504,1.925641390790504,1.925641390790504,2.9256413907905037,2.9256413907905037,1.0,0.0,0.0,1.0,1.0
0.5308844442309882,2.5198420997897464,none,"ap_fixed<16,6,AP_RND,AP_SAT>",True,False,,237.89723205566406,,1.0,1.0,0.9999998211860657,0.0,6.869803428649902,6.869803428649902,6.87154571075161,6.87154571075161,3.647996728976437,3.647996728976437,3.647996728976437,3.647996728976437,2.6479967289764375,2.6479967289764375,3.6479967289764366,3.6479967289764366,1.0,0.0,0.0,1.0,1.0
0.6619624174845152,2.5198420997897464,none,"ap_fixed<16,6,AP_RND,AP_SAT>",True,False,,767.0492553710938,,1.0,1.0,1.0,0.0,6.870739459991455,6.870739459991455,6.871545710751612,6.871545710751612,4.548704821312211,4.548704821312211,4.548704821312211,4.548704821312211,3.54870482131221,3.54870482131221,4.548704821312211,4.548704821312211,1.0,0.0,0.0,1.0,1.0
0.8254041852680182,2.5198420997897464,none,"ap_fixed<16,6,AP_RND,AP_SAT>",True,False,,105.685302734375,,1.0,1.0,1.0,0.0,6.848918914794922,6.848918914794922,6.87154571075161,6.87154571075161,5.671802464589889,5.671802464589889,5.671802464589889,5.671802464589889,4.671802464589888,4.671802464589888,5.671802464589888,5.671802464589888,1.0,0.0,0.0,1.0,1.0
1.0292005271944276,2.5198420997897464,none,"ap_fixed<16,6,AP_RND,AP_SAT>",True,False,,178.40899658203125,,1.0,1.0,0.9999998807907104,0.0,6.848962306976318,6.848962306976318,6.871545710751611,6.871545710751611,7.0721986516137925,7.0721986516137925,7.0721986516137925,7.0721986516137925,6.07219865161379,6.07219865161379,7.072198651613791,7.072198651613791,1.0,0.0,0.0,1.0,1.0
1.2833151855576512,2.5198420997897464,none,"ap_fixed<16,6,AP_RND,AP_SAT>",True,False,,295.643310546875,,1.0,1.0,0.9999994039535522,0.0,6.8490376472473145,6.8490376472473145,6.8715457107516125,6.8715457107516125,8.818358932574172,8.818358932574172,8.818358932574172,8.818358932574172,7.818358932574165,7.818358932574165,8.818358932574164,8.818358932574164,1.0,0.0,0.0,1.0,1.0
1.600171999495828,2.5198420997897464,none,"ap_fixed<16,6,AP_RND,AP_SAT>",True,False,,483.171875,,1.0,1.0,0.9955621361732483,0.0,6.849102973937988,6.849102973937988,6.8715457107516125,6.8715457107516125,10.995655337487747,10.995655337487747,10.995655337487747,10.995655337487747,9.995655337487733,9.995655337487733,10.995655337487747,10.995655337487747,1.0,0.0,0.0,1.0,1.0
1.9952623149688795,2.5198420997897464,none,"ap_fixed<16,6,AP_RND,AP_SAT>",True,False,,781.316162109375,,1.0,1.0,0.9955792427062988,0.0,6.849118709564209,6.849118709564209,6.871545710751609,6.871545710751609,13.710535860296591,13.710535860296591,13.710535860296591,13.710535860296591,12.710535860296597,12.710535860296597,13.71053586029659,13.71053586029659,1.0,0.0,0.0,1.0,1.0
0.01,2.6696797083400687,none,"ap_fixed<16,6,AP_RND,AP_SAT>",False,True,500.0,0.015228271484375,-1.817349389307809,1.0,1.0,0.37858283519744873,0.0,7.681396961212158,7.681396961212158,7.713049266006543,7.713049266006543,0.07713049093606457,0.07713049093606457,0.07713049093606457,0.07713049093606457,0.9945263436717126,0.9945263436717126,0.07713049093606451,0.07713049093606451,1.0,0.0,0.0,1.0,1.0
0.012469049049711741,2.6696797083400687,none,"ap_fixed<16,6,AP_RND,AP_SAT>",False,True,500.0,0.009979248046875,-2.000902182255912,1.0,1.0,0.3992546796798706,0.0,7.6824188232421875,7.6824188232421875,7.713049266006541,7.713049266006541,0.09617438624319616,0.09617438624319616,0.09617438624319616,0.09617438624319616,0.9931748711632652,0.9931748711632652,0.09617438624319609,0.09617438624319609,1.0,0.0,0.0,1.0,1.0
0.015547718420411735,2.6696797083400687,none,"ap_fixed<16,6,AP_RND,AP_SAT>",False,True,500.0,0.0064849853515625,-2.1880910005064185,1.0,1.0,0.3909634053707123,0.0,7.682631492614746,7.682631492614746,7.713049266006543,7.713049266006543,0.11992032148534433,0.11992032148534433,0.11992032148534433,0.11992032148534433,0.9914897128408965,0.9914897128408965,0.11992032148534426,0.11992032148534426,1.0,0.0,0.0,1.0,1.0
0.019386526359522076,2.6696797083400687,none,"ap_fixed<16,6,AP_RND,AP_SAT>",False,True,500.0,0.0040130615234375,-2.396524182025721,1.0,1.0,0.36041712760925293,0.0,7.679636001586914,7.679636001586914,7.713049266006543,7.713049266006543,0.14952923165569193,0.14952923165569193,0.14952923165569193,0.14952923165569193,0.989388481582535,0.989388481582535,0.1495292316556918,0.1495292316556918,1.0,0.0,0.0,1.0,1.0
0.024173154808041036,2.6696797083400687,none,"ap_fixed<16,6,AP_RND,AP_SAT>",False,True,500.0,0.0024566650390625,-2.6096540544150675,1.0,1.0,0.3806763291358948,0.0,7.678027153015137,7.678027153015137,7.713049266006543,7.713049266006543,0.18644873872312295,0.18644873872312295,0.18644873872312295,0.18644873872312295,0.9867684451864951,0.9867684451864951,0.18644873872312281,0.18644873872312281,1.0,0.0,0.0,1.0,1.0
0.03014162529877389,2.6696797083400687,none,"ap_fixed<16,6,AP_RND,AP_SAT>",False,True,500.0,0.0015869140625,-2.7994465910512463,1.0,1.0,0.36833253502845764,0.0,7.680023193359375,7.680023193359375,7.713049266006543,7.713049266006543,0.23248384285066084,0.23248384285066084,0.23248384285066084,0.23248384285066084,0.9835015096857219,0.9835015096857219,0.23248384285066068,0.23248384285066068,1.0,0.0,0.0,1.0,1.0
0.037583740428844416,2.6696797083400687,none,"ap_fixed<16,6,AP_RND,AP_SAT>",False,True,500.0,0.0008697509765625,-3.0606050744518756,1.0,1.0,0.41409945487976074,0.0,7.682673454284668,7.682673454284668,7.713049266006543,7.713049266006543,0.28988525588933456,0.28988525588933456,0.28988525588933456,0.28988525588933456,0.979427950657137,0.979427950657137,0.2898852558893343,0.2898852558893343,1.0,0.0,0.0,1.0,1.0
0.046863350287889544,2.6696797083400687,none,"ap_fixed<16,6,AP_RND,AP_SAT>",False,True,500.0,0.0005645751953125,-3.248278205787463,1.0,1.0,0.4439689517021179,0.0,7.681944370269775,7.681944370269775,7.713049266006542,7.713049266006542,0.3614593351661045,0.3614593351661045,0.3614593351661045,0.3614593351661045,0.9743486116406199,0.9743486116406199,0.36145933516610435,0.36145933516610435,1.0,0.0,0.0,1.0,1.0
0.05843414133735175,2.6696797083400687,none,"ap_fixed<16,6,AP_RND,AP_SAT>",False,True,500.0,0.0003662109375,-3.4362686877261797,1.0,1.0,0.44445204734802246,0.0,7.683957099914551,7.683957099914551,7.713049266006541,7.713049266006541,0.45070540015205396,0.45070540015205396,0.45070540015205396,0.45070540015205396,0.9680151592995727,0.9680151592995727,0.4507054001520538,0.4507054001520538,1.0,0.0,0.0,1.0,1.0
0.07286181745132274,2.6696797083400687,none,"ap_fixed<16,6,AP_RND,AP_SAT>",False,True,500.0,0.0002593994140625,-3.5860310075711945,1.0,1.0,0.5482290387153625,0.0,7.685161590576172,7.685161590576172,7.713049266006541,7.713049266006541,0.5619868108140121,0.5619868108140121,0.5619868108140121,0.5619868108140121,0.9601179426437689,0.9601179426437689,0.5619868108140118,0.5619868108140118,1.0,0.0,0.0,1.0,1.0
0.09085175756516867,2.6696797083400687,none,"ap_fixed<16,6,AP_RND,AP_SAT>",False,True,500.0,0.0001068115234375,-3.9713818865434534,1.0,1.0,0.4875672161579132,0.0,7.68532133102417,7.68532133102417,7.713049266006541,7.713049266006541,0.7007440541203723,0.7007440541203723,0.7007440541203723,0.7007440541203723,0.9502708710939557,0.9502708710939557,0.700744054120372,0.700744054120372,1.0,0.0,0.0,1.0,1.0
0.11328350213326084,2.6696797083400687,none,"ap_fixed<16,6,AP_RND,AP_SAT>",False,True,500.0,6.103515625e-05,-4.214419932180256,1.0,1.0,0.41002559661865234,0.0,7.686089992523193,7.686089992523193,7.713049266006543,7.713049266006543,0.8737612171067555,0.8737612171067555,0.8737612171067555,0.8737612171067555,0.9379925039062265,0.9379925039062265,0.8737612171067544,0.8737612171067544,1.0,0.0,0.0,1.0,1.0
0.1412537544622754,2.6696797083400687,none,"ap_fixed<16,6,AP_RND,AP_SAT>",False,True,500.0,3.0517578125e-05,-4.515449920728757,1.0,1.0,0.7341303825378418,0.0,7.686489582061768,7.686489582061768,7.713049266006542,7.713049266006542,1.0894971674404714,1.0894971674404714,1.0894971674404714,1.0894971674404714,0.9226825475523616,0.9226825475523616,1.089497167440471,1.089497167440471,1.0,0.0,0.0,1.0,1.0
0.17612999928460507,2.6696797083400687,none,"ap_fixed<16,6,AP_RND,AP_SAT>",False,True,500.0,1.52587890625e-05,-4.816479902161777,1.0,1.0,0.5896618962287903,0.0,7.686749458312988,7.686749458312988,7.713049266006542,7.713049266006542,1.3584993423593412,1.3584993423593412,1.3584993423593412,1.3584993423593412,0.9035924906993796,0.9035924906993796,1.3584993423593403,1.3584993423593403,1.0,0.0,0.0,1.0,1.0
0.21961736002054355,2.6696797083400687,none,"ap_fixed<16,6,AP_RND,AP_SAT>",False,True,500.0,1.52587890625e-05,-4.816479902161777,1.0,1.0,0.7960029244422913,0.0,7.6870856285095215,7.6870856285095215,7.713049266006541,7.713049266006541,1.6939195697278493,1.6939195697278493,1.6939195697278493,1.6939195697278493,0.8797889983594533,0.8797889983594533,1.6939195697278482,1.6939195697278482,1.0,0.0,0.0,1.0,1.0
0.27384196342643613,2.6696797083400687,none,"ap_fixed<16,6,AP_RND,AP_SAT>",True,False,,105.76376342773438,,1.0,1.0,0.9999998211860657,0.0,7.712653636932373,7.712653636932373,7.713049266006541,7.713049266006541,2.1121566606229214,2.1121566606229214,2.1121566606229214,2.1121566606229214,1.11215666062292,1.11215666062292,2.112156660622921,2.112156660622921,1.0,0.0,0.0,1.0,1.0
0.34145488738336005,2.6696797083400687,none,"ap_fixed<16,6,AP_RND,AP_SAT>",True,False,,102.7210693359375,,1.0,1.0,0.9999999403953552,0.0,7.711217403411865,7.711217403411865,7.7130492660065375,7.7130492660065375,2.6336584145321953,2.6336584145321953,2.6336584145321953,2.6336584145321953,1.6336584145321944,1.6336584145321944,2.6336584145321944,2.6336584145321944,1.0,0.0,0.0,1.0,1.0
0.42576177390469155,2.6696797083400687,none,"ap_fixed<16,6,AP_RND,AP_SAT>",True,False,,147.03160095214844,,1.0,1.0,0.9999999403953552,0.0,7.709955215454102,7.709955215454102,7.713049266006539,7.713049266006539,3.283921424917192,3.283921424917192,3.283921424917192,3.283921424917192,2.2839214249171915,2.2839214249171915,3.283921424917192,3.283921424917192,1.0,0.0,0.0,1.0,1.0
0.5308844442309882,2.6696797083400687,none,"ap_fixed<16,6,AP_RND,AP_SAT>",True,False,,495.56134033203125,,1.0,1.0,0.9999998211860657,0.0,7.711420059204102,7.711420059204102,7.713049266006539,7.713049266006539,4.094737876632464,4.094737876632464,4.094737876632464,4.094737876632464,3.094737876632464,3.094737876632464,4.094737876632463,4.094737876632463,1.0,0.0,0.0,1.0,1.0
0.6619624174845152,2.6696797083400687,none,"ap_fixed<16,6,AP_RND,AP_SAT>",True,False,,1535.0435791015625,,1.0,1.0,0.9968417882919312,0.0,7.712074279785156,7.712074279785156,7.713049266006539,7.713049266006539,5.105748525896805,5.105748525896805,5.105748525896805,5.105748525896805,4.105748525896803,4.105748525896803,5.105748525896804,5.105748525896804,1.0,0.0,0.0,1.0,1.0
0.8254041852680182,2.6696797083400687,none,"ap_fixed<16,6,AP_RND,AP_SAT>",True,False,,155.69456481933594,,1.0,1.0,1.0,0.0,7.6877760887146,7.6877760887146,7.713049266006542,7.713049266006542,6.3663830057901345,6.3663830057901345,6.3663830057901345,6.3663830057901345,5.366383005790131,5.366383005790131,6.366383005790132,6.366383005790132,1.0,0.0,0.0,1.0,1.0
1.0292005271944276,2.6696797083400687,none,"ap_fixed<16,6,AP_RND,AP_SAT>",True,False,,260.0880126953125,,1.0,1.0,0.9999998807907104,0.0,7.687946796417236,7.687946796417236,7.7130492660065375,7.7130492660065375,7.93827457678597,7.93827457678597,7.93827457678597,7.93827457678597,6.938274576785968,6.938274576785968,7.938274576785968,7.938274576785968,1.0,0.0,0.0,1.0,1.0
1.2833151855576512,2.6696797083400687,none,"ap_fixed<16,6,AP_RND,AP_SAT>",True,False,,427.67437744140625,,1.0,1.0,0.9968191981315613,0.0,7.687942028045654,7.687942028045654,7.713049266006538,7.713049266006538,9.89827322051442,9.89827322051442,9.89827322051442,9.89827322051442,8.898273220514412,8.898273220514412,9.898273220514415,9.898273220514415,1.0,0.0,0.0,1.0,1.0
1.600171999495828,2.6696797083400687,none,"ap_fixed<16,6,AP_RND,AP_SAT>",True,False,,694.8303833007812,,1.0,1.0,0.9968289732933044,0.0,7.687995910644531,7.687995910644531,7.713049266006539,7.713049266006539,12.342205800562768,12.342205800562768,12.342205800562768,12.342205800562768,11.342205800562757,11.342205800562757,12.34220580056276,12.34220580056276,1.0,0.0,0.0,1.0,1.0
1.9952623149688795,2.6696797083400687,none,"ap_fixed<16,6,AP_RND,AP_SAT>",True,False,,1118.4234619140625,,1.0,1.0,0.9968386888504028,0.0,7.688016891479492,7.688016891479492,7.713049266006538,7.713049266006538,15.389556150132925,15.389556150132925,15.389556150132925,15.389556150132925,14.389556150132918,14.389556150132918,15.389556150132924,15.389556150132924,1.0,0.0,0.0,1.0,1.0
0.01,2.82842712474619,none,"ap_fixed<16,6,AP_RND,AP_SAT>",False,True,500.0,0.013214111328125,-1.8789620385734864,1.0,1.0,0.37787842750549316,0.0,8.629281044006348,8.629281044006348,8.657605080786242,8.657605080786242,0.08657604887273689,0.08657604887273689,0.08657604887273689,0.08657604887273689,0.9938560285233412,0.9938560285233412,0.08657604887273683,0.08657604887273683,1.0,0.0,0.0,1.0,1.0
0.012469049049711741,2.82842712474619,none,"ap_fixed<16,6,AP_RND,AP_SAT>",False,True,500.0,0.00848388671875,-2.071405138990451,1.0,1.0,0.3929539620876312,0.0,8.623696327209473,8.623696327209473,8.657605080786242,8.657605080786242,0.10795209861426125,0.10795209861426125,0.10795209861426125,0.10795209861426125,0.992339051927555,0.992339051927555,0.10795209861426117,0.10795209861426117,1.0,0.0,0.0,1.0,1.0
0.015547718420411735,2.82842712474619,none,"ap_fixed<16,6,AP_RND,AP_SAT>",False,True,500.0,0.0054779052734375,-2.261385481966099,1.0,1.0,0.38820239901542664,0.0,8.623600006103516,8.623600006103516,8.657605080786244,8.657605080786244,0.13460600973427725,0.13460600973427725,0.13460600973427725,0.13460600973427725,0.9904475256706394,0.9904475256706394,0.13460600973427714,0.13460600973427714,1.0,0.0,0.0,1.0,1.0
0.019386526359522076,2.82842712474619,none,"ap_fixed<16,6,AP_RND,AP_SAT>",False,True,500.0,0.00335693359375,-2.4740572496721205,1.0,1.0,0.37294894456863403,0.0,8.620426177978516,8.620426177978516,8.657605080786242,8.657605080786242,0.16784088770363148,0.16784088770363148,0.16784088770363148,0.16784088770363148,0.9880889733350607,0.9880889733350607,0.16784088770363137,0.16784088770363137,1.0,0.0,0.0,1.0,1.0
0.024173154808041036,2.82842712474619,none,"ap_fixed<16,6,AP_RND,AP_SAT>",False,True,500.0,0.0021514892578125,-2.6672608177664614,1.0,1.0,0.3680700361728668,0.0,8.621395111083984,8.621395111083984,8.657605080786244,8.657605080786244,0.20928163324324953,0.20928163324324953,0.20928163324324953,0.20928163324324953,0.9851480819236129,0.9851480819236129,0.20928163324324933,0.20928163324324933,1.0,0.0,0.0,1.0,1.0
0.03014162529877389,2.82842712474619,none,"ap_fixed<16,6,AP_RND,AP_SAT>",False,True,500.0,0.0013427734375,-2.8719972581500994,1.0,1.0,0.40794217586517334,0.0,8.623274803161621,8.623274803161621,8.657605080786244,8.657605080786244,0.2609542905340084,0.2609542905340084,0.2609542905340084,0.2609542905340084,0.9814810708200653,0.9814810708200653,0.26095429053400826,0.26095429053400826,1.0,0.0,0.0,1.0,1.0
0.037583740428844416,2.82842712474619,none,"ap_fixed<16,6,AP_RND,AP_SAT>",False,True,500.0,0.000946044921875,-3.024088240666382,1.0,1.0,0.6113126277923584,0.0,8.62414264678955,8.62414264678955,8.657605080786242,8.657605080786242,0.3253851982112302,0.3253851982112302,0.3253851982112302,0.3253851982112302,0.9769086554218296,0.9769086554218296,0.32538519821123013,0.32538519821123013,1.0,0.0,0.0,1.0,1.0
0.046863350287889544,2.82842712474619,none,"ap_fixed<16,6,AP_RND,AP_SAT>",False,True,500.0,0.000579833984375,-3.236696333257891,1.0,1.0,0.5913002490997314,0.0,8.625489234924316,8.625489234924316,8.657605080786244,8.657605080786244,0.4057243858694977,0.4057243858694977,0.4057243858694977,0.4057243858694977,0.9712072901613756,0.9712072901613756,0.4057243858694974,0.4057243858694974,1.0,0.0,0.0,1.0,1.0
0.05843414133735175,2.82842712474619,none,"ap_fixed<16,6,AP_RND,AP_SAT>",False,True,500.0,0.0003662109375,-3.4362686877261797,1.0,1.0,0.7823563814163208,0.0,8.627406120300293,8.627406120300293,8.657605080786242,8.657605080786242,0.5058997068113514,0.5058997068113514,0.5058997068113514,0.5058997068113514,0.964098230293829,0.964098230293829,0.5058997068113513,0.5058997068113513,1.0,0.0,0.0,1.0,1.0
0.07286181745132274,2.82842712474619,none,"ap_fixed<16,6,AP_RND,AP_SAT>",False,True,500.0,0.000152587890625,-3.816479927777507,1.0,1.0,0.4291505217552185,0.0,8.627857208251953,8.627857208251953,8.657605080786242,8.657605080786242,0.6308088670043407,0.6308088670043407,0.6308088670043407,0.6308088670043407,0.9552339043354188,0.9552339043354188,0.63080886700434,0.63080886700434,1.0,0.0,0.0,1.0,1.0
0.09085175756516867,2.82842712474619,none,"ap_fixed<16,6,AP_RND,AP_SAT>",False,True,500.0,9.1552734375e-05,-4.038328675496402,1.0,1.0,0.4399413764476776,0.0,8.627819061279297,8.627819061279297,8.657605080786244,8.657605080786244,0.7865586065968921,0.7865586065968921,0.7865586065968921,0.7865586065968921,0.9441809402649473,0.9441809402649473,0.7865586065968913,0.7865586065968913,1.0,0.0,0.0,1.0,1.0
0.11328350213326084,2.82842712474619,none,"ap_fixed<16,6,AP_RND,AP_SAT>",False,True,500.0,4.57763671875e-05,-4.339358666416729,1.0,1.0,0.5299577116966248,0.0,8.628313064575195,8.628313064575195,8.657605080786242,8.657605080786242,0.9807638058215146,0.9807638058215146,0.9807638058215146,0.9807638058215146,0.9303989391203933,0.9303989391203933,0.9807638058215139,0.9807638058215139,1.0,0.0,0.0,1.0,1.0
0.1412537544622754,2.82842712474619,none,"ap_fixed<16,6,AP_RND,AP_SAT>",False,True,500.0,4.57763671875e-05,-4.339358666416729,1.0,1.0,0.4696682393550873,0.0,8.628971099853516,8.628971099853516,8.657605080786244,8.657605080786244,1.2229192226096752,1.2229192226096752,1.2229192226096752,1.2229192226096752,0.9132140942003857,0.9132140942003857,1.2229192226096743,1.2229192226096743,1.0,0.0,0.0,1.0,1.0
0.17612999928460507,2.82842712474619,none,"ap_fixed<16,6,AP_RND,AP_SAT>",False,True,500.0,1.52587890625e-05,-4.816479902161777,1.0,1.0,0.5829988121986389,0.0,8.62951374053955,8.62951374053955,8.657605080786242,8.657605080786242,1.5248639549717904,1.5248639549717904,1.5248639549717904,1.5248639549717904,0.8917862299432938,0.8917862299432938,1.5248639549717895,1.5248639549717895,1.0,0.0,0.0,1.0,1.0
0.21961736002054355,2.82842712474619,none,"ap_fixed<16,6,AP_RND,AP_SAT>",False,True,500.0,4.57763671875e-05,-4.339358666416729,1.0,1.0,0.9873427748680115,0.0,8.687973976135254,8.687973976135254,8.657605080786244,8.657605080786244,1.9013604305566794,1.9013604305566794,1.9013604305566794,1.9013604305566794,0.9013604305566786,0.9013604305566786,1.9013604305566778,1.9013604305566778,1.0,0.0,0.0,1.0,1.0
0.27384196342643613,2.82842712474619,none,"ap_fixed<16,6,AP_RND,AP_SAT>",True,False,,141.50718688964844,,1.0,1.0,0.9999999403953552,0.0,8.657224655151367,8.657224655151367,8.657605080786242,8.657605080786242,2.3708156924418637,2.3708156924418637,2.3708156924418637,2.3708156924418637,1.3708156924418617,1.3708156924418617,2.3708156924418615,2.3708156924418615,1.0,0.0,0.0,1.0,1.0
0.34145488738336005,2.82842712474619,none,"ap_fixed<16,6,AP_RND,AP_SAT>",True,False,,338.62249755859375,,1.0,1.0,0.9999999403953552,0.0,8.657004356384277,8.657004356384277,8.657605080786237,8.657605080786237,2.9561816195314874,2.9561816195314874,2.9561816195314874,2.9561816195314874,1.9561816195314867,1.9561816195314867,2.956181619531486,2.956181619531486,1.0,0.0,0.0,1.0,1.0
0.42576177390469155,2.82842712474619,none,"ap_fixed<16,6,AP_RND,AP_SAT>",True,False,,314.47650146484375,,1.0,1.0,0.9999998807907104,0.0,8.655714988708496,8.655714988708496,8.657605080786238,8.657605080786238,3.686077170357045,3.686077170357045,3.686077170357045,3.686077170357045,2.686077170357044,2.686077170357044,3.686077170357044,3.686077170357044,1.0,0.0,0.0,1.0,1.0
0.5308844442309882,2.82842712474619,none,"ap_fixed<16,6,AP_RND,AP_SAT>",True,False,,1010.0411987304688,,1.0,1.0,1.0,0.0,8.656806945800781,8.656806945800781,8.65760508078624,8.65760508078624,4.59618786586278,4.59618786586278,4.59618786586278,4.59618786586278,3.5961878658627797,3.5961878658627797,4.596187865862778,4.596187865862778,1.0,0.0,0.0,1.0,1.0
0.6619624174845152,2.82842712474619,none,"ap_fixed<16,6,AP_RND,AP_SAT>",True,False,,135.32554626464844,,1.0,1.0,0.9999998807907104,0.0,8.630309104919434,8.630309104919434,8.657605080786237,8.657605080786237,5.73100895048575,5.73100895048575,5.73100895048575,5.73100895048575,4.731008950485747,4.731008950485747,5.73100895048575,5.73100895048575,1.0,0.0,0.0,1.0,1.0
0.8254041852680182,2.82842712474619,none,"ap_fixed<16,6,AP_RND,AP_SAT>",True,False,,228.22262573242188,,1.0,1.0,0.9999998807907104,0.0,8.630389213562012,8.630389213562012,8.65760508078624,8.65760508078624,7.1460233114389515,7.1460233114389515,7.1460233114389515,7.1460233114389515,6.146023311438948,6.146023311438948,7.1460233114389515,7.1460233114389515,1.0,0.0,0.0,1.0,1.0
1.0292005271944276,2.82842712474619,none,"ap_fixed<16,6,AP_RND,AP_SAT>",True,False,,377.9169616699219,,1.0,1.0,1.0,0.0,8.630425453186035,8.630425453186035,8.657605080786238,8.657605080786238,8.910411944541076,8.910411944541076,8.910411944541076,8.910411944541076,7.910411944541072,7.910411944541072,8.910411944541073,8.910411944541073,1.0,0.0,0.0,1.0,1.0
1.2833151855576512,2.82842712474619,none,"ap_fixed<16,6,AP_RND,AP_SAT>",True,False,,617.3446044921875,,1.0,1.0,0.9978257417678833,0.0,8.630513191223145,8.630513191223145,8.657605080786238,8.657605080786238,11.110436037614617,11.110436037614617,11.110436037614617,11.110436037614617,10.110436037614607,10.110436037614607,11.11043603761461,11.11043603761461,1.0,0.0,0.0,1.0,1.0
1.600171999495828,2.82842712474619,none,"ap_fixed<16,6,AP_RND,AP_SAT>",True,False,,997.7938842773438,,1.0,1.0,0.9978339076042175,0.0,8.630550384521484,8.630550384521484,8.65760508078624,8.65760508078624,13.85365760828151,13.85365760828151,13.85365760828151,13.85365760828151,12.853657608281509,12.853657608281509,13.853657608281505,13.853657608281505,1.0,0.0,0.0,1.0,1.0
1.9952623149688795,2.82842712474619,none,"ap_fixed<16,6,AP_RND,AP_SAT>",True,False,,1599.486083984375,,1.0,1.0,0.9978408813476562,0.0,8.630570411682129,8.630570411682129,8.657605080786237,8.657605080786237,17.27419272474318,17.27419272474318,17.27419272474318,17.27419272474318,16.274192724743177,16.274192724743177,17.27419272474318,17.27419272474318,1.0,0.0,0.0,1.0,1.0
0.01,2.996614153753363,none,"ap_fixed<16,6,AP_RND,AP_SAT>",False,True,500.0,0.0112762451171875,-1.9478354921903593,1.0,1.0,0.39246422052383423,0.0,9.681711196899414,9.681711196899414,9.717833137986547,9.717833137986547,0.0971783292077605,0.0971783292077605,0.0971783292077605,0.0971783292077605,0.9931036251192085,0.9931036251192085,0.09717832920776044,0.09717832920776044,1.0,0.0,0.0,1.0,1.0
0.012469049049711741,2.996614153753363,none,"ap_fixed<16,6,AP_RND,AP_SAT>",False,True,500.0,0.007659912109375,-2.1157762134219826,1.0,1.0,0.4192805290222168,0.0,9.680477142333984,9.680477142333984,9.717833137986549,9.717833137986549,0.12117213379910709,0.12117213379910709,0.12117213379910709,0.12117213379910709,0.9914008764444023,0.9914008764444023,0.12117213379910695,0.12117213379910695,1.0,0.0,0.0,1.0,1.0
0.015547718420411735,2.996614153753363,none,"ap_fixed<16,6,AP_RND,AP_SAT>",False,True,500.0,0.0047454833984375,-2.323719541505344,1.0,1.0,0.39916932582855225,0.0,9.67583179473877,9.67583179473877,9.717833137986547,9.717833137986547,0.15109013748743383,0.15109013748743383,0.15109013748743383,0.15109013748743383,0.9892777099853608,0.9892777099853608,0.15109013748743372,0.15109013748743372,1.0,0.0,0.0,1.0,1.0
0.019386526359522076,2.996614153753363,none,"ap_fixed<16,6,AP_RND,AP_SAT>",False,True,500.0,0.0029449462890625,-2.5309226214684544,1.0,1.0,0.37209343910217285,0.0,9.675790786743164,9.675790786743164,9.717833137986549,9.717833137986549,0.18839502670954644,0.18839502670954644,0.18839502670954644,0.18839502670954644,0.9866303244719498,0.9866303244719498,0.18839502670954633,0.18839502670954633,1.0,0.0,0.0,1.0,1.0
0.024173154808041036,2.996614153753363,none,"ap_fixed<16,6,AP_RND,AP_SAT>",False,True,500.0,0.0018157958984375,-2.7409329689919923,1.0,1.0,0.3794325292110443,0.0,9.677379608154297,9.677379608154297,9.717833137986547,9.717833137986547,0.2349106908579965,0.2349106908579965,0.2349106908579965,0.2349106908579965,0.983329285439771,0.983329285439771,0.23491069085799637,0.23491069085799637,1.0,0.0,0.0,1.0,1.0
0.03014162529877389,2.996614153753363,none,"ap_fixed<16,6,AP_RND,AP_SAT>",False,True,500.0,0.0012664794921875,-2.8974018379047104,1.0,1.0,0.37857937812805176,0.0,9.679445266723633,9.679445266723633,9.717833137986547,9.717833137986547,0.29291128763531643,0.29291128763531643,0.29291128763531643,0.29291128763531643,0.9792132046021299,0.9792132046021299,0.2929112876353164,0.2929112876353164,1.0,0.0,0.0,1.0,1.0
0.037583740428844416,2.996614153753363,none,"ap_fixed<16,6,AP_RND,AP_SAT>",False,True,500.0,0.0007171630859375,-3.1443820720824087,1.0,1.0,0.4174172282218933,0.0,9.681394577026367,9.681394577026367,9.717833137986547,9.717833137986547,0.3652325362824534,0.3652325362824534,0.3652325362824534,0.3652325362824534,0.9740808417946636,0.9740808417946636,0.36523253628245317,0.36523253628245317,1.0,0.0,0.0,1.0,1.0
0.046863350287889544,2.996614153753363,none,"ap_fixed<16,6,AP_RND,AP_SAT>",False,True,500.0,0.000457763671875,-3.339358674955306,1.0,1.0,0.4318544864654541,0.0,9.682806968688965,9.682806968688965,9.717833137986547,9.717833137986547,0.45541022547239846,0.45541022547239846,0.45541022547239846,0.45541022547239846,0.9676812755991198,0.9676812755991198,0.4554102254723981,0.4554102254723981,1.0,0.0,0.0,1.0,1.0
0.05843414133735175,2.996614153753363,none,"ap_fixed<16,6,AP_RND,AP_SAT>",False,True,500.0,0.000244140625,-3.612359946188904,1.0,1.0,0.5070608258247375,0.0,9.683176040649414,9.683176040649414,9.717833137986545,9.717833137986545,0.5678532214710998,0.5678532214710998,0.5678532214710998,0.5678532214710998,0.9597016256149288,0.9597016256149288,0.5678532214710995,0.5678532214710995,1.0,0.0,0.0,1.0,1.0
0.07286181745132274,2.996614153753363,none,"ap_fixed<16,6,AP_RND,AP_SAT>",False,True,500.0,0.0001373291015625,-3.8622374180219383,1.0,1.0,0.5393193960189819,0.0,9.685076713562012,9.685076713562012,9.717833137986547,9.717833137986547,0.7080590133540516,0.7080590133540516,0.7080590133540516,0.7080590133540516,0.9497517560383903,0.9497517560383903,0.7080590133540511,0.7080590133540511,1.0,0.0,0.0,1.0,1.0
0.09085175756516867,2.996614153753363,none,"ap_fixed<16,6,AP_RND,AP_SAT>",False,True,500.0,6.103515625e-05,-4.214419932180256,1.0,1.0,0.5588772892951965,0.0,9.685678482055664,9.685678482055664,9.717833137986549,9.717833137986549,0.882882185180667,0.882882185180667,0.882882185180667,0.882882185180667,0.9373452232178079,0.9373452232178079,0.8828821851806665,0.8828821851806665,1.0,0.0,0.0,1.0,1.0
0.11328350213326084,2.996614153753363,none,"ap_fixed<16,6,AP_RND,AP_SAT>",False,True,500.0,3.0517578125e-05,-4.515449920728757,1.0,1.0,0.6068971157073975,0.0,9.685995101928711,9.685995101928711,9.717833137986547,9.717833137986547,1.1008701510192431,1.1008701510192431,1.1008701510192431,1.1008701510192431,0.9218754498210038,0.9218754498210038,1.1008701510192427,1.1008701510192427,1.0,0.0,0.0,1.0,1.0
0.1412537544622754,2.996614153753363,none,"ap_fixed<16,6,AP_RND,AP_SAT>",False,True,500.0,1.52587890625e-05,-4.816479902161777,1.0,1.0,0.5374307632446289,0.0,9.686386108398438,9.686386108398438,9.717833137986549,9.717833137986549,1.3726804163118271,1.3726804163118271,1.3726804163118271,1.3726804163118271,0.9025861133898577,0.9025861133898577,1.3726804163118262,1.3726804163118262,1.0,0.0,0.0,1.0,1.0
0.17612999928460507,2.996614153753363,none,"ap_fixed<16,6,AP_RND,AP_SAT>",False,True,500.0,0.0,-12.0,1.0,1.0,0.6499555706977844,0.0,9.686772346496582,9.686772346496582,9.717833137986547,9.717833137986547,1.7116019192689207,1.7116019192689207,1.7116019192689207,1.7116019192689207,0.8785341487326296,0.8785341487326296,1.7116019192689198,1.7116019192689198,1.0,0.0,0.0,1.0,1.0
0.21961736002054355,2.996614153753363,none,"ap_fixed<16,6,AP_RND,AP_SAT>",True,False,,107.98683166503906,,1.0,1.0,0.9999998807907104,0.0,9.718144416809082,9.718144416809082,9.717833137986544,9.717833137986544,2.1342049246767045,2.1342049246767045,2.1342049246767045,2.1342049246767045,1.134204924676704,1.134204924676704,2.1342049246767036,2.1342049246767036,1.0,0.0,0.0,1.0,1.0
0.27384196342643613,2.996614153753363,none,"ap_fixed<16,6,AP_RND,AP_SAT>",True,False,,142.1431884765625,,1.0,1.0,0.9999998211860657,0.0,9.716540336608887,9.716540336608887,9.71783313798654,9.71783313798654,2.661150639823102,2.661150639823102,2.661150639823102,2.661150639823102,1.661150639823103,1.661150639823103,2.661150639823102,2.661150639823102,1.0,0.0,0.0,1.0,1.0
0.34145488738336005,2.996614153753363,none,"ap_fixed<16,6,AP_RND,AP_SAT>",True,False,,195.2531280517578,,1.0,1.0,1.0,0.0,9.714945793151855,9.714945793151855,9.717833137986542,9.717833137986542,3.3182016777301326,3.3182016777301326,3.3182016777301326,3.3182016777301326,2.318201677730131,2.318201677730131,3.3182016777301317,3.3182016777301317,1.0,0.0,0.0,1.0,1.0
0.42576177390469155,2.996614153753363,none,"ap_fixed<16,6,AP_RND,AP_SAT>",True,False,,654.8200073242188,,1.0,1.0,1.0,0.0,9.716719627380371,9.716719627380371,9.717833137986542,9.717833137986542,4.13748173322989,4.13748173322989,4.13748173322989,4.13748173322989,3.13748173322989,3.13748173322989,4.13748173322989,4.13748173322989,1.0,0.0,0.0,1.0,1.0
0.5308844442309882,2.996614153753363,none,"ap_fixed<16,6,AP_RND,AP_SAT>",True,False,,117.04928588867188,,1.0,1.0,1.0,0.0,9.687759399414062,9.687759399414062,9.717833137986542,9.717833137986542,5.159046449279334,5.159046449279334,5.159046449279334,5.159046449279334,4.159046449279334,4.159046449279334,5.159046449279334,5.159046449279334,1.0,0.0,0.0,1.0,1.0
0.6619624174845152,2.996614153753363,none,"ap_fixed<16,6,AP_RND,AP_SAT>",True,False,,199.4770965576172,,1.0,1.0,0.9999999403953552,0.0,9.68789005279541,9.68789005279541,9.717833137986545,9.717833137986545,6.4328400491178535,6.4328400491178535,6.4328400491178535,6.4328400491178535,5.432840049117853,5.432840049117853,6.4328400491178535,6.4328400491178535,1.0,0.0,0.0,1.0,1.0
0.8254041852680182,2.996614153753363,none,"ap_fixed<16,6,AP_RND,AP_SAT>",True,False,,333.0736999511719,,1.0,1.0,0.9999998807907104,0.0,9.687954902648926,9.687954902648926,9.717833137986542,9.717833137986542,8.021139968008246,8.021139968008246,8.021139968008246,8.021139968008246,7.021139968008241,7.021139968008241,8.021139968008244,8.021139968008244,1.0,0.0,0.0,1.0,1.0
1.0292005271944276,2.996614153753363,none,"ap_fixed<16,6,AP_RND,AP_SAT>",True,False,,547.3657836914062,,1.0,1.0,0.9985882043838501,0.0,9.688018798828125,9.688018798828125,9.71783313798654,9.71783313798654,10.001599248265633,10.001599248265633,10.001599248265633,10.001599248265633,9.001599248265633,9.001599248265633,10.00159924826563,10.00159924826563,1.0,0.0,0.0,1.0,1.0
1.2833151855576512,2.996614153753363,none,"ap_fixed<16,6,AP_RND,AP_SAT>",True,False,,888.8267211914062,,1.0,1.0,0.9985975623130798,0.0,9.688078880310059,9.688078880310059,9.71783313798654,9.71783313798654,12.471042799518175,12.471042799518175,12.471042799518175,12.471042799518175,11.471042799518175,11.471042799518175,12.471042799518175,12.471042799518175,1.0,0.0,0.0,1.0,1.0
1.600171999495828,2.996614153753363,none,"ap_fixed<16,6,AP_RND,AP_SAT>",True,False,,1429.97900390625,,1.0,1.0,0.9986080527305603,0.0,9.688096046447754,9.688096046447754,9.71783313798654,9.71783313798654,15.550204904455082,15.550204904455082,15.550204904455082,15.550204904455082,14.550204904455086,14.550204904455086,15.550204904455082,15.550204904455082,1.0,0.0,0.0,1.0,1.0
1.9952623149688795,2.996614153753363,none,"ap_fixed<16,6,AP_RND,AP_SAT>",True,False,,2284.333984375,,1.0,1.0,0.998612105846405,0.0,9.688135147094727,9.688135147094727,9.717833137986542,9.717833137986542,19.389625759786966,19.389625759786966,19.389625759786966,19.389625759786966,18.389625759786956,18.389625759786956,19.389625759786966,19.389625759786966,1.0,0.0,0.0,1.0,1.0
0.01,3.174802103936399,none,"ap_fixed<16,6,AP_RND,AP_SAT>",False,True,500.0,0.0100860595703125,-1.996278471095,1.0,1.0,0.3774290382862091,0.0,10.866073608398438,10.866073608398438,10.907898879686883,10.907898879686883,0.10907898635876344,0.10907898635876344,0.10907898635876344,0.10907898635876344,0.9922590809307126,0.9922590809307126,0.10907898635876333,0.10907898635876333,1.0,0.0,0.0,1.0,1.0
0.012469049049711741,3.174802103936399,none,"ap_fixed<16,6,AP_RND,AP_SAT>",False,True,500.0,0.006103515625,-2.214419939224582,1.0,1.0,0.3806253671646118,0.0,10.865416526794434,10.865416526794434,10.907898879686883,10.907898879686883,0.13601112138362986,0.13601112138362986,0.13601112138362986,0.13601112138362986,0.9903478101667459,0.9903478101667459,0.13601112138362978,0.13601112138362978,1.0,0.0,0.0,1.0,1.0
0.015547718420411735,3.174802103936399,none,"ap_fixed<16,6,AP_RND,AP_SAT>",False,True,500.0,0.004119873046875,-2.385116166359297,1.0,1.0,0.3901638388633728,0.0,10.862175941467285,10.862175941467285,10.907898879686886,10.907898879686886,0.16959294505569011,0.16959294505569011,0.16959294505569011,0.16959294505569011,0.9879646363958648,0.9879646363958648,0.16959294505568995,0.16959294505568995,1.0,0.0,0.0,1.0,1.0
0.019386526359522076,3.174802103936399,none,"ap_fixed<16,6,AP_RND,AP_SAT>",False,True,500.0,0.0025177001953125,-2.598995986237296,1.0,1.0,0.4233410060405731,0.0,10.860774040222168,10.860774040222168,10.907898879686885,10.907898879686885,0.21146626738740434,0.21146626738740434,0.21146626738740434,0.21146626738740434,0.9849930466318575,0.9849930466318575,0.21146626738740426,0.21146626738740426,1.0,0.0,0.0,1.0,1.0
0.024173154808041036,3.174802103936399,none,"ap_fixed<16,6,AP_RND,AP_SAT>",False,True,500.0,0.0016937255859375,-2.771156951580628,1.0,1.0,0.40817275643348694,0.0,10.86485481262207,10.86485481262207,10.907898879686885,10.907898879686885,0.26367833500044185,0.26367833500044185,0.26367833500044185,0.26367833500044185,0.9812877556007932,0.9812877556007932,0.2636783350004417,0.2636783350004417,1.0,0.0,0.0,1.0,1.0
0.03014162529877389,3.174802103936399,none,"ap_fixed<16,6,AP_RND,AP_SAT>",False,True,500.0,0.0009765625,-3.0102999561950945,1.0,1.0,0.4238378703594208,0.0,10.865617752075195,10.865617752075195,10.907898879686885,10.907898879686885,0.328781803605541,0.328781803605541,0.328781803605541,0.328781803605541,0.9766676110759401,0.9766676110759401,0.32878180360554066,0.32878180360554066,1.0,0.0,0.0,1.0,1.0
0.037583740428844416,3.174802103936399,none,"ap_fixed<16,6,AP_RND,AP_SAT>",False,True,500.0,0.0006561279296875,-3.1830114743822073,1.0,1.0,0.41406574845314026,0.0,10.86781120300293,10.86781120300293,10.907898879686886,10.907898879686886,0.4099596604275516,0.4099596604275516,0.4099596604275516,0.4099596604275516,0.9709067286103603,0.9709067286103603,0.4099596604275512,0.4099596604275512,1.0,0.0,0.0,1.0,1.0
0.046863350287889544,3.174802103936399,none,"ap_fixed<16,6,AP_RND,AP_SAT>",False,True,500.0,0.000335693359375,-3.474057248507769,1.0,1.0,0.4313652217388153,0.0,10.868910789489746,10.868910789489746,10.907898879686885,10.907898879686885,0.5111806940592896,0.5111806940592896,0.5111806940592896,0.5111806940592896,0.9637234584351513,0.9637234584351513,0.5111806940592893,0.5111806940592893,1.0,0.0,0.0,1.0,1.0
0.05843414133735175,3.174802103936399,none,"ap_fixed<16,6,AP_RND,AP_SAT>",False,True,500.0,0.00018310546875,-3.7372986822042473,1.0,1.0,0.4946099519729614,0.0,10.869972229003906,10.869972229003906,10.907898879686886,10.907898879686886,0.6373936895560405,0.6373936895560405,0.6373936895560405,0.6373936895560405,0.9547666041752544,0.9547666041752544,0.63739368955604,0.63739368955604,1.0,0.0,0.0,1.0,1.0
0.07286181745132274,3.174802103936399,none,"ap_fixed<16,6,AP_RND,AP_SAT>",False,True,500.0,0.0001068115234375,-3.9713818865434534,1.0,1.0,0.5565427541732788,0.0,10.871219635009766,10.871219635009766,10.907898879686885,10.907898879686885,0.7947693697606636,0.7947693697606636,0.7947693697606636,0.7947693697606636,0.9435982531976307,0.9435982531976307,0.7947693697606631,0.7947693697606631,1.0,0.0,0.0,1.0,1.0
0.09085175756516867,3.174802103936399,none,"ap_fixed<16,6,AP_RND,AP_SAT>",False,True,500.0,7.62939453125e-05,-4.117509920595296,1.0,1.0,0.5928112864494324,0.0,10.87161636352539,10.87161636352539,10.907898879686885,10.907898879686885,0.9910017451300918,0.9910017451300918,0.9910017451300918,0.9910017451300918,0.9296723909649844,0.9296723909649844,0.9910017451300912,0.9910017451300912,1.0,0.0,0.0,1.0,1.0
0.11328350213326084,3.174802103936399,none,"ap_fixed<16,6,AP_RND,AP_SAT>",False,True,500.0,3.0517578125e-05,-4.515449920728757,1.0,1.0,0.5766299366950989,0.0,10.872390747070312,10.872390747070312,10.907898879686883,10.907898879686883,1.235684963558813,1.235684963558813,1.235684963558813,1.235684963558813,0.912308157443049,0.912308157443049,1.2356849635588127,1.2356849635588127,1.0,0.0,0.0,1.0,1.0
0.1412537544622754,3.174802103936399,none,"ap_fixed<16,6,AP_RND,AP_SAT>",False,True,500.0,1.52587890625e-05,-4.816479902161777,1.0,1.0,0.5070925951004028,0.0,10.872803688049316,10.872803688049316,10.907898879686883,10.907898879686883,1.54078167042475,1.54078167042475,1.54078167042475,1.54078167042475,0.8906566093768833,0.8906566093768833,1.5407816704247494,1.5407816704247494,1.0,0.0,0.0,1.0,1.0
0.17612999928460507,3.174802103936399,none,"ap_fixed<16,6,AP_RND,AP_SAT>",False,True,500.0,0.000152587890625,-3.816479927777507,1.0,1.0,0.9945107698440552,0.0,10.94407844543457,10.94407844543457,10.907898879686883,10.907898879686883,1.9212081945185202,1.9212081945185202,1.9212081945185202,1.9212081945185202,0.92120819451852,0.92120819451852,1.9212081945185195,1.9212081945185195,1.0,0.0,0.0,1.0,1.0
0.21961736002054355,3.174802103936399,none,"ap_fixed<16,6,AP_RND,AP_SAT>",True,False,,108.83071899414062,,1.0,1.0,0.9999999403953552,0.0,10.906437873840332,10.906437873840332,10.90789887968688,10.90789887968688,2.3955640291768385,2.3955640291768385,2.3955640291768385,2.3955640291768385,1.3955640291768392,1.3955640291768392,2.3955640291768385,2.3955640291768385,1.0,0.0,0.0,1.0,1.0
0.27384196342643613,3.174802103936399,none,"ap_fixed<16,6,AP_RND,AP_SAT>",True,False,,118.06639099121094,,1.0,1.0,0.9999999403953552,0.0,10.902685165405273,10.902685165405273,10.907898879686877,10.907898879686877,2.9870405954324424,2.9870405954324424,2.9870405954324424,2.9870405954324424,1.9870405954324422,1.9870405954324422,2.987040595432442,2.987040595432442,1.0,0.0,0.0,1.0,1.0
0.34145488738336005,3.174802103936399,none,"ap_fixed<16,6,AP_RND,AP_SAT>",True,False,,416.65069580078125,,1.0,1.0,0.9999998807907104,0.0,10.905464172363281,10.905464172363281,10.907898879686886,10.907898879686886,3.724555448642628,3.724555448642628,3.724555448642628,3.724555448642628,2.7245554486426267,2.7245554486426267,3.724555448642625,3.724555448642625,1.0,0.0,0.0,1.0,1.0
0.42576177390469155,3.174802103936399,none,"ap_fixed<16,6,AP_RND,AP_SAT>",True,False,,100.6060791015625,,1.0,1.0,0.9999999403953552,0.0,10.874119758605957,10.874119758605957,10.907898879686877,10.907898879686877,4.644166217076462,4.644166217076462,4.644166217076462,4.644166217076462,3.6441662170764624,3.6441662170764624,4.644166217076461,4.644166217076461,1.0,0.0,0.0,1.0,1.0
0.5308844442309882,3.174802103936399,none,"ap_fixed<16,6,AP_RND,AP_SAT>",True,False,,173.66900634765625,,1.0,1.0,1.0,0.0,10.874224662780762,10.874224662780762,10.907898879686876,10.907898879686876,5.790833839734585,5.790833839734585,5.790833839734585,5.790833839734585,4.790833839734586,4.790833839734586,5.790833839734583,5.790833839734583,1.0,0.0,0.0,1.0,1.0
0.6619624174845152,3.174802103936399,none,"ap_fixed<16,6,AP_RND,AP_SAT>",True,False,,292.6141662597656,,1.0,1.0,1.0,0.0,10.874319076538086,10.874319076538086,10.907898879686881,10.907898879686881,7.220618811686648,7.220618811686648,7.220618811686648,7.220618811686648,6.220618811686647,6.220618811686647,7.220618811686646,7.220618811686646,1.0,0.0,0.0,1.0,1.0
0.8254041852680182,3.174802103936399,none,"ap_fixed<16,6,AP_RND,AP_SAT>",True,False,,484.2021484375,,1.0,1.0,0.9999998211860657,0.0,10.874425888061523,10.874425888061523,10.907898879686881,10.907898879686881,9.003425190420261,9.003425190420261,9.003425190420261,9.003425190420261,8.003425190420263,8.003425190420263,9.003425190420261,9.003425190420261,1.0,0.0,0.0,1.0,1.0
1.0292005271944276,3.174802103936399,none,"ap_fixed<16,6,AP_RND,AP_SAT>",True,False,,790.4542846679688,,1.0,1.0,0.9991637468338013,0.0,10.874429702758789,10.874429702758789,10.907898879686877,10.907898879686877,11.226415568793945,11.226415568793945,11.226415568793945,11.226415568793945,10.226415568793943,10.226415568793943,11.226415568793945,11.226415568793945,1.0,0.0,0.0,1.0,1.0
1.2833151855576512,3.174802103936399,none,"ap_fixed<16,6,AP_RND,AP_SAT>",True,False,,1277.0396728515625,,1.0,1.0,0.9991725087165833,0.0,10.874515533447266,10.874515533447266,10.90789887968688,10.90789887968688,13.998272233101586,13.998272233101586,13.998272233101586,13.998272233101586,12.998272233101579,12.998272233101579,13.998272233101586,13.998272233101586,1.0,0.0,0.0,1.0,1.0
1.600171999495828,3.174802103936399,none,"ap_fixed<16,6,AP_RND,AP_SAT>",True,False,,2046.424560546875,,1.0,1.0,0.9991782307624817,0.0,10.874571800231934,10.874571800231934,10.907898879686877,10.907898879686877,17.45451483347356,17.45451483347356,17.45451483347356,17.45451483347356,16.45451483347357,16.45451483347357,17.45451483347356,17.45451483347356,1.0,0.0,0.0,1.0,1.0
1.9952623149688795,3.174802103936399,none,"ap_fixed<16,6,AP_RND,AP_SAT>",True,False,,3258.87548828125,,1.0,1.0,0.9991816878318787,0.0,10.874560356140137,10.874560356140137,10.907898879686881,10.907898879686881,21.76411902731531,21.76411902731531,21.76411902731531,21.76411902731531,20.7641190273153,20.7641190273153,21.764119027315296,21.764119027315296,1.0,0.0,0.0,1.0,1.0
0.01,3.363585661014858,none,"ap_fixed<16,6,AP_RND,AP_SAT>",False,True,500.0,0.008575439453125,-2.066743615003994,1.0,1.0,0.3621729016304016,0.0,12.19657039642334,12.19657039642334,12.243702534316592,12.243702534316592,0.12243702260648515,0.12243702260648515,0.12243702260648515,0.12243702260648515,0.9913111120780914,0.9913111120780914,0.12243702260648505,0.12243702260648505,1.0,0.0,0.0,1.0,1.0
0.012469049049711741,3.363585661014858,none,"ap_fixed<16,6,AP_RND,AP_SAT>",False,True,500.0,0.005462646484375,-2.262596903900322,1.0,1.0,0.41618612408638,0.0,12.191547393798828,12.191547393798828,12.24370253431659,12.24370253431659,0.15266732208905415,0.15266732208905415,0.15266732208905415,0.15266732208905415,0.9891657831697431,0.9891657831697431,0.15266732208905406,0.15266732208905406,1.0,0.0,0.0,1.0,1.0
0.015547718420411735,3.363585661014858,none,"ap_fixed<16,6,AP_RND,AP_SAT>",False,True,500.0,0.0035247802734375,-2.452867950608343,1.0,1.0,0.42418158054351807,0.0,12.192302703857422,12.192302703857422,12.243702534316592,12.243702534316592,0.19036164472035996,0.19036164472035996,0.19036164472035996,0.19036164472035996,0.9864907610427485,0.9864907610427485,0.19036164472035985,0.19036164472035985,1.0,0.0,0.0,1.0,1.0
0.019386526359522076,3.363585661014858,none,"ap_fixed<16,6,AP_RND,AP_SAT>",False,True,500.0,0.0023345947265625,-2.631788499620075,1.0,1.0,0.46266883611679077,0.0,12.193055152893066,12.193055152893066,12.243702534316592,12.243702534316592,0.23736285993219208,0.23736285993219208,0.23736285993219208,0.23736285993219208,0.9831552642912333,0.9831552642912333,0.2373628599321919,0.2373628599321919,1.0,0.0,0.0,1.0,1.0
0.024173154808041036,3.363585661014858,none,"ap_fixed<16,6,AP_RND,AP_SAT>",False,True,500.0,0.00128173828125,-2.892200644222985,1.0,1.0,0.43650022149086,0.0,12.196063041687012,12.196063041687012,12.24370253431659,12.24370253431659,0.2959689243637324,0.2959689243637324,0.2959689243637324,0.2959689243637324,0.9789962157081387,0.9789962157081387,0.29596892436373223,0.29596892436373223,1.0,0.0,0.0,1.0,1.0
0.03014162529877389,3.363585661014858,none,"ap_fixed<16,6,AP_RND,AP_SAT>",False,True,500.0,0.0008087158203125,-3.0922040604858925,1.0,1.0,0.4667399525642395,0.0,12.19778823852539,12.19778823852539,12.243702534316593,12.243702534316593,0.3690450971762122,0.3690450971762122,0.3690450971762122,0.3690450971762122,0.9738102787928772,0.9738102787928772,0.3690450971762119,0.3690450971762119,1.0,0.0,0.0,1.0,1.0
0.037583740428844416,3.363585661014858,none,"ap_fixed<16,6,AP_RND,AP_SAT>",False,True,500.0,0.000518798828125,-3.2850010127443285,1.0,1.0,0.462492972612381,0.0,12.201115608215332,12.201115608215332,12.243702534316592,12.243702534316592,0.46016416073417676,0.46016416073417676,0.46016416073417676,0.46016416073417676,0.9673439068250691,0.9673439068250691,0.46016416073417643,0.46016416073417643,1.0,0.0,0.0,1.0,1.0
0.046863350287889544,3.363585661014858,none,"ap_fixed<16,6,AP_RND,AP_SAT>",False,True,500.0,0.000274658203125,-3.561207423939175,1.0,1.0,0.54923015832901,0.0,12.201712608337402,12.201712608337402,12.24370253431659,12.24370253431659,0.573780929616309,0.573780929616309,0.573780929616309,0.573780929616309,0.9592809586264742,0.9592809586264742,0.5737809296163089,0.5737809296163089,1.0,0.0,0.0,1.0,1.0
0.05843414133735175,3.363585661014858,none,"ap_fixed<16,6,AP_RND,AP_SAT>",False,True,500.0,0.000152587890625,-3.816479927777507,1.0,1.0,0.5796011686325073,0.0,12.202290534973145,12.202290534973145,12.24370253431659,12.24370253431659,0.7154502272392456,0.7154502272392456,0.7154502272392456,0.7154502272392456,0.949227229592426,0.949227229592426,0.7154502272392452,0.7154502272392452,1.0,0.0,0.0,1.0,1.0
0.07286181745132274,3.363585661014858,none,"ap_fixed<16,6,AP_RND,AP_SAT>",False,True,500.0,0.0001068115234375,-3.9713818865434534,1.0,1.0,0.6127794981002808,0.0,12.203771591186523,12.203771591186523,12.243702534316592,12.243702534316592,0.8920984558132581,0.8920984558132581,0.8920984558132581,0.8920984558132581,0.93669117940917,0.93669117940917,0.8920984558132573,0.8920984558132573,1.0,0.0,0.0,1.0,1.0
0.09085175756516867,3.363585661014858,none,"ap_fixed<16,6,AP_RND,AP_SAT>",False,True,500.0,4.57763671875e-05,-4.339358666416729,1.0,1.0,0.5329387187957764,0.0,12.204007148742676,12.204007148742676,12.243702534316593,12.243702534316593,1.1123618500861798,1.1123618500861798,1.1123618500861798,1.1123618500861798,0.9210599274774093,0.9210599274774093,1.1123618500861783,1.1123618500861783,1.0,0.0,0.0,1.0,1.0
0.11328350213326084,3.363585661014858,none,"ap_fixed<16,6,AP_RND,AP_SAT>",False,True,500.0,3.0517578125e-05,-4.515449920728757,1.0,1.0,0.47769466042518616,0.0,12.20469856262207,12.20469856262207,12.24370253431659,12.24370253431659,1.3870094769686974,1.3870094769686974,1.3870094769686974,1.3870094769686974,0.9015692342442823,0.9015692342442823,1.3870094769686965,1.3870094769686965,1.0,0.0,0.0,1.0,1.0
0.1412537544622754,3.363585661014858,none,"ap_fixed<16,6,AP_RND,AP_SAT>",False,True,500.0,1.52587890625e-05,-4.816479902161777,1.0,1.0,0.5069794058799744,0.0,12.204879760742188,12.204879760742188,12.243702534316592,12.243702534316592,1.7294689519114417,1.7294689519114417,1.7294689519114417,1.7294689519114417,0.877266193119729,0.877266193119729,1.7294689519114403,1.7294689519114403,1.0,0.0,0.0,1.0,1.0
0.17612999928460507,3.363585661014858,none,"ap_fixed<16,6,AP_RND,AP_SAT>",True,False,,115.81240844726562,,1.0,1.0,0.9999998807907104,0.0,12.243462562561035,12.243462562561035,12.243702534316583,12.243702534316583,2.156483287902594,2.156483287902594,2.156483287902594,2.156483287902594,1.1564832879025937,1.1564832879025937,2.1564832879025926,2.1564832879025926,1.0,0.0,0.0,1.0,1.0
0.21961736002054355,3.363585661014858,none,"ap_fixed<16,6,AP_RND,AP_SAT>",True,False,,196.6047821044922,,1.0,1.0,0.9999998211860657,0.0,12.241827011108398,12.241827011108398,12.24370253431659,12.24370253431659,2.688929710356105,2.688929710356105,2.688929710356105,2.688929710356105,1.6889297103561032,1.6889297103561032,2.688929710356103,2.688929710356103,1.0,0.0,0.0,1.0,1.0
0.27384196342643613,3.363585661014858,none,"ap_fixed<16,6,AP_RND,AP_SAT>",True,False,,259.5021057128906,,1.0,1.0,1.0,0.0,12.239870071411133,12.239870071411133,12.243702534316586,12.243702534316586,3.3528397092596234,3.3528397092596234,3.3528397092596234,3.3528397092596234,2.352839709259624,2.352839709259624,3.3528397092596234,3.3528397092596234,1.0,0.0,0.0,1.0,1.0
0.34145488738336005,3.363585661014858,none,"ap_fixed<16,6,AP_RND,AP_SAT>",True,False,,865.8797607421875,,1.0,1.0,0.9999998807907104,0.0,12.241928100585938,12.241928100585938,12.243702534316586,12.243702534316586,4.180672143071556,4.180672143071556,4.180672143071556,4.180672143071556,3.1806721430715568,3.1806721430715568,4.180672143071556,4.180672143071556,1.0,0.0,0.0,1.0,1.0
0.42576177390469155,3.363585661014858,none,"ap_fixed<16,6,AP_RND,AP_SAT>",True,False,,150.43582153320312,,1.0,1.0,1.0,0.0,12.206216812133789,12.206216812133789,12.243702534316586,12.243702534316586,5.212900331125808,5.212900331125808,5.212900331125808,5.212900331125808,4.212900331125804,4.212900331125804,5.212900331125808,5.212900331125808,1.0,0.0,0.0,1.0,1.0
0.5308844442309882,3.363585661014858,none,"ap_fixed<16,6,AP_RND,AP_SAT>",True,False,,256.14312744140625,,1.0,1.0,0.9999999403953552,0.0,12.20632553100586,12.20632553100586,12.243702534316583,12.243702534316583,6.499991221169065,6.499991221169065,6.499991221169065,6.499991221169065,5.499991221169067,5.499991221169067,6.499991221169065,6.499991221169065,1.0,0.0,0.0,1.0,1.0
0.6619624174845152,3.363585661014858,none,"ap_fixed<16,6,AP_RND,AP_SAT>",True,False,,427.278076171875,,1.0,1.0,0.9999998807907104,0.0,12.206523895263672,12.206523895263672,12.243702534316585,12.243702534316585,8.104870591403905,8.104870591403905,8.104870591403905,8.104870591403905,7.1048705914039045,7.1048705914039045,8.104870591403905,8.104870591403905,1.0,0.0,0.0,1.0,1.0
0.8254041852680182,3.363585661014858,none,"ap_fixed<16,6,AP_RND,AP_SAT>",True,False,,701.6094970703125,,1.0,1.0,0.9995552897453308,0.0,12.206578254699707,12.206578254699707,12.243702534316588,12.243702534316588,10.106003093479607,10.106003093479607,10.106003093479607,10.106003093479607,9.106003093479611,9.106003093479611,10.106003093479602,10.106003093479602,1.0,0.0,0.0,1.0,1.0
1.0292005271944276,3.363585661014858,none,"ap_fixed<16,6,AP_RND,AP_SAT>",True,False,,1138.8341064453125,,1.0,1.0,0.9995664358139038,0.0,12.206650733947754,12.206650733947754,12.243702534316586,12.243702534316586,12.601225430032528,12.601225430032528,12.601225430032528,12.601225430032528,11.601225430032532,11.601225430032532,12.601225430032528,12.601225430032528,1.0,0.0,0.0,1.0,1.0
1.2833151855576512,3.363585661014858,none,"ap_fixed<16,6,AP_RND,AP_SAT>",True,False,,1831.4903564453125,,1.0,1.0,0.9995735287666321,0.0,12.206672668457031,12.206672668457031,12.243702534316586,12.243702534316586,15.712529342901215,15.712529342901215,15.712529342901215,15.712529342901215,14.712529342901218,14.712529342901218,15.712529342901213,15.712529342901213,1.0,0.0,0.0,1.0,1.0
1.600171999495828,3.363585661014858,none,"ap_fixed<16,6,AP_RND,AP_SAT>",True,False,,2925.01513671875,,1.0,1.0,0.9995783567428589,0.0,12.206708908081055,12.206708908081055,12.243702534316588,12.243702534316588,19.592030496344446,19.592030496344446,19.592030496344446,19.592030496344446,18.592030496344442,18.592030496344442,19.592030496344435,19.592030496344435,1.0,0.0,0.0,1.0,1.0
1.9952623149688795,3.363585661014858,none,"ap_fixed<16,6,AP_RND,AP_SAT>",True,False,,4645.1396484375,,1.0,1.0,0.9995814561843872,0.0,12.206476211547852,12.206476211547852,12.243702534316583,12.243702534316583,24.4293976531214,24.4293976531214,24.4293976531214,24.4293976531214,23.42939765312141,23.42939765312141,24.4293976531214,24.4293976531214,1.0,0.0,0.0,1.0,1.0
0.01,3.563594872561357,none,"ap_fixed<16,6,AP_RND,AP_SAT>",False,True,500.0,0.007568359375,-2.1209982540761185,1.0,1.0,0.3743017911911011,0.0,13.688457489013672,13.688457489013672,13.743091413196828,13.743091413196828,0.13743091106014796,0.13743091106014796,0.13743091106014796,0.13743091106014796,0.9902470531688401,0.9902470531688401,0.13743091106014793,0.13743091106014793,1.0,0.0,0.0,1.0,1.0
0.012469049049711741,3.563594872561357,none,"ap_fixed<16,6,AP_RND,AP_SAT>",False,True,500.0,0.0045928955078125,-2.337913434935298,1.0,1.0,0.3771350681781769,0.0,13.688040733337402,13.688040733337402,13.74309141319683,13.74309141319683,0.17136327490783376,0.17136327490783376,0.17136327490783376,0.17136327490783376,0.987839002913558,0.987839002913558,0.17136327490783365,0.17136327490783365,1.0,0.0,0.0,1.0,1.0
0.015547718420411735,3.563594872561357,none,"ap_fixed<16,6,AP_RND,AP_SAT>",False,True,500.0,0.0030670166015625,-2.5132838730616087,1.0,1.0,0.390879362821579,0.0,13.684589385986328,13.684589385986328,13.743091413196831,13.743091413196831,0.21367372146014255,0.21367372146014255,0.21367372146014255,0.21367372146014255,0.9848363921293892,0.9848363921293892,0.21367372146014235,0.21367372146014235,1.0,0.0,0.0,1.0,1.0
0.019386526359522076,3.563594872561357,none,"ap_fixed<16,6,AP_RND,AP_SAT>",False,True,500.0,0.0018768310546875,-2.7265748189529035,1.0,1.0,0.3841327726840973,0.0,13.688227653503418,13.688227653503418,13.74309141319683,13.74309141319683,0.2664308017123867,0.2664308017123867,0.2664308017123867,0.2664308017123867,0.9810924236531692,0.9810924236531692,0.26643080171238653,0.26643080171238653,1.0,0.0,0.0,1.0,1.0
0.024173154808041036,3.563594872561357,none,"ap_fixed<16,6,AP_RND,AP_SAT>",False,True,500.0,0.0012359619140625,-2.9079949113936676,1.0,1.0,0.48417142033576965,0.0,13.690415382385254,13.690415382385254,13.74309141319683,13.74309141319683,0.3322138847783883,0.3322138847783883,0.3322138847783883,0.3322138847783883,0.9764240495109667,0.9764240495109667,0.3322138847783881,0.3322138847783881,1.0,0.0,0.0,1.0,1.0
0.03014162529877389,3.563594872561357,none,"ap_fixed<16,6,AP_RND,AP_SAT>",False,True,500.0,0.0007171630859375,-3.1443820720824087,1.0,1.0,0.4000069499015808,0.0,13.693197250366211,13.693197250366211,13.74309141319683,13.74309141319683,0.4142391153223068,0.4142391153223068,0.4142391153223068,0.4142391153223068,0.9706030322002516,0.9706030322002516,0.4142391153223065,0.4142391153223065,1.0,0.0,0.0,1.0,1.0
0.037583740428844416,3.563594872561357,none,"ap_fixed<16,6,AP_RND,AP_SAT>",False,True,500.0,0.0003814697265625,-3.418539920813185,1.0,1.0,0.44189688563346863,0.0,13.695453643798828,13.695453643798828,13.74309141319683,13.74309141319683,0.5165168059516061,0.5165168059516061,0.5165168059516061,0.5165168059516061,0.9633447751529353,0.9633447751529353,0.516516805951606,0.516516805951606,1.0,0.0,0.0,1.0,1.0
0.046863350287889544,3.563594872561357,none,"ap_fixed<16,6,AP_RND,AP_SAT>",False,True,500.0,0.000274658203125,-3.561207423939175,1.0,1.0,0.428214967250824,0.0,13.695829391479492,13.695829391479492,13.743091413196828,13.743091413196828,0.6440473169586146,0.6440473169586146,0.6440473169586146,0.6440473169586146,0.9542944218982902,0.9542944218982902,0.6440473169586144,0.6440473169586144,1.0,0.0,0.0,1.0,1.0
0.05843414133735175,3.563594872561357,none,"ap_fixed<16,6,AP_RND,AP_SAT>",False,True,500.0,0.0001220703125,-3.913389940074015,1.0,1.0,0.4987718164920807,0.0,13.697383880615234,13.697383880615234,13.743091413196826,13.743091413196826,0.8030657268079583,0.8030657268079583,0.8030657268079583,0.8030657268079583,0.9430094927329911,0.9430094927329911,0.8030657268079578,0.8030657268079578,1.0,0.0,0.0,1.0,1.0
0.07286181745132274,3.563594872561357,none,"ap_fixed<16,6,AP_RND,AP_SAT>",False,True,500.0,7.62939453125e-05,-4.117509920595296,1.0,1.0,0.499653160572052,0.0,13.697680473327637,13.697680473327637,13.743091413196828,13.743091413196828,1.0013466591049998,1.0013466591049998,1.0013466591049998,1.0013466591049998,0.9289382523154727,0.9289382523154727,1.0013466591049984,1.0013466591049984,1.0,0.0,0.0,1.0,1.0
0.09085175756516867,3.563594872561357,none,"ap_fixed<16,6,AP_RND,AP_SAT>",False,True,500.0,3.0517578125e-05,-4.515449920728757,1.0,1.0,0.6365729570388794,0.0,13.6990327835083,13.6990327835083,13.743091413196828,13.743091413196828,1.2485839595857517,1.2485839595857517,1.2485839595857517,1.2485839595857517,0.9113927654401579,0.9113927654401579,1.2485839595857515,1.2485839595857515,1.0,0.0,0.0,1.0,1.0
0.11328350213326084,3.563594872561357,none,"ap_fixed<16,6,AP_RND,AP_SAT>",False,True,500.0,1.52587890625e-05,-4.816479902161777,1.0,1.0,0.9218292832374573,0.0,13.699542999267578,13.699542999267578,13.74309141319683,13.74309141319683,1.5568654971422913,1.5568654971422913,1.5568654971422913,1.5568654971422913,0.8895152022222196,0.8895152022222196,1.55686549714229,1.55686549714229,1.0,0.0,0.0,1.0,1.0
0.1412537544622754,3.563594872561357,none,"ap_fixed<16,6,AP_RND,AP_SAT>",False,True,500.0,0.0011138916015625,-2.953157070113354,1.0,1.0,0.999117910861969,0.0,13.747047424316406,13.747047424316406,13.743091413196828,13.743091413196828,1.9412632605036844,1.9412632605036844,1.9412632605036844,1.9412632605036844,0.9412632605036845,0.9412632605036845,1.941263260503683,1.941263260503683,1.0,0.0,0.0,1.0,1.0
0.17612999928460507,3.563594872561357,none,"ap_fixed<16,6,AP_RND,AP_SAT>",True,False,,157.13821411132812,,1.0,1.0,0.9999997615814209,0.0,13.74111557006836,13.74111557006836,13.743091413196826,13.743091413196826,2.4205706463066123,2.4205706463066123,2.4205706463066123,2.4205706463066123,1.420570646306612,1.420570646306612,2.4205706463066123,2.4205706463066123,1.0,0.0,0.0,1.0,1.0
0.21961736002054355,3.563594872561357,none,"ap_fixed<16,6,AP_RND,AP_SAT>",True,False,,157.4674835205078,,1.0,1.0,1.0,0.0,13.736475944519043,13.736475944519043,13.743091413196817,13.743091413196817,3.0182215477311476,3.0182215477311476,3.0182215477311476,3.0182215477311476,2.018221547731148,2.018221547731148,3.018221547731147,3.018221547731147,1.0,0.0,0.0,1.0,1.0
0.27384196342643613,3.563594872561357,none,"ap_fixed<16,6,AP_RND,AP_SAT>",True,False,,552.713134765625,,1.0,1.0,0.9999998807907104,0.0,13.73975944519043,13.73975944519043,13.74309141319682,13.74309141319682,3.763435324323096,3.763435324323096,3.763435324323096,3.763435324323096,2.7634353243230967,2.7634353243230967,3.763435324323095,3.763435324323095,1.0,0.0,0.0,1.0,1.0
0.34145488738336005,3.563594872561357,none,"ap_fixed<16,6,AP_RND,AP_SAT>",True,False,,129.54771423339844,,1.0,1.0,1.0,0.0,13.700791358947754,13.700791358947754,13.743091413196824,13.743091413196824,4.692645812800684,4.692645812800684,4.692645812800684,4.692645812800684,3.692645812800685,3.692645812800685,4.692645812800684,4.692645812800684,1.0,0.0,0.0,1.0,1.0
0.42576177390469155,3.563594872561357,none,"ap_fixed<16,6,AP_RND,AP_SAT>",True,False,,223.25086975097656,,1.0,1.0,0.9999999403953552,0.0,13.701007843017578,13.701007843017578,13.743091413196824,13.743091413196824,5.851282778044462,5.851282778044462,5.851282778044462,5.851282778044462,4.851282778044464,4.851282778044464,5.851282778044462,5.851282778044462,1.0,0.0,0.0,1.0,1.0
0.5308844442309882,3.563594872561357,none,"ap_fixed<16,6,AP_RND,AP_SAT>",True,False,,375.8006896972656,,1.0,1.0,0.9999999403953552,0.0,13.701205253601074,13.701205253601074,13.743091413196819,13.743091413196819,7.295993453543135,7.295993453543135,7.295993453543135,7.295993453543135,6.295993453543134,6.295993453543134,7.295993453543135,7.295993453543135,1.0,0.0,0.0,1.0,1.0
0.6619624174845152,3.563594872561357,none,"ap_fixed<16,6,AP_RND,AP_SAT>",True,False,,621.3438110351562,,1.0,1.0,0.9999999403953552,0.0,13.70125675201416,13.70125675201416,13.743091413196815,13.743091413196815,9.097409637125892,9.097409637125892,9.097409637125892,9.097409637125892,8.097409637125896,8.097409637125896,9.097409637125892,9.097409637125892,1.0,0.0,0.0,1.0,1.0
0.8254041852680182,3.563594872561357,none,"ap_fixed<16,6,AP_RND,AP_SAT>",True,False,,1013.7921142578125,,1.0,1.0,0.9998093247413635,0.0,13.701300621032715,13.701300621032715,13.743091413196822,13.743091413196822,11.343604922323642,11.343604922323642,11.343604922323642,11.343604922323642,10.34360492232365,10.34360492232365,11.343604922323642,11.343604922323642,1.0,0.0,0.0,1.0,1.0
1.0292005271944276,3.563594872561357,none,"ap_fixed<16,6,AP_RND,AP_SAT>",True,False,,1637.2320556640625,,1.0,1.0,0.9998188018798828,0.0,13.7013578414917,13.7013578414917,13.74309141319682,13.74309141319682,14.144397294678633,14.144397294678633,14.144397294678633,14.144397294678633,13.14439729467864,13.14439729467864,14.144397294678633,14.144397294678633,1.0,0.0,0.0,1.0,1.0
1.2833151855576512,3.563594872561357,none,"ap_fixed<16,6,AP_RND,AP_SAT>",True,False,,2622.927001953125,,1.0,1.0,0.9998239278793335,0.0,13.70143985748291,13.70143985748291,13.743091413196822,13.743091413196822,17.636717854488612,17.636717854488612,17.636717854488612,17.636717854488612,16.636717854488612,16.636717854488612,17.636717854488612,17.636717854488612,1.0,0.0,0.0,1.0,1.0
1.600171999495828,3.563594872561357,none,"ap_fixed<16,6,AP_RND,AP_SAT>",True,False,,4175.7734375,,1.0,1.0,0.999826967716217,0.0,13.701458930969238,13.701458930969238,13.743091413196819,13.743091413196819,21.991310661683816,21.991310661683816,21.991310661683816,21.991310661683816,20.991310661683812,20.991310661683812,21.991310661683816,21.991310661683816,1.0,0.0,0.0,1.0,1.0
1.9952623149688795,3.563594872561357,none,"ap_fixed<16,6,AP_RND,AP_SAT>",True,False,,6585.8662109375,,1.0,1.0,0.9999998807907104,1.0,11.708965301513672,11.708965301513672,13.743091413196822,13.743091413196822,27.421071704019745,27.421071704019745,27.421071704019745,27.421071704019745,26.421071704019738,26.421071704019738,27.421071704019745,27.421071704019745,1.0,0.0,0.0,1.0,1.0
0.01,3.7754972507267732,none,"ap_fixed<16,6,AP_RND,AP_SAT>",False,True,500.0,0.0067291259765625,-2.172041341091321,1.0,1.0,0.3607444763183594,0.0,15.36298942565918,15.36298942565918,15.426098557023415,15.426098557023415,0.15426098212223244,0.15426098212223244,0.15426098212223244,0.15426098212223244,0.9890526873189918,0.9890526873189918,0.15426098212223235,0.15426098212223235,1.0,0.0,0.0,1.0,1.0
0.012469049049711741,3.7754972507267732,none,"ap_fixed<16,6,AP_RND,AP_SAT>",False,True,500.0,0.004364013671875,-2.3601138973951388,1.0,1.0,0.40836820006370544,0.0,15.363199234008789,15.363199234008789,15.426098557023415,15.426098557023415,0.19234877279824739,0.19234877279824739,0.19234877279824739,0.19234877279824739,0.9863497422960646,0.9863497422960646,0.19234877279824728,0.19234877279824728,1.0,0.0,0.0,1.0,1.0
0.015547718420411735,3.7754972507267732,none,"ap_fixed<16,6,AP_RND,AP_SAT>",False,True,500.0,0.002716064453125,-2.566059928154907,1.0,1.0,0.40595749020576477,0.0,15.364908218383789,15.364908218383789,15.426098557023415,15.426098557023415,0.23984064335954222,0.23984064335954222,0.23984064335954222,0.23984064335954222,0.9829794256438049,0.9829794256438049,0.23984064335954206,0.23984064335954206,1.0,0.0,0.0,1.0,1.0
0.019386526359522076,3.7754972507267732,none,"ap_fixed<16,6,AP_RND,AP_SAT>",False,True,500.0,0.0016632080078125,-2.779053432421957,1.0,1.0,0.4944901168346405,0.0,15.366406440734863,15.366406440734863,15.426098557023419,15.426098557023419,0.29905846379624734,0.29905846379624734,0.29905846379624734,0.29905846379624734,0.9787769631177025,0.9787769631177025,0.2990584637962471,0.2990584637962471,1.0,0.0,0.0,1.0,1.0
0.024173154808041036,3.7754972507267732,none,"ap_fixed<16,6,AP_RND,AP_SAT>",False,True,500.0,0.0009918212890625,-3.003566573542968,1.0,1.0,0.39563238620758057,0.0,15.370606422424316,15.370606422424316,15.426098557023415,15.426098557023415,0.3728974780508245,0.3728974780508245,0.3728974780508245,0.3728974780508245,0.9735368903139276,0.9735368903139276,0.37289747805082435,0.37289747805082435,1.0,0.0,0.0,1.0,1.0
0.03014162529877389,3.7754972507267732,none,"ap_fixed<16,6,AP_RND,AP_SAT>",False,True,500.0,0.0006561279296875,-3.1830114743822073,1.0,1.0,0.46472737193107605,0.0,15.37248420715332,15.37248420715332,15.426098557023415,15.426098557023415,0.46496768645517367,0.46496768645517367,0.46496768645517367,0.46496768645517367,0.9670030192977986,0.9670030192977986,0.46496768645517356,0.46496768645517356,1.0,0.0,0.0,1.0,1.0
0.037583740428844416,3.7754972507267732,none,"ap_fixed<16,6,AP_RND,AP_SAT>",False,True,500.0,0.0003509521484375,-3.4547520933686315,1.0,1.0,0.4273262619972229,0.0,15.373730659484863,15.373730659484863,15.426098557023419,15.426098557023419,0.579770512718651,0.579770512718651,0.579770512718651,0.579770512718651,0.9588559012224452,0.9588559012224452,0.5797705127186504,0.5797705127186504,1.0,0.0,0.0,1.0,1.0
0.046863350287889544,3.7754972507267732,none,"ap_fixed<16,6,AP_RND,AP_SAT>",False,True,500.0,0.0002288818359375,-3.6403886696705565,1.0,1.0,0.43791747093200684,0.0,15.374510765075684,15.374510765075684,15.426098557023419,15.426098557023419,0.7229186715042771,0.7229186715042771,0.7229186715042771,0.7229186715042771,0.9486972231667383,0.9486972231667383,0.7229186715042765,0.7229186715042765,1.0,0.0,0.0,1.0,1.0
0.05843414133735175,3.7754972507267732,none,"ap_fixed<16,6,AP_RND,AP_SAT>",False,True,500.0,0.0001220703125,-3.913389940074015,1.0,1.0,0.5001172423362732,0.0,15.37668514251709,15.37668514251709,15.426098557023419,15.426098557023419,0.9014108017655654,0.9014108017655654,0.9014108017655654,0.9014108017655654,0.9360303184563732,0.9360303184563732,0.901410801765565,0.901410801765565,1.0,0.0,0.0,1.0,1.0
0.07286181745132274,3.7754972507267732,none,"ap_fixed<16,6,AP_RND,AP_SAT>",False,True,500.0,4.57763671875e-05,-4.339358666416729,1.0,1.0,0.7536917328834534,0.0,15.377019882202148,15.377019882202148,15.426098557023419,15.426098557023419,1.1239736234503228,1.1239736234503228,1.1239736234503228,1.1239736234503228,0.9202358851095143,0.9202358851095143,1.1239736234503217,1.1239736234503217,1.0,0.0,0.0,1.0,1.0
0.09085175756516867,3.7754972507267732,none,"ap_fixed<16,6,AP_RND,AP_SAT>",False,True,500.0,4.57763671875e-05,-4.339358666416729,1.0,1.0,0.7672301530838013,0.0,15.377866744995117,15.377866744995117,15.426098557023415,15.426098557023415,1.4014881105129773,1.4014881105129773,1.4014881105129773,1.4014881105129773,0.9005417419659332,0.9005417419659332,1.4014881105129768,1.4014881105129768,1.0,0.0,0.0,1.0,1.0
0.11328350213326084,3.7754972507267732,none,"ap_fixed<16,6,AP_RND,AP_SAT>",False,True,500.0,1.52587890625e-05,-4.816479902161777,1.0,1.0,0.6462542414665222,0.0,15.378565788269043,15.378565788269043,15.426098557023419,15.426098557023419,1.747522437046769,1.747522437046769,1.747522437046769,1.747522437046769,0.8759850075356673,0.8759850075356673,1.7475224370467677,1.7475224370467677,1.0,0.0,0.0,1.0,1.0
0.1412537544622754,3.7754972507267732,none,"ap_fixed<16,6,AP_RND,AP_SAT>",True,False,,106.45147705078125,,1.0,1.0,1.0,0.0,15.425369262695312,15.425369262695312,15.426098557023414,15.426098557023414,2.178994338413746,2.178994338413746,2.178994338413746,2.178994338413746,1.178994338413745,1.178994338413745,2.1789943384137445,2.1789943384137445,1.0,0.0,0.0,1.0,1.0
0.17612999928460507,3.7754972507267732,none,"ap_fixed<16,6,AP_RND,AP_SAT>",True,False,,272.32415771484375,,1.0,1.0,0.9999999403953552,0.0,15.424034118652344,15.424034118652344,15.426098557023408,15.426098557023408,2.7169986891237508,2.7169986891237508,2.7169986891237508,2.7169986891237508,1.7169986891237512,1.7169986891237512,2.7169986891237508,2.7169986891237508,1.0,0.0,0.0,1.0,1.0
0.21961736002054355,3.7754972507267732,none,"ap_fixed<16,6,AP_RND,AP_SAT>",True,False,,345.3257141113281,,1.0,1.0,1.0,0.0,15.421675682067871,15.421675682067871,15.426098557023408,15.426098557023408,3.3878391449484004,3.3878391449484004,3.3878391449484004,3.3878391449484004,2.3878391449483996,2.3878391449483996,3.3878391449484,3.3878391449484,1.0,0.0,0.0,1.0,1.0
0.27384196342643613,3.7754972507267732,none,"ap_fixed<16,6,AP_RND,AP_SAT>",True,False,,110.77546691894531,,1.0,1.0,1.0,0.0,15.37977123260498,15.37977123260498,15.426098557023408,15.426098557023408,4.22431332809472,4.22431332809472,4.22431332809472,4.22431332809472,3.2243133280947203,3.2243133280947203,4.224313328094719,4.224313328094719,1.0,0.0,0.0,1.0,1.0
0.34145488738336005,3.7754972507267732,none,"ap_fixed<16,6,AP_RND,AP_SAT>",True,False,,193.62794494628906,,1.0,1.0,0.9999998807907104,0.0,15.37979793548584,15.37979793548584,15.426098557023414,15.426098557023414,5.267316837604293,5.267316837604293,5.267316837604293,5.267316837604293,4.267316837604291,4.267316837604291,5.267316837604293,5.267316837604293,1.0,0.0,0.0,1.0,1.0
0.42576177390469155,3.7754972507267732,none,"ap_fixed<16,6,AP_RND,AP_SAT>",True,False,,329.4358825683594,,1.0,1.0,1.0,0.0,15.379973411560059,15.379973411560059,15.426098557023412,15.426098557023412,6.567842860482828,6.567842860482828,6.567842860482828,6.567842860482828,5.567842860482828,5.567842860482828,6.567842860482824,6.567842860482824,1.0,0.0,0.0,1.0,1.0
0.5308844442309882,3.7754972507267732,none,"ap_fixed<16,6,AP_RND,AP_SAT>",True,False,,548.9811401367188,,1.0,1.0,1.0,0.0,15.380155563354492,15.380155563354492,15.426098557023408,15.426098557023408,8.189475766542524,8.189475766542524,8.189475766542524,8.189475766542524,7.189475766542523,7.189475766542523,8.189475766542524,8.189475766542524,1.0,0.0,0.0,1.0,1.0
0.6619624174845152,3.7754972507267732,none,"ap_fixed<16,6,AP_RND,AP_SAT>",True,False,,901.0383911132812,,1.0,1.0,0.9999250173568726,0.0,15.380158424377441,15.380158424377441,15.426098557023408,15.426098557023408,10.211497068349509,10.211497068349509,10.211497068349509,10.211497068349509,9.211497068349502,9.211497068349502,10.211497068349509,10.211497068349509,1.0,0.0,0.0,1.0,1.0
0.8254041852680182,3.7754972507267732,none,"ap_fixed<16,6,AP_RND,AP_SAT>",True,False,,1461.6983642578125,,1.0,1.0,0.9999364614486694,0.0,15.380313873291016,15.380313873291016,15.426098557023412,15.426098557023412,12.732766032223898,12.732766032223898,12.732766032223898,12.732766032223898,11.732766032223893,11.732766032223893,12.732766032223894,12.732766032223894,1.0,0.0,0.0,1.0,1.0
1.0292005271944276,3.7754972507267732,none,"ap_fixed<16,6,AP_RND,AP_SAT>",True,False,,2349.950439453125,,1.0,1.0,0.9999433755874634,0.0,15.380349159240723,15.380349159240723,15.426098557023408,15.426098557023408,15.876549179312589,15.876549179312589,15.876549179312589,15.876549179312589,14.876549179312581,14.876549179312581,15.876549179312589,15.876549179312589,1.0,0.0,0.0,1.0,1.0
1.2833151855576512,3.7754972507267732,none,"ap_fixed<16,6,AP_RND,AP_SAT>",True,False,,3751.80908203125,,1.0,1.0,0.9999473094940186,0.0,15.380390167236328,15.380390167236328,15.426098557023408,15.426098557023408,19.79654647312498,19.79654647312498,19.79654647312498,19.79654647312498,18.796546473124977,18.796546473124977,19.79654647312498,19.79654647312498,1.0,0.0,0.0,1.0,1.0
1.600171999495828,3.7754972507267732,none,"ap_fixed<16,6,AP_RND,AP_SAT>",True,False,,5946.66845703125,,1.0,1.0,1.0,1.0,13.08641529083252,13.08641529083252,15.426098557023408,15.426098557023408,24.684411641146365,24.684411641146365,24.684411641146365,24.684411641146365,23.684411641146344,23.684411641146344,24.684411641146355,24.684411641146355,1.0,0.0,0.0,1.0,1.0
1.9952623149688795,3.7754972507267732,none,"ap_fixed<16,6,AP_RND,AP_SAT>",True,False,,9053.0185546875,,1.0,1.0,1.0,1.0,10.49502944946289,10.49502944946289,15.426098557023412,15.426098557023412,30.779112350168027,30.779112350168027,30.779112350168027,30.779112350168027,29.77911235016802,29.77911235016802,30.779112350168027,30.779112350168027,1.0,0.0,0.0,1.0,1.0
0.01,4.0,none,"ap_fixed<16,6,AP_RND,AP_SAT>",False,True,500.0,0.00592041015625,-2.2276482049561364,1.0,1.0,0.3473132252693176,0.0,17.244489669799805,17.244489669799805,17.315210154516382,17.315210154516382,0.17315209767491277,0.17315209767491277,0.17315209767491277,0.17315209767491277,0.987712056931053,0.987712056931053,0.17315209767491266,0.17315209767491266,1.0,0.0,0.0,1.0,1.0
0.012469049049711741,4.0,none,"ap_fixed<16,6,AP_RND,AP_SAT>",False,True,500.0,0.003875732421875,-2.4116462138917063,1.0,1.0,0.42134860157966614,0.0,17.24032211303711,17.24032211303711,17.315210154516382,17.315210154516382,0.21590419714053963,0.21590419714053963,0.21590419714053963,0.21590419714053963,0.9846781037109315,0.9846781037109315,0.2159041971405394,0.2159041971405394,1.0,0.0,0.0,1.0,1.0
0.015547718420411735,4.0,none,"ap_fixed<16,6,AP_RND,AP_SAT>",False,True,500.0,0.0025634765625,-2.59117064872842,1.0,1.0,0.42281991243362427,0.0,17.248695373535156,17.248695373535156,17.31521015451638,17.31521015451638,0.26921201935884814,0.26921201935884814,0.26921201935884814,0.26921201935884814,0.980895051161502,0.980895051161502,0.2692120193588481,0.2692120193588481,1.0,0.0,0.0,1.0,1.0
0.019386526359522076,4.0,none,"ap_fixed<16,6,AP_RND,AP_SAT>",False,True,500.0,0.001434326171875,-2.843352076721214,1.0,1.0,0.39248836040496826,0.0,17.250812530517578,17.250812530517578,17.315210154516382,17.315210154516382,0.33568177527046966,0.33568177527046966,0.33568177527046966,0.33568177527046966,0.976177946445957,0.976177946445957,0.33568177527046933,0.33568177527046933,1.0,0.0,0.0,1.0,1.0
0.024173154808041036,4.0,none,"ap_fixed<16,6,AP_RND,AP_SAT>",False,True,500.0,0.0009002685546875,-3.0456279184991493,1.0,1.0,0.393295556306839,0.0,17.252710342407227,17.252710342407227,17.315210154516382,17.315210154516382,0.4185632663159307,0.4185632663159307,0.4185632663159307,0.4185632663159307,0.9702961635677143,0.9702961635677143,0.41856326631593044,0.41856326631593044,1.0,0.0,0.0,1.0,1.0
0.03014162529877389,4.0,none,"ap_fixed<16,6,AP_RND,AP_SAT>",False,True,500.0,0.0005035400390625,-3.297965989883329,1.0,1.0,0.39957618713378906,0.0,17.25449562072754,17.25449562072754,17.315210154516382,17.315210154516382,0.5219085808553344,0.5219085808553344,0.5219085808553344,0.5219085808553344,0.9629621412916064,0.9629621412916064,0.5219085808553342,0.5219085808553342,1.0,0.0,0.0,1.0,1.0
0.037583740428844416,4.0,none,"ap_fixed<16,6,AP_RND,AP_SAT>",False,True,500.0,0.0003204345703125,-3.49426063453445,1.0,1.0,0.4335096776485443,0.0,17.257699966430664,17.257699966430664,17.31521015451638,17.31521015451638,0.6507703961572656,0.6507703961572656,0.6507703961572656,0.6507703961572656,0.9538173104090825,0.9538173104090825,0.6507703961572651,0.6507703961572651,1.0,0.0,0.0,1.0,1.0
0.046863350287889544,4.0,none,"ap_fixed<16,6,AP_RND,AP_SAT>",False,True,500.0,0.00018310546875,-3.7372986822042473,1.0,1.0,0.42541226744651794,0.0,17.258604049682617,17.258604049682617,17.315210154516382,17.315210154516382,0.8114487714083227,0.8114487714083227,0.8114487714083227,0.8114487714083227,0.9424145797808757,0.9424145797808757,0.8114487714083222,0.8114487714083222,1.0,0.0,0.0,1.0,1.0
0.05843414133735175,4.0,none,"ap_fixed<16,6,AP_RND,AP_SAT>",False,True,500.0,7.62939453125e-05,-4.117509920595296,1.0,1.0,0.5504440665245056,0.0,17.258947372436523,17.258947372436523,17.31521015451638,17.31521015451638,1.0117994132103854,1.0117994132103854,1.0117994132103854,1.0117994132103854,0.9281964599119906,0.9281964599119906,1.011799413210385,1.011799413210385,1.0,0.0,0.0,1.0,1.0
0.07286181745132274,4.0,none,"ap_fixed<16,6,AP_RND,AP_SAT>",False,True,500.0,4.57763671875e-05,-4.339358666416729,1.0,1.0,0.6565991640090942,0.0,17.2604923248291,17.2604923248291,17.31521015451638,17.31521015451638,1.2616177334945606,1.2616177334945606,1.2616177334945606,1.2616177334945606,0.9104678078283447,0.9104678078283447,1.2616177334945597,1.2616177334945597,1.0,0.0,0.0,1.0,1.0
0.09085175756516867,4.0,none,"ap_fixed<16,6,AP_RND,AP_SAT>",False,True,500.0,1.52587890625e-05,-4.816479902161777,1.0,1.0,0.5855400562286377,0.0,17.260683059692383,17.260683059692383,17.315210154516382,17.315210154516382,1.5731172125527246,1.5731172125527246,1.5731172125527246,1.5731172125527246,0.8883618794793865,0.8883618794793865,1.5731172125527233,1.5731172125527233,1.0,0.0,0.0,1.0,1.0
0.11328350213326084,4.0,none,"ap_fixed<16,6,AP_RND,AP_SAT>",False,True,500.0,0.00213623046875,-2.670351894742162,1.0,1.0,0.9995339512825012,0.0,17.31835174560547,17.31835174560547,17.31521015451638,17.31521015451638,1.9615276108436888,1.9615276108436888,1.9615276108436888,1.9615276108436888,0.9615276108436888,0.9615276108436888,1.9615276108436883,1.9615276108436883,1.0,0.0,0.0,1.0,1.0
0.1412537544622754,4.0,none,"ap_fixed<16,6,AP_RND,AP_SAT>",True,False,,109.01057434082031,,1.0,1.0,1.0,0.0,17.309585571289062,17.309585571289062,17.315210154516365,17.315210154516365,2.445838444222647,2.445838444222647,2.445838444222647,2.445838444222647,1.4458384442226464,1.4458384442226464,2.445838444222647,2.445838444222647,1.0,0.0,0.0,1.0,1.0
0.17612999928460507,4.0,none,"ap_fixed<16,6,AP_RND,AP_SAT>",True,False,,210.21546936035156,,1.0,1.0,0.9999999403953552,0.0,17.30771255493164,17.30771255493164,17.31521015451637,17.31521015451637,3.049727908700788,3.049727908700788,3.049727908700788,3.049727908700788,2.0497279087007882,2.0497279087007882,3.049727908700788,3.049727908700788,1.0,0.0,0.0,1.0,1.0
0.21961736002054355,4.0,none,"ap_fixed<16,6,AP_RND,AP_SAT>",True,False,,734.6265258789062,,1.0,1.0,0.9999998807907104,0.0,17.31158447265625,17.31158447265625,17.31521015451637,17.31521015451637,3.802720859563713,3.802720859563713,3.802720859563713,3.802720859563713,2.802720859563713,2.802720859563713,3.802720859563712,3.802720859563712,1.0,0.0,0.0,1.0,1.0
0.27384196342643613,4.0,none,"ap_fixed<16,6,AP_RND,AP_SAT>",True,False,,166.98837280273438,,1.0,1.0,0.9999999403953552,0.0,17.26301383972168,17.26301383972168,17.31521015451637,17.31521015451637,4.741631382951468,4.741631382951468,4.741631382951468,4.741631382951468,3.7416313829514665,3.7416313829514665,4.741631382951466,4.741631382951466,1.0,0.0,0.0,1.0,1.0
0.34145488738336005,4.0,none,"ap_fixed<16,6,AP_RND,AP_SAT>",True,False,,287.4183044433594,,1.0,1.0,1.0,0.0,17.263288497924805,17.263288497924805,17.31521015451637,17.31521015451637,5.9123632366536345,5.9123632366536345,5.9123632366536345,5.9123632366536345,4.91236323665364,4.91236323665364,5.9123632366536345,5.9123632366536345,1.0,0.0,0.0,1.0,1.0
0.42576177390469155,4.0,none,"ap_fixed<16,6,AP_RND,AP_SAT>",True,False,,483.4258728027344,,1.0,1.0,1.0,0.0,17.263473510742188,17.263473510742188,17.315210154516365,17.315210154516365,7.372154337709866,7.372154337709866,7.372154337709866,7.372154337709866,6.372154337709869,6.372154337709869,7.372154337709866,7.372154337709866,1.0,0.0,0.0,1.0,1.0
0.5308844442309882,4.0,none,"ap_fixed<16,6,AP_RND,AP_SAT>",True,False,,798.7459106445312,,1.0,1.0,0.9999999403953552,0.0,17.263545989990234,17.263545989990234,17.315210154516368,17.315210154516368,9.19237572797958,9.19237572797958,9.19237572797958,9.19237572797958,8.19237572797958,8.19237572797958,9.19237572797958,9.19237572797958,1.0,0.0,0.0,1.0,1.0
0.6619624174845152,4.0,none,"ap_fixed<16,6,AP_RND,AP_SAT>",True,False,,1302.437255859375,,1.0,1.0,0.9999455213546753,0.0,17.263673782348633,17.263673782348633,17.315210154516365,17.315210154516365,11.462017896300623,11.462017896300623,11.462017896300623,11.462017896300623,10.462017896300626,10.462017896300626,11.462017896300623,11.462017896300623,1.0,0.0,0.0,1.0,1.0
0.8254041852680182,4.0,none,"ap_fixed<16,6,AP_RND,AP_SAT>",True,False,,2102.337890625,,1.0,1.0,0.9999538064002991,0.0,17.263751983642578,17.263751983642578,17.31521015451637,17.31521015451637,14.292046617053762,14.292046617053762,14.292046617053762,14.292046617053762,13.292046617053767,13.292046617053767,14.292046617053758,14.292046617053758,1.0,0.0,0.0,1.0,1.0
1.0292005271944276,4.0,none,"ap_fixed<16,6,AP_RND,AP_SAT>",True,False,,3366.80224609375,,1.0,1.0,0.9999589920043945,0.0,17.263778686523438,17.263778686523438,17.315210154516365,17.315210154516365,17.82082388182,17.82082388182,17.82082388182,17.82082388182,16.820823881819997,16.820823881819997,17.820823881819997,17.820823881819997,1.0,0.0,0.0,1.0,1.0
1.2833151855576512,4.0,none,"ap_fixed<16,6,AP_RND,AP_SAT>",True,False,,5357.01806640625,,1.0,1.0,1.0,1.0,14.633055686950684,14.633055686950684,17.31521015451637,17.31521015451637,22.220872066174028,22.220872066174028,22.220872066174028,22.220872066174028,21.220872066174046,21.220872066174046,22.220872066174028,22.220872066174028,1.0,0.0,0.0,1.0,1.0
1.600171999495828,4.0,none,"ap_fixed<16,6,AP_RND,AP_SAT>",True,False,,8306.3037109375,,1.0,1.0,0.9999998807907104,1.0,11.735455513000488,11.735455513000488,17.31521015451638,17.31521015451638,27.707315205272046,27.707315205272046,27.707315205272046,27.707315205272046,26.707315205272028,26.707315205272028,27.707315205272046,27.707315205272046,1.0,0.0,0.0,1.0,1.0
1.9952623149688795,4.0,none,"ap_fixed<16,6,AP_RND,AP_SAT>",True,False,,11483.4658203125,,1.0,1.0,0.9999998807907104,1.0,9.411705017089844,9.411705017089844,17.315210154516368,17.315210154516368,34.54838543540758,34.54838543540758,34.54838543540758,34.54838543540758,33.54838543540759,33.54838543540759,34.548385435407575,34.548385435407575,1.0,0.0,0.0,1.0,1.0
