eta,gamma,controller,precision,diverged,converged,converged_step,final_loss,log_final_loss,final_alpha,min_alpha,min_update_cosine,max_grad_sat,max_curvature_proxy,max_curvature_for_control,max_hessian_lambda,max_hessian_spectral_norm,max_margin_lambda_raw,max_margin_lambda_ctrl,max_margin_norm_raw,max_margin_norm_ctrl,max_spectral_radius_raw,max_spectral_radius_ctrl,final_margin_lambda_raw,final_margin_lambda_ctrl,min_controller_feasible,min_alpha_min_bound,max_alpha_min_bound,min_alpha_max_bound,max_alpha_max_bound
0.01,1.0,gt-order-1,"ap_fixed<16,6,AP_RND,AP_SAT>",False,True,1000.0,0.11053466796875,-0.9565014889777492,1.0,1.0,0.3802221119403839,0.0,1.0801234245300293,1.0801234245300293,1.082200634657274,1.082200634657274,0.010822006104682048,0.010822006104682048,0.010822006104682048,0.010822006104682048,0.9992320035581912,0.9992320035581912,0.010822006104682043,0.010822006104682043,1.0,0.0,0.0,1.0,1.0
0.011415633046188459,1.0,gt-order-1,"ap_fixed<16,6,AP_RND,AP_SAT>",False,True,1000.0,0.0861358642578125,-1.0648159843576706,1.0,1.0,0.3812501132488251,0.0,1.0779359340667725,1.0779359340667725,1.082200634657274,1.082200634657274,0.012354005681234747,0.012354005681234747,0.012354005681234747,0.012354005681234747,0.9991232833992609,0.9991232833992609,0.012354005681234737,0.012354005681234737,1.0,0.0,0.0,1.0,1.0
0.013031667784522994,1.0,gt-order-1,"ap_fixed<16,6,AP_RND,AP_SAT>",False,True,1000.0,0.0666961669921875,-1.175899124127535,1.0,1.0,0.381693959236145,0.0,1.0779062509536743,1.0779062509536743,1.082200634657274,1.082200634657274,0.014102879412411898,0.014102879412411898,0.014102879412411898,0.014102879412411898,0.9989991725098633,0.9989991725098633,0.014102879412411883,0.014102879412411883,1.0,0.0,0.0,1.0,1.0
0.014876473740795015,1.0,gt-order-1,"ap_fixed<16,6,AP_RND,AP_SAT>",False,True,1000.0,0.0503387451171875,-1.2980976150697279,1.0,1.0,0.37508493661880493,0.0,1.0734041929244995,1.0734041929244995,1.082200634657274,1.082200634657274,0.016099329274234256,0.016099329274234256,0.016099329274234256,0.016099329274234256,0.9988574920880174,0.9988574920880174,0.016099329274234242,0.016099329274234242,1.0,0.0,0.0,1.0,1.0
0.016982436524617443,1.0,gt-order-1,"ap_fixed<16,6,AP_RND,AP_SAT>",False,True,1000.0,0.038299560546875,-1.4168062091313216,1.0,1.0,0.3812127411365509,0.0,1.0660547018051147,1.0660547018051147,1.082200634657274,1.082200634657274,0.01837840321214683,0.01837840321214683,0.01837840321214683,0.01837840321214683,0.9986957549148903,0.9986957549148903,0.01837840321214681,0.01837840321214681,1.0,0.0,0.0,1.0,1.0
0.019386526359522076,1.0,gt-order-1,"ap_fixed<16,6,AP_RND,AP_SAT>",False,True,1000.0,0.02911376953125,-1.5359015602407058,1.0,1.0,0.38974249362945557,0.0,1.0721722841262817,1.0721722841262817,1.0822006346572741,1.0822006346572741,0.020980110954404357,0.020980110954404357,0.020980110954404357,0.020980110954404357,0.9985111216528727,0.9985111216528727,0.02098011095440434,0.02098011095440434,1.0,0.0,0.0,1.0,1.0
0.022130947096056376,1.0,gt-order-1,"ap_fixed<16,6,AP_RND,AP_SAT>",False,True,1000.0,0.022705078125,-1.6438769993947115,1.0,1.0,0.3839093744754791,0.0,1.0660035610198975,1.0660035610198975,1.082200634657274,1.082200634657274,0.023950125495076708,0.023950125495076708,0.023950125495076708,0.023950125495076708,0.99830035106401,0.99830035106401,0.02395012549507668,0.02395012549507668,1.0,0.0,0.0,1.0,1.0
0.025263877101318954,1.0,gt-order-1,"ap_fixed<16,6,AP_RND,AP_SAT>",False,True,1000.0,0.0172119140625,-1.7641708309511435,1.0,1.0,0.3830787241458893,0.0,1.0686395168304443,1.0686395168304443,1.082200634657274,1.082200634657274,0.027340584356964546,0.027340584356964546,0.027340584356964546,0.027340584356964546,0.9980597431474331,0.9980597431474331,0.027340584356964525,0.027340584356964525,1.0,0.0,0.0,1.0,1.0
0.028840315031266057,1.0,gt-order-1,"ap_fixed<16,6,AP_RND,AP_SAT>",False,True,1000.0,0.01318359375,-1.879966188111864,1.0,1.0,0.3863505423069,0.0,1.0692731142044067,1.0692731142044067,1.082200634657274,1.082200634657274,0.031211006760471317,0.031211006760471317,0.031211006760471317,0.031211006760471317,0.9977850740513858,0.9977850740513858,0.03121100676047129,0.03121100676047129,1.0,0.0,0.0,1.0,1.0
0.03292304533334065,1.0,gt-order-1,"ap_fixed<16,6,AP_RND,AP_SAT>",False,True,1000.0,0.010101318359375,-1.9956219411410054,1.0,1.0,0.3836877942085266,0.0,1.0696747303009033,1.0696747303009033,1.082200634657274,1.082200634657274,0.03562934181659982,0.03562934181659982,0.03562934181659982,0.03562934181659982,0.9974715216869716,0.9974715216869716,0.03562934181659979,0.03562934181659979,1.0,0.0,0.0,1.0,1.0
0.037583740428844416,1.0,gt-order-1,"ap_fixed<16,6,AP_RND,AP_SAT>",False,True,1000.0,0.0077362060546875,-2.1114719712342254,1.0,1.0,0.3847366273403168,0.0,1.0678435564041138,1.0678435564041138,1.082200634657274,1.082200634657274,0.04067314975982911,0.04067314975982911,0.04067314975982911,0.04067314975982911,0.997113581900568,0.997113581900568,0.040673149759829066,0.040673149759829066,1.0,0.0,0.0,1.0,1.0
0.04290421892388853,1.0,gt-order-1,"ap_fixed<16,6,AP_RND,AP_SAT>",False,True,1000.0,0.0058746337890625,-2.2310192010412715,1.0,1.0,0.3846006989479065,0.0,1.0643110275268555,1.0643110275268555,1.082200634657274,1.082200634657274,0.046430974677788873,0.046430974677788873,0.046430974677788873,0.046430974677788873,0.9967049710564436,0.9967049710564436,0.046430974677788825,0.046430974677788825,1.0,0.0,0.0,1.0,1.0
0.04897788193684462,1.0,gt-order-1,"ap_fixed<16,6,AP_RND,AP_SAT>",False,True,1000.0,0.004608154296875,-2.3364729875723036,1.0,1.0,0.3892434239387512,0.0,1.0641995668411255,1.0641995668411255,1.082200634657274,1.082200634657274,0.05300389462744088,0.05300389462744088,0.05300389462744088,0.05300389462744088,0.9962385160309335,0.9962385160309335,0.05300389462744084,0.05300389462744084,1.0,0.0,0.0,1.0,1.0
0.05591135275705602,1.0,gt-order-1,"ap_fixed<16,6,AP_RND,AP_SAT>",False,True,1000.0,0.00347900390625,-2.458545083498412,1.0,1.0,0.3964552879333496,0.0,1.0648903846740723,1.0648903846740723,1.082200634657274,1.082200634657274,0.060507299531661646,0.060507299531661646,0.060507299531661646,0.060507299531661646,0.9957060280419089,0.9957060280419089,0.0605072995316616,0.0605072995316616,1.0,0.0,0.0,1.0,1.0
0.06382634861905485,1.0,gt-order-1,"ap_fixed<16,6,AP_RND,AP_SAT>",False,True,1000.0,0.002685546875,-2.5709672626478337,1.0,1.0,0.3964492082595825,0.0,1.0648409128189087,1.0648409128189087,1.082200634657274,1.082200634657274,0.06907291096651658,0.06907291096651658,0.06907291096651658,0.06907291096651658,0.9950981593121876,0.9950981593121876,0.06907291096651653,0.06907291096651653,1.0,0.0,0.0,1.0,1.0
0.07286181745132274,1.0,gt-order-1,"ap_fixed<16,6,AP_RND,AP_SAT>",False,True,1000.0,0.002105712890625,-2.676600844016217,1.0,1.0,0.3804280757904053,0.0,1.0641915798187256,1.0641915798187256,1.0822006346572737,1.0822006346572737,0.07885110834341004,0.07885110834341004,0.07885110834341004,0.07885110834341004,0.9944042379892719,0.9944042379892719,0.07885110834341003,0.07885110834341003,1.0,0.0,0.0,1.0,1.0
0.08317637711026708,1.0,gt-order-1,"ap_fixed<16,6,AP_RND,AP_SAT>",False,True,1000.0,0.0015411376953125,-2.8121585565592553,1.0,1.0,0.4011887013912201,0.0,1.063854694366455,1.063854694366455,1.082200634657274,1.082200634657274,0.09001352520250777,0.09001352520250777,0.09001352520250777,0.09001352520250777,0.9936120838963197,0.9936120838963197,0.0900135252025077,0.0900135252025077,1.0,0.0,0.0,1.0,1.0
0.09495109992021983,1.0,gt-order-1,"ap_fixed<16,6,AP_RND,AP_SAT>",False,True,1000.0,0.0012054443359375,-2.91885283897298,1.0,1.0,0.39520302414894104,0.0,1.0646827220916748,1.0646827220916748,1.082200634657274,1.082200634657274,0.10275614138207653,0.10275614138207653,0.10275614138207653,0.10275614138207653,0.9927077890926959,0.9927077890926959,0.10275614138207645,0.10275614138207645,1.0,0.0,0.0,1.0,1.0
0.10839269140212034,1.0,gt-order-1,"ap_fixed<16,6,AP_RND,AP_SAT>",False,True,1000.0,0.000885009765625,-3.053051936570039,1.0,1.0,0.3668126165866852,0.0,1.065535545349121,1.065535545349121,1.0822006346572737,1.0822006346572737,0.11730264126758484,0.11730264126758484,0.11730264126758484,0.11730264126758484,0.9916754795518599,0.9916754795518599,0.11730264126758475,0.11730264126758475,1.0,0.0,0.0,1.0,1.0
0.12373711899353519,1.0,gt-order-1,"ap_fixed<16,6,AP_RND,AP_SAT>",False,True,1000.0,0.0007476806640625,-3.12628385001433,1.0,1.0,0.3603018522262573,0.0,1.0645164251327515,1.0645164251327515,1.082200634657274,1.082200634657274,0.13390838886206693,0.13390838886206693,0.13390838886206693,0.13390838886206693,0.9904970330658034,0.9904970330658034,0.13390838886206688,0.13390838886206688,1.0,0.0,0.0,1.0,1.0
0.1412537544622754,1.0,gt-order-1,"ap_fixed<16,6,AP_RND,AP_SAT>",False,True,1000.0,0.000579833984375,-3.236696333257891,1.0,1.0,0.4056161046028137,0.0,1.065068244934082,1.065068244934082,1.0822006346572737,1.0822006346572737,0.15286490276391554,0.15286490276391554,0.15286490276391554,0.15286490276391554,0.9891517616729673,0.9891517616729673,0.15286490276391546,0.15286490276391546,1.0,0.0,0.0,1.0,1.0
0.16125010273377416,1.0,gt-order-1,"ap_fixed<16,6,AP_RND,AP_SAT>",False,True,1000.0,0.0004119873046875,-3.3851161654105666,1.0,1.0,0.3606678545475006,0.0,1.0661942958831787,1.0661942958831787,1.082200634657274,1.082200634657274,0.17450496006047336,0.17450496006047336,0.17450496006047336,0.17450496006047336,0.9876160494544062,0.9876160494544062,0.1745049600604732,0.1745049600604732,1.0,0.0,0.0,1.0,1.0
0.18407720014689555,1.0,gt-order-1,"ap_fixed<16,6,AP_RND,AP_SAT>",False,True,1000.0,0.0002899169921875,-3.5377263281728744,1.0,1.0,0.3987496793270111,0.0,1.0664887428283691,1.0664887428283691,1.0822006346572737,1.0822006346572737,0.19920846620881333,0.19920846620881333,0.19920846620881333,0.19920846620881333,0.9858629359707676,0.9858629359707676,0.19920846620881316,0.19920846620881316,1.0,0.0,0.0,1.0,1.0
0.21013577690467466,1.0,gt-order-1,"ap_fixed<16,6,AP_RND,AP_SAT>",False,True,1000.0,0.000244140625,-3.612359946188904,1.0,1.0,0.34822043776512146,0.0,1.0652788877487183,1.0652788877487183,1.0822006346572737,1.0822006346572737,0.22740906671464053,0.22740906671464053,0.22740906671464053,0.22740906671464053,0.9838616470566921,0.9838616470566921,0.22740906671464023,0.22740906671464023,1.0,0.0,0.0,1.0,1.0
0.239883291901949,1.0,gt-order-1,"ap_fixed<16,6,AP_RND,AP_SAT>",False,True,1000.0,0.000152587890625,-3.816479927777507,1.0,1.0,0.3805212080478668,0.0,1.0656483173370361,1.0656483173370361,1.082200634657274,1.082200634657274,0.25960184731930525,0.25960184731930525,0.25960184731930525,0.25960184731930525,0.9815770483679488,0.9815770483679488,0.25960184731930497,0.25960184731930497,1.0,0.0,0.0,1.0,1.0
0.27384196342643613,1.0,gt-order-1,"ap_fixed<16,6,AP_RND,AP_SAT>",False,True,1000.0,0.0001220703125,-3.913389940074015,1.0,1.0,0.4507489502429962,0.0,1.0659927129745483,1.0659927129745483,1.082200634657274,1.082200634657274,0.2963519614344669,0.2963519614344669,0.2963519614344669,0.2963519614344669,0.9789690331253484,0.9789690331253484,0.2963519614344667,0.2963519614344667,1.0,0.0,0.0,1.0,1.0
0.3126079367123954,1.0,gt-order-1,"ap_fixed<16,6,AP_RND,AP_SAT>",False,True,1000.0,7.62939453125e-05,-4.117509920595296,1.0,1.0,0.4211174547672272,0.0,1.065802812576294,1.065802812576294,1.082200634657274,1.082200634657274,0.33830451540835454,0.33830451540835454,0.33830451540835454,0.33830451540835454,0.9759918205951489,0.9759918205951489,0.33830451540835416,0.33830451540835416,1.0,0.0,0.0,1.0,1.0
0.35686174928348097,1.0,gt-order-1,"ap_fixed<16,6,AP_RND,AP_SAT>",False,True,1000.0,6.103515625e-05,-4.214419932180256,1.0,1.0,0.46995627880096436,0.0,1.0660347938537598,1.0660347938537598,1.0822006346572737,1.0822006346572737,0.3861960018924519,0.3861960018924519,0.3861960018924519,0.3861960018924519,0.9725931447066897,0.9725931447066897,0.3861960018924516,0.3861960018924516,1.0,0.0,0.0,1.0,1.0
0.4073802778041126,1.0,gt-order-1,"ap_fixed<16,6,AP_RND,AP_SAT>",False,True,1000.0,4.57763671875e-05,-4.339358666416729,1.0,1.0,0.40555354952812195,0.0,1.0661442279815674,1.0661442279815674,1.082200634657274,1.082200634657274,0.4408672006783791,0.4408672006783791,0.4408672006783791,0.4408672006783791,0.9687133385292683,0.9687133385292683,0.44086720067837865,0.44086720067837865,1.0,0.0,0.0,1.0,1.0
0.46505037616660627,1.0,gt-order-1,"ap_fixed<16,6,AP_RND,AP_SAT>",False,True,1000.0,4.57763671875e-05,-4.339358666416729,1.0,1.0,0.4902903139591217,0.0,1.0660555362701416,1.0660555362701416,1.082200634657274,1.082200634657274,0.5032778050217052,0.5032778050217052,0.5032778050217052,0.5032778050217052,0.964284296297801,0.964284296297801,0.5032778050217048,0.5032778050217048,1.0,0.0,0.0,1.0,1.0
0.5308844442309882,1.0,gt-order-1,"ap_fixed<16,6,AP_RND,AP_SAT>",False,True,1000.0,4.57763671875e-05,-4.339358666416729,1.0,1.0,0.7190925478935242,0.0,1.0662903785705566,1.0662903785705566,1.082200634657274,1.082200634657274,0.5745234829987242,0.5745234829987242,0.5745234829987242,0.5745234829987242,0.9592282626334913,0.9592282626334913,0.5745234829987238,0.5745234829987238,1.0,0.0,0.0,1.0,1.0
0.606038200527066,1.0,gt-order-1,"ap_fixed<16,6,AP_RND,AP_SAT>",False,True,1000.0,3.0517578125e-05,-4.515449920728757,1.0,1.0,0.4649905562400818,0.0,1.066381812095642,1.066381812095642,1.082200634657274,1.082200634657274,0.6558549384929464,0.6558549384929464,0.6558549384929464,0.6558549384929464,0.9534564798584195,0.9534564798584195,0.6558549384929458,0.6558549384929458,1.0,0.0,0.0,1.0,1.0
0.6918309709189363,1.0,gt-order-1,"ap_fixed<16,6,AP_RND,AP_SAT>",False,True,1000.0,1.52587890625e-05,-4.816479902161777,1.0,1.0,0.5897678732872009,0.0,1.0663931369781494,1.0663931369781494,1.0822006346572737,1.0822006346572737,0.7486999393740718,0.7486999393740718,0.7486999393740718,0.7486999393740718,0.9468676247398081,0.9468676247398081,0.7486999393740714,0.7486999393740714,1.0,0.0,0.0,1.0,1.0
0.7897688493998856,1.0,gt-order-1,"ap_fixed<16,6,AP_RND,AP_SAT>",False,True,1000.0,1.52587890625e-05,-4.816479902161777,1.0,1.0,0.5773502588272095,0.0,1.0662801265716553,1.0662801265716553,1.082200634657274,1.082200634657274,0.8546883773736323,0.8546883773736323,0.8546883773736323,0.8546883773736323,0.9393460300863582,0.9393460300863582,0.854688377373632,0.854688377373632,1.0,0.0,0.0,1.0,1.0
0.9015711376059565,1.0,gt-order-1,"ap_fixed<16,6,AP_RND,AP_SAT>",False,True,1000.0,1.52587890625e-05,-4.816479902161777,1.0,1.0,0.5773501992225647,0.0,1.0664260387420654,1.0664260387420654,1.082200634657274,1.082200634657274,0.975680875690774,0.975680875690774,0.975680875690774,0.975680875690774,0.9307596545757244,0.9307596545757244,0.975680875690773,0.975680875690773,1.0,0.0,0.0,1.0,1.0
1.0292005271944276,1.0,gt-order-1,"ap_fixed<16,6,AP_RND,AP_SAT>",False,True,1000.0,1.52587890625e-05,-4.816479902161777,0.9716292023658752,0.9716292023658752,0.7071068286895752,0.0,1.0663435459136963,1.0663435459136963,1.082200634657274,1.082200634657274,1.1138014926137512,1.1138014926137507,1.1138014926137512,1.1138014926137507,0.9209577619033994,0.9232002532449864,1.1138014926137503,1.0822020558622194,1.0,0.0,0.0,1.0,1.0
1.174897554939529,1.0,gt-order-1,"ap_fixed<16,6,AP_RND,AP_SAT>",False,True,1000.0,1.52587890625e-05,-4.816479902161777,0.8511391878128052,0.8511391878128052,0.6030226945877075,0.0,1.066361427307129,1.066361427307129,1.082200634657274,1.082200634657274,1.2714748759301424,1.271474875930142,1.2714748759301424,1.271474875930142,0.9097682840761214,0.9232002505935941,1.2714748759301417,1.082202093223568,1.0,0.0,0.0,1.0,1.0
1.3412199354053709,1.0,gt-order-1,"ap_fixed<16,6,AP_RND,AP_SAT>",False,True,1000.0,0.0,-12.0,0.74559086561203,0.74559086561203,0.7844644784927368,0.0,1.06645667552948,1.06645667552948,1.082200634657274,1.082200634657274,1.4514690292011116,1.4514690292011112,1.4514690292011116,1.4514690292011112,0.8969947864527222,0.9232002536687333,1.4514690292011112,1.0822020498911094,1.0,0.0,0.0,1.0,1.0
1.5310874616820287,1.0,gt-order-1,"ap_fixed<16,6,AP_RND,AP_SAT>",False,True,1000.0,0.0,-12.0,0.653131365776062,0.653131365776062,0.7559289932250977,0.0,1.06641685962677,1.06641685962677,1.082200634657274,1.082200634657274,1.656943883412264,1.6569438834122634,1.656943883412264,1.6569438834122634,0.8824130207995725,0.9232002556773435,1.6569438834122632,1.0822020215873434,1.0,0.0,0.0,1.0,1.0
1.7478332624182173,1.0,gt-order-1,"ap_fixed<16,6,AP_RND,AP_SAT>",False,True,1000.0,0.0,-12.0,0.572137713432312,0.572137713432312,0.8164966106414795,0.0,1.0677440166473389,1.0677440166473389,1.082200634657274,1.082200634657274,1.8915062545387589,1.891506254538758,1.8915062545387589,1.891506254538758,0.8915062545387583,0.9232002527090144,1.8915062545387569,1.0822020634147211,1.0,0.0,0.0,1.0,1.0
1.9952623149688795,1.0,gt-order-1,"ap_fixed<16,6,AP_RND,AP_SAT>",False,True,1000.0,0.0,-12.0,0.5011879205703735,0.5011879205703735,0.8660253882408142,0.0,1.0749647617340088,1.0749647617340088,1.082200634657274,1.082200634657274,2.1592740897129756,2.1592740897129747,2.1592740897129756,2.1592740897129747,1.1592740897129756,1.159274089712975,2.159274089712973,1.0822020909647312,1.0,0.0,0.0,1.0,1.0
0.01,1.0352649238413776,gt-order-1,"ap_fixed<16,6,AP_RND,AP_SAT>",False,True,1000.0,0.1037750244140625,-0.9839071557733343,1.0,1.0,0.3777366578578949,0.0,1.1705695390701294,1.1705695390701294,1.1598739217028848,1.1598739217028848,0.011598738957776824,0.011598738957776824,0.011598738957776824,0.011598738957776824,0.999176881793202,0.999176881793202,0.011598738957776812,0.011598738957776812,1.0,0.0,0.0,1.0,1.0
0.011415633046188459,1.0352649238413776,gt-order-1,"ap_fixed<16,6,AP_RND,AP_SAT>",False,True,1000.0,0.080230712890625,-1.095659348847942,1.0,1.0,0.38278728723526,0.0,1.1527737379074097,1.1527737379074097,1.1598739217028844,1.1598739217028844,0.01324069544902031,0.01324069544902031,0.01324069544902031,0.01324069544902031,0.9990603584118556,0.9990603584118556,0.013240695449020299,0.013240695449020299,1.0,0.0,0.0,1.0,1.0
0.013031667784522994,1.0352649238413776,gt-order-1,"ap_fixed<16,6,AP_RND,AP_SAT>",False,True,1000.0,0.0618743896484375,-1.2084890720695054,1.0,1.0,0.38122525811195374,0.0,1.1531375646591187,1.1531375646591187,1.1598739217028846,1.1598739217028846,0.015115091903967879,0.015115091903967879,0.015115091903967879,0.015115091903967879,0.9989273396540025,0.9989273396540025,0.015115091903967865,0.015115091903967865,1.0,0.0,0.0,1.0,1.0
0.014876473740795015,1.0352649238413776,gt-order-1,"ap_fixed<16,6,AP_RND,AP_SAT>",False,True,1000.0,0.047088623046875,-1.3270840088873468,1.0,1.0,0.3837122619152069,0.0,1.1496803760528564,1.1496803760528564,1.1598739217028844,1.1598739217028844,0.017254833885775554,0.017254833885775554,0.017254833885775554,0.017254833885775554,0.998775490337496,0.998775490337496,0.017254833885775547,0.017254833885775547,1.0,0.0,0.0,1.0,1.0
0.016982436524617443,1.0352649238413776,gt-order-1,"ap_fixed<16,6,AP_RND,AP_SAT>",False,True,1000.0,0.0357818603515625,-1.4463370835604599,1.0,1.0,0.38267478346824646,0.0,1.1500622034072876,1.1500622034072876,1.1598739217028846,1.1598739217028846,0.019697484852298646,0.019697484852298646,0.019697484852298646,0.019697484852298646,0.9986021447271916,0.9986021447271916,0.019697484852298643,0.019697484852298643,1.0,0.0,0.0,1.0,1.0
0.019386526359522076,1.0352649238413776,gt-order-1,"ap_fixed<16,6,AP_RND,AP_SAT>",False,True,1000.0,0.0273895263671875,-1.5624154776935049,1.0,1.0,0.3844884932041168,0.0,1.1504137516021729,1.1504137516021729,1.1598739217028844,1.1598739217028844,0.02248592616853633,0.02248592616853633,0.02248592616853633,0.02248592616853633,0.9984042596963841,0.9984042596963841,0.022485926168536313,0.022485926168536313,1.0,0.0,0.0,1.0,1.0
0.022130947096056376,1.0352649238413776,gt-order-1,"ap_fixed<16,6,AP_RND,AP_SAT>",False,True,1000.0,0.021240234375,-1.6728406953287092,1.0,1.0,0.3885372579097748,0.0,1.1423619985580444,1.1423619985580444,1.1598739217028844,1.1598739217028844,0.025669108937501527,0.025669108937501527,0.025669108937501527,0.025669108937501527,0.998178361372244,0.998178361372244,0.0256691089375015,0.0256691089375015,1.0,0.0,0.0,1.0,1.0
0.025263877101318954,1.0352649238413776,gt-order-1,"ap_fixed<16,6,AP_RND,AP_SAT>",False,True,1000.0,0.0161285400390625,-1.7924049432893459,1.0,1.0,0.38375774025917053,0.0,1.1413240432739258,1.1413240432739258,1.1598739217028846,1.1598739217028846,0.02930291277255061,0.02930291277255061,0.02930291277255061,0.02930291277255061,0.9979204841920221,0.9979204841920221,0.029302912772550573,0.029302912772550573,1.0,0.0,0.0,1.0,1.0
0.028840315031266057,1.0352649238413776,gt-order-1,"ap_fixed<16,6,AP_RND,AP_SAT>",False,True,1000.0,0.01251220703125,-1.9026660782052727,1.0,1.0,0.39054030179977417,0.0,1.1470820903778076,1.1470820903778076,1.1598739217028844,1.1598739217028844,0.03345112879464137,0.03345112879464137,0.03345112879464137,0.03345112879464137,0.9976261011434902,0.9976261011434902,0.03345112879464135,0.03345112879464135,1.0,0.0,0.0,1.0,1.0
0.03292304533334065,1.0352649238413776,gt-order-1,"ap_fixed<16,6,AP_RND,AP_SAT>",False,True,1000.0,0.0095367431640625,-2.0205999132340846,1.0,1.0,0.3835982084274292,0.0,1.1462187767028809,1.1462187767028809,1.1598739217028844,1.1598739217028844,0.03818658305777074,0.03818658305777074,0.03818658305777074,0.03818658305777074,0.9972900440397281,0.9972900440397281,0.038186583057770715,0.038186583057770715,1.0,0.0,0.0,1.0,1.0
0.037583740428844416,1.0352649238413776,gt-order-1,"ap_fixed<16,6,AP_RND,AP_SAT>",False,True,1000.0,0.007354736328125,-2.1334328923258,1.0,1.0,0.3869055509567261,0.0,1.144193410873413,1.144193410873413,1.1598739217028846,1.1598739217028846,0.04359240256302564,0.04359240256302564,0.04359240256302564,0.04359240256302564,0.996906413674941,0.996906413674941,0.0435924025630256,0.0435924025630256,1.0,0.0,0.0,1.0,1.0
0.04290421892388853,1.0352649238413776,gt-order-1,"ap_fixed<16,6,AP_RND,AP_SAT>",False,True,1000.0,0.00567626953125,-2.245936990665291,1.0,1.0,0.3821018934249878,0.0,1.1431605815887451,1.1431605815887451,1.1598739217028848,1.1598739217028848,0.04976348651381965,0.04976348651381965,0.04976348651381965,0.04976348651381965,0.9964684754150946,0.9964684754150946,0.049763486513819614,0.049763486513819614,1.0,0.0,0.0,1.0,1.0
0.04897788193684462,1.0352649238413776,gt-order-1,"ap_fixed<16,6,AP_RND,AP_SAT>",False,True,1000.0,0.0043792724609375,-2.3585980337905363,1.0,1.0,0.3800550401210785,0.0,1.1459941864013672,1.1459941864013672,1.1598739217028846,1.1598739217028846,0.056808167689280605,0.056808167689280605,0.056808167689280605,0.056808167689280605,0.9959685412965911,0.9959685412965911,0.056808167689280535,0.056808167689280535,1.0,0.0,0.0,1.0,1.0
0.05591135275705602,1.0352649238413776,gt-order-1,"ap_fixed<16,6,AP_RND,AP_SAT>",False,True,1000.0,0.003448486328125,-2.4623714913503605,1.0,1.0,0.3922818899154663,0.0,1.141748309135437,1.141748309135437,1.1598739217028848,1.1598739217028848,0.06485011794662765,0.06485011794662765,0.06485011794662765,0.06485011794662765,0.9953978348000411,0.9953978348000411,0.06485011794662761,0.06485011794662761,1.0,0.0,0.0,1.0,1.0
0.06382634861905485,1.0352649238413776,gt-order-1,"ap_fixed<16,6,AP_RND,AP_SAT>",False,True,1000.0,0.0026397705078125,-2.5784338273303837,1.0,1.0,0.38691359758377075,0.0,1.141480803489685,1.141480803489685,1.1598739217028844,1.1598739217028844,0.07403051297557216,0.07403051297557216,0.07403051297557216,0.07403051297557216,0.9947463372259138,0.9947463372259138,0.0740305129755721,0.0740305129755721,1.0,0.0,0.0,1.0,1.0
0.07286181745132274,1.0352649238413776,gt-order-1,"ap_fixed<16,6,AP_RND,AP_SAT>",False,True,1000.0,0.0020751953125,-2.682941022044203,1.0,1.0,0.389118492603302,0.0,1.141829490661621,1.141829490661621,1.1598739217028844,1.1598739217028844,0.08451052543861612,0.08451052543861612,0.08451052543861612,0.08451052543861612,0.9940026107658902,0.9940026107658902,0.08451052543861609,0.08451052543861609,1.0,0.0,0.0,1.0,1.0
0.08317637711026708,1.0352649238413776,gt-order-1,"ap_fixed<16,6,AP_RND,AP_SAT>",False,True,1000.0,0.0014495849609375,-2.838756325035252,1.0,1.0,0.36801332235336304,0.0,1.1411540508270264,1.1411540508270264,1.1598739217028844,1.1598739217028844,0.09647410760944371,0.09647410760944371,0.09647410760944371,0.09647410760944371,0.9931536010296436,0.9931536010296436,0.09647410760944364,0.09647410760944364,1.0,0.0,0.0,1.0,1.0
0.09495109992021983,1.0352649238413776,gt-order-1,"ap_fixed<16,6,AP_RND,AP_SAT>",False,True,1000.0,0.0011444091796875,-2.9414186668525066,1.0,1.0,0.34715735912323,0.0,1.14051353931427,1.14051353931427,1.1598739217028848,1.1598739217028848,0.11013130547796257,0.11013130547796257,0.11013130547796257,0.11013130547796257,0.9921844018554619,0.9921844018554619,0.11013130547796249,0.11013130547796249,1.0,0.0,0.0,1.0,1.0
0.10839269140212034,1.0352649238413776,gt-order-1,"ap_fixed<16,6,AP_RND,AP_SAT>",False,True,1000.0,0.0008392333984375,-3.076117240611966,1.0,1.0,0.4079933762550354,0.0,1.1418226957321167,1.1418226957321167,1.1598739217028844,1.1598739217028844,0.12572185803257122,0.12572185803257122,0.12572185803257122,0.12572185803257122,0.9910779998829318,0.9910779998829318,0.1257218580325711,0.1257218580325711,1.0,0.0,0.0,1.0,1.0
0.12373711899353519,1.0352649238413776,gt-order-1,"ap_fixed<16,6,AP_RND,AP_SAT>",False,True,1000.0,0.00067138671875,-3.1730272534906496,1.0,1.0,0.3854686915874481,0.0,1.141263484954834,1.141263484954834,1.1598739217028844,1.1598739217028844,0.14351945763508842,0.14351945763508842,0.14351945763508842,0.14351945763508842,0.9898149722104005,0.9898149722104005,0.14351945763508828,0.14351945763508828,1.0,0.0,0.0,1.0,1.0
0.1412537544622754,1.0352649238413776,gt-order-1,"ap_fixed<16,6,AP_RND,AP_SAT>",False,True,1000.0,0.00054931640625,-3.260177429065803,1.0,1.0,0.405877023935318,0.0,1.1410201787948608,1.1410201787948608,1.1598739217028844,1.1598739217028844,0.16383654618319818,0.16383654618319818,0.16383654618319818,0.16383654618319818,0.9883731460296438,0.9883731460296438,0.1638365461831981,0.1638365461831981,1.0,0.0,0.0,1.0,1.0
0.16125010273377416,1.0352649238413776,gt-order-1,"ap_fixed<16,6,AP_RND,AP_SAT>",False,True,1000.0,0.000396728515625,-3.4015065815581917,1.0,1.0,0.41964346170425415,0.0,1.1416592597961426,1.1416592597961426,1.1598739217028844,1.1598739217028844,0.18702978532815817,0.18702978532815817,0.18702978532815817,0.18702978532815817,0.9867272104254076,0.9867272104254076,0.18702978532815803,0.18702978532815803,1.0,0.0,0.0,1.0,1.0
0.18407720014689555,1.0352649238413776,gt-order-1,"ap_fixed<16,6,AP_RND,AP_SAT>",False,True,1000.0,0.000274658203125,-3.561207423939175,1.0,1.0,0.43160998821258545,0.0,1.1420847177505493,1.1420847177505493,1.1598739217028848,1.1598739217028848,0.21350634765725043,0.21350634765725043,0.21350634765725043,0.21350634765725043,0.9848482699142156,0.9848482699142156,0.21350634765725027,0.21350634765725027,1.0,0.0,0.0,1.0,1.0
0.21013577690467466,1.0352649238413776,gt-order-1,"ap_fixed<16,6,AP_RND,AP_SAT>",False,True,1000.0,0.000244140625,-3.612359946188904,1.0,1.0,0.41576090455055237,0.0,1.1419113874435425,1.1419113874435425,1.1598739217028846,1.1598739217028846,0.24373100291577268,0.24373100291577268,0.24373100291577268,0.24373100291577268,0.9827033415622577,0.9827033415622577,0.2437310029157724,0.2437310029157724,1.0,0.0,0.0,1.0,1.0
0.239883291901949,1.0352649238413776,gt-order-1,"ap_fixed<16,6,AP_RND,AP_SAT>",False,True,1000.0,0.0001373291015625,-3.8622374180219383,1.0,1.0,0.41147559881210327,0.0,1.1425174474716187,1.1425174474716187,1.1598739217028848,1.1598739217028848,0.2782343708631388,0.2782343708631388,0.2782343708631388,0.2782343708631388,0.9802547693117114,0.9802547693117114,0.27823437086313846,0.27823437086313846,1.0,0.0,0.0,1.0,1.0
0.27384196342643613,1.0352649238413776,gt-order-1,"ap_fixed<16,6,AP_RND,AP_SAT>",False,True,1000.0,0.0001068115234375,-3.9713818865434534,1.0,1.0,0.39566341042518616,0.0,1.142785668373108,1.142785668373108,1.1598739217028844,1.1598739217028844,0.31762216792840314,0.31762216792840314,0.31762216792840314,0.31762216792840314,0.9774595677809139,0.9774595677809139,0.3176221679284028,0.3176221679284028,1.0,0.0,0.0,1.0,1.0
0.3126079367123954,1.0352649238413776,gt-order-1,"ap_fixed<16,6,AP_RND,AP_SAT>",False,True,1000.0,7.62939453125e-05,-4.117509920595296,1.0,1.0,0.6101202368736267,0.0,1.1423311233520508,1.1423311233520508,1.1598739217028846,1.1598739217028846,0.3625858019763126,0.3625858019763126,0.3625858019763126,0.3625858019763126,0.9742686703942768,0.9742686703942768,0.3625858019763121,0.3625858019763121,1.0,0.0,0.0,1.0,1.0
0.35686174928348097,1.0352649238413776,gt-order-1,"ap_fixed<16,6,AP_RND,AP_SAT>",False,True,1000.0,6.103515625e-05,-4.214419932180256,1.0,1.0,0.5306686758995056,0.0,1.1425244808197021,1.1425244808197021,1.1598739217028844,1.1598739217028844,0.4139146262863099,0.4139146262863099,0.4139146262863099,0.4139146262863099,0.9706260597641974,0.9706260597641974,0.4139146262863094,0.4139146262863094,1.0,0.0,0.0,1.0,1.0
0.4073802778041126,1.0352649238413776,gt-order-1,"ap_fixed<16,6,AP_RND,AP_SAT>",False,True,1000.0,6.103515625e-05,-4.214419932180256,1.0,1.0,0.47583094239234924,0.0,1.1424320936203003,1.1424320936203003,1.1598739217028844,1.1598739217028844,0.472509766327152,0.472509766327152,0.472509766327152,0.472509766327152,0.9664677864576686,0.9664677864576686,0.47250976632715164,0.47250976632715164,1.0,0.0,0.0,1.0,1.0
0.46505037616660627,1.0352649238413776,gt-order-1,"ap_fixed<16,6,AP_RND,AP_SAT>",False,True,1000.0,3.0517578125e-05,-4.515449920728757,1.0,1.0,0.5025189518928528,0.0,1.142789602279663,1.142789602279663,1.1598739217028848,1.1598739217028848,0.5393997958626326,0.5393997958626326,0.5393997958626326,0.5393997958626326,0.961720856522926,0.961720856522926,0.539399795862632,0.539399795862632,1.0,0.0,0.0,1.0,1.0
0.5308844442309882,1.0352649238413776,gt-order-1,"ap_fixed<16,6,AP_RND,AP_SAT>",False,True,1000.0,3.0517578125e-05,-4.515449920728757,1.0,1.0,0.41039133071899414,0.0,1.142620325088501,1.142620325088501,1.1598739217028848,1.1598739217028848,0.6157590228610129,0.6157590228610129,0.6157590228610129,0.6157590228610129,0.9563019338082909,0.9563019338082909,0.6157590228610123,0.6157590228610123,1.0,0.0,0.0,1.0,1.0
0.606038200527066,1.0352649238413776,gt-order-1,"ap_fixed<16,6,AP_RND,AP_SAT>",False,True,1000.0,1.52587890625e-05,-4.816479902161777,1.0,1.0,0.5121475458145142,0.0,1.1428396701812744,1.1428396701812744,1.1598739217028844,1.1598739217028844,0.7029279185545197,0.7029279185545197,0.7029279185545197,0.7029279185545197,0.9501158901898398,0.9501158901898398,0.7029279185545192,0.7029279185545192,1.0,0.0,0.0,1.0,1.0
0.6918309709189363,1.0352649238413776,gt-order-1,"ap_fixed<16,6,AP_RND,AP_SAT>",False,True,1000.0,1.52587890625e-05,-4.816479902161777,1.0,1.0,0.632455587387085,0.0,1.1428287029266357,1.1428287029266357,1.1598739217028844,1.1598739217028844,0.8024367266570053,0.8024367266570053,0.8024367266570053,0.8024367266570053,0.9430541301153925,0.9430541301153925,0.8024367266570048,0.8024367266570048,1.0,0.0,0.0,1.0,1.0
0.7897688493998856,1.0352649238413776,gt-order-1,"ap_fixed<16,6,AP_RND,AP_SAT>",False,True,1000.0,1.52587890625e-05,-4.816479902161777,1.0,1.0,0.6123723983764648,0.0,1.1428183317184448,1.1428183317184448,1.1598739217028846,1.1598739217028846,0.9160323218736405,0.9160323218736405,0.9160323218736405,0.9160323218736405,0.9349926845586565,0.9349926845586565,0.9160323218736396,0.9160323218736396,1.0,0.0,0.0,1.0,1.0
0.9015711376059565,1.0352649238413776,gt-order-1,"ap_fixed<16,6,AP_RND,AP_SAT>",False,True,1000.0,1.52587890625e-05,-4.816479902161777,1.0,0.9969512224197388,0.5773501992225647,0.0,1.1429911851882935,1.1429911851882935,1.1598739217028848,1.1598739217028848,1.0457088707736293,1.0457088707736293,1.0457088707736293,1.0457088707736293,0.9257900351341863,0.9260162848113004,1.045708870773628,1.045708870773628,1.0,0.0,0.0,1.0,1.0
1.0292005271944276,1.0352649238413776,gt-order-1,"ap_fixed<16,6,AP_RND,AP_SAT>",False,True,1000.0,1.52587890625e-05,-4.816479902161777,0.9716292023658752,0.9716292023658752,0.771516740322113,0.0,1.1430405378341675,1.1430405378341675,1.1598739217028844,1.1598739217028844,1.1937428826638645,1.1937428826638645,1.1937428826638645,1.1937428826638645,0.9152846266707461,0.9176880693839696,1.1937428826638636,1.1598754449126303,1.0,0.0,0.0,1.0,1.0
1.174897554939529,1.0352649238413776,gt-order-1,"ap_fixed<16,6,AP_RND,AP_SAT>",False,True,1000.0,0.0,-12.0,0.8511391878128052,0.8511391878128052,0.8401680588722229,0.0,1.143048644065857,1.143048644065857,1.1598739217028844,1.1598739217028844,1.3627330306998267,1.3627330306998267,1.3627330306998267,1.3627330306998267,0.903292041259149,0.9176880665422776,1.3627330306998253,1.159875484955532,1.0,0.0,0.0,1.0,1.0
1.3412199354053709,1.0352649238413776,gt-order-1,"ap_fixed<16,6,AP_RND,AP_SAT>",False,True,1000.0,0.0,-12.0,0.74559086561203,0.74559086561203,0.7559289932250977,0.0,1.143094539642334,1.143094539642334,1.1598739217028848,1.1598739217028848,1.55564598764344,1.5556459876434394,1.55564598764344,1.5556459876434394,0.8896017454635757,0.9176880698381302,1.5556459876434376,1.1598754385129522,1.0,0.0,0.0,1.0,1.0
1.5310874616820287,1.0352649238413776,gt-order-1,"ap_fixed<16,6,AP_RND,AP_SAT>",False,True,1000.0,0.0,-12.0,0.653131365776062,0.653131365776062,0.7559289932250977,0.0,1.143040418624878,1.143040418624878,1.1598739217028848,1.1598739217028848,1.7758684836695062,1.775868483669505,1.7758684836695062,1.775868483669505,0.8739733959778668,0.9176880719909053,1.7758684836695047,1.1598754081777278,1.0,0.0,0.0,1.0,1.0
1.7478332624182173,1.0352649238413776,gt-order-1,"ap_fixed<16,6,AP_RND,AP_SAT>",False,True,1000.0,0.0,-12.0,0.572137713432312,0.572137713432312,0.8164966106414795,0.0,1.1484370231628418,1.1484370231628418,1.1598739217028846,1.1598739217028846,2.0272662084255773,2.027266208425577,2.0272662084255773,2.027266208425577,1.027266208425577,1.0272662084255764,2.0272662084255746,1.1598754530072013,1.0,0.0,0.0,1.0,1.0
1.9952623149688795,1.0352649238413776,gt-order-1,"ap_fixed<16,6,AP_RND,AP_SAT>",False,True,1000.0,0.0,-12.0,0.5011879205703735,0.5011879205703735,0.6030226945877075,0.0,1.155289888381958,1.155289888381958,1.1598739217028848,1.1598739217028848,2.3142526683695492,2.3142526683695475,2.3142526683695492,2.3142526683695475,1.3142526683695488,1.3142526683695477,2.3142526683695466,1.1598754825345714,1.0,0.0,0.0,1.0,1.0
0.01,1.0717734625362931,gt-order-1,"ap_fixed<16,6,AP_RND,AP_SAT>",False,True,1000.0,0.096954345703125,-1.013432720128091,1.0,1.0,0.3784615099430084,0.0,1.2392743825912476,1.2392743825912476,1.2431220891194494,1.2431220891194494,0.012431220613335054,0.012431220613335054,0.012431220613335054,0.012431220613335054,0.9991178037519918,0.9991178037519918,0.012431220613335053,0.012431220613335053,1.0,0.0,0.0,1.0,1.0
0.011415633046188459,1.0717734625362931,gt-order-1,"ap_fixed<16,6,AP_RND,AP_SAT>",False,True,1000.0,0.074462890625,-1.128060108615156,1.0,1.0,0.3812355697154999,0.0,1.2362018823623657,1.2362018823623657,1.2431220891194497,1.2431220891194497,0.014191026007218822,0.014191026007218822,0.014191026007218822,0.014191026007218822,0.9989929170844634,0.9989929170844634,0.014191026007218813,0.014191026007218813,1.0,0.0,0.0,1.0,1.0
0.013031667784522994,1.0717734625362931,gt-order-1,"ap_fixed<16,6,AP_RND,AP_SAT>",False,True,1000.0,0.0579681396484375,-1.2368106370614869,1.0,1.0,0.3836275637149811,0.0,1.232111930847168,1.232111930847168,1.2431220891194494,1.2431220891194494,0.016199954385823567,0.016199954385823567,0.016199954385823567,0.016199954385823567,0.9988503511101918,0.9988503511101918,0.01619995438582356,0.01619995438582356,1.0,0.0,0.0,1.0,1.0
0.014876473740795015,1.0717734625362931,gt-order-1,"ap_fixed<16,6,AP_RND,AP_SAT>",False,True,1000.0,0.04400634765625,-1.3564846745664387,1.0,1.0,0.38322383165359497,0.0,1.2337032556533813,1.2337032556533813,1.2431220891194494,1.2431220891194494,0.01849327305850835,0.01849327305850835,0.01849327305850835,0.01849327305850835,0.9986876030429297,0.9986876030429297,0.01849327305850834,0.01849327305850834,1.0,0.0,0.0,1.0,1.0
0.016982436524617443,1.0717734625362931,gt-order-1,"ap_fixed<16,6,AP_RND,AP_SAT>",False,True,1000.0,0.033538818359375,-1.4744522425232784,1.0,1.0,0.3826425075531006,0.0,1.2313567399978638,1.2313567399978638,1.2431220891194497,1.2431220891194497,0.02111124154256197,0.02111124154256197,0.02111124154256197,0.02111124154256197,0.998501815818499,0.998501815818499,0.021111241542561943,0.021111241542561943,1.0,0.0,0.0,1.0,1.0
0.019386526359522076,1.0717734625362931,gt-order-1,"ap_fixed<16,6,AP_RND,AP_SAT>",False,True,1000.0,0.0257720947265625,-1.5888502810358391,1.0,1.0,0.38239023089408875,0.0,1.2335759401321411,1.2335759401321411,1.2431220891194497,1.2431220891194497,0.024099818947026053,0.024099818947026053,0.024099818947026053,0.024099818947026053,0.9982897278944641,0.9982897278944641,0.024099818947026053,0.024099818947026053,1.0,0.0,0.0,1.0,1.0
0.022130947096056376,1.0717734625362931,gt-order-1,"ap_fixed<16,6,AP_RND,AP_SAT>",False,True,1000.0,0.0200958251953125,-1.696894155640304,1.0,1.0,0.3884761929512024,0.0,1.2269723415374756,1.2269723415374756,1.2431220891194497,1.2431220891194497,0.027511469765069622,0.027511469765069622,0.027511469765069622,0.027511469765069622,0.998047616066124,0.998047616066124,0.02751146976506962,0.02751146976506962,1.0,0.0,0.0,1.0,1.0
0.025263877101318954,1.0717734625362931,gt-order-1,"ap_fixed<16,6,AP_RND,AP_SAT>",False,True,1000.0,0.0154266357421875,-1.8117287750045459,1.0,1.0,0.38244685530662537,0.0,1.2253206968307495,1.2253206968307495,1.2431220891194497,1.2431220891194497,0.03140608428338244,0.03140608428338244,0.03140608428338244,0.03140608428338244,0.9977712301485729,0.9977712301485729,0.031406084283382416,0.031406084283382416,1.0,0.0,0.0,1.0,1.0
0.028840315031266057,1.0717734625362931,gt-order-1,"ap_fixed<16,6,AP_RND,AP_SAT>",False,True,1000.0,0.01202392578125,-1.9199537130980247,1.0,1.0,0.3825528621673584,0.0,1.2260009050369263,1.2260009050369263,1.2431220891194494,1.2431220891194494,0.035852032132549796,0.035852032132549796,0.035852032132549796,0.035852032132549796,0.9974557182102545,0.9974557182102545,0.035852032132549776,0.035852032132549776,1.0,0.0,0.0,1.0,1.0
0.03292304533334065,1.0717734625362931,gt-order-1,"ap_fixed<16,6,AP_RND,AP_SAT>",False,True,1000.0,0.009124755859375,-2.039778746587693,1.0,1.0,0.3791830837726593,0.0,1.2236205339431763,1.2236205339431763,1.2431220891194497,1.2431220891194497,0.04092736634462371,0.04092736634462371,0.04092736634462371,0.04092736634462371,0.9970955411255941,0.9970955411255941,0.040927366344623684,0.040927366344623684,1.0,0.0,0.0,1.0,1.0
0.037583740428844416,1.0717734625362931,gt-order-1,"ap_fixed<16,6,AP_RND,AP_SAT>",False,True,1000.0,0.006988525390625,-2.155614452557686,1.0,1.0,0.38373616337776184,0.0,1.226464033126831,1.226464033126831,1.2431220891194497,1.2431220891194497,0.046721180233385805,0.046721180233385805,0.046721180233385805,0.046721180233385805,0.9966843762823893,0.9966843762823893,0.04672118023338578,0.04672118023338578,1.0,0.0,0.0,1.0,1.0
0.04290421892388853,1.0717734625362931,gt-order-1,"ap_fixed<16,6,AP_RND,AP_SAT>",False,True,1000.0,0.005523681640625,-2.257771360011909,1.0,1.0,0.39590978622436523,0.0,1.2269576787948608,1.2269576787948608,1.2431220891194497,1.2431220891194497,0.05333518424666654,0.05333518424666654,0.05333518424666654,0.05333518424666654,0.9962150056786233,0.9962150056786233,0.05333518424666649,0.05333518424666649,1.0,0.0,0.0,1.0,1.0
0.04897788193684462,1.0717734625362931,gt-order-1,"ap_fixed<16,6,AP_RND,AP_SAT>",False,True,1000.0,0.0041656494140625,-2.380317283478687,1.0,1.0,0.3700907230377197,0.0,1.2229341268539429,1.2229341268539429,1.2431220891194497,1.2431220891194497,0.060885486582253324,0.060885486582253324,0.060885486582253324,0.060885486582253324,0.9956791895589542,0.9956791895589542,0.06088548658225328,0.06088548658225328,1.0,0.0,0.0,1.0,1.0
0.05591135275705602,1.0717734625362931,gt-order-1,"ap_fixed<16,6,AP_RND,AP_SAT>",False,True,1000.0,0.0032806396484375,-2.4840414705757126,1.0,1.0,0.3760717809200287,0.0,1.2247921228408813,1.2247921228408813,1.2431220891194497,1.2431220891194497,0.0695046354547709,0.0695046354547709,0.0695046354547709,0.0695046354547709,0.9950675214828357,0.9950675214828357,0.06950463545477084,0.06950463545477084,1.0,0.0,0.0,1.0,1.0
0.06382634861905485,1.0717734625362931,gt-order-1,"ap_fixed<16,6,AP_RND,AP_SAT>",False,True,1000.0,0.0023956298828125,-2.620580278033179,1.0,1.0,0.37953606247901917,0.0,1.223211407661438,1.223211407661438,1.2431220891194497,1.2431220891194497,0.07934393922200116,0.07934393922200116,0.07934393922200116,0.07934393922200116,0.9943692636740122,0.9943692636740122,0.07934393922200111,0.07934393922200111,1.0,0.0,0.0,1.0,1.0
0.07286181745132274,1.0717734625362931,gt-order-1,"ap_fixed<16,6,AP_RND,AP_SAT>",False,True,1000.0,0.0019378662109375,-2.7126762094436327,1.0,1.0,0.39720743894577026,0.0,1.2241523265838623,1.2241523265838623,1.2431220891194497,1.2431220891194497,0.09057613846649312,0.09057613846649312,0.09057613846649312,0.09057613846649312,0.9935721573930937,0.9935721573930937,0.09057613846649307,0.09057613846649307,1.0,0.0,0.0,1.0,1.0
0.08317637711026708,1.0717734625362931,gt-order-1,"ap_fixed<16,6,AP_RND,AP_SAT>",False,True,1000.0,0.00140380859375,-2.852692102968775,1.0,1.0,0.37904903292655945,0.0,1.223233699798584,1.223233699798584,1.2431220891194497,1.2431220891194497,0.10339838835354687,0.10339838835354687,0.10339838835354687,0.10339838835354687,0.9926622112909984,0.9926622112909984,0.1033983883535468,0.1033983883535468,1.0,0.0,0.0,1.0,1.0
0.09495109992021983,1.0717734625362931,gt-order-1,"ap_fixed<16,6,AP_RND,AP_SAT>",False,True,1000.0,0.001007080078125,-2.996935994650589,1.0,1.0,0.37416574358940125,0.0,1.2240214347839355,1.2240214347839355,1.2431220891194497,1.2431220891194497,0.11803581060104855,0.11803581060104855,0.11803581060104855,0.11803581060104855,0.9916234493392225,0.9916234493392225,0.11803581060104844,0.11803581060104844,1.0,0.0,0.0,1.0,1.0
0.10839269140212034,1.0717734625362931,gt-order-1,"ap_fixed<16,6,AP_RND,AP_SAT>",False,True,1000.0,0.000762939453125,-3.117509925718442,1.0,1.0,0.5507727861404419,0.0,1.2242814302444458,1.2242814302444458,1.2431220891194494,1.2431220891194494,0.13474535109468883,0.13474535109468883,0.13474535109468883,0.13474535109468883,0.9904376370696193,0.9904376370696193,0.13474535109468874,0.13474535109468874,1.0,0.0,0.0,1.0,1.0
0.12373711899353519,1.0717734625362931,gt-order-1,"ap_fixed<16,6,AP_RND,AP_SAT>",False,True,1000.0,0.0006103515625,-3.2144199385841885,1.0,1.0,0.37069231271743774,0.0,1.2239446640014648,1.2239446640014648,1.2431220891194497,1.2431220891194497,0.15382034604475217,0.15382034604475217,0.15382034604475217,0.15382034604475217,0.9890839575316921,0.9890839575316921,0.15382034604475206,0.15382034604475206,1.0,0.0,0.0,1.0,1.0
0.1412537544622754,1.0717734625362931,gt-order-1,"ap_fixed<16,6,AP_RND,AP_SAT>",False,True,1000.0,0.0004730224609375,-3.3251182358713,1.0,1.0,0.6586230397224426,0.0,1.2237915992736816,1.2237915992736816,1.2431220891194497,1.2431220891194497,0.17559566238574742,0.17559566238574742,0.17559566238574742,0.17559566238574742,0.9875386464980659,0.9875386464980659,0.1755956623857473,0.1755956623857473,1.0,0.0,0.0,1.0,1.0
0.16125010273377416,1.0717734625362931,gt-order-1,"ap_fixed<16,6,AP_RND,AP_SAT>",False,True,1000.0,0.0003204345703125,-3.49426063453445,1.0,1.0,0.3724624812602997,0.0,1.2249675989151,1.2249675989151,1.2431220891194494,1.2431220891194494,0.20045356061058162,0.20045356061058162,0.20045356061058162,0.20045356061058162,0.9857745764015375,0.9857745764015375,0.2004535606105816,0.2004535606105816,1.0,0.0,0.0,1.0,1.0
0.18407720014689555,1.0717734625362931,gt-order-1,"ap_fixed<16,6,AP_RND,AP_SAT>",False,True,1000.0,0.000274658203125,-3.561207423939175,1.0,1.0,0.38915202021598816,0.0,1.2248607873916626,1.2248607873916626,1.2431220891194497,1.2431220891194497,0.22883043749295853,0.22883043749295853,0.22883043749295853,0.22883043749295853,0.9837607778298202,0.9837607778298202,0.2288304374929584,0.2288304374929584,1.0,0.0,0.0,1.0,1.0
0.21013577690467466,1.0717734625362931,gt-order-1,"ap_fixed<16,6,AP_RND,AP_SAT>",False,True,1000.0,0.000213623046875,-3.6703518929124668,1.0,1.0,0.35273781418800354,0.0,1.2252156734466553,1.2252156734466553,1.2431220891194497,1.2431220891194497,0.2612244209120582,0.2612244209120582,0.2612244209120582,0.2612244209120582,0.9814619005498426,0.9814619005498426,0.26122442091205794,0.26122442091205794,1.0,0.0,0.0,1.0,1.0
0.239883291901949,1.0717734625362931,gt-order-1,"ap_fixed<16,6,AP_RND,AP_SAT>",False,True,1000.0,0.0001220703125,-3.913389940074015,1.0,1.0,0.3980149030685425,0.0,1.2250163555145264,1.2250163555145264,1.2431220891194497,1.2431220891194497,0.298204215044695,0.298204215044695,0.298204215044695,0.298204215044695,0.9788375857982446,0.9788375857982446,0.29820421504469474,0.29820421504469474,1.0,0.0,0.0,1.0,1.0
0.27384196342643613,1.0717734625362931,gt-order-1,"ap_fixed<16,6,AP_RND,AP_SAT>",False,True,1000.0,0.0001220703125,-3.913389940074015,1.0,1.0,0.4736842215061188,0.0,1.2246098518371582,1.2246098518371582,1.2431220891194497,1.2431220891194497,0.340419010685326,0.340419010685326,0.340419010685326,0.340419010685326,0.9758417629838165,0.9758417629838165,0.34041901068532576,0.34041901068532576,1.0,0.0,0.0,1.0,1.0
0.3126079367123954,1.0717734625362931,gt-order-1,"ap_fixed<16,6,AP_RND,AP_SAT>",False,True,1000.0,6.103515625e-05,-4.214419932180256,1.0,1.0,0.4232073724269867,0.0,1.2248129844665527,1.2248129844665527,1.2431220891194497,1.2431220891194497,0.38860984043514585,0.38860984043514585,0.38860984043514585,0.38860984043514585,0.9724218438530989,0.9724218438530989,0.38860984043514546,0.38860984043514546,1.0,0.0,0.0,1.0,1.0
0.35686174928348097,1.0717734625362931,gt-order-1,"ap_fixed<16,6,AP_RND,AP_SAT>",False,True,1000.0,4.57763671875e-05,-4.339358666416729,1.0,1.0,0.4773343801498413,0.0,1.2252538204193115,1.2252538204193115,1.2431220891194494,1.2431220891194494,0.44362271219159366,0.44362271219159366,0.44362271219159366,0.44362271219159366,0.9685177904567929,0.9685177904567929,0.4436227121915932,0.4436227121915932,1.0,0.0,0.0,1.0,1.0
0.4073802778041126,1.0717734625362931,gt-order-1,"ap_fixed<16,6,AP_RND,AP_SAT>",False,True,1000.0,4.57763671875e-05,-4.339358666416729,1.0,1.0,0.6625891327857971,0.0,1.2251672744750977,1.2251672744750977,1.2431220891194497,1.2431220891194497,0.5064234283184603,0.5064234283184603,0.5064234283184603,0.5064234283184603,0.964061063489857,0.964061063489857,0.5064234283184601,0.5064234283184601,1.0,0.0,0.0,1.0,1.0
0.46505037616660627,1.0717734625362931,gt-order-1,"ap_fixed<16,6,AP_RND,AP_SAT>",False,True,1000.0,3.0517578125e-05,-4.515449920728757,1.0,1.0,0.4975185692310333,0.0,1.2249882221221924,1.2249882221221924,1.2431220891194497,1.2431220891194497,0.5781143868799967,0.5781143868799967,0.5781143868799967,0.5781143868799967,0.9589734299720922,0.9589734299720922,0.5781143868799964,0.5781143868799964,1.0,0.0,0.0,1.0,1.0
0.5308844442309882,1.0717734625362931,gt-order-1,"ap_fixed<16,6,AP_RND,AP_SAT>",False,True,1000.0,3.0517578125e-05,-4.515449920728757,1.0,1.0,0.7382716536521912,0.0,1.2249948978424072,1.2249948978424072,1.2431220891194497,1.2431220891194497,0.6599541799933801,0.6599541799933801,0.6599541799933801,0.6599541799933801,0.9531655724279194,0.9531655724279194,0.6599541799933795,0.6599541799933795,1.0,0.0,0.0,1.0,1.0
0.606038200527066,1.0717734625362931,gt-order-1,"ap_fixed<16,6,AP_RND,AP_SAT>",False,True,1000.0,1.52587890625e-05,-4.816479902161777,1.0,1.0,0.6859943270683289,0.0,1.225164532661438,1.225164532661438,1.2431220891194497,1.2431220891194497,0.7533794891525475,0.7533794891525475,0.7533794891525475,0.7533794891525475,0.9465355350588734,0.9465355350588734,0.7533794891525469,0.7533794891525469,1.0,0.0,0.0,1.0,1.0
0.6918309709189363,1.0717734625362931,gt-order-1,"ap_fixed<16,6,AP_RND,AP_SAT>",False,True,1000.0,1.52587890625e-05,-4.816479902161777,1.0,1.0,0.5656854510307312,0.0,1.2251520156860352,1.2251520156860352,1.2431220891194497,1.2431220891194497,0.8600303889611527,0.8600303889611527,0.8600303889611527,0.8600303889611527,0.9389669280343169,0.9389669280343169,0.8600303889611522,0.8600303889611522,1.0,0.0,0.0,1.0,1.0
0.7897688493998856,1.0717734625362931,gt-order-1,"ap_fixed<16,6,AP_RND,AP_SAT>",False,True,1000.0,1.52587890625e-05,-4.816479902161777,1.0,1.0,0.5773502588272095,0.0,1.2252507209777832,1.2252507209777832,1.2431220891194497,1.2431220891194497,0.981779133370499,0.981779133370499,0.981779133370499,0.981779133370499,0.9303268846420796,0.9303268846420796,0.9817791333704983,0.9817791333704983,1.0,0.0,0.0,1.0,1.0
0.9015711376059565,1.0717734625362931,gt-order-1,"ap_fixed<16,6,AP_RND,AP_SAT>",False,True,1000.0,1.52587890625e-05,-4.816479902161777,1.0,0.9895540475845337,0.7385489344596863,0.0,1.2250386476516724,1.2250386476516724,1.2431220891194499,1.2431220891194499,1.1207630171892515,1.1207630171892515,1.1207630171892515,1.1207630171892515,0.9204637292326219,0.9212945613323611,1.1207630171892506,1.1207630171892506,1.0,0.0,0.0,1.0,1.0
1.0292005271944276,1.0717734625362931,gt-order-1,"ap_fixed<16,6,AP_RND,AP_SAT>",False,True,1000.0,1.52587890625e-05,-4.816479902161777,0.9716292023658752,0.9647674560546875,0.4472135603427887,0.0,1.2251672744750977,1.2251672744750977,1.2431220891194494,1.2431220891194494,1.2794219426796571,1.2794219426796571,1.2794219426796571,1.2794219426796571,0.9092043112611816,0.9124032743547162,1.2794219426796563,1.243123721655233,1.0,0.0,0.0,1.0,1.0
1.174897554939529,1.0717734625362931,gt-order-1,"ap_fixed<16,6,AP_RND,AP_SAT>",False,True,1000.0,0.0,-12.0,0.8511391878128052,0.8511391878128052,0.857492983341217,0.0,1.2251980304718018,1.2251980304718018,1.2431220891194497,1.2431220891194497,1.4605410987674547,1.4605410987674547,1.4605410987674547,1.4605410987674547,0.8963509765072514,0.9117802543267918,1.460541098767454,1.243123764572153,1.0,0.0,0.0,1.0,1.0
1.3412199354053709,1.0717734625362931,gt-order-1,"ap_fixed<16,6,AP_RND,AP_SAT>",False,True,1000.0,0.0,-12.0,0.74559086561203,0.74559086561203,0.857492983341217,0.0,1.2251845598220825,1.2251845598220825,1.2431220891194497,1.2431220891194497,1.667300086590776,1.667300086590776,1.667300086590776,1.667300086590776,0.8816780808220008,0.9117802578591988,1.6673000865907748,1.2431237147962284,1.0,0.0,0.0,1.0,1.0
1.5310874616820287,1.0717734625362931,gt-order-1,"ap_fixed<16,6,AP_RND,AP_SAT>",False,True,1000.0,0.0,-12.0,0.653131365776062,0.653131365776062,0.7559289932250977,0.0,1.2269983291625977,1.2269983291625977,1.2431220891194497,1.2431220891194497,1.9033287136756005,1.9033287136755999,1.9033287136756005,1.9033287136755999,0.9033287136756,0.9117802601664863,1.9033287136755994,1.2431236822837395,1.0,0.0,0.0,1.0,1.0
1.7478332624182173,1.0717734625362931,gt-order-1,"ap_fixed<16,6,AP_RND,AP_SAT>",False,True,1000.0,0.0,-12.0,0.572137713432312,0.572137713432312,0.6666666865348816,0.0,1.2351678609848022,1.2351678609848022,1.2431220891194497,1.2431220891194497,2.17277012360041,2.1727701236004084,2.17277012360041,2.1727701236004084,1.1727701236004096,1.1727701236004087,2.1727701236004084,1.2431237303307796,1.0,0.0,0.0,1.0,1.0
1.9952623149688795,1.0717734625362931,gt-order-1,"ap_fixed<16,6,AP_RND,AP_SAT>",False,True,1000.0,0.0,-12.0,0.5011879205703735,0.4989314377307892,0.7559289336204529,0.0,1.2399158477783203,1.2399158477783203,1.2431220891194497,1.2431220891194497,2.4803545954633215,2.48035459546332,2.4803545954633215,2.48035459546332,1.48035459546332,1.4803545954633193,2.48035459546332,1.2431237619774316,1.0,0.0,0.0,1.0,1.0
0.01,1.109569472067845,gt-order-1,"ap_fixed<16,6,AP_RND,AP_SAT>",False,True,1000.0,0.0903167724609375,-1.044231590647037,1.0,1.0,0.38000255823135376,0.0,1.3257455825805664,1.3257455825805664,1.3323452654735446,1.3323452654735446,0.013323452356933073,0.013323452356933073,0.013323452356933073,0.013323452356933073,0.9990544854711433,0.9990544854711433,0.01332345235693306,0.01332345235693306,1.0,0.0,0.0,1.0,1.0
0.011415633046188459,1.109569472067845,gt-order-1,"ap_fixed<16,6,AP_RND,AP_SAT>",False,True,1000.0,0.0700225830078125,-1.1547618729228375,1.0,1.0,0.38163018226623535,0.0,1.3250117301940918,1.3250117301940918,1.3323452654735446,1.3323452654735446,0.015209565076848343,0.015209565076848343,0.015209565076848343,0.015209565076848343,0.9989206352548505,0.9989206352548505,0.01520956507684833,0.01520956507684833,1.0,0.0,0.0,1.0,1.0
0.013031667784522994,1.109569472067845,gt-order-1,"ap_fixed<16,6,AP_RND,AP_SAT>",False,True,1000.0,0.0541839599609375,-1.2661292583140684,1.0,1.0,0.37762030959129333,0.0,1.325421929359436,1.325421929359436,1.3323452654735444,1.3323452654735444,0.01736268120062779,0.01736268120062779,0.01736268120062779,0.01736268120062779,0.9987678368267245,0.9987678368267245,0.017362681200627776,0.017362681200627776,1.0,0.0,0.0,1.0,1.0
0.014876473740795015,1.109569472067845,gt-order-1,"ap_fixed<16,6,AP_RND,AP_SAT>",False,True,1000.0,0.041107177734375,-1.3860823392261674,1.0,1.0,0.3870813846588135,0.0,1.3182631731033325,1.3182631731033325,1.3323452654735444,1.3323452654735444,0.019820599294527935,0.019820599294527935,0.019820599294527935,0.019820599294527935,0.9985934077668787,0.9985934077668787,0.019820599294527928,0.019820599294527928,1.0,0.0,0.0,1.0,1.0
0.016982436524617443,1.109569472067845,gt-order-1,"ap_fixed<16,6,AP_RND,AP_SAT>",False,True,1000.0,0.0315704345703125,-1.500719439944208,1.0,1.0,0.38536253571510315,0.0,1.3192999362945557,1.3192999362945557,1.3323452654735446,1.3323452654735446,0.02262646844078251,0.02262646844078251,0.02262646844078251,0.02262646844078251,0.9983942859497412,0.9983942859497412,0.022626468440782484,0.022626468440782484,1.0,0.0,0.0,1.0,1.0
0.019386526359522076,1.109569472067845,gt-order-1,"ap_fixed<16,6,AP_RND,AP_SAT>",False,True,1000.0,0.0244598388671875,-1.611546408251799,1.0,1.0,0.38355711102485657,0.0,1.3202531337738037,1.3202531337738037,1.3323452654735444,1.3323452654735444,0.025829546392811667,0.025829546392811667,0.025829546392811667,0.025829546392811667,0.9981669757406773,0.9981669757406773,0.025829546392811657,0.025829546392811657,1.0,0.0,0.0,1.0,1.0
0.022130947096056376,1.109569472067845,gt-order-1,"ap_fixed<16,6,AP_RND,AP_SAT>",False,True,1000.0,0.0188751220703125,-1.7241102309715697,1.0,1.0,0.3771653473377228,0.0,1.3167812824249268,1.3167812824249268,1.3323452654735446,1.3323452654735446,0.02948606320210515,0.02948606320210515,0.02948606320210515,0.02948606320210515,0.9979074867076867,0.9979074867076867,0.029486063202105135,0.029486063202105135,1.0,0.0,0.0,1.0,1.0
0.025263877101318954,1.109569472067845,gt-order-1,"ap_fixed<16,6,AP_RND,AP_SAT>",False,True,1000.0,0.0149078369140625,-1.826585366875794,1.0,1.0,0.3819848597049713,0.0,1.3149712085723877,1.3149712085723877,1.3323452654735446,1.3323452654735446,0.03366020768858447,0.03366020768858447,0.03366020768858447,0.03366020768858447,0.9976112636153692,0.9976112636153692,0.033660207688584444,0.033660207688584444,1.0,0.0,0.0,1.0,1.0
0.028840315031266057,1.109569472067845,gt-order-1,"ap_fixed<16,6,AP_RND,AP_SAT>",False,True,1000.0,0.01129150390625,-1.9472482108542608,1.0,1.0,0.38751545548439026,0.0,1.3133792877197266,1.3133792877197266,1.3323452654735446,1.3323452654735446,0.03842525660793582,0.03842525660793582,0.03842525660793582,0.03842525660793582,0.9972731062922324,0.9972731062922324,0.0384252566079358,0.0384252566079358,1.0,0.0,0.0,1.0,1.0
0.03292304533334065,1.109569472067845,gt-order-1,"ap_fixed<16,6,AP_RND,AP_SAT>",False,True,1000.0,0.008575439453125,-2.066743615003994,1.0,1.0,0.37100571393966675,0.0,1.312791109085083,1.312791109085083,1.3323452654735446,1.3323452654735446,0.04386486512856184,0.04386486512856184,0.04386486512856184,0.04386486512856184,0.9968870780504704,0.9968870780504704,0.04386486512856181,0.04386486512856181,1.0,0.0,0.0,1.0,1.0
0.037583740428844416,1.109569472067845,gt-order-1,"ap_fixed<16,6,AP_RND,AP_SAT>",False,True,1000.0,0.0067138671875,-2.1730272540728253,1.0,1.0,0.37594902515411377,0.0,1.3148155212402344,1.3148155212402344,1.3323452654735446,1.3323452654735446,0.05007452109983893,0.05007452109983893,0.05007452109983893,0.05007452109983893,0.9964464024820999,0.9964464024820999,0.050074521099838884,0.050074521099838884,1.0,0.0,0.0,1.0,1.0
0.04290421892388853,1.109569472067845,gt-order-1,"ap_fixed<16,6,AP_RND,AP_SAT>",False,True,1000.0,0.005035400390625,-2.2979659906595633,1.0,1.0,0.3620530068874359,0.0,1.311691403388977,1.311691403388977,1.3323452654735446,1.3323452654735446,0.057163235080586856,0.057163235080586856,0.057163235080586856,0.057163235080586856,0.9959433435240949,0.9959433435240949,0.0571632350805868,0.0571632350805868,1.0,0.0,0.0,1.0,1.0
0.04897788193684462,1.109569472067845,gt-order-1,"ap_fixed<16,6,AP_RND,AP_SAT>",False,True,1000.0,0.003936767578125,-2.4048602245501516,1.0,1.0,0.3827100396156311,0.0,1.311569094657898,1.311569094657898,1.3323452654735446,1.3323452654735446,0.06525544875594556,0.06525544875594556,0.06525544875594556,0.06525544875594556,0.9953690700253282,0.9953690700253282,0.06525544875594551,0.06525544875594551,1.0,0.0,0.0,1.0,1.0
0.05591135275705602,1.109569472067845,gt-order-1,"ap_fixed<16,6,AP_RND,AP_SAT>",False,True,1000.0,0.0030670166015625,-2.5132838730616087,1.0,1.0,0.3859494924545288,0.0,1.3124897480010986,1.3124897480010986,1.3323452654735446,1.3323452654735446,0.07449322378482044,0.07449322378482044,0.07449322378482044,0.07449322378482044,0.994713500412429,0.994713500412429,0.07449322378482036,0.07449322378482036,1.0,0.0,0.0,1.0,1.0
0.06382634861905485,1.109569472067845,gt-order-1,"ap_fixed<16,6,AP_RND,AP_SAT>",False,True,1000.0,0.00225830078125,-2.6462182150364315,1.0,1.0,0.40883272886276245,0.0,1.31011962890625,1.31011962890625,1.3323452654735444,1.3323452654735444,0.08503872844970102,0.08503872844970102,0.08503872844970102,0.08503872844970102,0.993965126221742,0.993965126221742,0.08503872844970096,0.08503872844970096,1.0,0.0,0.0,1.0,1.0
0.07286181745132274,1.109569472067845,gt-order-1,"ap_fixed<16,6,AP_RND,AP_SAT>",False,True,1000.0,0.0017242431640625,-2.763401486888404,1.0,1.0,0.3721115291118622,0.0,1.310892939567566,1.310892939567566,1.3323452654735446,1.3323452654735446,0.09707710152281952,0.09707710152281952,0.09707710152281952,0.09707710152281952,0.9931108088616839,0.9931108088616839,0.09707710152281945,0.09707710152281945,1.0,0.0,0.0,1.0,1.0
0.08317637711026708,1.109569472067845,gt-order-1,"ap_fixed<16,6,AP_RND,AP_SAT>",False,True,1000.0,0.001251220703125,-2.902666077892886,1.0,1.0,0.3568572998046875,0.0,1.3111813068389893,1.3111813068389893,1.3323452654735446,1.3323452654735446,0.11081964867829301,0.11081964867829301,0.11081964867829301,0.11081964867829301,0.9921355527755807,0.9921355527755807,0.11081964867829293,0.11081964867829293,1.0,0.0,0.0,1.0,1.0
0.09495109992021983,1.109569472067845,gt-order-1,"ap_fixed<16,6,AP_RND,AP_SAT>",False,True,1000.0,0.0009613037109375,-3.0171393807183406,1.0,1.0,0.3635307848453522,0.0,1.3109461069107056,1.3109461069107056,1.3323452654735446,1.3323452654735446,0.12650764939913134,0.12650764939913134,0.12650764939913134,0.12650764939913134,0.9910222352800178,0.9910222352800178,0.12650764939913126,0.12650764939913126,1.0,0.0,0.0,1.0,1.0
0.10839269140212034,1.109569472067845,gt-order-1,"ap_fixed<16,6,AP_RND,AP_SAT>",False,True,1000.0,0.0007781982421875,-3.1089097539676858,1.0,1.0,0.3942848742008209,0.0,1.3113985061645508,1.3113985061645508,1.3323452654735446,1.3323452654735446,0.14441649146685598,0.14441649146685598,0.14441649146685598,0.14441649146685598,0.989751313155901,0.989751313155901,0.14441649146685587,0.14441649146685587,1.0,0.0,0.0,1.0,1.0
0.12373711899353519,1.109569472067845,gt-order-1,"ap_fixed<16,6,AP_RND,AP_SAT>",False,True,1000.0,0.0006103515625,-3.2144199385841885,1.0,1.0,0.37946808338165283,0.0,1.3117318153381348,1.3117318153381348,1.3323452654735444,1.3323452654735444,0.16486056484717104,0.16486056484717104,0.16486056484717104,0.16486056484717104,0.9883004753480823,0.9883004753480823,0.16486056484717093,0.16486056484717093,1.0,0.0,0.0,1.0,1.0
0.1412537544622754,1.109569472067845,gt-order-1,"ap_fixed<16,6,AP_RND,AP_SAT>",False,True,1000.0,0.000457763671875,-3.339358674955306,1.0,1.0,0.3670257329940796,0.0,1.3126918077468872,1.3126918077468872,1.3323452654735446,1.3323452654735446,0.1881987710338733,0.1881987710338733,0.1881987710338733,0.1881987710338733,0.9866442519882632,0.9866442519882632,0.1881987710338732,0.1881987710338732,1.0,0.0,0.0,1.0,1.0
0.16125010273377416,1.109569472067845,gt-order-1,"ap_fixed<16,6,AP_RND,AP_SAT>",False,True,1000.0,0.000335693359375,-3.474057248507769,1.0,1.0,0.42135047912597656,0.0,1.3124104738235474,1.3124104738235474,1.3323452654735446,1.3323452654735446,0.21484080667893274,0.21484080667893274,0.21484080667893274,0.21484080667893274,0.9847535684697661,0.9847535684697661,0.21484080667893252,0.21484080667893252,1.0,0.0,0.0,1.0,1.0
0.18407720014689555,1.109569472067845,gt-order-1,"ap_fixed<16,6,AP_RND,AP_SAT>",False,True,1000.0,0.000244140625,-3.612359946188904,1.0,1.0,0.38915202021598816,0.0,1.3121508359909058,1.3121508359909058,1.3323452654735446,1.3323452654735446,0.24525439026342297,0.24525439026342297,0.24525439026342297,0.24525439026342297,0.9825952325982995,0.9825952325982995,0.2452543902634228,0.2452543902634228,1.0,0.0,0.0,1.0,1.0
0.21013577690467466,1.109569472067845,gt-order-1,"ap_fixed<16,6,AP_RND,AP_SAT>",False,True,1000.0,0.00018310546875,-3.7372986822042473,1.0,1.0,0.3641010522842407,0.0,1.3126895427703857,1.3126895427703857,1.3323452654735448,1.3323452654735448,0.27997340202906373,0.27997340202906373,0.27997340202906373,0.27997340202906373,0.9801313569321031,0.9801313569321031,0.2799734020290634,0.2799734020290634,1.0,0.0,0.0,1.0,1.0
0.239883291901949,1.109569472067845,gt-order-1,"ap_fixed<16,6,AP_RND,AP_SAT>",False,True,1000.0,0.0001220703125,-3.913389940074015,1.0,1.0,0.5951189994812012,0.0,1.3126378059387207,1.3126378059387207,1.3323452654735446,1.3323452654735446,0.3196073640204435,0.3196073640204435,0.3196073640204435,0.3196073640204435,0.9773186860195583,0.9773186860195583,0.31960736402044326,0.31960736402044326,1.0,0.0,0.0,1.0,1.0
0.27384196342643613,1.109569472067845,gt-order-1,"ap_fixed<16,6,AP_RND,AP_SAT>",False,True,1000.0,9.1552734375e-05,-4.038328675496402,1.0,1.0,0.44721361994743347,0.0,1.313021183013916,1.313021183013916,1.3323452654735446,1.3323452654735446,0.3648520617030083,0.3648520617030083,0.3648520617030083,0.3648520617030083,0.9741078426235258,0.9741078426235258,0.36485206170300805,0.36485206170300805,1.0,0.0,0.0,1.0,1.0
0.3126079367123954,1.109569472067845,gt-order-1,"ap_fixed<16,6,AP_RND,AP_SAT>",False,True,1000.0,6.103515625e-05,-4.214419932180256,1.0,1.0,0.4375949501991272,0.0,1.3124942779541016,1.3124942779541016,1.3323452654735446,1.3323452654735446,0.4165017141533917,0.4165017141533917,0.4165017141533917,0.4165017141533917,0.9704424640494171,0.9704424640494171,0.4165017141533913,0.4165017141533913,1.0,0.0,0.0,1.0,1.0
0.35686174928348097,1.109569472067845,gt-order-1,"ap_fixed<16,6,AP_RND,AP_SAT>",False,True,1000.0,4.57763671875e-05,-4.339358666416729,1.0,1.0,0.4399413466453552,0.0,1.312755823135376,1.312755823135376,1.3323452654735444,1.3323452654735444,0.47546305018493545,0.47546305018493545,0.47546305018493545,0.47546305018493545,0.9662582032163274,0.9662582032163274,0.4754630501849353,0.4754630501849353,1.0,0.0,0.0,1.0,1.0
0.4073802778041126,1.109569472067845,gt-order-1,"ap_fixed<16,6,AP_RND,AP_SAT>",False,True,1000.0,4.57763671875e-05,-4.339358666416729,1.0,1.0,0.6415330171585083,0.0,1.313071846961975,1.313071846961975,1.3323452654735446,1.3323452654735446,0.5427711911409434,0.5427711911409434,0.5427711911409434,0.5427711911409434,0.9614816015158566,0.9614816015158566,0.5427711911409429,0.5427711911409429,1.0,0.0,0.0,1.0,1.0
0.46505037616660627,1.109569472067845,gt-order-1,"ap_fixed<16,6,AP_RND,AP_SAT>",False,True,1000.0,4.57763671875e-05,-4.339358666416729,1.0,1.0,0.46028730273246765,0.0,1.3130831718444824,1.3130831718444824,1.3323452654735444,1.3323452654735444,0.6196076580115315,0.6196076580115315,0.6196076580115315,0.6196076580115315,0.9560288109157996,0.9560288109157996,0.619607658011531,0.619607658011531,1.0,0.0,0.0,1.0,1.0
0.5308844442309882,1.109569472067845,gt-order-1,"ap_fixed<16,6,AP_RND,AP_SAT>",False,True,1000.0,3.0517578125e-05,-4.515449920728757,1.0,1.0,0.6095569133758545,0.0,1.3130018711090088,1.3130018711090088,1.3323452654735446,1.3323452654735446,0.7073213764277068,0.7073213764277068,0.7073213764277068,0.7073213764277068,0.9498041033159392,0.9498041033159392,0.7073213764277062,0.7073213764277062,1.0,0.0,0.0,1.0,1.0
0.606038200527066,1.109569472067845,gt-order-1,"ap_fixed<16,6,AP_RND,AP_SAT>",False,True,1000.0,1.52587890625e-05,-4.816479902161777,1.0,1.0,0.5121475458145142,0.0,1.3132338523864746,1.3132338523864746,1.3323452654735444,1.3323452654735444,0.8074521434883973,0.8074521434883973,0.8074521434883973,0.8074521434883973,0.9426982051969561,0.9426982051969561,0.807452143488397,0.807452143488397,1.0,0.0,0.0,1.0,1.0
0.6918309709189363,1.109569472067845,gt-order-1,"ap_fixed<16,6,AP_RND,AP_SAT>",False,True,1000.0,1.52587890625e-05,-4.816479902161777,1.0,1.0,0.7433111667633057,0.0,1.313234806060791,1.313234806060791,1.3323452654735448,1.3323452654735448,0.9217577476299348,0.9217577476299348,0.9217577476299348,0.9217577476299348,0.9345863730268674,0.9345863730268674,0.9217577476299339,0.9217577476299339,1.0,0.0,0.0,1.0,1.0
0.7897688493998856,1.109569472067845,gt-order-1,"ap_fixed<16,6,AP_RND,AP_SAT>",False,True,1000.0,1.52587890625e-05,-4.816479902161777,1.0,0.9962874054908752,0.6255431771278381,0.0,1.3132020235061646,1.3132020235061646,1.3323452654735446,1.3323452654735446,1.0522448209519457,1.0522448209519457,1.0522448209519457,1.0522448209519457,0.9253262037892893,0.9256034373150763,1.052244820951945,1.052244820951945,1.0,0.0,0.0,1.0,1.0
0.9015711376059565,1.109569472067845,gt-order-1,"ap_fixed<16,6,AP_RND,AP_SAT>",False,True,1000.0,1.52587890625e-05,-4.816479902161777,1.0,0.981596827507019,0.6123723983764648,0.0,1.3132978677749634,1.3132978677749634,1.3323452654735446,1.3323452654735446,1.2012040593113944,1.2012040593113944,1.2012040593113944,1.2012040593113944,0.9147551355478767,0.9163239114925291,1.201204059311394,1.201204059311394,1.0,0.0,0.0,1.0,1.0
1.0292005271944276,1.109569472067845,gt-order-1,"ap_fixed<16,6,AP_RND,AP_SAT>",False,True,1000.0,1.52587890625e-05,-4.816479902161777,0.9716292023658752,0.9424190521240234,0.8333333134651184,0.0,1.3133338689804077,1.3133338689804077,1.3323452654735444,1.3323452654735444,1.3712504852034777,1.3712504852034777,1.3712504852034777,1.3712504852034777,0.9026875901434359,0.9082909309430713,1.3712504852034766,1.3323470151820735,1.0,0.0,0.0,1.0,1.0
1.174897554939529,1.109569472067845,gt-order-1,"ap_fixed<16,6,AP_RND,AP_SAT>",False,True,1000.0,0.0,-12.0,0.8511391878128052,0.8511391878128052,0.6666666865348816,0.0,1.313209056854248,1.313209056854248,1.3323452654735444,1.3323452654735444,1.5653691902061955,1.565369190206195,1.5653691902061955,1.565369190206195,0.8889117270273351,0.9054484175665187,1.5653691902061944,1.3323470611792887,1.0,0.0,0.0,1.0,1.0
1.3412199354053709,1.109569472067845,gt-order-1,"ap_fixed<16,6,AP_RND,AP_SAT>",False,True,1000.0,0.0,-12.0,0.74559086561203,0.74559086561203,0.6666666865348816,0.0,1.3134335279464722,1.3134335279464722,1.3323452654735446,1.3323452654735446,1.7869679864399857,1.786967986439985,1.7869679864399857,1.786967986439985,0.8731857067884989,0.9054484213524593,1.786967986439984,1.332347007830774,1.0,0.0,0.0,1.0,1.0
1.5310874616820287,1.109569472067845,gt-order-1,"ap_fixed<16,6,AP_RND,AP_SAT>",False,True,1000.0,0.0,-12.0,0.653131365776062,0.650641143321991,0.6666666269302368,0.0,1.3196696043014526,1.3196696043014526,1.3323452654735446,1.3323452654735446,2.039937205284322,2.039937205284321,2.039937205284322,2.039937205284321,1.039937205284321,1.039937205284321,2.03993720528432,1.332346972984751,1.0,0.0,0.0,1.0,1.0
1.7478332624182173,1.109569472067845,gt-order-1,"ap_fixed<16,6,AP_RND,AP_SAT>",False,True,1000.0,0.0,-12.0,0.572137713432312,0.5455138683319092,0.5773502588272095,0.0,1.32723867893219,1.32723867893219,1.3323452654735446,1.3323452654735446,2.328717358076975,2.3287173580769744,2.328717358076975,2.3287173580769744,1.3287173580769738,1.3287173580769733,2.3287173580769727,1.3323470244802937,1.0,0.0,0.0,1.0,1.0
1.9952623149688795,1.109569472067845,gt-order-1,"ap_fixed<16,6,AP_RND,AP_SAT>",False,True,1000.0,0.0,-12.0,0.5011879205703735,0.45587992668151855,0.6666666269302368,0.0,1.3303894996643066,1.3303894996643066,1.3323452654735444,1.3323452654735444,2.658378232424412,2.658378232424411,2.658378232424412,2.658378232424411,1.6583782324244118,1.6583782324244103,2.6583782324244107,1.3323470583983354,1.0,0.0,0.0,1.0,1.0
0.01,1.148698354997035,gt-order-1,"ap_fixed<16,6,AP_RND,AP_SAT>",False,True,1000.0,0.08477783203125,-1.0717176935529984,1.0,1.0,0.3835715055465698,0.0,1.4198600053787231,1.4198600053787231,1.4279722981621321,1.4279722981621321,0.01427972266244464,0.01427972266244464,0.01427972266244464,0.01427972266244464,0.9989866226254003,0.9989866226254003,0.014279722662444627,0.014279722662444627,1.0,0.0,0.0,1.0,1.0
0.011415633046188459,1.148698354997035,gt-order-1,"ap_fixed<16,6,AP_RND,AP_SAT>",False,True,1000.0,0.0656890869140625,-1.182506774827414,1.0,1.0,0.3822612762451172,0.0,1.4182970523834229,1.4182970523834229,1.427972298162132,1.427972298162132,0.016301208222565554,0.016301208222565554,0.016301208222565554,0.016301208222565554,0.9988431655164541,0.9988431655164541,0.016301208222565543,0.016301208222565543,1.0,0.0,0.0,1.0,1.0
0.013031667784522994,1.148698354997035,gt-order-1,"ap_fixed<16,6,AP_RND,AP_SAT>",False,True,1000.0,0.050872802734375,-1.2935143351231757,1.0,1.0,0.3823477029800415,0.0,1.4134488105773926,1.4134488105773926,1.427972298162132,1.427972298162132,0.01860886094529318,0.01860886094529318,0.01860886094529318,0.01860886094529318,0.9986794002170203,0.9986794002170203,0.018608860945293158,0.018608860945293158,1.0,0.0,0.0,1.0,1.0
0.014876473740795015,1.148698354997035,gt-order-1,"ap_fixed<16,6,AP_RND,AP_SAT>",False,True,1000.0,0.0386199951171875,-1.4131877854541997,1.0,1.0,0.3847765028476715,0.0,1.4138457775115967,1.4138457775115967,1.427972298162132,1.427972298162132,0.021243192330854414,0.021243192330854414,0.021243192330854414,0.021243192330854414,0.9984924517806653,0.9984924517806653,0.021243192330854397,0.021243192330854397,1.0,0.0,0.0,1.0,1.0
0.016982436524617443,1.148698354997035,gt-order-1,"ap_fixed<16,6,AP_RND,AP_SAT>",False,True,1000.0,0.0299224853515625,-1.524002336941401,1.0,1.0,0.38153937458992004,0.0,1.417423963546753,1.417423963546753,1.427972298162132,1.427972298162132,0.02425044842051019,0.02425044842051019,0.02425044842051019,0.02425044842051019,0.998279038302482,0.998279038302482,0.02425044842051017,0.02425044842051017,1.0,0.0,0.0,1.0,1.0
0.019386526359522076,1.148698354997035,gt-order-1,"ap_fixed<16,6,AP_RND,AP_SAT>",False,True,1000.0,0.023345947265625,-1.6317884997874978,1.0,1.0,0.38649192452430725,0.0,1.4118815660476685,1.4118815660476685,1.427972298162132,1.427972298162132,0.027683422367188994,0.027683422367188994,0.027683422367188994,0.027683422367188994,0.9980354132540553,0.9980354132540553,0.02768342236718898,0.02768342236718898,1.0,0.0,0.0,1.0,1.0
0.022130947096056376,1.148698354997035,gt-order-1,"ap_fixed<16,6,AP_RND,AP_SAT>",False,True,1000.0,0.0180816650390625,-1.7427615802535579,1.0,1.0,0.37660670280456543,0.0,1.4137907028198242,1.4137907028198242,1.427972298162132,1.427972298162132,0.03160238004786156,0.03160238004786156,0.03160238004786156,0.03160238004786156,0.9977572997962881,0.9977572997962881,0.03160238004786154,0.03160238004786154,1.0,0.0,0.0,1.0,1.0
0.025263877101318954,1.148698354997035,gt-order-1,"ap_fixed<16,6,AP_RND,AP_SAT>",False,True,1000.0,0.0142669677734375,-1.8456683197207409,1.0,1.0,0.3785337507724762,0.0,1.4111440181732178,1.4111440181732178,1.4279722981621321,1.4279722981621321,0.036076117336296454,0.036076117336296454,0.036076117336296454,0.036076117336296454,0.9974398157487913,0.9974398157487913,0.03607611733629642,0.03607611733629642,1.0,0.0,0.0,1.0,1.0
0.028840315031266057,1.148698354997035,gt-order-1,"ap_fixed<16,6,AP_RND,AP_SAT>",False,True,1000.0,0.0107421875,-1.968907271441158,1.0,1.0,0.3836982548236847,0.0,1.4076944589614868,1.4076944589614868,1.427972298162132,1.427972298162132,0.041183170314641894,0.041183170314641894,0.041183170314641894,0.041183170314641894,0.9970773877057908,0.9970773877057908,0.04118317031464187,0.04118317031464187,1.0,0.0,0.0,1.0,1.0
0.03292304533334065,1.148698354997035,gt-order-1,"ap_fixed<16,6,AP_RND,AP_SAT>",False,True,1000.0,0.008087158203125,-2.0922040609692085,1.0,1.0,0.37771427631378174,0.0,1.4127051830291748,1.4127051830291748,1.427972298162132,1.427972298162132,0.04701319837237652,0.04701319837237652,0.04701319837237652,0.04701319837237652,0.9966636528828778,0.9966636528828778,0.047013198372376504,0.047013198372376504,1.0,0.0,0.0,1.0,1.0
0.037583740428844416,1.148698354997035,gt-order-1,"ap_fixed<16,6,AP_RND,AP_SAT>",False,True,1000.0,0.00628662109375,-2.201582714521482,1.0,1.0,0.38124746084213257,0.0,1.4075260162353516,1.4075260162353516,1.427972298162132,1.427972298162132,0.05366854285243451,0.05366854285243451,0.05366854285243451,0.05366854285243451,0.996191348505847,0.996191348505847,0.05366854285243447,0.05366854285243447,1.0,0.0,0.0,1.0,1.0
0.04290421892388853,1.148698354997035,gt-order-1,"ap_fixed<16,6,AP_RND,AP_SAT>",False,True,1000.0,0.0047454833984375,-2.323719541505344,1.0,1.0,0.3687184154987335,0.0,1.4070348739624023,1.4070348739624023,1.4279722981621321,1.4279722981621321,0.06126603837886993,0.06126603837886993,0.06126603837886993,0.06126603837886993,0.9956521832676896,0.9956521832676896,0.06126603837886987,0.06126603837886987,1.0,0.0,0.0,1.0,1.0
0.04897788193684462,1.148698354997035,gt-order-1,"ap_fixed<16,6,AP_RND,AP_SAT>",False,True,1000.0,0.003631591796875,-2.4399029734475994,1.0,1.0,0.38577204942703247,0.0,1.4079176187515259,1.4079176187515259,1.427972298162132,1.427972298162132,0.06993905824742024,0.06993905824742024,0.06993905824742024,0.06993905824742024,0.9950366921750395,0.9950366921750395,0.06993905824742021,0.06993905824742021,1.0,0.0,0.0,1.0,1.0
0.05591135275705602,1.148698354997035,gt-order-1,"ap_fixed<16,6,AP_RND,AP_SAT>",False,True,1000.0,0.0028228759765625,-2.549308202066837,1.0,1.0,0.4017716944217682,0.0,1.4078911542892456,1.4078911542892456,1.427972298162132,1.427972298162132,0.07983986037411128,0.07983986037411128,0.07983986037411128,0.07983986037411128,0.9943340700651602,0.9943340700651602,0.07983986037411123,0.07983986037411123,1.0,0.0,0.0,1.0,1.0
0.06382634861905485,1.148698354997035,gt-order-1,"ap_fixed<16,6,AP_RND,AP_SAT>",False,True,1000.0,0.0020599365234375,-2.686146161917864,1.0,1.0,0.3982127010822296,0.0,1.4095193147659302,1.4095193147659302,1.427972298162132,1.427972298162132,0.09114225242054291,0.09114225242054291,0.09114225242054291,0.09114225242054291,0.993531982472182,0.993531982472182,0.09114225242054284,0.09114225242054284,1.0,0.0,0.0,1.0,1.0
0.07286181745132274,1.148698354997035,gt-order-1,"ap_fixed<16,6,AP_RND,AP_SAT>",False,True,1000.0,0.0015716552734375,-2.8036427056421975,1.0,1.0,0.3891303241252899,0.0,1.4083387851715088,1.4083387851715088,1.427972298162132,1.427972298162132,0.10404466120963729,0.10404466120963729,0.10404466120963729,0.10404466120963729,0.9926163478023926,0.9926163478023926,0.10404466120963721,0.10404466120963721,1.0,0.0,0.0,1.0,1.0
0.08317637711026708,1.148698354997035,gt-order-1,"ap_fixed<16,6,AP_RND,AP_SAT>",False,True,1000.0,0.0011444091796875,-2.9414186668525066,1.0,1.0,0.3578493595123291,0.0,1.4080003499984741,1.4080003499984741,1.427972298162132,1.427972298162132,0.11877355855534755,0.11877355855534755,0.11877355855534755,0.11877355855534755,0.9915710942161864,0.9915710942161864,0.11877355855534746,0.11877355855534746,1.0,0.0,0.0,1.0,1.0
0.09495109992021983,1.148698354997035,gt-order-1,"ap_fixed<16,6,AP_RND,AP_SAT>",False,True,1000.0,0.00091552734375,-3.0383286797656903,1.0,1.0,0.3657848536968231,0.0,1.4083492755889893,1.4083492755889893,1.4279722981621321,1.4279722981621321,0.13558754140456236,0.13558754140456236,0.13558754140456236,0.13558754140456236,0.9903778700759781,0.9903778700759781,0.13558754140456222,0.13558754140456222,1.0,0.0,0.0,1.0,1.0
0.10839269140212034,1.148698354997035,gt-order-1,"ap_fixed<16,6,AP_RND,AP_SAT>",False,True,1000.0,0.0006866455078125,-3.1632674162158683,1.0,1.0,0.3629150092601776,0.0,1.4076244831085205,1.4076244831085205,1.427972298162132,1.427972298162132,0.15478176307335934,0.15478176307335934,0.15478176307335934,0.15478176307335934,0.9890157294782915,0.9890157294782915,0.1547817630733593,0.1547817630733593,1.0,0.0,0.0,1.0,1.0
0.12373711899353519,1.148698354997035,gt-order-1,"ap_fixed<16,6,AP_RND,AP_SAT>",False,True,1000.0,0.0005340576171875,-3.2724118854602255,1.0,1.0,0.4066823422908783,0.0,1.408514380455017,1.408514380455017,1.427972298162132,1.427972298162132,0.17669317838379525,0.17669317838379525,0.17669317838379525,0.17669317838379525,0.9874607600264365,0.9874607600264365,0.1766931783837951,0.1766931783837951,1.0,0.0,0.0,1.0,1.0
0.1412537544622754,1.148698354997035,gt-order-1,"ap_fixed<16,6,AP_RND,AP_SAT>",False,True,1000.0,0.00042724609375,-3.3693218982649826,1.0,1.0,0.39163023233413696,0.0,1.4077732563018799,1.4077732563018799,1.427972298162132,1.427972298162132,0.20170644843250293,0.20170644843250293,0.20170644843250293,0.20170644843250293,0.9856856637916342,0.9856856637916342,0.20170644843250288,0.20170644843250288,1.0,0.0,0.0,1.0,1.0
0.16125010273377416,1.148698354997035,gt-order-1,"ap_fixed<16,6,AP_RND,AP_SAT>",False,True,1000.0,0.00030517578125,-3.5154499335366216,1.0,1.0,0.3644740581512451,0.0,1.408124327659607,1.408124327659607,1.427972298162132,1.427972298162132,0.230260675218659,0.230260675218659,0.230260675218659,0.230260675218659,0.9836592793821952,0.9836592793821952,0.23026067521865895,0.23026067521865895,1.0,0.0,0.0,1.0,1.0
0.18407720014689555,1.148698354997035,gt-order-1,"ap_fixed<16,6,AP_RND,AP_SAT>",False,True,1000.0,0.000213623046875,-3.6703518929124668,1.0,1.0,0.5466901063919067,0.0,1.407511591911316,1.407511591911316,1.427972298162132,1.427972298162132,0.2628571469981078,0.2628571469981078,0.2628571469981078,0.2628571469981078,0.9813460322853197,0.9813460322853197,0.2628571469981077,0.2628571469981077,1.0,0.0,0.0,1.0,1.0
0.21013577690467466,1.148698354997035,gt-order-1,"ap_fixed<16,6,AP_RND,AP_SAT>",False,True,1000.0,0.0001678466796875,-3.7750872428780267,1.0,1.0,0.3641010522842407,0.0,1.4079275131225586,1.4079275131225586,1.427972298162132,1.427972298162132,0.30006806244597334,0.30006806244597334,0.30006806244597334,0.30006806244597334,0.9787053157466015,0.9787053157466015,0.30006806244597306,0.30006806244597306,1.0,0.0,0.0,1.0,1.0
0.239883291901949,1.148698354997035,gt-order-1,"ap_fixed<16,6,AP_RND,AP_SAT>",False,True,1000.0,0.0001068115234375,-3.9713818865434534,1.0,1.0,0.6587064266204834,0.0,1.4077616930007935,1.4077616930007935,1.427972298162132,1.427972298162132,0.3425466911143356,0.3425466911143356,0.3425466911143356,0.3425466911143356,0.9756907697211542,0.9756907697211542,0.3425466911143354,0.3425466911143354,1.0,0.0,0.0,1.0,1.0
0.27384196342643613,1.148698354997035,gt-order-1,"ap_fixed<16,6,AP_RND,AP_SAT>",False,True,1000.0,7.62939453125e-05,-4.117509920595296,1.0,1.0,0.41610679030418396,0.0,1.4079337120056152,1.4079337120056152,1.4279722981621321,1.4279722981621321,0.391038757400517,0.391038757400517,0.391038757400517,0.391038757400517,0.972249472996865,0.972249472996865,0.3910387574005167,0.3910387574005167,1.0,0.0,0.0,1.0,1.0
0.3126079367123954,1.148698354997035,gt-order-1,"ap_fixed<16,6,AP_RND,AP_SAT>",False,True,1000.0,6.103515625e-05,-4.214419932180256,1.0,1.0,0.48076194524765015,0.0,1.408392071723938,1.408392071723938,1.4279722981621321,1.4279722981621321,0.4463954842341096,0.4463954842341096,0.4463954842341096,0.4463954842341096,0.9683210175337476,0.9683210175337476,0.4463954842341091,0.4463954842341091,1.0,0.0,0.0,1.0,1.0
0.35686174928348097,1.148698354997035,gt-order-1,"ap_fixed<16,6,AP_RND,AP_SAT>",False,True,1000.0,6.103515625e-05,-4.214419932180256,1.0,1.0,0.4509876072406769,0.0,1.4080005884170532,1.4080005884170532,1.427972298162132,1.427972298162132,0.5095886794947603,0.5095886794947603,0.5095886794947603,0.5095886794947603,0.963836437838495,0.963836437838495,0.5095886794947596,0.5095886794947596,1.0,0.0,0.0,1.0,1.0
0.4073802778041126,1.148698354997035,gt-order-1,"ap_fixed<16,6,AP_RND,AP_SAT>",False,True,1000.0,4.57763671875e-05,-4.339358666416729,1.0,1.0,0.42409446835517883,0.0,1.408548355102539,1.408548355102539,1.4279722981621323,1.4279722981621323,0.5817277587684877,0.5817277587684877,0.5817277587684877,0.5817277587684877,0.958717002924486,0.958717002924486,0.5817277587684871,0.5817277587684871,1.0,0.0,0.0,1.0,1.0
0.46505037616660627,1.148698354997035,gt-order-1,"ap_fixed<16,6,AP_RND,AP_SAT>",False,True,1000.0,3.0517578125e-05,-4.515449920728757,1.0,1.0,0.745013952255249,0.0,1.4080547094345093,1.4080547094345093,1.4279722981621323,1.4279722981621323,0.6640790448976545,0.6640790448976545,0.6640790448976545,0.6640790448976545,0.9528728466964381,0.9528728466964381,0.6640790448976538,0.6640790448976538,1.0,0.0,0.0,1.0,1.0
0.5308844442309882,1.148698354997035,gt-order-1,"ap_fixed<16,6,AP_RND,AP_SAT>",False,True,1000.0,1.52587890625e-05,-4.816479902161777,1.0,1.0,0.5391638875007629,0.0,1.4082378149032593,1.4082378149032593,1.427972298162132,1.427972298162132,0.7580882805761959,0.7580882805761959,0.7580882805761959,0.7580882805761959,0.9462013703175136,0.9462013703175136,0.7580882805761954,0.7580882805761954,1.0,0.0,0.0,1.0,1.0
0.606038200527066,1.148698354997035,gt-order-1,"ap_fixed<16,6,AP_RND,AP_SAT>",False,True,1000.0,1.52587890625e-05,-4.816479902161777,1.0,1.0,0.670820415019989,0.0,1.4082536697387695,1.4082536697387695,1.427972298162132,1.427972298162132,0.8654057794720786,0.8654057794720786,0.8654057794720786,0.8654057794720786,0.9385854573302269,0.9385854573302269,0.8654057794720783,0.8654057794720783,1.0,0.0,0.0,1.0,1.0
0.6918309709189363,1.148698354997035,gt-order-1,"ap_fixed<16,6,AP_RND,AP_SAT>",False,True,1000.0,1.52587890625e-05,-4.816479902161777,1.0,1.0,0.6735753417015076,0.0,1.4081403017044067,1.4081403017044067,1.427972298162132,1.427972298162132,0.987915492583708,0.987915492583708,0.987915492583708,0.987915492583708,0.9298914109281498,0.9298914109281498,0.987915492583707,0.987915492583707,1.0,0.0,0.0,1.0,1.0
0.7897688493998856,1.148698354997035,gt-order-1,"ap_fixed<16,6,AP_RND,AP_SAT>",False,True,1000.0,1.52587890625e-05,-4.816479902161777,1.0,0.9887828826904297,0.8017836213111877,0.0,1.4082236289978027,1.4082236289978027,1.427972298162132,1.427972298162132,1.1277680749440742,1.1277680749440742,1.1277680749440742,1.1277680749440742,0.9199666073382221,0.9208643512923913,1.1277680749440733,1.1277680749440733,1.0,0.0,0.0,1.0,1.0
0.9015711376059565,1.148698354997035,gt-order-1,"ap_fixed<16,6,AP_RND,AP_SAT>",False,True,1000.0,1.52587890625e-05,-4.816479902161777,1.0,0.9623189568519592,0.8017836809158325,0.0,1.4081991910934448,1.4081991910934448,1.427972298162132,1.427972298162132,1.2874186335828826,1.2874186335828826,1.2874186335828826,1.2874186335828826,0.9086368169920593,0.9120794770331232,1.2874186335828817,1.2874186335828817,1.0,0.0,0.0,1.0,1.0
1.0292005271944276,1.148698354997035,gt-order-1,"ap_fixed<16,6,AP_RND,AP_SAT>",False,True,1000.0,1.52587890625e-05,-4.816479902161777,0.9716292023658752,0.9107546210289001,0.4364357590675354,0.0,1.408181071281433,1.408181071281433,1.4279722981621323,1.4279722981621323,1.4696698802138162,1.4696698802138162,1.4696698802138162,1.4696698802138162,0.8957031421445644,0.9050111547493664,1.4696698802138146,1.4279741734533002,1.0,0.0,0.0,1.0,1.0
1.174897554939529,1.148698354997035,gt-order-1,"ap_fixed<16,6,AP_RND,AP_SAT>",False,True,1000.0,0.0,-12.0,0.8511391878128052,0.8216687440872192,0.8944271206855774,0.0,1.4081355333328247,1.4081355333328247,1.427972298162132,1.427972298162132,1.6777211567727235,1.6777211567727233,1.6777211567727235,1.6777211567727233,0.8809385377187393,0.9021709178181682,1.6777211567727222,1.4279742227518948,1.0,0.0,0.0,1.0,1.0
1.3412199354053709,1.148698354997035,gt-order-1,"ap_fixed<16,6,AP_RND,AP_SAT>",False,True,1000.0,0.0,-12.0,0.74559086561203,0.7090798616409302,0.8528028726577759,0.0,1.4106943607330322,1.4106943607330322,1.427972298162132,1.427972298162132,1.9152248658548123,1.9152248658548117,1.9152248658548123,1.9152248658548117,0.9152248658548119,0.9152248658548114,1.9152248658548114,1.427974165574373,1.0,0.0,0.0,1.0,1.0
1.5310874616820287,1.148698354997035,gt-order-1,"ap_fixed<16,6,AP_RND,AP_SAT>",False,True,1000.0,0.0,-12.0,0.653131365776062,0.5952138304710388,0.7559289932250977,0.0,1.4196891784667969,1.4196891784667969,1.427972298162132,1.427972298162132,2.1863505613921745,2.1863505613921737,2.1863505613921745,2.1863505613921737,1.1863505613921734,1.186350561392173,2.186350561392173,1.42797412822733,1.0,0.0,0.0,1.0,1.0
1.7478332624182173,1.148698354997035,gt-order-1,"ap_fixed<16,6,AP_RND,AP_SAT>",False,True,1000.0,0.0,-12.0,0.572137713432312,0.4946509003639221,0.7071067690849304,0.0,1.4247384071350098,1.4247384071350098,1.427972298162132,1.427972298162132,2.495857465595696,2.4958574655956953,2.495857465595696,2.4958574655956953,1.4958574655956955,1.4958574655956947,2.4958574655956935,1.4279741834188855,1.0,0.0,0.0,1.0,1.0
1.9952623149688795,1.148698354997035,gt-order-1,"ap_fixed<16,6,AP_RND,AP_SAT>",False,True,1000.0,0.0,-12.0,0.5011879205703735,0.4175896942615509,0.833333432674408,0.0,1.4270216226577759,1.4270216226577759,1.427972298162132,1.427972298162132,2.849179242281512,2.8491792422815108,2.849179242281512,2.8491792422815108,1.8491792422815114,1.849179242281509,2.8491792422815103,1.4279742197713428,1.0,0.0,0.0,1.0,1.0
0.01,1.189207115002721,gt-order-1,"ap_fixed<16,6,AP_RND,AP_SAT>",False,True,1000.0,0.0794525146484375,-1.0998923529425406,1.0,1.0,0.380534291267395,0.0,1.516792893409729,1.516792893409729,1.5304628124678654,1.5304628124678654,0.015304627782593559,0.015304627782593559,0.015304627782593559,0.015304627782593559,0.9989138890238175,0.9989138890238175,0.015304627782593548,0.015304627782593548,1.0,0.0,0.0,1.0,1.0
0.011415633046188459,1.189207115002721,gt-order-1,"ap_fixed<16,6,AP_RND,AP_SAT>",False,True,1000.0,0.061248779296875,-1.2129025624651417,1.0,1.0,0.3804515302181244,0.0,1.5233137607574463,1.5233137607574463,1.5304628124678654,1.5304628124678654,0.017471202358086173,0.017471202358086173,0.017471202358086173,0.017471202358086173,0.9987601355016418,0.9987601355016418,0.017471202358086163,0.017471202358086163,1.0,0.0,0.0,1.0,1.0
0.013031667784522994,1.189207115002721,gt-order-1,"ap_fixed<16,6,AP_RND,AP_SAT>",False,True,1000.0,0.0478363037109375,-1.320242385447885,1.0,1.0,0.37604421377182007,0.0,1.5156939029693604,1.5156939029693604,1.5304628124678654,1.5304628124678654,0.019944483303921335,0.019944483303921335,0.019944483303921335,0.019944483303921335,0.9985846161998585,0.9985846161998585,0.01994448330392132,0.01994448330392132,1.0,0.0,0.0,1.0,1.0
0.014876473740795015,1.189207115002721,gt-order-1,"ap_fixed<16,6,AP_RND,AP_SAT>",False,True,1000.0,0.0363006591796875,-1.4400854885744692,1.0,1.0,0.37835341691970825,0.0,1.5133788585662842,1.5133788585662842,1.5304628124678652,1.5304628124678652,0.022767889770914748,0.022767889770914748,0.022767889770914748,0.022767889770914748,0.9983842498271778,0.9983842498271778,0.022767889770914734,0.022767889770914734,1.0,0.0,0.0,1.0,1.0
0.016982436524617443,1.189207115002721,gt-order-1,"ap_fixed<16,6,AP_RND,AP_SAT>",False,True,1000.0,0.028594970703125,-1.543710344056752,1.0,1.0,0.38229063153266907,0.0,1.511878490447998,1.511878490447998,1.5304628124678654,1.5304628124678654,0.02599098703877445,0.02599098703877445,0.02599098703877445,0.02599098703877445,0.9981555189250183,0.9981555189250183,0.02599098703877443,0.02599098703877443,1.0,0.0,0.0,1.0,1.0
0.019386526359522076,1.189207115002721,gt-order-1,"ap_fixed<16,6,AP_RND,AP_SAT>",False,True,1000.0,0.0221710205078125,-1.6542143163060892,1.0,1.0,0.37110772728919983,0.0,1.5138990879058838,1.5138990879058838,1.5304628124678656,1.5304628124678656,0.029670357407741096,0.029670357407741096,0.029670357407741096,0.029670357407741096,0.9978944080636537,0.9978944080636537,0.02967035740774107,0.02967035740774107,1.0,0.0,0.0,1.0,1.0
0.022130947096056376,1.189207115002721,gt-order-1,"ap_fixed<16,6,AP_RND,AP_SAT>",False,True,1000.0,0.017547607421875,-1.755782090245338,1.0,1.0,0.3748219907283783,0.0,1.5108221769332886,1.5108221769332886,1.5304628124678656,1.5304628124678656,0.03387059224536656,0.03387059224536656,0.03387059224536656,0.03387059224536656,0.9975963334404422,0.9975963334404422,0.033870592245366524,0.033870592245366524,1.0,0.0,0.0,1.0,1.0
0.025263877101318954,1.189207115002721,gt-order-1,"ap_fixed<16,6,AP_RND,AP_SAT>",False,True,1000.0,0.0133514404296875,-1.874471877568858,1.0,1.0,0.5282600522041321,0.0,1.5077646970748901,1.5077646970748901,1.5304628124678654,1.5304628124678654,0.03866542514339454,0.03866542514339454,0.03866542514339454,0.03866542514339454,0.9972560624640103,0.9972560624640103,0.03866542514339452,0.03866542514339452,1.0,0.0,0.0,1.0,1.0
0.028840315031266057,1.189207115002721,gt-order-1,"ap_fixed<16,6,AP_RND,AP_SAT>",False,True,1000.0,0.0098114013671875,-2.0082689576552126,1.0,1.0,0.3718361556529999,0.0,1.5122063159942627,1.5122063159942627,1.5304628124678654,1.5304628124678654,0.04413902899041645,0.04413902899041645,0.04413902899041645,0.04413902899041645,0.9968676217059614,0.9968676217059614,0.0441390289904164,0.0441390289904164,1.0,0.0,0.0,1.0,1.0
0.03292304533334065,1.189207115002721,gt-order-1,"ap_fixed<16,6,AP_RND,AP_SAT>",False,True,1000.0,0.007537841796875,-2.122752981642437,1.0,1.0,0.3656051754951477,0.0,1.5080924034118652,1.5080924034118652,1.5304628124678656,1.5304628124678656,0.050387498340620916,0.050387498340620916,0.050387498340620916,0.050387498340620916,0.9964241917028275,0.9964241917028275,0.05038749834062089,0.05038749834062089,1.0,0.0,0.0,1.0,1.0
0.037583740428844416,1.189207115002721,gt-order-1,"ap_fixed<16,6,AP_RND,AP_SAT>",False,True,1000.0,0.0057830810546875,-2.2378407205805293,1.0,1.0,0.3754754960536957,0.0,1.508595585823059,1.508595585823059,1.5304628124678654,1.5304628124678654,0.05752051992934612,0.05752051992934612,0.05752051992934612,0.05752051992934612,0.9959179884059609,0.9959179884059609,0.057520519929346085,0.057520519929346085,1.0,0.0,0.0,1.0,1.0
0.04290421892388853,1.189207115002721,gt-order-1,"ap_fixed<16,6,AP_RND,AP_SAT>",False,True,1000.0,0.0045013427734375,-2.346657914549055,1.0,1.0,0.3942449688911438,0.0,1.506796956062317,1.506796956062317,1.5304628124678656,1.5304628124678656,0.06566331400599995,0.06566331400599995,0.06566331400599995,0.06566331400599995,0.9953401254125526,0.9953401254125526,0.06566331400599991,0.06566331400599991,1.0,0.0,0.0,1.0,1.0
0.04897788193684462,1.189207115002721,gt-order-1,"ap_fixed<16,6,AP_RND,AP_SAT>",False,True,1000.0,0.003387451171875,-2.4701269560448536,1.0,1.0,0.3788583278656006,0.0,1.5064210891723633,1.5064210891723633,1.5304628124678656,1.5304628124678656,0.07495882652938372,0.07495882652938372,0.07495882652938372,0.07495882652938372,0.9946804583939025,0.9946804583939025,0.0749588265293837,0.0749588265293837,1.0,0.0,0.0,1.0,1.0
0.05591135275705602,1.189207115002721,gt-order-1,"ap_fixed<16,6,AP_RND,AP_SAT>",False,True,1000.0,0.002471923828125,-2.6069649159053774,1.0,1.0,0.5054448246955872,0.0,1.5063323974609375,1.5063323974609375,1.5304628124678656,1.5304628124678656,0.08557024349314821,0.08557024349314821,0.08557024349314821,0.08557024349314821,0.9939274066633464,0.9939274066633464,0.08557024349314812,0.08557024349314812,1.0,0.0,0.0,1.0,1.0
0.06382634861905485,1.189207115002721,gt-order-1,"ap_fixed<16,6,AP_RND,AP_SAT>",False,True,1000.0,0.00189208984375,-2.7230582452319325,1.0,1.0,0.5253564715385437,0.0,1.506052851676941,1.506052851676941,1.5304628124678654,1.5304628124678654,0.09768384733634555,0.09768384733634555,0.09768384733634555,0.09768384733634555,0.9930677504677093,0.9930677504677093,0.09768384733634551,0.09768384733634551,1.0,0.0,0.0,1.0,1.0
0.07286181745132274,1.189207115002721,gt-order-1,"ap_fixed<16,6,AP_RND,AP_SAT>",False,True,1000.0,0.001495361328125,-2.8252538546407764,1.0,1.0,0.37217724323272705,0.0,1.507696509361267,1.507696509361267,1.5304628124678654,1.5304628124678654,0.11151230666176971,0.11151230666176971,0.11151230666176971,0.11151230666176971,0.9920863975285598,0.9920863975285598,0.11151230666176964,0.11151230666176964,1.0,0.0,0.0,1.0,1.0
0.08317637711026708,1.189207115002721,gt-order-1,"ap_fixed<16,6,AP_RND,AP_SAT>",False,True,1000.0,0.0010833740234375,-2.9652215815037515,1.0,1.0,0.3648107349872589,0.0,1.5082917213439941,1.5082917213439941,1.530462812467866,1.530462812467866,0.12729834794932057,0.12729834794932057,0.12729834794932057,0.12729834794932057,0.9909661224747368,0.9909661224747368,0.1272983479493204,0.1272983479493204,1.0,0.0,0.0,1.0,1.0
0.09495109992021983,1.189207115002721,gt-order-1,"ap_fixed<16,6,AP_RND,AP_SAT>",False,True,1000.0,0.000885009765625,-3.053051936570039,1.0,1.0,0.6511079668998718,0.0,1.5078288316726685,1.5078288316726685,1.5304628124678656,1.5304628124678656,0.14531912854381493,0.14531912854381493,0.14531912854381493,0.14531912854381493,0.9896872565081091,0.9896872565081091,0.1453191285438148,0.1453191285438148,1.0,0.0,0.0,1.0,1.0
0.10839269140212034,1.189207115002721,gt-order-1,"ap_fixed<16,6,AP_RND,AP_SAT>",False,True,1000.0,0.0006866455078125,-3.1632674162158683,1.0,1.0,0.5397956371307373,0.0,1.5086129903793335,1.5086129903793335,1.5304628124678654,1.5304628124678654,0.16589098593640372,0.16589098593640372,0.16589098593640372,0.16589098593640372,0.9882273503652123,0.9882273503652123,0.16589098593640367,0.16589098593640367,1.0,0.0,0.0,1.0,1.0
0.12373711899353519,1.189207115002721,gt-order-1,"ap_fixed<16,6,AP_RND,AP_SAT>",False,True,1000.0,0.0005340576171875,-3.2724118854602255,1.0,1.0,0.599087119102478,0.0,1.5076278448104858,1.5076278448104858,1.5304628124678654,1.5304628124678654,0.18937505936298338,0.18937505936298338,0.18937505936298338,0.18937505936298338,0.9865607753738818,0.9865607753738818,0.1893750593629832,0.1893750593629832,1.0,0.0,0.0,1.0,1.0
0.1412537544622754,1.189207115002721,gt-order-1,"ap_fixed<16,6,AP_RND,AP_SAT>",False,True,1000.0,0.0004119873046875,-3.3851161654105666,1.0,1.0,0.4000000059604645,0.0,1.5089335441589355,1.5089335441589355,1.5304628124678656,1.5304628124678656,0.2161836183784727,0.2161836183784727,0.2161836183784727,0.2161836183784727,0.9846582743385097,0.9846582743385097,0.21618361837847258,0.21618361837847258,1.0,0.0,0.0,1.0,1.0
0.16125010273377416,1.189207115002721,gt-order-1,"ap_fixed<16,6,AP_RND,AP_SAT>",False,True,1000.0,0.000274658203125,-3.561207423939175,1.0,1.0,0.3619781732559204,0.0,1.509023904800415,1.509023904800415,1.5304628124678654,1.5304628124678654,0.2467872808523394,0.2467872808523394,0.2467872808523394,0.2467872808523394,0.9824864493064718,0.9824864493064718,0.2467872808523392,0.2467872808523392,1.0,0.0,0.0,1.0,1.0
0.18407720014689555,1.189207115002721,gt-order-1,"ap_fixed<16,6,AP_RND,AP_SAT>",False,True,1000.0,0.000213623046875,-3.6703518929124668,1.0,1.0,0.5812382102012634,0.0,1.5083593130111694,1.5083593130111694,1.5304628124678654,1.5304628124678654,0.28172331423359787,0.28172331423359787,0.28172331423359787,0.28172331423359787,0.9800071724590577,0.9800071724590577,0.2817233142335978,0.2817233142335978,1.0,0.0,0.0,1.0,1.0
0.21013577690467466,1.189207115002721,gt-order-1,"ap_fixed<16,6,AP_RND,AP_SAT>",False,True,1000.0,0.000152587890625,-3.816479927777507,1.0,1.0,0.36590203642845154,0.0,1.5085822343826294,1.5085822343826294,1.5304628124678654,1.5304628124678654,0.32160498587676734,0.32160498587676734,0.32160498587676734,0.32160498587676734,0.9771769225545529,0.9771769225545529,0.3216049858767671,0.3216049858767671,1.0,0.0,0.0,1.0,1.0
0.239883291901949,1.189207115002721,gt-order-1,"ap_fixed<16,6,AP_RND,AP_SAT>",False,True,1000.0,0.0001068115234375,-3.9713818865434534,1.0,1.0,0.4616902768611908,0.0,1.5089300870895386,1.5089300870895386,1.5304628124678654,1.5304628124678654,0.36713245275076295,0.36713245275076295,0.36713245275076295,0.36713245275076295,0.9739460121271928,0.9739460121271928,0.3671324527507627,0.3671324527507627,1.0,0.0,0.0,1.0,1.0
0.27384196342643613,1.189207115002721,gt-order-1,"ap_fixed<16,6,AP_RND,AP_SAT>",False,True,1000.0,7.62939453125e-05,-4.117509920595296,1.0,1.0,0.5795005559921265,0.0,1.509171724319458,1.509171724319458,1.5304628124678654,1.5304628124678654,0.4191049624739879,0.4191049624739879,0.4191049624739879,0.4191049624739879,0.970257721626305,0.970257721626305,0.41910496247398754,0.41910496247398754,1.0,0.0,0.0,1.0,1.0
0.3126079367123954,1.189207115002721,gt-order-1,"ap_fixed<16,6,AP_RND,AP_SAT>",False,True,1000.0,6.103515625e-05,-4.214419932180256,1.0,1.0,0.41803979873657227,0.0,1.5091742277145386,1.5091742277145386,1.5304628124678654,1.5304628124678654,0.47843483319192537,0.47843483319192537,0.47843483319192537,0.47843483319192537,0.9660473073177944,0.9660473073177944,0.47843483319192515,0.47843483319192515,1.0,0.0,0.0,1.0,1.0
0.35686174928348097,1.189207115002721,gt-order-1,"ap_fixed<16,6,AP_RND,AP_SAT>",False,True,1000.0,4.57763671875e-05,-4.339358666416729,1.0,1.0,0.44597652554512024,0.0,1.5090876817703247,1.5090876817703247,1.5304628124678656,1.5304628124678656,0.5461636227993452,0.5461636227993452,0.5461636227993452,0.5461636227993452,0.9612408538162033,0.9612408538162033,0.5461636227993449,0.5461636227993449,1.0,0.0,0.0,1.0,1.0
0.4073802778041126,1.189207115002721,gt-order-1,"ap_fixed<16,6,AP_RND,AP_SAT>",False,True,1000.0,3.0517578125e-05,-4.515449920728757,1.0,1.0,0.6951413154602051,0.0,1.5092029571533203,1.5092029571533203,1.5304628124678654,1.5304628124678654,0.6234803734787587,0.6234803734787587,0.6234803734787587,0.6234803734787587,0.9557539793395036,0.9557539793395036,0.6234803734787583,0.6234803734787583,1.0,0.0,0.0,1.0,1.0
0.46505037616660627,1.189207115002721,gt-order-1,"ap_fixed<16,6,AP_RND,AP_SAT>",False,True,1000.0,3.0517578125e-05,-4.515449920728757,1.0,1.0,0.5432144999504089,0.0,1.5089998245239258,1.5089998245239258,1.5304628124678654,1.5304628124678654,0.7117422964458948,0.7117422964458948,0.7117422964458948,0.7117422964458948,0.9494903677917182,0.9494903677917182,0.7117422964458942,0.7117422964458942,1.0,0.0,0.0,1.0,1.0
0.5308844442309882,1.189207115002721,gt-order-1,"ap_fixed<16,6,AP_RND,AP_SAT>",False,True,1000.0,3.0517578125e-05,-4.515449920728757,1.0,1.0,0.3831305205821991,0.0,1.5096012353897095,1.5096012353897095,1.5304628124678659,1.5304628124678659,0.812498900351806,0.812498900351806,0.812498900351806,0.812498900351806,0.9423400564623845,0.9423400564623845,0.8124989003518054,0.8124989003518054,1.0,0.0,0.0,1.0,1.0
0.606038200527066,1.189207115002721,gt-order-1,"ap_fixed<16,6,AP_RND,AP_SAT>",False,True,1000.0,1.52587890625e-05,-4.816479902161777,1.0,1.0,0.5252257585525513,0.0,1.5094040632247925,1.5094040632247925,1.5304628124678654,1.5304628124678654,0.9275189475884373,0.9275189475884373,0.9275189475884373,0.9275189475884373,0.9341775230405097,0.9341775230405097,0.9275189475884371,0.9275189475884371,1.0,0.0,0.0,1.0,1.0
0.6918309709189363,1.189207115002721,gt-order-1,"ap_fixed<16,6,AP_RND,AP_SAT>",False,True,1000.0,1.52587890625e-05,-4.816479902161777,1.0,0.9955813884735107,0.46852126717567444,0.0,1.5093084573745728,1.5093084573745728,1.5304628124678654,1.5304628124678654,1.058821606838041,1.058821606838041,1.058821606838041,1.058821606838041,0.9248594748371303,0.9251914916277207,1.0588216068380403,1.0588216068380403,1.0,0.0,0.0,1.0,1.0
0.7897688493998856,1.189207115002721,gt-order-1,"ap_fixed<16,6,AP_RND,AP_SAT>",False,True,1000.0,1.52587890625e-05,-4.816479902161777,1.0,0.9807893633842468,0.7385489344596863,0.0,1.5094373226165771,1.5094373226165771,1.5304628124678656,1.5304628124678656,1.2087118930891247,1.2087118930891247,1.2087118930891247,1.2087118930891247,0.9142223337427456,0.9158701773189605,1.2087118930891239,1.2087118930891239,1.0,0.0,0.0,1.0,1.0
0.9015711376059565,1.189207115002721,gt-order-1,"ap_fixed<16,6,AP_RND,AP_SAT>",False,True,1000.0,1.52587890625e-05,-4.816479902161777,1.0,0.9402468204498291,0.588348388671875,0.0,1.5094140768051147,1.5094140768051147,1.5304628124678654,1.5304628124678654,1.3798211249004788,1.3798211249004788,1.3798211249004788,1.3798211249004788,0.902079365129821,0.907930434406885,1.379821124900478,1.379821124900478,1.0,0.0,0.0,1.0,1.0
1.0292005271944276,1.189207115002721,gt-order-1,"ap_fixed<16,6,AP_RND,AP_SAT>",False,True,1000.0,0.0,-12.0,0.9716292023658752,0.8720517754554749,0.5,0.0,1.5092774629592896,1.5092774629592896,1.5304628124678656,1.5304628124678656,1.5751531743061622,1.575153174306162,1.5751531743061622,1.575153174306162,0.8882173956736881,0.9025197814322022,1.5751531743061613,1.5304648223551718,1.0,0.0,0.0,1.0,1.0
1.174897554939529,1.189207115002721,gt-order-1,"ap_fixed<16,6,AP_RND,AP_SAT>",False,True,1000.0,0.0,-12.0,0.8511391878128052,0.7635184526443481,0.730296790599823,0.0,1.509582281112671,1.509582281112671,1.5304628124678654,1.5304628124678654,1.7981370110862525,1.7981370110862525,1.7981370110862525,1.7981370110862525,0.8723930844863453,0.9025697653202954,1.798137011086251,1.5304648751920968,1.0,0.0,0.0,1.0,1.0
1.3412199354053709,1.189207115002721,gt-order-1,"ap_fixed<16,6,AP_RND,AP_SAT>",False,True,1000.0,0.0,-12.0,0.74559086561203,0.6446952819824219,0.6324555277824402,0.0,1.5169566869735718,1.5169566869735718,1.5304628124678654,1.5304628124678654,2.052687183411831,2.0526871834118308,2.052687183411831,2.0526871834118308,1.0526871834118308,1.0526871834118297,2.0526871834118303,1.5304648139107464,1.0,0.0,0.0,1.0,1.0
1.5310874616820287,1.189207115002721,gt-order-1,"ap_fixed<16,6,AP_RND,AP_SAT>",False,True,1000.0,0.0,-12.0,0.653131365776062,0.5398448705673218,0.7620007991790771,0.0,1.525285005569458,1.525285005569458,1.5304628124678656,1.5304628124678656,2.3432725085322663,2.3432725085322645,2.3432725085322663,2.3432725085322645,1.3432725085322659,1.343272508532265,2.3432725085322645,1.530464773883177,1.0,0.0,0.0,1.0,1.0
1.7478332624182173,1.189207115002721,gt-order-1,"ap_fixed<16,6,AP_RND,AP_SAT>",False,True,1000.0,0.0,-12.0,0.572137713432312,0.4520699381828308,0.866025447845459,0.0,1.5285669565200806,1.5285669565200806,1.5304628124678656,1.5304628124678656,2.674993794509035,2.6749937945090334,2.674993794509035,2.6749937945090334,1.6749937945090347,1.674993794509033,2.6749937945090334,1.5304648330360222,1.0,0.0,0.0,1.0,1.0
1.9952623149688795,1.189207115002721,gt-order-1,"ap_fixed<16,6,AP_RND,AP_SAT>",False,True,1000.0,0.0,-12.0,0.5011879205703735,0.38292747735977173,0.6324555277824402,0.0,1.5299198627471924,1.5299198627471924,1.5304628124678654,1.5304628124678654,3.0536746980172347,3.053674698017233,3.0536746980172347,3.053674698017233,2.0536746980172347,2.0536746980172316,3.053674698017233,1.5304648719976202,1.0,0.0,0.0,1.0,1.0
0.01,1.2311444133449163,gt-order-1,"ap_fixed<16,6,AP_RND,AP_SAT>",False,True,1000.0,0.0746002197265625,-1.1272598933540419,1.0,1.0,0.3785910904407501,0.0,1.6241846084594727,1.6241846084594727,1.6403094308640171,1.6403094308640171,0.016403093942002442,0.016403093942002442,0.016403093942002442,0.016403093942002442,0.9988359350723721,0.9988359350723721,0.016403093942002428,0.016403093942002428,1.0,0.0,0.0,1.0,1.0
0.011415633046188459,1.2311444133449163,gt-order-1,"ap_fixed<16,6,AP_RND,AP_SAT>",False,True,1000.0,0.0579986572265625,-1.2365820610131073,1.0,1.0,0.3824378550052643,0.0,1.6245092153549194,1.6245092153549194,1.6403094308640171,1.6403094308640171,0.01872517108095636,0.01872517108095636,0.01872517108095636,0.01872517108095636,0.9986711461266853,0.9986711461266853,0.01872517108095634,0.01872517108095634,1.0,0.0,0.0,1.0,1.0
0.013031667784522994,1.2311444133449163,gt-order-1,"ap_fixed<16,6,AP_RND,AP_SAT>",False,True,1000.0,0.0453948974609375,-1.3429929605495636,1.0,1.0,0.3782758116722107,0.0,1.6270723342895508,1.6270723342895508,1.6403094308640174,1.6403094308640174,0.02137596796904793,0.02137596796904793,0.02137596796904793,0.02137596796904793,0.9984830291959036,0.9984830291959036,0.021375967969047917,0.021375967969047917,1.0,0.0,0.0,1.0,1.0
0.014876473740795015,1.2311444133449163,gt-order-1,"ap_fixed<16,6,AP_RND,AP_SAT>",False,True,1000.0,0.0348968505859375,-1.4572137660045055,1.0,1.0,0.3764089345932007,0.0,1.6210395097732544,1.6210395097732544,1.6403094308640174,1.6403094308640174,0.024402020099974175,0.024402020099974175,0.024402020099974175,0.024402020099974175,0.9982682818337753,0.9982682818337753,0.024402020099974157,0.024402020099974157,1.0,0.0,0.0,1.0,1.0
0.016982436524617443,1.2311444133449163,gt-order-1,"ap_fixed<16,6,AP_RND,AP_SAT>",False,True,1000.0,0.027496337890625,-1.5607251439648604,1.0,1.0,0.37556928396224976,0.0,1.6209754943847656,1.6209754943847656,1.6403094308640176,1.6403094308640176,0.027856450225288522,0.027856450225288522,0.027856450225288522,0.027856450225288522,0.9980231341215181,0.9980231341215181,0.027856450225288498,0.027856450225288498,1.0,0.0,0.0,1.0,1.0
0.019386526359522076,1.2311444133449163,gt-order-1,"ap_fixed<16,6,AP_RND,AP_SAT>",False,True,1000.0,0.020782470703125,-1.6823028230260357,1.0,1.0,0.37207990884780884,0.0,1.6187280416488647,1.6187280416488647,1.6403094308640174,1.6403094308640174,0.03179990175295138,0.03179990175295138,0.03179990175295138,0.03179990175295138,0.9977432824280886,0.9977432824280886,0.03179990175295136,0.03179990175295136,1.0,0.0,0.0,1.0,1.0
0.022130947096056376,1.2311444133449163,gt-order-1,"ap_fixed<16,6,AP_RND,AP_SAT>",False,True,1000.0,0.0164794921875,-1.7830561751103957,1.0,1.0,0.5237618684768677,0.0,1.6167089939117432,1.6167089939117432,1.6403094308640176,1.6403094308640176,0.03630160199674303,0.03630160199674303,0.03630160199674303,0.03630160199674303,0.997423813955432,0.997423813955432,0.036301601996743,0.036301601996743,1.0,0.0,0.0,1.0,1.0
0.025263877101318954,1.2311444133449163,gt-order-1,"ap_fixed<16,6,AP_RND,AP_SAT>",False,True,1000.0,0.0122222900390625,-1.9128474145039285,1.0,1.0,0.37900760769844055,0.0,1.616430401802063,1.616430401802063,1.6403094308640174,1.6403094308640174,0.04144057666373938,0.04144057666373938,0.04144057666373938,0.04144057666373938,0.9970591205509455,0.9970591205509455,0.04144057666373936,0.04144057666373936,1.0,0.0,0.0,1.0,1.0
0.028840315031266057,1.2311444133449163,gt-order-1,"ap_fixed<16,6,AP_RND,AP_SAT>",False,True,1000.0,0.0091400146484375,-2.039053108186872,1.0,1.0,0.3711685240268707,0.0,1.6153969764709473,1.6153969764709473,1.6403094308640171,1.6403094308640171,0.047307040022366145,0.047307040022366145,0.047307040022366145,0.047307040022366145,0.9966428000525601,0.9966428000525601,0.047307040022366104,0.047307040022366104,1.0,0.0,0.0,1.0,1.0
0.03292304533334065,1.2311444133449163,gt-order-1,"ap_fixed<16,6,AP_RND,AP_SAT>",False,True,1000.0,0.007049560546875,-2.1518379550059676,1.0,1.0,0.37193557620048523,0.0,1.6174631118774414,1.6174631118774414,1.6403094308640176,1.6403094308640176,0.05400398366588924,0.05400398366588924,0.05400398366588924,0.05400398366588924,0.9961675435402649,0.9961675435402649,0.05400398366588918,0.05400398366588918,1.0,0.0,0.0,1.0,1.0
0.037583740428844416,1.2311444133449163,gt-order-1,"ap_fixed<16,6,AP_RND,AP_SAT>",False,True,1000.0,0.0052642822265625,-2.2786608354679267,1.0,1.0,0.36756813526153564,0.0,1.6160829067230225,1.6160829067230225,1.6403094308640174,1.6403094308640174,0.06164896692665583,0.06164896692665583,0.06164896692665583,0.06164896692665583,0.9956250082772451,0.9956250082772451,0.061648966926655814,0.061648966926655814,1.0,0.0,0.0,1.0,1.0
0.04290421892388853,1.2311444133449163,gt-order-1,"ap_fixed<16,6,AP_RND,AP_SAT>",False,True,1000.0,0.0040283203125,-2.3948760036460577,1.0,1.0,0.37503430247306824,0.0,1.6184847354888916,1.6184847354888916,1.6403094308640174,1.6403094308640174,0.07037619754520401,0.07037619754520401,0.07037619754520401,0.07037619754520401,0.9950056700527432,0.9950056700527432,0.07037619754520397,0.07037619754520397,1.0,0.0,0.0,1.0,1.0
0.04897788193684462,1.2311444133449163,gt-order-1,"ap_fixed<16,6,AP_RND,AP_SAT>",False,True,1000.0,0.0031280517578125,-2.5047260694291062,1.0,1.0,0.38450318574905396,0.0,1.6176800727844238,1.6176800727844238,1.6403094308640174,1.6403094308640174,0.08033888120703989,0.08033888120703989,0.08033888120703989,0.08033888120703989,0.9942986564444078,0.9942986564444078,0.0803388812070398,0.0803388812070398,1.0,0.0,0.0,1.0,1.0
0.05591135275705602,1.2311444133449163,gt-order-1,"ap_fixed<16,6,AP_RND,AP_SAT>",False,True,1000.0,0.002410888671875,-2.617822843489138,1.0,1.0,0.3951913118362427,0.0,1.6166987419128418,1.6166987419128418,1.6403094308640174,1.6403094308640174,0.09171191632994247,0.09171191632994247,0.09171191632994247,0.09171191632994247,0.9934915555795305,0.9934915555795305,0.09171191632994237,0.09171191632994237,1.0,0.0,0.0,1.0,1.0
0.06382634861905485,1.2311444133449163,gt-order-1,"ap_fixed<16,6,AP_RND,AP_SAT>",False,True,1000.0,0.0017547607421875,-2.7557820900225924,1.0,1.0,0.34799131751060486,0.0,1.6188896894454956,1.6188896894454956,1.6403094308640171,1.6403094308640171,0.10469495548899713,0.10469495548899713,0.10469495548899713,0.10469495548899713,0.9925701988774035,0.9925701988774035,0.10469495548899706,0.10469495548899706,1.0,0.0,0.0,1.0,1.0
0.07286181745132274,1.2311444133449163,gt-order-1,"ap_fixed<16,6,AP_RND,AP_SAT>",False,True,1000.0,0.00140380859375,-2.852692102968775,1.0,1.0,0.5473766922950745,0.0,1.6168174743652344,1.6168174743652344,1.6403094308640178,1.6403094308640178,0.11951593124941864,0.11951593124941864,0.11951593124941864,0.11951593124941864,0.991518410834432,0.991518410834432,0.1195159312494185,0.1195159312494185,1.0,0.0,0.0,1.0,1.0
0.08317637711026708,1.2311444133449163,gt-order-1,"ap_fixed<16,6,AP_RND,AP_SAT>",False,True,1000.0,0.0009918212890625,-3.003566573542968,1.0,1.0,0.37536677718162537,0.0,1.6163885593414307,1.6163885593414307,1.6403094308640171,1.6403094308640171,0.13643499141150406,0.13643499141150406,0.13643499141150406,0.13643499141150406,0.9903177297548288,0.9903177297548288,0.13643499141150395,0.13643499141150395,1.0,0.0,0.0,1.0,1.0
0.09495109992021983,1.2311444133449163,gt-order-1,"ap_fixed<16,6,AP_RND,AP_SAT>",False,True,1000.0,0.000762939453125,-3.117509925718442,1.0,1.0,0.3762015402317047,0.0,1.6169220209121704,1.6169220209121704,1.6403094308640176,1.6403094308640176,0.15574918586292993,0.15574918586292993,0.15574918586292993,0.15574918586292993,0.9889470751426079,0.9889470751426079,0.15574918586292974,0.15574918586292974,1.0,0.0,0.0,1.0,1.0
0.10839269140212034,1.2311444133449163,gt-order-1,"ap_fixed<16,6,AP_RND,AP_SAT>",False,True,1000.0,0.000579833984375,-3.236696333257891,1.0,1.0,0.4113450348377228,0.0,1.6171317100524902,1.6171317100524902,1.6403094308640171,1.6403094308640171,0.17779755673254982,0.17779755673254982,0.17779755673254982,0.17779755673254982,0.9873823864728108,0.9873823864728108,0.1777975567325497,0.1777975567325497,1.0,0.0,0.0,1.0,1.0
0.12373711899353519,1.2311444133449163,gt-order-1,"ap_fixed<16,6,AP_RND,AP_SAT>",False,True,1000.0,0.000457763671875,-3.339358674955306,1.0,1.0,0.412514328956604,0.0,1.6172692775726318,1.6172692775726318,1.6403094308640174,1.6403094308640174,0.2029671634704009,0.2029671634704009,0.2029671634704009,0.2029671634704009,0.9855961956145907,0.9855961956145907,0.2029671634704007,0.2029671634704007,1.0,0.0,0.0,1.0,1.0
0.1412537544622754,1.2311444133449163,gt-order-1,"ap_fixed<16,6,AP_RND,AP_SAT>",False,True,1000.0,0.0003509521484375,-3.4547520933686315,1.0,1.0,0.36329951882362366,0.0,1.616650938987732,1.616650938987732,1.6403094308640174,1.6403094308640174,0.2316998656456816,0.2316998656456816,0.2316998656456816,0.2316998656456816,0.9835571454819453,0.9835571454819453,0.23169986564568146,0.23169986564568146,1.0,0.0,0.0,1.0,1.0
0.16125010273377416,1.2311444133449163,gt-order-1,"ap_fixed<16,6,AP_RND,AP_SAT>",False,True,1000.0,0.000244140625,-3.612359946188904,1.0,1.0,0.4605041742324829,0.0,1.6178375482559204,1.6178375482559204,1.6403094308640176,1.6403094308640176,0.26450005900282464,0.26450005900282464,0.26450005900282464,0.26450005900282464,0.9812294410353648,0.9812294410353648,0.2645000590028243,0.2645000590028243,1.0,0.0,0.0,1.0,1.0
0.18407720014689555,1.2311444133449163,gt-order-1,"ap_fixed<16,6,AP_RND,AP_SAT>",False,True,1000.0,0.00018310546875,-3.7372986822042473,1.0,1.0,0.5760811567306519,0.0,1.6174757480621338,1.6174757480621338,1.6403094308640171,1.6403094308640171,0.3019435725370429,0.3019435725370429,0.3019435725370429,0.3019435725370429,0.978572217890361,0.978572217890361,0.3019435725370427,0.3019435725370427,1.0,0.0,0.0,1.0,1.0
0.21013577690467466,1.2311444133449163,gt-order-1,"ap_fixed<16,6,AP_RND,AP_SAT>",False,True,1000.0,0.0001678466796875,-3.7750872428780267,1.0,1.0,0.4578285813331604,0.0,1.617386817932129,1.617386817932129,1.6403094308640176,1.6403094308640176,0.34468768992557736,0.34468768992557736,0.34468768992557736,0.34468768992557736,0.9755388311347677,0.9755388311347677,0.3446876899255771,0.3446876899255771,1.0,0.0,0.0,1.0,1.0
0.239883291901949,1.2311444133449163,gt-order-1,"ap_fixed<16,6,AP_RND,AP_SAT>",False,True,1000.0,9.1552734375e-05,-4.038328675496402,1.0,1.0,0.5980579257011414,0.0,1.6178081035614014,1.6178081035614014,1.6403094308640171,1.6403094308640171,0.3934828208287217,0.3934828208287217,0.3934828208287217,0.3934828208287217,0.972076027061084,0.972076027061084,0.3934828208287215,0.3934828208287215,1.0,0.0,0.0,1.0,1.0
0.27384196342643613,1.2311444133449163,gt-order-1,"ap_fixed<16,6,AP_RND,AP_SAT>",False,True,1000.0,6.103515625e-05,-4.214419932180256,1.0,1.0,0.41758501529693604,0.0,1.6179505586624146,1.6179505586624146,1.6403094308640176,1.6403094308640176,0.44918557763547545,0.44918557763547545,0.44918557763547545,0.44918557763547545,0.9681230151597794,0.9681230151597794,0.4491855776354751,0.4491855776354751,1.0,0.0,0.0,1.0,1.0
0.3126079367123954,1.2311444133449163,gt-order-1,"ap_fixed<16,6,AP_RND,AP_SAT>",False,True,1000.0,6.103515625e-05,-4.214419932180256,1.0,1.0,0.5090277791023254,0.0,1.6176153421401978,1.6176153421401978,1.6403094308640171,1.6403094308640171,0.5127737587253829,0.5127737587253829,0.5127737587253829,0.5127737587253829,0.9636104048144287,0.9636104048144287,0.5127737587253827,0.5127737587253827,1.0,0.0,0.0,1.0,1.0
0.35686174928348097,1.2311444133449163,gt-order-1,"ap_fixed<16,6,AP_RND,AP_SAT>",False,True,1000.0,4.57763671875e-05,-4.339358666416729,1.0,1.0,0.4773343801498413,0.0,1.6177659034729004,1.6177659034729004,1.6403094308640171,1.6403094308640171,0.5853636782118375,0.5853636782118375,0.5853636782118375,0.5853636782118375,0.9584589754760174,0.9584589754760174,0.5853636782118371,0.5853636782118371,1.0,0.0,0.0,1.0,1.0
0.4073802778041126,1.2311444133449163,gt-order-1,"ap_fixed<16,6,AP_RND,AP_SAT>",False,True,1000.0,3.0517578125e-05,-4.515449920728757,1.0,1.0,0.5454545021057129,0.0,1.6175336837768555,1.6175336837768555,1.6403094308640174,1.6403094308640174,0.668229719954271,0.668229719954271,0.668229719954271,0.668229719954271,0.9525782889893816,0.9525782889893816,0.6682297199542709,0.6682297199542709,1.0,0.0,0.0,1.0,1.0
0.46505037616660627,1.2311444133449163,gt-order-1,"ap_fixed<16,6,AP_RND,AP_SAT>",False,True,1000.0,3.0517578125e-05,-4.515449920728757,1.0,1.0,0.4472135603427887,0.0,1.6175811290740967,1.6175811290740967,1.6403094308640174,1.6403094308640174,0.7628265069194731,0.7628265069194731,0.7628265069194731,0.7628265069194731,0.9458651163183069,0.9458651163183069,0.7628265069194725,0.7628265069194725,1.0,0.0,0.0,1.0,1.0
0.5308844442309882,1.2311444133449163,gt-order-1,"ap_fixed<16,6,AP_RND,AP_SAT>",False,True,1000.0,3.0517578125e-05,-4.515449920728757,1.0,1.0,0.45291081070899963,0.0,1.6174873113632202,1.6174873113632202,1.6403094308640171,1.6403094308640171,0.8708147613627127,0.8708147613627127,0.8708147613627127,0.8708147613627127,0.9382016023472448,0.9382016023472448,0.8708147613627122,0.8708147613627122,1.0,0.0,0.0,1.0,1.0
0.606038200527066,1.2311444133449163,gt-order-1,"ap_fixed<16,6,AP_RND,AP_SAT>",False,True,1000.0,1.52587890625e-05,-4.816479902161777,1.0,1.0,0.5252257585525513,0.0,1.6177502870559692,1.6177502870559692,1.6403094308640174,1.6403094308640174,0.9940901958807488,0.9940901958807488,0.9940901958807488,0.9940901958807488,0.9294532155936254,0.9294532155936254,0.9940901958807485,0.9940901958807485,1.0,0.0,0.0,1.0,1.0
0.6918309709189363,1.2311444133449163,gt-order-1,"ap_fixed<16,6,AP_RND,AP_SAT>",False,True,1000.0,1.52587890625e-05,-4.816479902161777,1.0,0.9880834221839905,0.6666666865348816,0.0,1.6176867485046387,1.6176867485046387,1.6403094308640174,1.6403094308640174,1.1348169018876426,1.1348169018876426,1.1348169018876426,1.1348169018876426,0.919466378755252,0.9204260639196193,1.1348169018876415,1.1348169018876415,1.0,0.0,0.0,1.0,1.0
0.7897688493998856,1.2311444133449163,gt-order-1,"ap_fixed<16,6,AP_RND,AP_SAT>",False,True,1000.0,1.52587890625e-05,-4.816479902161777,1.0,0.9601166844367981,0.6666666865348816,0.0,1.6176445484161377,1.6176445484161377,1.6403094308640174,1.6403094308640174,1.2954653332834378,1.2954653332834378,1.2954653332834378,1.2954653332834378,0.9080657731544088,0.9117324149347498,1.2954653332834372,1.2954653332834372,1.0,0.0,0.0,1.0,1.0
0.9015711376059565,1.2311444133449163,gt-order-1,"ap_fixed<16,6,AP_RND,AP_SAT>",False,True,1000.0,1.52587890625e-05,-4.816479902161777,1.0,0.9065264463424683,0.7499999403953552,0.0,1.6178172826766968,1.6178172826766968,1.6403094308640174,1.6403094308640174,1.4788556674761903,1.4788556674761903,1.4788556674761903,1.4788556674761903,0.8950512615717381,0.904861193104502,1.4788556674761897,1.4788556674761897,1.0,0.0,0.0,1.0,1.0
1.0292005271944276,1.2311444133449163,gt-order-1,"ap_fixed<16,6,AP_RND,AP_SAT>",False,True,1000.0,0.0,-12.0,0.9716286659240723,0.8167193531990051,0.6804137825965881,0.0,1.617775321006775,1.617775321006775,1.6403094308640176,1.6403094308640176,1.6882073748028692,1.6882073748028683,1.6882073748028692,1.6882073748028683,0.8801943704937647,0.9021524237600672,1.6882073748028679,1.6403106793828908,1.0,0.0,0.0,1.0,1.0
1.174897554939529,1.2311444133449163,gt-order-1,"ap_fixed<16,6,AP_RND,AP_SAT>",False,True,1000.0,0.0,-12.0,0.851138710975647,0.7040708661079407,0.7276068925857544,0.0,1.6210719347000122,1.6210719347000122,1.6403094308640174,1.6403094308640174,1.9271955340844624,1.9271955340844618,1.9271955340844624,1.9271955340844618,0.9271955340844613,0.9271955340844609,1.9271955340844609,1.6403107226786715,1.0,0.0,0.0,1.0,1.0
1.3412199354053709,1.2311444133449163,gt-order-1,"ap_fixed<16,6,AP_RND,AP_SAT>",False,True,1000.0,0.0,-12.0,0.74559086561203,0.5905135869979858,0.6123724579811096,0.0,1.6311753988265991,1.6311753988265991,1.6403094308640174,1.6403094308640174,2.200015654176387,2.200015654176386,2.200015654176387,2.200015654176386,1.2000156541763862,1.2000156541763858,2.200015654176385,1.6403115759573874,1.0,0.0,0.0,1.0,1.0
1.5310874616820287,1.2311444133449163,gt-order-1,"ap_fixed<16,6,AP_RND,AP_SAT>",False,True,1000.0,0.0,-12.0,0.653131365776062,0.4903552234172821,0.6123724579811096,0.0,1.6366080045700073,1.6366080045700073,1.6403094308640176,1.6403094308640176,2.511457294824382,2.5114572948243805,2.511457294824382,2.5114572948243805,1.5114572948243807,1.51145729482438,2.5114572948243787,1.6403115330569005,1.0,0.0,0.0,1.0,1.0
1.7478332624182173,1.2311444133449163,gt-order-1,"ap_fixed<16,6,AP_RND,AP_SAT>",False,True,1000.0,0.0,-12.0,0.5721373558044434,0.4142898619174957,0.6030226349830627,0.0,1.6909685134887695,1.6909685134887695,1.6403094308640171,1.6403094308640171,2.866987366756435,2.866987366756434,2.866987366756435,2.866987366756434,1.8669873667564338,1.8669873667564325,2.8669873667564336,1.6403105711407697,1.0,0.0,0.0,1.0,1.0
1.9952623149688795,1.2311444133449163,gt-order-1,"ap_fixed<16,6,AP_RND,AP_SAT>",False,True,1000.0,0.0,-12.0,0.5011876821517944,0.3511001169681549,0.7276068925857544,0.0,1.6397372484207153,1.6397372484207153,1.6403094308640174,1.6403094308640174,3.2728475106634924,3.2728475106634902,3.2728475106634924,3.2728475106634902,2.272847510663491,2.272847510663487,3.2728475106634902,1.6403108579057049,1.0,0.0,0.0,1.0,1.0
0.01,1.2745606273192622,gt-order-1,"ap_fixed<16,6,AP_RND,AP_SAT>",False,True,1000.0,0.070343017578125,-1.152779005227877,1.0,1.0,0.38133442401885986,0.0,1.741404414176941,1.741404414176941,1.7580401215598982,1.7580401215598982,0.017580400822646395,0.017580400822646395,0.017580400822646395,0.017580400822646395,0.9987523860986072,0.9987523860986072,0.01758040082264638,0.01758040082264638,1.0,0.0,0.0,1.0,1.0
0.011415633046188459,1.2745606273192622,gt-order-1,"ap_fixed<16,6,AP_RND,AP_SAT>",False,True,1000.0,0.05511474609375,-1.258732188974351,1.0,1.0,0.37437909841537476,0.0,1.7333816289901733,1.7333816289901733,1.7580401215598984,1.7580401215598984,0.02006914148268618,0.02006914148268618,0.02006914148268618,0.02006914148268618,0.9985757696792348,0.9985757696792348,0.020069141482686174,0.020069141482686174,1.0,0.0,0.0,1.0,1.0
0.013031667784522994,1.2745606273192622,gt-order-1,"ap_fixed<16,6,AP_RND,AP_SAT>",False,True,1000.0,0.043304443359375,-1.363467539492215,1.0,1.0,0.37547677755355835,0.0,1.7482346296310425,1.7482346296310425,1.7580401215598982,1.7580401215598982,0.022910195247106947,0.022910195247106947,0.022910195247106947,0.022910195247106947,0.9983741509444372,0.9983741509444372,0.022910195247106926,0.022910195247106926,1.0,0.0,0.0,1.0,1.0
0.014876473740795015,1.2745606273192622,gt-order-1,"ap_fixed<16,6,AP_RND,AP_SAT>",False,True,1000.0,0.0331573486328125,-1.4794202042900766,1.0,1.0,0.37716758251190186,0.0,1.7381247282028198,1.7381247282028198,1.7580401215598982,1.7580401215598982,0.026153437623210308,0.026153437623210308,0.026153437623210308,0.026153437623210308,0.998143990419951,0.998143990419951,0.026153437623210284,0.026153437623210284,1.0,0.0,0.0,1.0,1.0
0.016982436524617443,1.2745606273192622,gt-order-1,"ap_fixed<16,6,AP_RND,AP_SAT>",False,True,1000.0,0.0255889892578125,-1.5919468680006414,1.0,1.0,0.36980175971984863,0.0,1.7350064516067505,1.7350064516067505,1.7580401215598982,1.7580401215598982,0.02985580416647214,0.02985580416647214,0.02985580416647214,0.02985580416647214,0.9978812476068591,0.9978812476068591,0.02985580416647213,0.02985580416647213,1.0,0.0,0.0,1.0,1.0
0.019386526359522076,1.2745606273192622,gt-order-1,"ap_fixed<16,6,AP_RND,AP_SAT>",False,True,1000.0,0.0196685791015625,-1.7062270132482156,1.0,1.0,0.37488335371017456,0.0,1.7382946014404297,1.7382946014404297,1.7580401215598986,1.7580401215598986,0.03408229087234095,0.03408229087234095,0.03408229087234095,0.03408229087234095,0.997581309987604,0.997581309987604,0.034082290872340916,0.034082290872340916,1.0,0.0,0.0,1.0,1.0
0.022130947096056376,1.2745606273192622,gt-order-1,"ap_fixed<16,6,AP_RND,AP_SAT>",False,True,1000.0,0.0149078369140625,-1.826585366875794,1.0,1.0,0.3738159239292145,0.0,1.7311122417449951,1.7311122417449951,1.7580401215598982,1.7580401215598982,0.03890709373874462,0.03890709373874462,0.03890709373874462,0.03890709373874462,0.9972389121555904,0.9972389121555904,0.03890709373874458,0.03890709373874458,1.0,0.0,0.0,1.0,1.0
0.025263877101318954,1.2745606273192622,gt-order-1,"ap_fixed<16,6,AP_RND,AP_SAT>",False,True,1000.0,0.0113372802734375,-1.945491116824817,1.0,1.0,0.37508222460746765,0.0,1.733983039855957,1.733983039855957,1.7580401215598984,1.7580401215598984,0.04441491042154005,0.04441491042154005,0.04441491042154005,0.04441491042154005,0.9968480434416682,0.9968480434416682,0.04441491042154,0.04441491042154,1.0,0.0,0.0,1.0,1.0
0.028840315031266057,1.2745606273192622,gt-order-1,"ap_fixed<16,6,AP_RND,AP_SAT>",False,True,1000.0,0.00848388671875,-2.071405138990451,1.0,1.0,0.3720247447490692,0.0,1.7345020771026611,1.7345020771026611,1.7580401215598982,1.7580401215598982,0.05070243017974467,0.05070243017974467,0.05070243017974467,0.05070243017974467,0.9964018421784117,0.9964018421784117,0.05070243017974462,0.05070243017974462,1.0,0.0,0.0,1.0,1.0
0.03292304533334065,1.2745606273192622,gt-order-1,"ap_fixed<16,6,AP_RND,AP_SAT>",False,True,1000.0,0.0065460205078125,-2.18402263837263,1.0,1.0,0.37116020917892456,0.0,1.7341947555541992,1.7341947555541992,1.7580401215598982,1.7580401215598982,0.05788003667008688,0.05788003667008688,0.05788003667008688,0.05788003667008688,0.9958924748592921,0.9958924748592921,0.05788003667008684,0.05788003667008684,1.0,0.0,0.0,1.0,1.0
0.037583740428844416,1.2745606273192622,gt-order-1,"ap_fixed<16,6,AP_RND,AP_SAT>",False,True,1000.0,0.004974365234375,-2.3032623304684536,1.0,1.0,0.37202945351600647,0.0,1.7302013635635376,1.7302013635635376,1.7580401215598982,1.7580401215598982,0.06607372686548008,0.06607372686548008,0.06607372686548008,0.06607372686548008,0.9953109999603629,0.9953109999603629,0.06607372686548003,0.06607372686548003,1.0,0.0,0.0,1.0,1.0
0.04290421892388853,1.2745606273192622,gt-order-1,"ap_fixed<16,6,AP_RND,AP_SAT>",False,True,1000.0,0.00372314453125,-2.4290901041683224,1.0,1.0,0.39946281909942627,0.0,1.7314127683639526,1.7314127683639526,1.7580401215598986,1.7580401215598986,0.07542734106096273,0.07542734106096273,0.07542734106096273,0.07542734106096273,0.9946472096852561,0.9946472096852561,0.07542734106096263,0.07542734106096263,1.0,0.0,0.0,1.0,1.0
0.04897788193684462,1.2745606273192622,gt-order-1,"ap_fixed<16,6,AP_RND,AP_SAT>",False,True,1000.0,0.00286865234375,-2.542322081208626,1.0,1.0,0.38126322627067566,0.0,1.731435775756836,1.731435775756836,1.7580401215598982,1.7580401215598982,0.08610508104486989,0.08610508104486989,0.08610508104486989,0.08610508104486989,0.9938894512601907,0.9938894512601907,0.08610508104486984,0.08610508104486984,1.0,0.0,0.0,1.0,1.0
0.05591135275705602,1.2745606273192622,gt-order-1,"ap_fixed<16,6,AP_RND,AP_SAT>",False,True,1000.0,0.0022125244140625,-2.655111928192435,1.0,1.0,0.36883997917175293,0.0,1.7298511266708374,1.7298511266708374,1.7580401215598984,1.7580401215598984,0.09829439830035923,0.09829439830035923,0.09829439830035923,0.09829439830035923,0.9930244219693426,0.9930244219693426,0.09829439830035916,0.09829439830035916,1.0,0.0,0.0,1.0,1.0
0.06382634861905485,1.2745606273192622,gt-order-1,"ap_fixed<16,6,AP_RND,AP_SAT>",False,True,1000.0,0.00164794921875,-2.783056174873213,1.0,1.0,0.37532946467399597,0.0,1.7339329719543457,1.7339329719543457,1.7580401215598982,1.7580401215598982,0.11220927515952517,0.11220927515952517,0.11220927515952517,0.11220927515952517,0.9920369363038676,0.9920369363038676,0.11220927515952508,0.11220927515952508,1.0,0.0,0.0,1.0,1.0
0.07286181745132274,1.2745606273192622,gt-order-1,"ap_fixed<16,6,AP_RND,AP_SAT>",False,True,1000.0,0.0012664794921875,-2.8974018379047104,1.0,1.0,0.38829225301742554,0.0,1.7306172847747803,1.7306172847747803,1.7580401215598982,1.7580401215598982,0.12809400369745902,0.12809400369745902,0.12809400369745902,0.12809400369745902,0.9909096577882233,0.9909096577882233,0.12809400369745894,0.12809400369745894,1.0,0.0,0.0,1.0,1.0
0.08317637711026708,1.2745606273192622,gt-order-1,"ap_fixed<16,6,AP_RND,AP_SAT>",False,True,1000.0,0.0009613037109375,-3.0171393807183406,1.0,1.0,0.3699319064617157,0.0,1.732422947883606,1.732422947883606,1.7580401215598984,1.7580401215598984,0.14622740342336585,0.14622740342336585,0.14622740342336585,0.14622740342336585,0.9896227996667395,0.9896227996667395,0.14622740342336576,0.14622740342336576,1.0,0.0,0.0,1.0,1.0
0.09495109992021983,1.2745606273192622,gt-order-1,"ap_fixed<16,6,AP_RND,AP_SAT>",False,True,1000.0,0.000701904296875,-3.153722098323388,1.0,1.0,0.38667967915534973,0.0,1.7323553562164307,1.7323553562164307,1.7580401215598982,1.7580401215598982,0.16692784452448822,0.16692784452448822,0.16692784452448822,0.16692784452448822,0.988153768423182,0.988153768423182,0.16692784452448814,0.16692784452448814,1.0,0.0,0.0,1.0,1.0
0.10839269140212034,1.2745606273192622,gt-order-1,"ap_fixed<16,6,AP_RND,AP_SAT>",False,True,1000.0,0.00054931640625,-3.260177429065803,1.0,1.0,0.4085036516189575,0.0,1.7329753637313843,1.7329753637313843,1.7580401215598982,1.7580401215598982,0.1905587033578773,0.1905587033578773,0.1905587033578773,0.1905587033578773,0.9864767766253376,0.9864767766253376,0.1905587033578771,0.1905587033578771,1.0,0.0,0.0,1.0,1.0
0.12373711899353519,1.2745606273192622,gt-order-1,"ap_fixed<16,6,AP_RND,AP_SAT>",False,True,1000.0,0.0004119873046875,-3.3851161654105666,1.0,1.0,0.4232073724269867,0.0,1.7328424453735352,1.7328424453735352,1.7580401215598982,1.7580401215598982,0.21753481997126448,0.21753481997126448,0.21753481997126448,0.21753481997126448,0.984562384659421,0.984562384659421,0.2175348199712643,0.2175348199712643,1.0,0.0,0.0,1.0,1.0
0.1412537544622754,1.2745606273192622,gt-order-1,"ap_fixed<16,6,AP_RND,AP_SAT>",False,True,1000.0,0.0003509521484375,-3.4547520933686315,1.0,1.0,0.3568689227104187,0.0,1.7328773736953735,1.7328773736953735,1.7580401215598984,1.7580401215598984,0.2483297677259497,0.2483297677259497,0.2483297677259497,0.2483297677259497,0.9823769848327042,0.9823769848327042,0.24832976772594953,0.24832976772594953,1.0,0.0,0.0,1.0,1.0
0.16125010273377416,1.2745606273192622,gt-order-1,"ap_fixed<16,6,AP_RND,AP_SAT>",False,True,1000.0,0.000244140625,-3.612359946188904,1.0,1.0,0.42443734407424927,0.0,1.7336134910583496,1.7336134910583496,1.7580401215598982,1.7580401215598982,0.2834841445964197,0.2834841445964197,0.2834841445964197,0.2834841445964197,0.9798822129716488,0.9798822129716488,0.2834841445964195,0.2834841445964195,1.0,0.0,0.0,1.0,1.0
0.18407720014689555,1.2745606273192622,gt-order-1,"ap_fixed<16,6,AP_RND,AP_SAT>",False,True,1000.0,0.0001983642578125,-3.7025365761274838,1.0,1.0,0.703342080116272,0.0,1.7335282564163208,1.7335282564163208,1.7580401215598984,1.7580401215598984,0.32361510881983035,0.32361510881983035,0.32361510881983035,0.32361510881983035,0.9770342717132818,0.9770342717132818,0.3236151088198302,0.3236151088198302,1.0,0.0,0.0,1.0,1.0
0.21013577690467466,1.2745606273192622,gt-order-1,"ap_fixed<16,6,AP_RND,AP_SAT>",False,True,1000.0,0.0001373291015625,-3.8622374180219383,1.0,1.0,0.5503202080726624,0.0,1.733272910118103,1.733272910118103,1.7580401215598982,1.7580401215598982,0.3694271196000934,0.3694271196000934,0.3694271196000934,0.3694271196000934,0.9737831682784497,0.9737831682784497,0.36942711960009317,0.36942711960009317,1.0,0.0,0.0,1.0,1.0
0.239883291901949,1.2745606273192622,gt-order-1,"ap_fixed<16,6,AP_RND,AP_SAT>",False,True,1000.0,7.62939453125e-05,-4.117509920595296,1.0,1.0,0.4257970154285431,0.0,1.7340041399002075,1.7340041399002075,1.7580401215598982,1.7580401215598982,0.42172444609861226,0.42172444609861226,0.42172444609861226,0.42172444609861226,0.9700718267565202,0.9700718267565202,0.4217244460986121,0.4217244460986121,1.0,0.0,0.0,1.0,1.0
0.27384196342643613,1.2745606273192622,gt-order-1,"ap_fixed<16,6,AP_RND,AP_SAT>",False,True,1000.0,6.103515625e-05,-4.214419932180256,1.0,1.0,0.4772399961948395,0.0,1.7334009408950806,1.7334009408950806,1.7580401215598984,1.7580401215598984,0.4814251827432734,0.4814251827432734,0.4814251827432734,0.4814251827432734,0.9658350934924328,0.9658350934924328,0.48142518274327295,0.48142518274327295,1.0,0.0,0.0,1.0,1.0
0.3126079367123954,1.2745606273192622,gt-order-1,"ap_fixed<16,6,AP_RND,AP_SAT>",False,True,1000.0,4.57763671875e-05,-4.339358666416729,1.0,1.0,0.4708709418773651,0.0,1.7341392040252686,1.7341392040252686,1.7580401215598982,1.7580401215598982,0.5495773078908982,0.5495773078908982,0.5495773078908982,0.5495773078908982,0.9609985974647577,0.9609985974647577,0.549577307890898,0.549577307890898,1.0,0.0,0.0,1.0,1.0
0.35686174928348097,1.2745606273192622,gt-order-1,"ap_fixed<16,6,AP_RND,AP_SAT>",False,True,1000.0,4.57763671875e-05,-4.339358666416729,1.0,1.0,0.45098763704299927,0.0,1.7340532541275024,1.7340532541275024,1.7580401215598982,1.7580401215598982,0.6273772573862624,0.6273772573862624,0.6273772573862624,0.6273772573862624,0.9554774321911494,0.9554774321911494,0.6273772573862619,0.6273772573862619,1.0,0.0,0.0,1.0,1.0
0.4073802778041126,1.2745606273192622,gt-order-1,"ap_fixed<16,6,AP_RND,AP_SAT>",False,True,1000.0,3.0517578125e-05,-4.515449920728757,1.0,1.0,0.41812101006507874,0.0,1.734123945236206,1.734123945236206,1.7580401215598982,1.7580401215598982,0.7161908820334844,0.7161908820334844,0.7161908820334844,0.7161908820334844,0.9491746684566471,0.9491746684566471,0.716190882033484,0.716190882033484,1.0,0.0,0.0,1.0,1.0
0.46505037616660627,1.2745606273192622,gt-order-1,"ap_fixed<16,6,AP_RND,AP_SAT>",False,True,1000.0,3.0517578125e-05,-4.515449920728757,1.0,1.0,0.5076730847358704,0.0,1.7341119050979614,1.7341119050979614,1.7580401215598984,1.7580401215598984,0.817577208129214,0.817577208129214,0.817577208129214,0.817577208129214,0.9419796681193807,0.9419796681193807,0.8175772081292133,0.8175772081292133,1.0,0.0,0.0,1.0,1.0
0.5308844442309882,1.2745606273192622,gt-order-1,"ap_fixed<16,6,AP_RND,AP_SAT>",False,True,1000.0,3.0517578125e-05,-4.515449920728757,1.0,1.0,0.43905705213546753,0.0,1.734250783920288,1.734250783920288,1.7580401215598984,1.7580401215598984,0.9333161537185434,0.9333161537185434,0.9333161537185434,0.9333161537185434,0.933766117193748,0.933766117193748,0.9333161537185427,0.9333161537185427,1.0,0.0,0.0,1.0,1.0
0.606038200527066,1.2745606273192622,gt-order-1,"ap_fixed<16,6,AP_RND,AP_SAT>",False,True,1000.0,1.52587890625e-05,-4.816479902161777,1.0,0.9949016571044922,0.5345224738121033,0.0,1.7341868877410889,1.7341868877410889,1.7580401215598982,1.7580401215598982,1.0654394932589861,1.0654394932589861,1.0654394932589861,1.0654394932589861,0.9243898284064747,0.9247753149876456,1.0654394932589861,1.0654394932589861,1.0,0.0,0.0,1.0,1.0
0.6918309709189363,1.2745606273192622,gt-order-1,"ap_fixed<16,6,AP_RND,AP_SAT>",False,True,1000.0,1.52587890625e-05,-4.816479902161777,1.0,0.9800269603729248,0.46852126717567444,0.0,1.7341383695602417,1.7341383695602417,1.7580401215598982,1.7580401215598982,1.2162666425028739,1.2162666425028739,1.2162666425028739,1.2162666425028739,0.9136862016801838,0.915410150594388,1.216266642502873,1.216266642502873,1.0,0.0,0.0,1.0,1.0
0.7897688493998856,1.2745606273192622,gt-order-1,"ap_fixed<16,6,AP_RND,AP_SAT>",False,True,1000.0,0.0,-12.0,1.0,0.9381234049797058,0.7878385782241821,0.0,1.7342180013656616,1.7342180013656616,1.7580401215598984,1.7580401215598984,1.3884453683855298,1.3884453683855298,1.3884453683855298,1.3884453683855298,0.9014673351081167,0.9075642009099016,1.388445368385528,1.388445368385528,1.0,0.0,0.0,1.0,1.0
0.9015711376059565,1.2745606273192622,gt-order-1,"ap_fixed<16,6,AP_RND,AP_SAT>",False,True,1000.0,0.0,-12.0,1.0,0.8684101104736328,0.868598997592926,0.0,1.7341763973236084,1.7341763973236084,1.7580401215598984,1.7580401215598984,1.5849982622180745,1.5849982622180745,1.5849982622180745,1.5849982622180745,0.8875187269291348,0.9023201252263144,1.5849982622180734,1.5849982622180734,1.0,0.0,0.0,1.0,1.0
1.0292005271944276,1.2745606273192622,gt-order-1,"ap_fixed<16,6,AP_RND,AP_SAT>",False,True,1000.0,0.0,-12.0,0.9716286659240723,0.7567406296730042,0.588348388671875,0.0,1.734405279159546,1.734405279159546,1.7580401215598984,1.7580401215598984,1.809375866877398,1.8093758668773972,1.809375866877398,1.8093758668773972,0.8715955052939558,0.902831101823304,1.8093758668773972,1.7580414596892973,1.0,0.0,0.0,1.0,1.0
1.174897554939529,1.2745606273192622,gt-order-1,"ap_fixed<16,6,AP_RND,AP_SAT>",False,True,1000.0,0.0,-12.0,0.851138710975647,0.6385985016822815,0.6255432367324829,0.0,1.743192195892334,1.743192195892334,1.7580401215598984,1.7580401215598984,2.065517034323761,2.0655170343237597,2.065517034323761,2.0655170343237597,1.0655170343237597,1.0655170343237592,2.06551703432376,1.7580415060925663,1.0,0.0,0.0,1.0,1.0
1.3412199354053709,1.2745606273192622,gt-order-1,"ap_fixed<16,6,AP_RND,AP_SAT>",False,True,1000.0,0.0,-12.0,0.7455904483795166,0.5343629121780396,0.45883145928382874,0.0,1.7522815465927124,1.7522815465927124,1.7580401215598982,1.7580401215598982,2.3579183996184496,2.3579183996184487,2.3579183996184496,2.3579183996184487,1.3579183996184492,1.3579183996184485,2.3579183996184487,1.7580414368138315,1.0,0.0,0.0,1.0,1.0
1.5310874616820287,1.2745606273192622,gt-order-1,"ap_fixed<16,6,AP_RND,AP_SAT>",False,True,1000.0,0.0,-12.0,0.6531310081481934,0.4483141303062439,0.5883484482765198,0.0,1.7560482025146484,1.7560482025146484,1.7580401215598984,1.7580401215598984,2.691713285803558,2.691713285803557,2.691713285803558,2.691713285803557,1.6917132858035573,1.6917132858035553,2.6917132858035564,1.758041412002763,1.0,0.0,0.0,1.0,1.0
1.7478332624182173,1.2745606273192622,gt-order-1,"ap_fixed<16,6,AP_RND,AP_SAT>",False,True,1000.0,0.0,-12.0,0.5721373558044434,0.3799377977848053,0.6123724579811096,0.0,1.7574093341827393,1.7574093341827393,1.7580401215598984,1.7580401215598984,3.0727609827301046,3.0727609827301015,3.0727609827301046,3.0727609827301015,2.0727609827301046,2.072760982730101,3.0727609827301006,1.7580413436782625,1.0,0.0,0.0,1.0,1.0
1.9952623149688795,1.2745606273192622,gt-order-1,"ap_fixed<16,6,AP_RND,AP_SAT>",False,True,1000.0,0.0,-12.0,0.5011879205703735,0.32156848907470703,0.6324555277824402,0.0,1.7578213214874268,1.7578213214874268,1.7580401215598982,1.7580401215598982,3.50775111526555,3.507751115265547,3.50775111526555,3.507751115265547,2.50775111526555,2.507751115265547,3.5077511152655485,1.758042487338349,1.0,0.0,0.0,1.0,1.0
0.01,1.3195079107728942,gt-order-1,"ap_fixed<16,6,AP_RND,AP_SAT>",False,True,1000.0,0.066864013671875,-1.1748075573925174,1.0,1.0,0.3813350796699524,0.0,1.8818377256393433,1.8818377256393433,1.884220743179863,1.884220743179863,0.018842207010642476,0.018842207010642476,0.018842207010642476,0.018842207010642476,0.9986628405343253,0.9986628405343253,0.018842207010642466,0.018842207010642466,1.0,0.0,0.0,1.0,1.0
0.011415633046188459,1.3195079107728942,gt-order-1,"ap_fixed<16,6,AP_RND,AP_SAT>",False,True,1000.0,0.0524749755859375,-1.2800477547934095,1.0,1.0,0.3713482916355133,0.0,1.8697739839553833,1.8697739839553833,1.884220743179863,1.884220743179863,0.021509573197872202,0.021509573197872202,0.021509573197872202,0.021509573197872202,0.9984735477437481,0.9984735477437481,0.021509573197872184,0.021509573197872184,1.0,0.0,0.0,1.0,1.0
0.013031667784522994,1.3195079107728942,gt-order-1,"ap_fixed<16,6,AP_RND,AP_SAT>",False,True,1000.0,0.0407867431640625,-1.389480971856514,1.0,1.0,0.3654158413410187,0.0,1.8624452352523804,1.8624452352523804,1.8842207431798628,1.8842207431798628,0.024554539219842738,0.024554539219842738,0.024554539219842738,0.024554539219842738,0.9982574581351031,0.9982574581351031,0.02455453921984272,0.02455453921984272,1.0,0.0,0.0,1.0,1.0
0.014876473740795015,1.3195079107728942,gt-order-1,"ap_fixed<16,6,AP_RND,AP_SAT>",False,True,1000.0,0.031036376953125,-1.5081289820229802,1.0,1.0,0.37697240710258484,0.0,1.8587374687194824,1.8587374687194824,1.884220743179863,1.884220743179863,0.02803056032156348,0.02803056032156348,0.02803056032156348,0.02803056032156348,0.9980107781938189,0.9980107781938189,0.02803056032156346,0.02803056032156346,1.0,0.0,0.0,1.0,1.0
0.016982436524617443,1.3195079107728942,gt-order-1,"ap_fixed<16,6,AP_RND,AP_SAT>",False,True,1000.0,0.024139404296875,-1.6172734514440503,1.0,1.0,0.37214580178260803,0.0,1.8641709089279175,1.8641709089279175,1.884220743179863,1.884220743179863,0.0319986585203004,0.0319986585203004,0.0319986585203004,0.0319986585203004,0.9977291774203971,0.9977291774203971,0.03199865852030037,0.03199865852030037,1.0,0.0,0.0,1.0,1.0
0.019386526359522076,1.3195079107728942,gt-order-1,"ap_fixed<16,6,AP_RND,AP_SAT>",False,True,1000.0,0.017791748046875,-1.749781380176294,1.0,1.0,0.3708421289920807,0.0,1.864821195602417,1.864821195602417,1.884220743179863,1.884220743179863,0.036528494798954744,0.036528494798954744,0.036528494798954744,0.036528494798954744,0.9974077122409444,0.9974077122409444,0.03652849479895473,0.03652849479895473,1.0,0.0,0.0,1.0,1.0
0.022130947096056376,1.3195079107728942,gt-order-1,"ap_fixed<16,6,AP_RND,AP_SAT>",False,True,1000.0,0.013763427734375,-1.8612733930502032,1.0,1.0,0.3748913109302521,0.0,1.8612902164459229,1.8612902164459229,1.884220743179863,1.884220743179863,0.04169959045891334,0.04169959045891334,0.04169959045891334,0.04169959045891334,0.9970407393324247,0.9970407393324247,0.0416995904589133,0.0416995904589133,1.0,0.0,0.0,1.0,1.0
0.025263877101318954,1.3195079107728942,gt-order-1,"ap_fixed<16,6,AP_RND,AP_SAT>",False,True,1000.0,0.0103912353515625,-1.9833328186691197,1.0,1.0,0.38639959692955017,0.0,1.8575259447097778,1.8575259447097778,1.8842207431798628,1.8842207431798628,0.047602722199812944,0.047602722199812944,0.047602722199812944,0.047602722199812944,0.9966218166191771,0.9966218166191771,0.04760272219981292,0.04760272219981292,1.0,0.0,0.0,1.0,1.0
0.028840315031266057,1.3195079107728942,gt-order-1,"ap_fixed<16,6,AP_RND,AP_SAT>",False,True,1000.0,0.0079498291015625,-2.0996422072695453,1.0,1.0,0.39003825187683105,0.0,1.8573002815246582,1.8573002815246582,1.8842207431798634,1.8842207431798634,0.054341519003295785,0.054341519003295785,0.054341519003295785,0.054341519003295785,0.9961435899481746,0.9961435899481746,0.054341519003295716,0.054341519003295716,1.0,0.0,0.0,1.0,1.0
0.03292304533334065,1.3195079107728942,gt-order-1,"ap_fixed<16,6,AP_RND,AP_SAT>",False,True,1000.0,0.0061798095703125,-2.2090249073387542,1.0,1.0,0.3733444809913635,0.0,1.8573532104492188,1.8573532104492188,1.884220743179863,1.884220743179863,0.06203428714301563,0.06203428714301563,0.06203428714301563,0.06203428714301563,0.9955976635750348,0.9955976635750348,0.06203428714301559,0.06203428714301559,1.0,0.0,0.0,1.0,1.0
0.037583740428844416,1.3195079107728942,gt-order-1,"ap_fixed<16,6,AP_RND,AP_SAT>",False,True,1000.0,0.0045928955078125,-2.337913434935298,1.0,1.0,0.36119669675827026,0.0,1.856469750404358,1.856469750404358,1.884220743179863,1.884220743179863,0.07081606683052961,0.07081606683052961,0.07081606683052961,0.07081606683052961,0.9949744542117154,0.9949744542117154,0.07081606683052954,0.07081606683052954,1.0,0.0,0.0,1.0,1.0
0.04290421892388853,1.3195079107728942,gt-order-1,"ap_fixed<16,6,AP_RND,AP_SAT>",False,True,1000.0,0.00347900390625,-2.458545083498412,1.0,1.0,0.5468194484710693,0.0,1.8545477390289307,1.8545477390289307,1.884220743179863,1.884220743179863,0.08084102227647932,0.08084102227647932,0.08084102227647932,0.08084102227647932,0.9942630214130017,0.9942630214130017,0.08084102227647927,0.08084102227647927,1.0,0.0,0.0,1.0,1.0
0.04897788193684462,1.3195079107728942,gt-order-1,"ap_fixed<16,6,AP_RND,AP_SAT>",False,True,1000.0,0.0025787353515625,-2.588593225841612,1.0,1.0,0.3934042453765869,0.0,1.8568048477172852,1.8568048477172852,1.8842207431798628,1.8842207431798628,0.09228514059961933,0.09228514059961933,0.09228514059961933,0.09228514059961933,0.9934508760452404,0.9934508760452404,0.0922851405996193,0.0922851405996193,1.0,0.0,0.0,1.0,1.0
0.05591135275705602,1.3195079107728942,gt-order-1,"ap_fixed<16,6,AP_RND,AP_SAT>",False,True,1000.0,0.002105712890625,-2.676600844016217,1.0,1.0,0.3946245014667511,0.0,1.853969693183899,1.853969693183899,1.884220743179863,1.884220743179863,0.10534932732455848,0.10534932732455848,0.10534932732455848,0.10534932732455848,0.992523760610688,0.992523760610688,0.10534932732455843,0.10534932732455843,1.0,0.0,0.0,1.0,1.0
0.06382634861905485,1.3195079107728942,gt-order-1,"ap_fixed<16,6,AP_RND,AP_SAT>",False,True,1000.0,0.0016021728515625,-2.795290631282695,1.0,1.0,0.3810511827468872,0.0,1.8552985191345215,1.8552985191345215,1.884220743179863,1.884220743179863,0.12026292303565651,0.12026292303565651,0.12026292303565651,0.12026292303565651,0.9914653996840149,0.9914653996840149,0.12026292303565643,0.12026292303565643,1.0,0.0,0.0,1.0,1.0
0.07286181745132274,1.3195079107728942,gt-order-1,"ap_fixed<16,6,AP_RND,AP_SAT>",False,True,1000.0,0.0012664794921875,-2.8974018379047104,1.0,1.0,0.5935482978820801,0.0,1.856181025505066,1.856181025505066,1.8842207431798628,1.8842207431798628,0.13728775349538405,0.13728775349538405,0.13728775349538405,0.13728775349538405,0.9902572124908757,0.9902572124908757,0.13728775349538397,0.13728775349538397,1.0,0.0,0.0,1.0,1.0
0.08317637711026708,1.3195079107728942,gt-order-1,"ap_fixed<16,6,AP_RND,AP_SAT>",False,True,1000.0,0.0008697509765625,-3.0606050744518756,1.0,1.0,0.3574170172214508,0.0,1.857913851737976,1.857913851737976,1.884220743179863,1.884220743179863,0.15672265005372268,0.15672265005372268,0.15672265005372268,0.15672265005372268,0.9888779921117171,0.9888779921117171,0.1567226500537226,0.1567226500537226,1.0,0.0,0.0,1.0,1.0
0.09495109992021983,1.3195079107728942,gt-order-1,"ap_fixed<16,6,AP_RND,AP_SAT>",False,True,1000.0,0.00067138671875,-3.1730272534906496,1.0,1.0,0.5409473180770874,0.0,1.857289433479309,1.857289433479309,1.884220743179863,1.884220743179863,0.17890883342768327,0.17890883342768327,0.17890883342768327,0.17890883342768327,0.9873035234155108,0.9873035234155108,0.1789088334276831,0.1789088334276831,1.0,0.0,0.0,1.0,1.0
0.10839269140212034,1.3195079107728942,gt-order-1,"ap_fixed<16,6,AP_RND,AP_SAT>",False,True,1000.0,0.00048828125,-3.311329951414358,1.0,1.0,0.41876208782196045,0.0,1.8572235107421875,1.8572235107421875,1.8842207431798632,1.8842207431798632,0.20423576075259517,0.20423576075259517,0.20423576075259517,0.20423576075259517,0.9855061681168537,0.9855061681168537,0.20423576075259495,0.20423576075259495,1.0,0.0,0.0,1.0,1.0
0.12373711899353519,1.3195079107728942,gt-order-1,"ap_fixed<16,6,AP_RND,AP_SAT>",False,True,1000.0,0.0003814697265625,-3.418539920813185,1.0,1.0,0.5676255822181702,0.0,1.858487844467163,1.858487844467163,1.884220743179863,1.884220743179863,0.23314804658159136,0.23314804658159136,0.23314804658159136,0.23314804658159136,0.9834543736190695,0.9834543736190695,0.2331480465815912,0.2331480465815912,1.0,0.0,0.0,1.0,1.0
0.1412537544622754,1.3195079107728942,gt-order-1,"ap_fixed<16,6,AP_RND,AP_SAT>",False,True,1000.0,0.00030517578125,-3.5154499335366216,1.0,1.0,0.37632232904434204,0.0,1.857889175415039,1.857889175415039,1.884220743179863,1.884220743179863,0.26615325427448133,0.26615325427448133,0.26615325427448133,0.26615325427448133,0.9811121200890984,0.9811121200890984,0.2661532542744812,0.2661532542744812,1.0,0.0,0.0,1.0,1.0
0.16125010273377416,1.3195079107728942,gt-order-1,"ap_fixed<16,6,AP_RND,AP_SAT>",False,True,1000.0,0.000213623046875,-3.6703518929124668,1.0,1.0,0.3728218376636505,0.0,1.8571949005126953,1.8571949005126953,1.884220743179863,1.884220743179863,0.3038307823926274,0.3038307823926274,0.3038307823926274,0.3038307823926274,0.9784382898239938,0.9784382898239938,0.3038307823926272,0.3038307823926272,1.0,0.0,0.0,1.0,1.0
0.18407720014689555,1.3195079107728942,gt-order-1,"ap_fixed<16,6,AP_RND,AP_SAT>",False,True,1000.0,0.000152587890625,-3.816479927777507,1.0,1.0,0.6461156606674194,0.0,1.85708487033844,1.85708487033844,1.884220743179863,1.884220743179863,0.34684208475497963,0.34684208475497963,0.34684208475497963,0.34684208475497963,0.9753859419725797,0.9753859419725797,0.34684208475497946,0.34684208475497946,1.0,0.0,0.0,1.0,1.0
0.21013577690467466,1.3195079107728942,gt-order-1,"ap_fixed<16,6,AP_RND,AP_SAT>",False,True,1000.0,0.0001068115234375,-3.9713818865434534,1.0,1.0,0.4178145229816437,0.0,1.8579986095428467,1.8579986095428467,1.884220743179863,1.884220743179863,0.3959421820396537,0.3959421820396537,0.3959421820396537,0.3959421820396537,0.9719014956010538,0.9719014956010538,0.3959421820396535,0.3959421820396535,1.0,0.0,0.0,1.0,1.0
0.239883291901949,1.3195079107728942,gt-order-1,"ap_fixed<16,6,AP_RND,AP_SAT>",False,True,1000.0,7.62939453125e-05,-4.117509920595296,1.0,1.0,0.4954336881637573,0.0,1.8584237098693848,1.8584237098693848,1.884220743179863,1.884220743179863,0.45199306858820726,0.45199306858820726,0.45199306858820726,0.45199306858820726,0.9679237782632945,0.9679237782632945,0.45199306858820687,0.45199306858820687,1.0,0.0,0.0,1.0,1.0
0.27384196342643613,1.3195079107728942,gt-order-1,"ap_fixed<16,6,AP_RND,AP_SAT>",False,True,1000.0,6.103515625e-05,-4.214419932180256,1.0,1.0,0.40414515137672424,0.0,1.8581218719482422,1.8581218719482422,1.884220743179863,1.884220743179863,0.5159787336418452,0.5159787336418452,0.5159787336418452,0.5159787336418452,0.963382960001099,0.963382960001099,0.5159787336418448,0.5159787336418448,1.0,0.0,0.0,1.0,1.0
0.3126079367123954,1.3195079107728942,gt-order-1,"ap_fixed<16,6,AP_RND,AP_SAT>",False,True,1000.0,4.57763671875e-05,-4.339358666416729,1.0,1.0,0.6163156032562256,0.0,1.8583203554153442,1.8583203554153442,1.884220743179863,1.884220743179863,0.5890223725896322,0.5890223725896322,0.5890223725896322,0.5890223725896322,0.9581993319276346,0.9581993319276346,0.5890223725896321,0.5890223725896321,1.0,0.0,0.0,1.0,1.0
0.35686174928348097,1.3195079107728942,gt-order-1,"ap_fixed<16,6,AP_RND,AP_SAT>",False,True,1000.0,4.57763671875e-05,-4.339358666416729,1.0,1.0,0.615587055683136,0.0,1.858596682548523,1.858596682548523,1.884220743179863,1.884220743179863,0.672406293616099,0.672406293616099,0.672406293616099,0.672406293616099,0.9522818935286895,0.9522818935286895,0.6724062936160985,0.6724062936160985,1.0,0.0,0.0,1.0,1.0
0.4073802778041126,1.3195079107728942,gt-order-1,"ap_fixed<16,6,AP_RND,AP_SAT>",False,True,1000.0,3.0517578125e-05,-4.515449920728757,1.0,1.0,0.40555354952812195,0.0,1.8583978414535522,1.8583978414535522,1.884220743179863,1.884220743179863,0.767594379362858,0.767594379362858,0.767594379362858,0.767594379362858,0.9455267586443373,0.9455267586443373,0.7675943793628573,0.7675943793628573,1.0,0.0,0.0,1.0,1.0
0.46505037616660627,1.3195079107728942,gt-order-1,"ap_fixed<16,6,AP_RND,AP_SAT>",False,True,1000.0,3.0517578125e-05,-4.515449920728757,1.0,1.0,0.46423831582069397,0.0,1.8584356307983398,1.8584356307983398,1.884220743179863,1.884220743179863,0.8762575528374587,0.8762575528374587,0.8762575528374587,0.8762575528374587,0.9378153482506506,0.9378153482506506,0.8762575528374581,0.8762575528374581,1.0,0.0,0.0,1.0,1.0
0.5308844442309882,1.3195079107728942,gt-order-1,"ap_fixed<16,6,AP_RND,AP_SAT>",False,True,1000.0,1.52587890625e-05,-4.816479902161777,1.0,1.0,0.597022294998169,0.0,1.8588943481445312,1.8588943481445312,1.884220743179863,1.884220743179863,1.0003034829608741,1.0003034829608741,1.0003034829608741,1.0003034829608741,0.9290122823704532,0.9290122823704532,1.0003034829608737,1.0003034829608737,1.0,0.0,0.0,1.0,1.0
0.606038200527066,1.3195079107728942,gt-order-1,"ap_fixed<16,6,AP_RND,AP_SAT>",False,True,1000.0,1.52587890625e-05,-4.816479902161777,1.0,0.9873530268669128,0.6108471751213074,0.0,1.85874342918396,1.85874342918396,1.884220743179863,1.884220743179863,1.1419097716725375,1.1419097716725375,1.1419097716725375,1.1419097716725375,0.9189630249112297,0.9199878973579635,1.1419097716725366,1.1419097716725366,1.0,0.0,0.0,1.0,1.0
0.6918309709189363,1.3195079107728942,gt-order-1,"ap_fixed<16,6,AP_RND,AP_SAT>",False,True,1000.0,1.52587890625e-05,-4.816479902161777,1.0,0.9577115774154663,0.8053872585296631,0.0,1.858785629272461,1.858785629272461,1.884220743179863,1.884220743179863,1.3035623072175493,1.3035623072175493,1.3035623072175493,1.3035623072175493,0.90749116187882,0.9114032147180922,1.303562307217548,1.303562307217548,1.0,0.0,0.0,1.0,1.0
0.7897688493998856,1.3195079107728942,gt-order-1,"ap_fixed<16,6,AP_RND,AP_SAT>",False,True,1000.0,0.0,-12.0,1.0,0.90239417552948,0.75,0.0,1.858849048614502,1.858849048614502,1.884220743179863,1.884220743179863,1.4880988959243653,1.4880988959243653,1.4880988959243653,1.4880988959243653,0.8943953049968023,0.9047029383205468,1.4880988959243642,1.4880988959243642,1.0,0.0,0.0,1.0,1.0
0.9015711376059565,1.3195079107728942,gt-order-1,"ap_fixed<16,6,AP_RND,AP_SAT>",False,True,1000.0,0.0,-12.0,1.0,0.811461329460144,0.5669466853141785,0.0,1.8587805032730103,1.8587805032730103,1.884220743179863,1.884220743179863,1.6987590709394278,1.6987590709394278,1.6987590709394278,1.6987590709394278,0.8794455569708373,0.9021747313872279,1.698759070939427,1.698759070939427,1.0,0.0,0.0,1.0,1.0
1.0292005271944276,1.3195079107728942,gt-order-1,"ap_fixed<16,6,AP_RND,AP_SAT>",False,True,1000.0,0.0,-12.0,0.9716286659240723,0.699110746383667,0.6172133684158325,0.0,1.8632795810699463,1.8632795810699463,1.884220743179863,1.884220743179863,1.9392410325393603,1.9392410325393599,1.9392410325393603,1.9392410325393599,0.9392410325393596,0.9392410325393596,1.9392410325393594,1.884222177351438,1.0,0.0,0.0,1.0,1.0
1.174897554939529,1.3195079107728942,gt-order-1,"ap_fixed<16,6,AP_RND,AP_SAT>",False,True,1000.0,0.0,-12.0,0.851138710975647,0.5859823822975159,0.632455587387085,0.0,1.8743873834609985,1.8743873834609985,1.884220743179863,1.884220743179863,2.2137663377164185,2.213766337716418,2.2137663377164185,2.213766337716418,1.2137663377164185,1.2137663377164178,2.213766337716417,1.88422222708523,1.0,0.0,0.0,1.0,1.0
1.3412199354053709,1.3195079107728942,gt-order-1,"ap_fixed<16,6,AP_RND,AP_SAT>",False,True,1000.0,0.0,-12.0,0.7455904483795166,0.48596426844596863,0.6123724579811096,0.0,1.880311369895935,1.880311369895935,1.884220743179863,1.884220743179863,2.5271543605867453,2.5271543605867444,2.5271543605867453,2.5271543605867444,1.5271543605867448,1.5271543605867433,2.5271543605867444,1.8842221528341212,1.0,0.0,0.0,1.0,1.0
1.5310874616820287,1.3195079107728942,gt-order-1,"ap_fixed<16,6,AP_RND,AP_SAT>",False,True,1000.0,0.0,-12.0,0.6531310081481934,0.411078542470932,0.6324555277824402,0.0,1.8828684091567993,1.8828684091567993,1.8842207431798628,1.8842207431798628,2.8849068605463506,2.8849068605463484,2.8849068605463506,2.8849068605463484,1.8849068605463513,1.8849068605463501,2.884906860546349,1.8842221262422763,1.0,0.0,0.0,1.0,1.0
1.7478332624182173,1.3195079107728942,gt-order-1,"ap_fixed<16,6,AP_RND,AP_SAT>",False,True,1000.0,0.0,-12.0,0.5721373558044434,0.3482535779476166,0.6396021246910095,0.0,1.8836865425109863,1.8836865425109863,1.884220743179863,1.884220743179863,3.293303668949594,3.2933036689495916,3.293303668949594,3.2933036689495916,2.293303668949594,2.2933036689495903,3.2933036689495907,1.8842220530138907,1.0,0.0,0.0,1.0,1.0
1.9952623149688795,1.3195079107728942,gt-order-1,"ap_fixed<16,6,AP_RND,AP_SAT>",False,True,1000.0,0.0,-12.0,0.5011876821517944,0.2946276366710663,0.5999999642372131,0.0,1.8839457035064697,1.8839457035064697,1.884220743179863,1.884220743179863,3.759514548184024,3.759514548184022,3.759514548184024,3.759514548184022,2.759514548184024,2.75951454818402,3.7595145481840215,1.8842223824203004,1.0,0.0,0.0,1.0,1.0
0.01,1.3660402567543954,gt-order-1,"ap_fixed<16,6,AP_RND,AP_SAT>",False,True,1000.0,0.0637969970703125,-1.195199763066477,1.0,1.0,0.3750239312648773,0.0,1.9992108345031738,1.9992108345031738,2.019457791091244,2.019457791091244,0.020194577459528452,0.020194577459528452,0.020194577459528452,0.020194577459528452,0.9985668679746161,0.9985668679746161,0.02019457745952844,0.02019457745952844,1.0,0.0,0.0,1.0,1.0
0.011415633046188459,1.3660402567543954,gt-order-1,"ap_fixed<16,6,AP_RND,AP_SAT>",False,True,1000.0,0.0499725341796875,-1.3012686262872066,1.0,1.0,0.5269296765327454,0.0,1.9954254627227783,1.9954254627227783,2.019457791091244,2.019457791091244,0.023053389755270288,0.023053389755270288,0.023053389755270288,0.023053389755270288,0.9983639889857491,0.9983639889857491,0.023053389755270274,0.023053389755270274,1.0,0.0,0.0,1.0,1.0
0.013031667784522994,1.3660402567543954,gt-order-1,"ap_fixed<16,6,AP_RND,AP_SAT>",False,True,1000.0,0.038330078125,-1.4164602955472103,1.0,1.0,0.5268257260322571,0.0,1.997254490852356,1.997254490852356,2.0194577910912437,2.0194577910912437,0.02631690353354394,0.02631690353354394,0.02631690353354394,0.02631690353354394,0.9981323898784984,0.9981323898784984,0.02631690353354393,0.02631690353354393,1.0,0.0,0.0,1.0,1.0
0.014876473740795015,1.3660402567543954,gt-order-1,"ap_fixed<16,6,AP_RND,AP_SAT>",False,True,1000.0,0.028717041015625,-1.5418603115173377,1.0,1.0,0.37057432532310486,0.0,1.9974602460861206,1.9974602460861206,2.019457791091244,2.019457791091244,0.03004241070741197,0.03004241070741197,0.03004241070741197,0.03004241070741197,0.9978680048646317,0.9978680048646317,0.030042410707411944,0.030042410707411944,1.0,0.0,0.0,1.0,1.0
0.016982436524617443,1.3660402567543954,gt-order-1,"ap_fixed<16,6,AP_RND,AP_SAT>",False,True,1000.0,0.022247314453125,-1.6527224066222221,1.0,1.0,0.3683873116970062,0.0,1.9925721883773804,1.9925721883773804,2.019457791091244,2.019457791091244,0.034295313055642554,0.034295313055642554,0.034295313055642554,0.034295313055642554,0.9975661926297239,0.9975661926297239,0.03429531305564252,0.03429531305564252,1.0,0.0,0.0,1.0,1.0
0.019386526359522076,1.3660402567543954,gt-order-1,"ap_fixed<16,6,AP_RND,AP_SAT>",False,True,1000.0,0.01678466796875,-1.7750872454395996,1.0,1.0,0.38717952370643616,0.0,1.9931102991104126,1.9931102991104126,2.019457791091244,2.019457791091244,0.03915027137112006,0.03915027137112006,0.03915027137112006,0.03915027137112006,0.9972216547824844,0.9972216547824844,0.03915027137112003,0.03915027137112003,1.0,0.0,0.0,1.0,1.0
0.022130947096056376,1.3660402567543954,gt-order-1,"ap_fixed<16,6,AP_RND,AP_SAT>",False,True,1000.0,0.0125885009765625,-1.9000259820392746,1.0,1.0,0.38716769218444824,0.0,1.9940649271011353,1.9940649271011353,2.019457791091244,2.019457791091244,0.04469251447441905,0.04469251447441905,0.04469251447441905,0.04469251447441905,0.9968283429590645,0.9968283429590645,0.04469251447441903,0.04469251447441903,1.0,0.0,0.0,1.0,1.0
0.025263877101318954,1.3660402567543954,gt-order-1,"ap_fixed<16,6,AP_RND,AP_SAT>",False,True,1000.0,0.009674072265625,-2.0143906726970737,1.0,1.0,0.37627118825912476,0.0,1.9922171831130981,1.9922171831130981,2.019457791091244,2.019457791091244,0.051019334423274575,0.051019334423274575,0.051019334423274575,0.051019334423274575,0.9963793527137516,0.9963793527137516,0.05101933442327454,0.05101933442327454,1.0,0.0,0.0,1.0,1.0
0.028840315031266057,1.3660402567543954,gt-order-1,"ap_fixed<16,6,AP_RND,AP_SAT>",False,True,1000.0,0.00738525390625,-2.131634568920481,1.0,1.0,0.37900224328041077,0.0,1.9917725324630737,1.9917725324630737,2.019457791091244,2.019457791091244,0.058241798010214875,0.058241798010214875,0.058241798010214875,0.058241798010214875,0.99586680206052,0.99586680206052,0.058241798010214826,0.058241798010214826,1.0,0.0,0.0,1.0,1.0
0.03292304533334065,1.3660402567543954,gt-order-1,"ap_fixed<16,6,AP_RND,AP_SAT>",False,True,1000.0,0.00567626953125,-2.245936990665291,1.0,1.0,0.3782614469528198,0.0,1.9926787614822388,1.9926787614822388,2.019457791091244,2.019457791091244,0.06648670275985588,0.06648670275985588,0.06648670275985588,0.06648670275985588,0.9952816926633745,0.9952816926633745,0.06648670275985583,0.06648670275985583,1.0,0.0,0.0,1.0,1.0
0.037583740428844416,1.3660402567543954,gt-order-1,"ap_fixed<16,6,AP_RND,AP_SAT>",False,True,1000.0,0.0042266845703125,-2.3740001614565,1.0,1.0,0.3786984086036682,0.0,1.9901561737060547,1.9901561737060547,2.019457791091244,2.019457791091244,0.07589878118739077,0.07589878118739077,0.07589878118739077,0.07589878118739077,0.9946137534085443,0.9946137534085443,0.07589878118739071,0.07589878118739071,1.0,0.0,0.0,1.0,1.0
0.04290421892388853,1.3660402567543954,gt-order-1,"ap_fixed<16,6,AP_RND,AP_SAT>",False,True,1000.0,0.0032196044921875,-2.492197475191116,1.0,1.0,0.38534921407699585,0.0,1.9896008968353271,1.9896008968353271,2.019457791091244,2.019457791091244,0.08664326240273913,0.08664326240273913,0.08664326240273913,0.08664326240273913,0.9938512586172215,0.9938512586172215,0.08664326240273904,0.08664326240273904,1.0,0.0,0.0,1.0,1.0
0.04897788193684462,1.3660402567543954,gt-order-1,"ap_fixed<16,6,AP_RND,AP_SAT>",False,True,1000.0,0.0024566650390625,-2.6096540544150675,1.0,1.0,0.4051588773727417,0.0,1.9916735887527466,1.9916735887527466,2.019457791091244,2.019457791091244,0.09890876472962283,0.09890876472962283,0.09890876472962283,0.09890876472962283,0.992980822767434,0.992980822767434,0.09890876472962278,0.09890876472962278,1.0,0.0,0.0,1.0,1.0
0.05591135275705602,1.3660402567543954,gt-order-1,"ap_fixed<16,6,AP_RND,AP_SAT>",False,True,1000.0,0.0019073486328125,-2.7195699173879473,1.0,1.0,0.3777674436569214,0.0,1.9921613931655884,1.9921613931655884,2.019457791091244,2.019457791091244,0.11291061337790022,0.11291061337790022,0.11291061337790022,0.11291061337790022,0.9919871650515129,0.9919871650515129,0.11291061337790016,0.11291061337790016,1.0,0.0,0.0,1.0,1.0
0.06382634861905485,1.3660402567543954,gt-order-1,"ap_fixed<16,6,AP_RND,AP_SAT>",False,True,1000.0,0.001434326171875,-2.843352076721214,1.0,1.0,0.5795226693153381,0.0,1.9928863048553467,1.9928863048553467,2.019457791091244,2.019457791091244,0.12889460949989118,0.12889460949989118,0.12889460949989118,0.12889460949989118,0.9908528419005604,0.9908528419005604,0.12889460949989107,0.12889460949989107,1.0,0.0,0.0,1.0,1.0
0.07286181745132274,1.3660402567543954,gt-order-1,"ap_fixed<16,6,AP_RND,AP_SAT>",False,True,1000.0,0.0010833740234375,-2.9652215815037515,1.0,1.0,0.37772366404533386,0.0,1.9927892684936523,1.9927892684936523,2.019457791091244,2.019457791091244,0.14714137099975777,0.14714137099975777,0.14714137099975777,0.14714137099975777,0.9895579389337908,0.9895579389337908,0.14714137099975771,0.14714137099975771,1.0,0.0,0.0,1.0,1.0
0.08317637711026708,1.3660402567543954,gt-order-1,"ap_fixed<16,6,AP_RND,AP_SAT>",False,True,1000.0,0.0008087158203125,-3.0922040604858925,1.0,1.0,0.40580442547798157,0.0,1.9921441078186035,1.9921441078186035,2.019457791091244,2.019457791091244,0.1679711773883412,0.1679711773883412,0.1679711773883412,0.1679711773883412,0.9880797271376855,0.9880797271376855,0.16797117738834105,0.16797117738834105,1.0,0.0,0.0,1.0,1.0
0.09495109992021983,1.3660402567543954,gt-order-1,"ap_fixed<16,6,AP_RND,AP_SAT>",False,True,1000.0,0.0006256103515625,-3.2036960732097706,1.0,1.0,0.3545519709587097,0.0,1.9917598962783813,1.9917598962783813,2.019457791091244,2.019457791091244,0.19174973997518074,0.19174973997518074,0.19174973997518074,0.19174973997518074,0.9863922533775092,0.9863922533775092,0.19174973997518063,0.19174973997518063,1.0,0.0,0.0,1.0,1.0
0.10839269140212034,1.3660402567543954,gt-order-1,"ap_fixed<16,6,AP_RND,AP_SAT>",False,True,1000.0,0.0004425048828125,-3.3540819317432975,1.0,1.0,0.3863159418106079,0.0,1.9931621551513672,1.9931621551513672,2.019457791091244,2.019457791091244,0.2188944685829226,0.2188944685829226,0.2188944685829226,0.2188944685829226,0.9844658956725223,0.9844658956725223,0.21889446858292244,0.21889446858292244,1.0,0.0,0.0,1.0,1.0
0.12373711899353519,1.3660402567543954,gt-order-1,"ap_fixed<16,6,AP_RND,AP_SAT>",False,True,1000.0,0.0003662109375,-3.4362686877261797,1.0,1.0,0.37239524722099304,0.0,1.9933841228485107,1.9933841228485107,2.019457791091244,2.019457791091244,0.2498818892909059,0.2498818892909059,0.2498818892909059,0.2498818892909059,0.9822668367870533,0.9822668367870533,0.24988188929090574,0.24988188929090574,1.0,0.0,0.0,1.0,1.0
0.1412537544622754,1.3660402567543954,gt-order-1,"ap_fixed<16,6,AP_RND,AP_SAT>",False,True,1000.0,0.0002899169921875,-3.5377263281728744,1.0,1.0,0.4311056435108185,0.0,1.9928220510482788,1.9928220510482788,2.019457791091244,2.019457791091244,0.285255995038997,0.285255995038997,0.285255995038997,0.285255995038997,0.9797564716200418,0.9797564716200418,0.28525599503899685,0.28525599503899685,1.0,0.0,0.0,1.0,1.0
0.16125010273377416,1.3660402567543954,gt-order-1,"ap_fixed<16,6,AP_RND,AP_SAT>",False,True,1000.0,0.000213623046875,-3.6703518929124668,1.0,1.0,0.36447402834892273,0.0,1.9922300577163696,1.9922300577163696,2.019457791091244,2.019457791091244,0.32563776982980047,0.32563776982980047,0.32563776982980047,0.32563776982980047,0.9768907313087856,0.9768907313087856,0.3256377698298002,0.3256377698298002,1.0,0.0,0.0,1.0,1.0
0.18407720014689555,1.3660402567543954,gt-order-1,"ap_fixed<16,6,AP_RND,AP_SAT>",False,True,1000.0,0.0001373291015625,-3.8622374180219383,1.0,1.0,0.444444477558136,0.0,1.9927867650985718,1.9927867650985718,2.019457791091244,2.019457791091244,0.37173614231350793,0.37173614231350793,0.37173614231350793,0.37173614231350793,0.9736193058948648,0.9736193058948648,0.3717361423135076,0.3717361423135076,1.0,0.0,0.0,1.0,1.0
0.21013577690467466,1.3660402567543954,gt-order-1,"ap_fixed<16,6,AP_RND,AP_SAT>",False,True,1000.0,0.0001068115234375,-3.9713818865434534,1.0,1.0,0.4694685637950897,0.0,1.9926146268844604,1.9926146268844604,2.019457791091244,2.019457791091244,0.42436032361698695,0.42436032361698695,0.42436032361698695,0.42436032361698695,0.9698847687555369,0.9698847687555369,0.42436032361698656,0.42436032361698656,1.0,0.0,0.0,1.0,1.0
0.239883291901949,1.3660402567543954,gt-order-1,"ap_fixed<16,6,AP_RND,AP_SAT>",False,True,1000.0,7.62939453125e-05,-4.117509920595296,1.0,1.0,0.3931785523891449,0.0,1.9925808906555176,1.9925808906555176,2.019457791091244,2.019457791091244,0.48443417640082864,0.48443417640082864,0.48443417640082864,0.48443417640082864,0.9656215568866438,0.9656215568866438,0.48443417640082825,0.48443417640082825,1.0,0.0,0.0,1.0,1.0
0.27384196342643613,1.3660402567543954,gt-order-1,"ap_fixed<16,6,AP_RND,AP_SAT>",False,True,1000.0,6.103515625e-05,-4.214419932180256,1.0,1.0,0.45510411262512207,0.0,1.9931472539901733,1.9931472539901733,2.019457791091244,2.019457791091244,0.5530123142216951,0.5530123142216951,0.5530123142216951,0.5530123142216951,0.9607548283923605,0.9607548283923605,0.5530123142216945,0.5530123142216945,1.0,0.0,0.0,1.0,1.0
0.3126079367123954,1.3660402567543954,gt-order-1,"ap_fixed<16,6,AP_RND,AP_SAT>",False,True,1000.0,4.57763671875e-05,-4.339358666416729,1.0,1.0,0.45279237627983093,0.0,1.9926719665527344,1.9926719665527344,2.019457791091244,2.019457791091244,0.6312985480914193,0.6312985480914193,0.6312985480914193,0.6312985480914193,0.9551991534033557,0.9551991534033557,0.6312985480914187,0.6312985480914187,1.0,0.0,0.0,1.0,1.0
0.35686174928348097,1.3660402567543954,gt-order-1,"ap_fixed<16,6,AP_RND,AP_SAT>",False,True,1000.0,3.0517578125e-05,-4.515449920728757,1.0,1.0,0.5,0.0,1.9928134679794312,1.9928134679794312,2.019457791091244,2.019457791091244,0.7206672218936487,0.7206672218936487,0.7206672218936487,0.7206672218936487,0.9488569999837673,0.9488569999837673,0.7206672218936481,0.7206672218936481,1.0,0.0,0.0,1.0,1.0
0.4073802778041126,1.3660402567543954,gt-order-1,"ap_fixed<16,6,AP_RND,AP_SAT>",False,True,1000.0,1.52587890625e-05,-4.816479902161777,1.0,1.0,0.5,0.0,1.9928559064865112,1.9928559064865112,2.019457791091244,2.019457791091244,0.8226872861967006,0.8226872861967006,0.8226872861967006,0.8226872861967006,0.941617025704658,0.941617025704658,0.8226872861966998,0.8226872861966998,1.0,0.0,0.0,1.0,1.0
0.46505037616660627,1.3660402567543954,gt-order-1,"ap_fixed<16,6,AP_RND,AP_SAT>",False,True,1000.0,1.52587890625e-05,-4.816479902161777,1.0,1.0,0.5299988985061646,0.0,1.992921233177185,1.992921233177185,2.019457791091244,2.019457791091244,0.9391495919388864,0.9391495919388864,0.9391495919388864,0.9391495919388864,0.933352140715422,0.933352140715422,0.9391495919388857,0.9391495919388857,1.0,0.0,0.0,1.0,1.0
0.5308844442309882,1.3660402567543954,gt-order-1,"ap_fixed<16,6,AP_RND,AP_SAT>",False,True,1000.0,1.52587890625e-05,-4.816479902161777,1.0,0.9941999912261963,0.5391638875007629,0.0,1.9929003715515137,1.9929003715515137,2.019457791091244,2.019457791091244,1.0720987280460132,1.0720987280460132,1.0720987280460132,1.0720987280460132,0.9239172483496799,0.9243585289767863,1.0720987280460124,1.0720987280460124,1.0,0.0,0.0,1.0,1.0
0.606038200527066,1.3660402567543954,gt-order-1,"ap_fixed<16,6,AP_RND,AP_SAT>",False,True,1000.0,1.52587890625e-05,-4.816479902161777,1.0,0.9792289137840271,0.5714285373687744,0.0,1.992796778678894,1.992796778678894,2.019457791091244,2.019457791091244,1.223868590489878,1.223868590489878,1.223868590489878,1.223868590489878,0.9131467209250601,0.9149507578728648,1.2238685904898774,1.2238685904898774,1.0,0.0,0.0,1.0,1.0
0.6918309709189363,1.3660402567543954,gt-order-1,"ap_fixed<16,6,AP_RND,AP_SAT>",False,True,1000.0,1.52587890625e-05,-4.816479902161777,1.0,0.9359869360923767,0.7999999523162842,0.0,1.9929686784744263,1.9929686784744263,2.019457791091244,2.019457791091244,1.3971234883237176,1.3971234883237176,1.3971234883237176,1.3971234883237176,0.9008514826048741,0.907198282985234,1.3971234883237167,1.3971234883237167,1.0,0.0,0.0,1.0,1.0
0.7897688493998856,1.3660402567543954,gt-order-1,"ap_fixed<16,6,AP_RND,AP_SAT>",False,True,1000.0,0.0,-12.0,1.0,0.8618341684341431,0.8432740569114685,0.0,1.992717981338501,1.992717981338501,2.019457791091244,2.019457791091244,1.5949049070636803,1.5949049070636803,1.5949049070636803,1.5949049070636803,0.8868156907795576,0.9024538949832069,1.5949049070636796,1.5949049070636796,1.0,0.0,0.0,1.0,1.0
0.9015711376059565,1.3660402567543954,gt-order-1,"ap_fixed<16,6,AP_RND,AP_SAT>",False,True,1000.0,0.0,-12.0,1.0,0.7503061890602112,0.8164966106414795,0.0,1.9929591417312622,1.9929591417312622,2.019457791091244,2.019457791091244,1.8206848923688328,1.8206848923688328,1.8206848923688328,1.8206848923688328,0.8707929476308056,0.9030551489371663,1.8206848923688312,1.8206848923688312,1.0,0.0,0.0,1.0,1.0
1.0292005271944276,1.3660402567543954,gt-order-1,"ap_fixed<16,6,AP_RND,AP_SAT>",False,True,1000.0,0.0,-12.0,0.9716286659240723,0.6332038044929504,0.7302967309951782,0.0,2.003216028213501,2.003216028213501,2.019457791091244,2.019457791091244,2.078427077156749,2.078427077156748,2.078427077156749,2.078427077156748,1.078427077156748,1.078427077156747,2.0784270771567472,2.019459328198279,1.0,0.0,0.0,1.0,1.0
1.174897554939529,1.3660402567543954,gt-order-1,"ap_fixed<16,6,AP_RND,AP_SAT>",False,True,1000.0,0.0,-12.0,0.8511383533477783,0.5295493602752686,0.5773502588272095,0.0,2.013187885284424,2.013187885284424,2.019457791091244,2.019457791091244,2.3726560141845328,2.372656014184532,2.3726560141845328,2.372656014184532,1.372656014184532,1.3726560141845314,2.3726560141845323,2.019458532973726,1.0,0.0,0.0,1.0,1.0
1.3412199354053709,1.3660402567543954,gt-order-1,"ap_fixed<16,6,AP_RND,AP_SAT>",False,True,1000.0,0.0,-12.0,0.7455904483795166,0.44479840993881226,0.6859943270683289,0.0,2.017314910888672,2.017314910888672,2.0194577910912437,2.0194577910912437,2.708536980738433,2.708536980738433,2.708536980738433,2.708536980738433,1.7085369807384325,1.7085369807384307,2.708536980738431,2.0194593019212688,1.0,0.0,0.0,1.0,1.0
1.5310874616820287,1.3660402567543954,gt-order-1,"ap_fixed<16,6,AP_RND,AP_SAT>",False,True,1000.0,0.0,-12.0,0.6531310081481934,0.3769058585166931,0.7627700567245483,0.0,2.018718719482422,2.018718719482422,2.019457791091244,2.019457791091244,3.0919666165392488,3.091966616539245,3.0919666165392488,3.091966616539245,2.091966616539246,2.0919666165392434,3.091966616539246,2.019459273420836,1.0,0.0,0.0,1.0,1.0
1.7478332624182173,1.3660402567543954,gt-order-1,"ap_fixed<16,6,AP_RND,AP_SAT>",False,True,1000.0,0.0,-12.0,0.5721373558044434,0.31903332471847534,0.5345224738121033,0.0,2.0191683769226074,2.0191683769226074,2.0194577910912437,2.0194577910912437,3.529675478185083,3.5296754781850823,3.529675478185083,3.5296754781850823,2.529675478185083,2.5296754781850814,3.5296754781850814,2.0194591949365965,1.0,0.0,0.0,1.0,1.0
1.9952623149688795,1.3660402567543954,gt-order-1,"ap_fixed<16,6,AP_RND,AP_SAT>",False,True,1000.0,0.0,-12.0,0.5011874437332153,0.270131379365921,0.5669466853141785,0.0,2.0193533897399902,2.0193533897399902,2.019457791091244,2.019457791091244,4.0293479267393755,4.029347926739371,4.0293479267393755,4.029347926739371,3.029347926739373,3.0293479267393693,4.02934792673937,2.019458587314236,1.0,0.0,0.0,1.0,1.0
0.01,1.4142135623730951,gt-order-1,"ap_fixed<16,6,AP_RND,AP_SAT>",False,True,1000.0,0.0604705810546875,-1.2184558582823275,1.0,1.0,0.37589526176452637,0.0,2.1407535076141357,2.1407535076141357,2.164401270196561,2.164401270196561,0.021644012218184225,0.021644012218184225,0.021644012218184225,0.021644012218184225,0.9984640071308356,0.9984640071308356,0.021644012218184207,0.021644012218184207,1.0,0.0,0.0,1.0,1.0
0.011415633046188459,1.4142135623730951,gt-order-1,"ap_fixed<16,6,AP_RND,AP_SAT>",False,True,1000.0,0.046875,-1.3290587192549599,1.0,1.0,0.37466707825660706,0.0,2.144089698791504,2.144089698791504,2.1644012701965605,2.1644012701965605,0.024708011372538228,0.024708011372538228,0.024708011372538228,0.024708011372538228,0.9982465668150211,0.9982465668150211,0.02470801137253822,0.02470801137253822,1.0,0.0,0.0,1.0,1.0
0.013031667784522994,1.4142135623730951,gt-order-1,"ap_fixed<16,6,AP_RND,AP_SAT>",False,True,1000.0,0.0355987548828125,-1.448565191817747,1.0,1.0,0.37789011001586914,0.0,2.139251470565796,2.139251470565796,2.164401270196561,2.164401270196561,0.028205758836317898,0.028205758836317898,0.028205758836317898,0.028205758836317898,0.9979983450385617,0.9979983450385617,0.028205758836317874,0.028205758836317874,1.0,0.0,0.0,1.0,1.0
0.014876473740795015,1.4142135623730951,gt-order-1,"ap_fixed<16,6,AP_RND,AP_SAT>",False,True,1000.0,0.0268096923828125,-1.571708169112205,1.0,1.0,0.3714373707771301,0.0,2.135040760040283,2.135040760040283,2.164401270196561,2.164401270196561,0.03219865856158976,0.03219865856158976,0.03219865856158976,0.03219865856158976,0.9977149841975363,0.9977149841975363,0.032198658561589745,0.032198658561589745,1.0,0.0,0.0,1.0,1.0
0.016982436524617443,1.4142135623730951,gt-order-1,"ap_fixed<16,6,AP_RND,AP_SAT>",False,True,1000.0,0.0206756591796875,-1.6845406353922696,1.0,1.0,0.36742454767227173,0.0,2.1372573375701904,2.1372573375701904,2.1644012701965605,2.1644012701965605,0.03675680643927238,0.03675680643927238,0.03675680643927238,0.03675680643927238,0.9973915098543258,0.9973915098543258,0.03675680643927236,0.03675680643927236,1.0,0.0,0.0,1.0,1.0
0.019386526359522076,1.4142135623730951,gt-order-1,"ap_fixed<16,6,AP_RND,AP_SAT>",False,True,1000.0,0.015594482421875,-1.807029034797156,1.0,1.0,0.3764399290084839,0.0,2.1326870918273926,2.1326870918273926,2.1644012701965605,2.1644012701965605,0.04196022192590787,0.04196022192590787,0.04196022192590787,0.04196022192590787,0.9970222433337654,0.9970222433337654,0.04196022192590783,0.04196022192590783,1.0,0.0,0.0,1.0,1.0
0.022130947096056376,1.4142135623730951,gt-order-1,"ap_fixed<16,6,AP_RND,AP_SAT>",False,True,1000.0,0.0116119384765625,-1.9350952738157257,1.0,1.0,0.5334945321083069,0.0,2.137221336364746,2.137221336364746,2.164401270196561,2.164401270196561,0.0479002510096732,0.0479002510096732,0.0479002510096732,0.0479002510096732,0.9966007021600071,0.9966007021600071,0.04790025100967316,0.04790025100967316,1.0,0.0,0.0,1.0,1.0
0.025263877101318954,1.4142135623730951,gt-order-1,"ap_fixed<16,6,AP_RND,AP_SAT>",False,True,1000.0,0.0088348388671875,-2.053801366847106,1.0,1.0,0.3762061297893524,0.0,2.1338868141174316,2.1338868141174316,2.164401270196561,2.164401270196561,0.05468116873621216,0.05468116873621216,0.05468116873621216,0.05468116873621216,0.9961194863313814,0.9961194863313814,0.05468116873621212,0.05468116873621212,1.0,0.0,0.0,1.0,1.0
0.028840315031266057,1.4142135623730951,gt-order-1,"ap_fixed<16,6,AP_RND,AP_SAT>",False,True,1000.0,0.006744384765625,-2.171057661210214,1.0,1.0,0.5383532047271729,0.0,2.1360886096954346,2.1360886096954346,2.164401270196561,2.164401270196561,0.06242201354638017,0.06242201354638017,0.06242201354638017,0.06242201354638017,0.9955701481444559,0.9955701481444559,0.062422013546380106,0.062422013546380106,1.0,0.0,0.0,1.0,1.0
0.03292304533334065,1.4142135623730951,gt-order-1,"ap_fixed<16,6,AP_RND,AP_SAT>",False,True,1000.0,0.005218505859375,-2.282453824484342,1.0,1.0,0.38858115673065186,0.0,2.1332480907440186,2.1332480907440186,2.164401270196561,2.164401270196561,0.0712586836622382,0.0712586836622382,0.0712586836622382,0.0712586836622382,0.9949430434215286,0.9949430434215286,0.07125868366223813,0.07125868366223813,1.0,0.0,0.0,1.0,1.0
0.037583740428844416,1.4142135623730951,gt-order-1,"ap_fixed<16,6,AP_RND,AP_SAT>",False,True,1000.0,0.003936767578125,-2.4048602245501516,1.0,1.0,0.36876609921455383,0.0,2.1355462074279785,2.1355462074279785,2.1644012701965605,2.1644012701965605,0.08134629955280755,0.08134629955280755,0.08134629955280755,0.08134629955280755,0.9942271638554578,0.9942271638554578,0.0813462995528075,0.0813462995528075,1.0,0.0,0.0,1.0,1.0
0.04290421892388853,1.4142135623730951,gt-order-1,"ap_fixed<16,6,AP_RND,AP_SAT>",False,True,1000.0,0.0029296875,-2.5331787017719103,1.0,1.0,0.38156574964523315,0.0,2.13179612159729,2.13179612159729,2.164401270196561,2.164401270196561,0.09286194939341982,0.09286194939341982,0.09286194939341982,0.09286194939341982,0.9934099421748989,0.9934099421748989,0.09286194939341971,0.09286194939341971,1.0,0.0,0.0,1.0,1.0
0.04897788193684462,1.4142135623730951,gt-order-1,"ap_fixed<16,6,AP_RND,AP_SAT>",False,True,1000.0,0.00225830078125,-2.6462182150364315,1.0,1.0,0.3677610754966736,0.0,2.1326394081115723,2.1326394081115723,2.164401270196561,2.164401270196561,0.1060077892980809,0.1060077892980809,0.1060077892980809,0.1060077892980809,0.9924770321326574,0.9924770321326574,0.10600778929808082,0.10600778929808082,1.0,0.0,0.0,1.0,1.0
0.05591135275705602,1.4142135623730951,gt-order-1,"ap_fixed<16,6,AP_RND,AP_SAT>",False,True,1000.0,0.001739501953125,-2.7595750790375604,1.0,1.0,0.403868705034256,0.0,2.1338000297546387,2.1338000297546387,2.164401270196561,2.164401270196561,0.12101459911263783,0.12101459911263783,0.12101459911263783,0.12101459911263783,0.9914120561646294,0.9914120561646294,0.12101459911263766,0.12101459911263766,1.0,0.0,0.0,1.0,1.0
0.06382634861905485,1.4142135623730951,gt-order-1,"ap_fixed<16,6,AP_RND,AP_SAT>",False,True,1000.0,0.001312255859375,-2.8819814790491787,1.0,1.0,0.42691078782081604,0.0,2.1329269409179688,2.1329269409179688,2.164401270196561,2.164401270196561,0.13814582198932882,0.13814582198932882,0.13814582198932882,0.13814582198932882,0.9901963187166268,0.9901963187166268,0.13814582198932873,0.13814582198932873,1.0,0.0,0.0,1.0,1.0
0.07286181745132274,1.4142135623730951,gt-order-1,"ap_fixed<16,6,AP_RND,AP_SAT>",False,True,1000.0,0.001007080078125,-2.996935994650589,1.0,1.0,0.3658684492111206,0.0,2.1358330249786377,2.1358330249786377,2.164401270196561,2.164401270196561,0.1577022167510852,0.1577022167510852,0.1577022167510852,0.1577022167510852,0.9888084760838549,0.9888084760838549,0.15770221675108506,0.15770221675108506,1.0,0.0,0.0,1.0,1.0
0.08317637711026708,1.4142135623730951,gt-order-1,"ap_fixed<16,6,AP_RND,AP_SAT>",False,True,1000.0,0.000732421875,-3.135238692655155,1.0,1.0,0.36298197507858276,0.0,2.134363889694214,2.134363889694214,2.164401270196561,2.164401270196561,0.1800270504783782,0.1800270504783782,0.1800270504783782,0.1800270504783782,0.9872241679128586,0.9872241679128586,0.18002705047837814,0.18002705047837814,1.0,0.0,0.0,1.0,1.0
0.09495109992021983,1.4142135623730951,gt-order-1,"ap_fixed<16,6,AP_RND,AP_SAT>",False,True,1000.0,0.00054931640625,-3.260177429065803,1.0,1.0,0.3813142776489258,0.0,2.1340928077697754,2.1340928077697754,2.1644012701965605,2.1644012701965605,0.20551228284790113,0.20551228284790113,0.20551228284790113,0.20551228284790113,0.9854155783226297,0.9854155783226297,0.20551228284790105,0.20551228284790105,1.0,0.0,0.0,1.0,1.0
0.10839269140212034,1.4142135623730951,gt-order-1,"ap_fixed<16,6,AP_RND,AP_SAT>",False,True,1000.0,0.000457763671875,-3.339358674955306,1.0,1.0,0.5955016016960144,0.0,2.1345927715301514,2.1345927715301514,2.164401270196561,2.164401270196561,0.2346052826307735,0.2346052826307735,0.2346052826307735,0.2346052826307735,0.9833509592603856,0.9833509592603856,0.2346052826307733,0.2346052826307733,1.0,0.0,0.0,1.0,1.0
0.12373711899353519,1.4142135623730951,gt-order-1,"ap_fixed<16,6,AP_RND,AP_SAT>",False,True,1000.0,0.000335693359375,-3.474057248507769,1.0,1.0,0.3803061246871948,0.0,2.136317014694214,2.136317014694214,2.164401270196561,2.164401270196561,0.2678167778332716,0.2678167778332716,0.2678167778332716,0.2678167778332716,0.980994066310451,0.980994066310451,0.2678167778332714,0.2678167778332714,1.0,0.0,0.0,1.0,1.0
0.1412537544622754,1.4142135623730951,gt-order-1,"ap_fixed<16,6,AP_RND,AP_SAT>",False,True,1000.0,0.0002593994140625,-3.5860310075711945,1.0,1.0,0.5580490827560425,0.0,2.134992837905884,2.134992837905884,2.164401270196561,2.164401270196561,0.3057298056524188,0.3057298056524188,0.3057298056524188,0.3057298056524188,0.9783035235500966,0.9783035235500966,0.3057298056524185,0.3057298056524185,1.0,0.0,0.0,1.0,1.0
0.16125010273377416,1.4142135623730951,gt-order-1,"ap_fixed<16,6,AP_RND,AP_SAT>",False,True,1000.0,0.00018310546875,-3.7372986822042473,1.0,1.0,0.4208905100822449,0.0,2.134551763534546,2.134551763534546,2.164401270196561,2.164401270196561,0.34900992026317146,0.34900992026317146,0.34900992026317146,0.34900992026317146,0.9752320991418763,0.9752320991418763,0.34900992026317124,0.34900992026317124,1.0,0.0,0.0,1.0,1.0
0.18407720014689555,1.4142135623730951,gt-order-1,"ap_fixed<16,6,AP_RND,AP_SAT>",False,True,1000.0,0.0001220703125,-3.913389940074015,1.0,1.0,0.48515573143959045,0.0,2.135755777359009,2.135755777359009,2.164401270196561,2.164401270196561,0.39841693257998523,0.39841693257998523,0.39841693257998523,0.39841693257998523,0.9717258722075924,0.9717258722075924,0.398416932579985,0.398416932579985,1.0,0.0,0.0,1.0,1.0
0.21013577690467466,1.4142135623730951,gt-order-1,"ap_fixed<16,6,AP_RND,AP_SAT>",False,True,1000.0,0.0001068115234375,-3.9713818865434534,1.0,1.0,0.5191699862480164,0.0,2.135659694671631,2.135659694671631,2.164401270196561,2.164401270196561,0.45481813361462364,0.45481813361462364,0.45481813361462364,0.45481813361462364,0.9677232944171054,0.9677232944171054,0.45481813361462325,0.45481813361462325,1.0,0.0,0.0,1.0,1.0
0.239883291901949,1.4142135623730951,gt-order-1,"ap_fixed<16,6,AP_RND,AP_SAT>",False,True,1000.0,6.103515625e-05,-4.214419932180256,1.0,1.0,0.4147806763648987,0.0,2.135315418243408,2.135315418243408,2.164401270196561,2.164401270196561,0.5192036948501907,0.5192036948501907,0.5192036948501907,0.5192036948501907,0.9631540970826149,0.9631540970826149,0.5192036948501901,0.5192036948501901,1.0,0.0,0.0,1.0,1.0
0.27384196342643613,1.4142135623730951,gt-order-1,"ap_fixed<16,6,AP_RND,AP_SAT>",False,True,1000.0,4.57763671875e-05,-4.339358666416729,1.0,1.0,0.434958815574646,0.0,2.1357738971710205,2.1357738971710205,2.1644012701965605,2.1644012701965605,0.5927039231104659,0.5927039231104659,0.5927039231104659,0.5927039231104659,0.9579380666464964,0.9579380666464964,0.5927039231104656,0.5927039231104656,1.0,0.0,0.0,1.0,1.0
0.3126079367123954,1.4142135623730951,gt-order-1,"ap_fixed<16,6,AP_RND,AP_SAT>",False,True,1000.0,3.0517578125e-05,-4.515449920728757,1.0,1.0,0.5671049356460571,0.0,2.1358437538146973,2.1358437538146973,2.1644012701965614,2.1644012701965614,0.6766090310924335,0.6766090310924335,0.6766090310924335,0.6766090310924335,0.9519836416421282,0.9519836416421282,0.6766090310924329,0.6766090310924329,1.0,0.0,0.0,1.0,1.0
0.35686174928348097,1.4142135623730951,gt-order-1,"ap_fixed<16,6,AP_RND,AP_SAT>",False,True,1000.0,3.0517578125e-05,-4.515449920728757,1.0,1.0,0.4866642355918884,0.0,2.1355597972869873,2.1355597972869873,2.1644012701965605,2.1644012701965605,0.7723920040996606,0.7723920040996606,0.7723920040996606,0.7723920040996606,0.9451862899291725,0.9451862899291725,0.7723920040996605,0.7723920040996605,1.0,0.0,0.0,1.0,1.0
0.4073802778041126,1.4142135623730951,gt-order-1,"ap_fixed<16,6,AP_RND,AP_SAT>",False,True,1000.0,3.0517578125e-05,-4.515449920728757,1.0,1.0,0.5586608052253723,0.0,2.135970115661621,2.135970115661621,2.164401270196561,2.164401270196561,0.881734401716073,0.881734401716073,0.881734401716073,0.881734401716073,0.9374266776473476,0.9374266776473476,0.8817344017160722,0.8817344017160722,1.0,0.0,0.0,1.0,1.0
0.46505037616660627,1.4142135623730951,gt-order-1,"ap_fixed<16,6,AP_RND,AP_SAT>",False,True,1000.0,1.52587890625e-05,-4.816479902161777,1.0,1.0,0.7817359566688538,0.0,2.1356539726257324,2.1356539726257324,2.1644012701965605,2.1644012701965605,1.0065556104535907,1.0065556104535907,1.0065556104535907,1.0065556104535907,0.9285685932677664,0.9285685932677664,1.00655561045359,1.00655561045359,1.0,0.0,0.0,1.0,1.0
0.5308844442309882,1.4142135623730951,gt-order-1,"ap_fixed<16,6,AP_RND,AP_SAT>",False,True,1000.0,1.52587890625e-05,-4.816479902161777,1.0,0.9866223931312561,0.6063390970230103,0.0,2.1356360912323,2.1356360912323,2.164401270196561,2.164401270196561,1.1490469664656955,1.1490469664656955,1.1490469664656955,1.1490469664656955,0.9184565260343013,0.9195473825717255,1.1490469664656944,1.1490469664656944,1.0,0.0,0.0,1.0,1.0
0.606038200527066,1.4142135623730951,gt-order-1,"ap_fixed<16,6,AP_RND,AP_SAT>",False,True,1000.0,0.0,-12.0,1.0,0.955428421497345,0.6405126452445984,0.0,2.135875701904297,2.135875701904297,2.164401270196561,2.164401270196561,1.3117098775204266,1.3117098775204266,1.3117098775204266,1.3117098775204266,0.9069129605927818,0.9110619968772996,1.311709877520426,1.311709877520426,1.0,0.0,0.0,1.0,1.0
0.6918309709189363,1.4142135623730951,gt-order-1,"ap_fixed<16,6,AP_RND,AP_SAT>",False,True,1000.0,0.0,-12.0,1.0,0.8983634114265442,0.7144345045089722,0.0,2.1357860565185547,2.1357860565185547,2.164401270196561,2.164401270196561,1.4973998793583478,1.4973998793583478,1.4973998793583478,1.4973998793583478,0.8937352504795607,0.9045356371064306,1.497399879358347,1.497399879358347,1.0,0.0,0.0,1.0,1.0
0.7897688493998856,1.4142135623730951,gt-order-1,"ap_fixed<16,6,AP_RND,AP_SAT>",False,True,1000.0,0.0,-12.0,1.0,0.8064618706703186,0.6882472038269043,0.0,2.135913610458374,2.135913610458374,2.164401270196561,2.164401270196561,1.709376755443851,1.709376755443851,1.709376755443851,1.709376755443851,0.8786920613142166,0.902169772840302,1.7093767554438495,1.7093767554438495,1.0,0.0,0.0,1.0,1.0
0.9015711376059565,1.4142135623730951,gt-order-1,"ap_fixed<16,6,AP_RND,AP_SAT>",False,True,1000.0,0.0,-12.0,1.0,0.6922993063926697,0.588348388671875,0.0,2.141383171081543,2.141383171081543,2.164401270196561,2.164401270196561,1.9513617521767457,1.9513617521767457,1.9513617521767457,1.9513617521767457,0.9513617521767448,0.9513617521767448,1.9513617521767441,1.9513617521767441,1.0,0.0,0.0,1.0,1.0
1.0292005271944276,1.4142135623730951,gt-order-1,"ap_fixed<16,6,AP_RND,AP_SAT>",False,True,1000.0,0.0,-12.0,0.9716282486915588,0.5815467238426208,0.5547001957893372,0.0,2.15382719039917,2.15382719039917,2.1644012701965605,2.1644012701965605,2.2276029861352704,2.2276029861352695,2.2276029861352704,2.2276029861352695,1.2276029861352695,1.2276029861352686,2.2276029861352686,2.1644019881986982,1.0,0.0,0.0,1.0,1.0
1.174897554939529,1.4142135623730951,gt-order-1,"ap_fixed<16,6,AP_RND,AP_SAT>",False,True,1000.0,0.0,-12.0,0.8511383533477783,0.4819578230381012,0.6255432367324829,0.0,2.1601288318634033,2.1601288318634033,2.1644012701965605,2.1644012701965605,2.5429497528965594,2.542949752896559,2.5429497528965594,2.542949752896559,1.5429497528965594,1.542949752896558,2.5429497528965586,2.1644020653265166,1.0,0.0,0.0,1.0,1.0
1.3412199354053709,1.4142135623730951,gt-order-1,"ap_fixed<16,6,AP_RND,AP_SAT>",False,True,1000.0,0.0,-12.0,0.7455901503562927,0.4078913629055023,0.5883484482765198,0.0,2.162851095199585,2.162851095199585,2.164401270196561,2.164401270196561,2.902938059585197,2.9029380595851935,2.902938059585197,2.9029380595851935,1.9029380595851961,1.9029380595851941,2.902938059585195,2.16440202432113,1.0,0.0,0.0,1.0,1.0
1.5310874616820287,1.4142135623730951,gt-order-1,"ap_fixed<16,6,AP_RND,AP_SAT>",False,True,1000.0,0.0,-12.0,0.6531310081481934,0.34553730487823486,0.7427812814712524,0.0,2.1636738777160645,2.1636738777160645,2.164401270196561,2.164401270196561,3.3138877681749674,3.3138877681749648,3.3138877681749674,3.3138877681749648,2.313887768174966,2.313887768174964,3.3138877681749648,2.164402858918081,1.0,0.0,0.0,1.0,1.0
1.7478332624182173,1.4142135623730951,gt-order-1,"ap_fixed<16,6,AP_RND,AP_SAT>",False,True,1000.0,0.0,-12.0,0.572137176990509,0.2923215627670288,0.5547001957893372,0.0,2.1639647483825684,2.1639647483825684,2.1644012701965605,2.1644012701965605,3.7830125106191286,3.7830125106191277,3.7830125106191286,3.7830125106191277,2.7830125106191272,2.783012510619123,3.7830125106191277,2.164402098345406,1.0,0.0,0.0,1.0,1.0
1.9952623149688795,1.4142135623730951,gt-order-1,"ap_fixed<16,6,AP_RND,AP_SAT>",False,True,1000.0,0.0,-12.0,0.5011874437332153,0.24826690554618835,0.7844646573066711,0.0,2.164123773574829,2.164123773574829,2.164401270196561,2.164401270196561,4.318548181185799,4.318548181185795,4.318548181185799,4.318548181185795,3.3185481811857964,3.3185481811857915,4.318548181185795,2.1644021235672355,1.0,0.0,0.0,1.0,1.0
0.01,1.4640856959456254,gt-order-1,"ap_fixed<16,6,AP_RND,AP_SAT>",False,True,1000.0,0.0563507080078125,-1.2491006229650135,1.0,1.0,0.3679977059364319,0.0,2.300459146499634,2.300459146499634,2.3197478493676162,2.3197478493676162,0.023197477975172114,0.023197477975172114,0.023197477975172114,0.023197477975172114,0.9983537635970594,0.9983537635970594,0.02319747797517209,0.02319747797517209,1.0,0.0,0.0,1.0,1.0
0.011415633046188459,1.4640856959456254,gt-order-1,"ap_fixed<16,6,AP_RND,AP_SAT>",False,True,1000.0,0.04290771484375,-1.3674646142657911,1.0,1.0,0.3767933249473572,0.0,2.2925362586975098,2.2925362586975098,2.3197478493676167,2.3197478493676167,0.026481390966098892,0.026481390966098892,0.026481390966098892,0.026481390966098892,0.9981207168358753,0.9981207168358753,0.026481390966098868,0.026481390966098868,1.0,0.0,0.0,1.0,1.0
0.013031667784522994,1.4640856959456254,gt-order-1,"ap_fixed<16,6,AP_RND,AP_SAT>",False,True,1000.0,0.0335540771484375,-1.4742547012499656,1.0,1.0,0.37834811210632324,0.0,2.2926769256591797,2.2926769256591797,2.3197478493676167,2.3197478493676167,0.030230183885628575,0.030230183885628575,0.030230183885628575,0.030230183885628575,0.9978546793218911,0.9978546793218911,0.03023018388562855,0.03023018388562855,1.0,0.0,0.0,1.0,1.0
0.014876473740795015,1.4640856959456254,gt-order-1,"ap_fixed<16,6,AP_RND,AP_SAT>",False,True,1000.0,0.02496337890625,-1.6026966312709976,1.0,1.0,0.37464669346809387,0.0,2.2915964126586914,2.2915964126586914,2.3197478493676162,2.3197478493676162,0.03450966786024237,0.03450966786024237,0.03450966786024237,0.03450966786024237,0.9975509806908437,0.9975509806908437,0.03450966786024234,0.03450966786024234,1.0,0.0,0.0,1.0,1.0
0.016982436524617443,1.4640856959456254,gt-order-1,"ap_fixed<16,6,AP_RND,AP_SAT>",False,True,1000.0,0.0191650390625,-1.717490291199861,1.0,1.0,0.3703273832798004,0.0,2.2891247272491455,2.2891247272491455,2.3197478493676167,2.3197478493676167,0.039394969805843984,0.039394969805843984,0.039394969805843984,0.039394969805843984,0.9972042894724787,0.9972042894724787,0.03939496980584393,0.03939496980584393,1.0,0.0,0.0,1.0,1.0
0.019386526359522076,1.4640856959456254,gt-order-1,"ap_fixed<16,6,AP_RND,AP_SAT>",False,True,1000.0,0.0140228271484375,-1.8531644192066172,1.0,1.0,0.5387850999832153,0.0,2.2921667098999023,2.2921667098999023,2.3197478493676167,2.3197478493676167,0.044971852452652186,0.044971852452652186,0.044971852452652186,0.044971852452652186,0.9968085194134261,0.9968085194134261,0.044971852452652145,0.044971852452652145,1.0,0.0,0.0,1.0,1.0
0.022130947096056376,1.4640856959456254,gt-order-1,"ap_fixed<16,6,AP_RND,AP_SAT>",False,True,1000.0,0.010894775390625,-1.9627817188076622,1.0,1.0,0.37125164270401,0.0,2.2847256660461426,2.2847256660461426,2.3197478493676167,2.3197478493676167,0.0513382180069444,0.0513382180069444,0.0513382180069444,0.0513382180069444,0.99635672276807,0.99635672276807,0.05133821800694435,0.05133821800694435,1.0,0.0,0.0,1.0,1.0
0.025263877101318954,1.4640856959456254,gt-order-1,"ap_fixed<16,6,AP_RND,AP_SAT>",False,True,1000.0,0.0082550048828125,-2.08328266546452,1.0,1.0,0.5401972532272339,0.0,2.2851481437683105,2.2851481437683105,2.3197478493676167,2.3197478493676167,0.058605825695720606,0.058605825695720606,0.058605825695720606,0.058605825695720606,0.9958409684109643,0.9958409684109643,0.05860582569572055,0.05860582569572055,1.0,0.0,0.0,1.0,1.0
0.028840315031266057,1.4640856959456254,gt-order-1,"ap_fixed<16,6,AP_RND,AP_SAT>",False,True,1000.0,0.0063934326171875,-2.1942659075894757,1.0,1.0,0.3859667181968689,0.0,2.286363124847412,2.286363124847412,2.3197478493676167,2.3197478493676167,0.06690225776122431,0.06690225776122431,0.06690225776122431,0.06690225776122431,0.9952522023177114,0.9952522023177114,0.06690225776122426,0.06690225776122426,1.0,0.0,0.0,1.0,1.0
0.03292304533334065,1.4640856959456254,gt-order-1,"ap_fixed<16,6,AP_RND,AP_SAT>",False,True,1000.0,0.0048065185546875,-2.3181693767437435,1.0,1.0,0.3729260265827179,0.0,2.2864444255828857,2.2864444255828857,2.319747849367616,2.319747849367616,0.07637316631182366,0.07637316631182366,0.07637316631182366,0.07637316631182366,0.9945800881145378,0.9945800881145378,0.0763731663118236,0.0763731663118236,1.0,0.0,0.0,1.0,1.0
0.037583740428844416,1.4640856959456254,gt-order-1,"ap_fixed<16,6,AP_RND,AP_SAT>",False,True,1000.0,0.0036468505859375,-2.438082029556474,1.0,1.0,0.373195618391037,0.0,2.286217212677002,2.286217212677002,2.3197478493676167,2.3197478493676167,0.08718480535011983,0.08718480535011983,0.08718480535011983,0.08718480535011983,0.9938128273899302,0.9938128273899302,0.08718480535011974,0.08718480535011974,1.0,0.0,0.0,1.0,1.0
0.04290421892388853,1.4640856959456254,gt-order-1,"ap_fixed<16,6,AP_RND,AP_SAT>",False,True,1000.0,0.002685546875,-2.5709672626478337,1.0,1.0,0.40259790420532227,0.0,2.2856597900390625,2.2856597900390625,2.3197478493676167,2.3197478493676167,0.0995269732834277,0.0995269732834277,0.0995269732834277,0.0995269732834277,0.992936950875907,0.992936950875907,0.0995269732834276,0.0995269732834276,1.0,0.0,0.0,1.0,1.0
0.04897788193684462,1.4640856959456254,gt-order-1,"ap_fixed<16,6,AP_RND,AP_SAT>",False,True,1000.0,0.00213623046875,-2.670351894742162,1.0,1.0,0.3671559989452362,0.0,2.2862300872802734,2.2862300872802734,2.3197478493676167,2.3197478493676167,0.11361633567055987,0.11361633567055987,0.11361633567055987,0.11361633567055987,0.9919370826453714,0.9919370826453714,0.11361633567055972,0.11361633567055972,1.0,0.0,0.0,1.0,1.0
0.05591135275705602,1.4640856959456254,gt-order-1,"ap_fixed<16,6,AP_RND,AP_SAT>",False,True,1000.0,0.0015869140625,-2.7994465910512463,1.0,1.0,0.5616241097450256,0.0,2.2866199016571045,2.2866199016571045,2.319747849367616,2.319747849367616,0.1297002362265902,0.1297002362265902,0.1297002362265902,0.1297002362265902,0.9907956696596598,0.9907956696596598,0.12970023622659013,0.12970023622659013,1.0,0.0,0.0,1.0,1.0
0.06382634861905485,1.4640856959456254,gt-order-1,"ap_fixed<16,6,AP_RND,AP_SAT>",False,True,1000.0,0.00128173828125,-2.892200644222985,1.0,1.0,0.42280879616737366,0.0,2.2868573665618896,2.2868573665618896,2.3197478493676167,2.3197478493676167,0.1480610263316673,0.1480610263316673,0.1480610263316673,0.1480610263316673,0.9894926745198396,0.9894926745198396,0.14806102633166712,0.14806102633166712,1.0,0.0,0.0,1.0,1.0
0.07286181745132274,1.4640856959456254,gt-order-1,"ap_fixed<16,6,AP_RND,AP_SAT>",False,True,1000.0,0.0009765625,-3.0102999561950945,1.0,1.0,0.4244464933872223,0.0,2.288168430328369,2.288168430328369,2.3197478493676162,2.3197478493676162,0.1690210513116233,0.1690210513116233,0.1690210513116233,0.1690210513116233,0.9880052216094203,0.9880052216094203,0.1690210513116232,0.1690210513116232,1.0,0.0,0.0,1.0,1.0
0.08317637711026708,1.4640856959456254,gt-order-1,"ap_fixed<16,6,AP_RND,AP_SAT>",False,True,1000.0,0.000701904296875,-3.153722098323388,1.0,1.0,0.3791417181491852,0.0,2.287379503250122,2.287379503250122,2.319747849367616,2.319747849367616,0.19294821571477222,0.19294821571477222,0.19294821571477222,0.19294821571477222,0.9863072021479179,0.9863072021479179,0.19294821571477205,0.19294821571477205,1.0,0.0,0.0,1.0,1.0
0.09495109992021983,1.4640856959456254,gt-order-1,"ap_fixed<16,6,AP_RND,AP_SAT>",False,True,1000.0,0.000518798828125,-3.2850010127443285,1.0,1.0,0.40525883436203003,0.0,2.2880709171295166,2.2880709171295166,2.3197478493676167,2.3197478493676167,0.22026261152200907,0.22026261152200907,0.22026261152200907,0.22026261152200907,0.9843688038121013,0.9843688038121013,0.22026261152200882,0.22026261152200882,1.0,0.0,0.0,1.0,1.0
0.10839269140212034,1.4640856959456254,gt-order-1,"ap_fixed<16,6,AP_RND,AP_SAT>",False,True,1000.0,0.0003814697265625,-3.418539920813185,1.0,1.0,0.40824827551841736,0.0,2.289088249206543,2.289088249206543,2.3197478493676167,2.3197478493676167,0.2514437167113632,0.2514437167113632,0.2514437167113632,0.2514437167113632,0.9821559998813643,0.9821559998813643,0.25144371671136295,0.25144371671136295,1.0,0.0,0.0,1.0,1.0
0.12373711899353519,1.4640856959456254,gt-order-1,"ap_fixed<16,6,AP_RND,AP_SAT>",False,True,1000.0,0.00030517578125,-3.5154499335366216,1.0,1.0,0.3823639154434204,0.0,2.288604974746704,2.288604974746704,2.3197478493676162,2.3197478493676162,0.2870389160078786,0.2870389160078786,0.2870389160078786,0.2870389160078786,0.9796299445526522,0.9796299445526522,0.28703891600787834,0.28703891600787834,1.0,0.0,0.0,1.0,1.0
0.1412537544622754,1.4640856959456254,gt-order-1,"ap_fixed<16,6,AP_RND,AP_SAT>",False,True,1000.0,0.000244140625,-3.612359946188904,1.0,1.0,0.41025641560554504,0.0,2.288776397705078,2.288776397705078,2.3197478493676167,2.3197478493676167,0.3276730932085298,0.3276730932085298,0.3276730932085298,0.3276730932085298,0.9767462922098044,0.9767462922098044,0.3276730932085294,0.3276730932085294,1.0,0.0,0.0,1.0,1.0
0.16125010273377416,1.4640856959456254,gt-order-1,"ap_fixed<16,6,AP_RND,AP_SAT>",False,True,1000.0,0.000152587890625,-3.816479927777507,1.0,1.0,0.39541345834732056,0.0,2.2884747982025146,2.2884747982025146,2.3197478493676167,2.3197478493676167,0.3740595716176649,0.3740595716176649,0.3740595716176649,0.3740595716176649,0.9734544210226397,0.9734544210226397,0.3740595716176646,0.3740595716176646,1.0,0.0,0.0,1.0,1.0
0.18407720014689555,1.4640856959456254,gt-order-1,"ap_fixed<16,6,AP_RND,AP_SAT>",False,True,1000.0,0.0001220703125,-3.913389940074015,1.0,1.0,0.44628480076789856,0.0,2.28869891166687,2.28869891166687,2.3197478493676167,2.3197478493676167,0.42701269641194095,0.42701269641194095,0.42701269641194095,0.42701269641194095,0.9696965400245798,0.9696965400245798,0.4270126964119405,0.4270126964119405,1.0,0.0,0.0,1.0,1.0
0.21013577690467466,1.4640856959456254,gt-order-1,"ap_fixed<16,6,AP_RND,AP_SAT>",False,True,1000.0,9.1552734375e-05,-4.038328675496402,1.0,1.0,0.45209720730781555,0.0,2.2891273498535156,2.2891273498535156,2.3197478493676162,2.3197478493676162,0.48746200708434273,0.48746200708434273,0.48746200708434273,0.48746200708434273,0.9654066833484313,0.9654066833484313,0.48746200708434245,0.48746200708434245,1.0,0.0,0.0,1.0,1.0
0.239883291901949,1.4640856959456254,gt-order-1,"ap_fixed<16,6,AP_RND,AP_SAT>",False,True,1000.0,6.103515625e-05,-4.214419932180256,1.0,1.0,0.4319593906402588,0.0,2.288986921310425,2.288986921310425,2.3197478493676167,2.3197478493676167,0.556468743156425,0.556468743156425,0.556468743156425,0.556468743156425,0.9605095388790373,0.9605095388790373,0.5564687431564244,0.5564687431564244,1.0,0.0,0.0,1.0,1.0
0.27384196342643613,1.4640856959456254,gt-order-1,"ap_fixed<16,6,AP_RND,AP_SAT>",False,True,1000.0,4.57763671875e-05,-4.339358666416729,1.0,1.0,0.46257299184799194,0.0,2.289010763168335,2.289010763168335,2.3197478493676167,2.3197478493676167,0.6352443374894104,0.6352443374894104,0.6352443374894104,0.6352443374894104,0.9549191358536279,0.9549191358536279,0.6352443374894098,0.6352443374894098,1.0,0.0,0.0,1.0,1.0
0.3126079367123954,1.4640856959456254,gt-order-1,"ap_fixed<16,6,AP_RND,AP_SAT>",False,True,1000.0,3.0517578125e-05,-4.515449920728757,1.0,1.0,0.4435327649116516,0.0,2.2890520095825195,2.2890520095825195,2.3197478493676167,2.3197478493676167,0.7251716058163461,0.7251716058163461,0.7251716058163461,0.7251716058163461,0.9485373411216622,0.9485373411216622,0.7251716058163455,0.7251716058163455,1.0,0.0,0.0,1.0,1.0
0.35686174928348097,1.4640856959456254,gt-order-1,"ap_fixed<16,6,AP_RND,AP_SAT>",False,True,1000.0,3.0517578125e-05,-4.515449920728757,1.0,1.0,0.5000000596046448,0.0,2.2889766693115234,2.2889766693115234,2.3197478493676167,2.3197478493676167,0.8278292547001751,0.8278292547001751,0.8278292547001751,0.8278292547001751,0.9412521199086592,0.9412521199086592,0.8278292547001747,0.8278292547001747,1.0,0.0,0.0,1.0,1.0
0.4073802778041126,1.4640856959456254,gt-order-1,"ap_fixed<16,6,AP_RND,AP_SAT>",False,True,1000.0,1.52587890625e-05,-4.816479902161777,1.0,1.0,0.48795005679130554,0.0,2.289379119873047,2.289379119873047,2.3197478493676162,2.3197478493676162,0.9450195350830431,0.9450195350830431,0.9450195350830431,0.9450195350830431,0.932935573349433,0.932935573349433,0.9450195350830423,0.9450195350830423,1.0,0.0,0.0,1.0,1.0
0.46505037616660627,1.4640856959456254,gt-order-1,"ap_fixed<16,6,AP_RND,AP_SAT>",False,True,1000.0,1.52587890625e-05,-4.816479902161777,1.0,0.9935272932052612,0.6681531071662903,0.0,2.2894880771636963,2.2894880771636963,2.3197478493676167,2.3197478493676167,1.0787995944978244,1.0787995944978244,1.0787995944978244,1.0787995944978244,0.9234417135413998,0.9239372528823533,1.0787995944978233,1.0787995944978233,1.0,0.0,0.0,1.0,1.0
0.5308844442309882,1.4640856959456254,gt-order-1,"ap_fixed<16,6,AP_RND,AP_SAT>",False,True,1000.0,1.52587890625e-05,-4.816479902161777,1.0,0.9767544269561768,0.6575959324836731,0.0,2.2896039485931396,2.2896039485931396,2.3197478493676167,2.3197478493676167,1.2315180488870776,1.2315180488870776,1.2315180488870776,1.2315180488870776,0.9126038681822812,0.9146354413481973,1.2315180488870767,1.2315180488870767,1.0,0.0,0.0,1.0,1.0
0.606038200527066,1.4640856959456254,gt-order-1,"ap_fixed<16,6,AP_RND,AP_SAT>",False,True,1000.0,1.52587890625e-05,-4.816479902161777,1.0,0.9340100288391113,0.6030226945877075,0.0,2.2894392013549805,2.2894392013549805,2.3197478493676167,2.3197478493676167,1.405855840722147,1.405855840722147,1.405855840722147,1.405855840722147,0.9002317810254614,0.9068154829183638,1.4058558407221458,1.4058558407221458,1.0,0.0,0.0,1.0,1.0
0.6918309709189363,1.4640856959456254,gt-order-1,"ap_fixed<16,6,AP_RND,AP_SAT>",False,True,1000.0,1.52587890625e-05,-4.816479902161777,1.0,0.8557080626487732,0.9169492125511169,0.0,2.289569854736328,2.289569854736328,2.3197478493676167,2.3197478493676167,1.6048734574386017,1.6048734574386017,1.6048734574386017,1.6048734574386017,0.8861082609679861,0.9025419206412153,1.6048734574385999,1.6048734574385999,1.0,0.0,0.0,1.0,1.0
0.7897688493998856,1.4640856959456254,gt-order-1,"ap_fixed<16,6,AP_RND,AP_SAT>",False,True,1000.0,0.0,-12.0,1.0,0.744202196598053,0.6546536684036255,0.0,2.2894721031188965,2.2894721031188965,2.3197478493676162,2.3197478493676162,1.8320646484557621,1.8320646484557621,1.8320646484557621,1.8320646484557621,0.8699853699588743,0.9032428267335103,1.832064648455761,1.832064648455761,1.0,0.0,0.0,1.0,1.0
0.9015711376059565,1.4640856959456254,gt-order-1,"ap_fixed<16,6,AP_RND,AP_SAT>",False,True,1000.0,0.0,-12.0,1.0,0.6277148127555847,0.5999999642372131,0.0,2.301917552947998,2.301917552947998,2.3197478493676167,2.3197478493676167,2.091417746922288,2.091417746922288,2.091417746922288,2.091417746922288,1.091417746922287,1.091417746922287,2.091417746922286,2.091417746922286,1.0,0.0,0.0,1.0,1.0
1.0292005271944276,1.4640856959456254,gt-order-1,"ap_fixed<16,6,AP_RND,AP_SAT>",False,True,1000.0,0.0,-12.0,0.9716286659240723,0.5246354341506958,0.8703882694244385,0.0,2.312901258468628,2.312901258468628,2.3197478493676167,2.3197478493676167,2.387485771463666,2.387485771463664,2.387485771463666,2.387485771463664,1.3874857714636641,1.387485771463663,2.3874857714636635,2.3197496150399437,1.0,0.0,0.0,1.0,1.0
1.174897554939529,1.4640856959456254,gt-order-1,"ap_fixed<16,6,AP_RND,AP_SAT>",False,True,1000.0,0.0,-12.0,0.8511383533477783,0.44115036725997925,0.6546536684036255,0.0,2.317250967025757,2.317250967025757,2.3197478493676167,2.3197478493676167,2.725466068404214,2.725466068404211,2.725466068404214,2.725466068404211,1.7254660684042122,1.7254660684042096,2.7254660684042107,2.319748701566803,1.0,0.0,0.0,1.0,1.0
1.3412199354053709,1.4640856959456254,gt-order-1,"ap_fixed<16,6,AP_RND,AP_SAT>",False,True,1000.0,0.0,-12.0,0.7455901503562927,0.37398761510849,0.6546537280082703,0.0,2.3187549114227295,2.3187549114227295,2.3197478493676167,2.3197478493676167,3.111291983283028,3.1112919832830244,3.111291983283028,3.1112919832830244,2.111291983283026,2.111291983283023,3.1112919832830257,2.3197486576183195,1.0,0.0,0.0,1.0,1.0
1.5310874616820287,1.4640856959456254,gt-order-1,"ap_fixed<16,6,AP_RND,AP_SAT>",False,True,1000.0,0.0,-12.0,0.6531307697296143,0.3165148198604584,0.8666666150093079,0.0,2.319324493408203,2.319324493408203,2.3197478493676162,2.3197478493676162,3.5517369764671214,3.5517369764671183,3.5517369764671214,3.5517369764671183,2.551736976467122,2.55173697646712,3.5517369764671183,2.3197487053171018,1.0,0.0,0.0,1.0,1.0
1.7478332624182173,1.4640856959456254,gt-order-1,"ap_fixed<16,6,AP_RND,AP_SAT>",False,True,1000.0,0.0,-12.0,0.572137176990509,0.2680371105670929,0.6546537280082703,0.0,2.319464921951294,2.319464921951294,2.3197478493676167,2.3197478493676167,4.05453242727147,4.0545324272714645,4.05453242727147,4.0545324272714645,3.0545324272714662,3.0545324272714613,4.054532427271466,2.319748736955573,1.0,0.0,0.0,1.0,1.0
1.9952623149688795,1.4640856959456254,gt-order-1,"ap_fixed<16,6,AP_RND,AP_SAT>",False,True,1000.0,0.0,-12.0,0.5011874437332153,0.22923265397548676,0.5999999642372131,0.0,2.3195605278015137,2.3195605278015137,2.3197478493676167,2.3197478493676167,4.6285053486345475,4.628505348634542,4.6285053486345475,4.628505348634542,3.628505348634546,3.628505348634542,4.628505348634542,2.319748763987661,1.0,0.0,0.0,1.0,1.0
0.01,1.5157165665103982,gt-order-1,"ap_fixed<16,6,AP_RND,AP_SAT>",False,True,1000.0,0.0522613525390625,-1.2818193547869448,1.0,1.0,0.3699907660484314,0.0,2.4574620723724365,2.4574620723724365,2.4862441825344406,2.4862441825344406,0.024862441269625526,0.024862441269625526,0.024862441269625526,0.024862441269625526,0.9982356074972479,0.9982356074972479,0.024862441269625498,0.024862441269625498,1.0,0.0,0.0,1.0,1.0
0.011415633046188459,1.5157165665103982,gt-order-1,"ap_fixed<16,6,AP_RND,AP_SAT>",False,True,1000.0,0.0400543212890625,-1.3973506228708807,1.0,1.0,0.36832112073898315,0.0,2.4615464210510254,2.4615464210510254,2.48624418253444,2.48624418253444,0.02838205206347396,0.02838205206347396,0.02838205206347396,0.02838205206347396,0.9979858341612377,0.9979858341612377,0.028382052063473936,0.028382052063473936,1.0,0.0,0.0,1.0,1.0
0.013031667784522994,1.5157165665103982,gt-order-1,"ap_fixed<16,6,AP_RND,AP_SAT>",False,True,1000.0,0.0307464599609375,-1.512204880132446,1.0,1.0,0.368489533662796,0.0,2.4548888206481934,2.4548888206481934,2.48624418253444,2.48624418253444,0.0323999088276252,0.0323999088276252,0.0323999088276252,0.0323999088276252,0.9977007022116064,0.9977007022116064,0.032399908827625175,0.032399908827625175,1.0,0.0,0.0,1.0,1.0
0.014876473740795015,1.5157165665103982,gt-order-1,"ap_fixed<16,6,AP_RND,AP_SAT>",False,True,1000.0,0.0230255126953125,-1.6377906908292479,1.0,1.0,0.5329840779304504,0.0,2.4580020904541016,2.4580020904541016,2.486244182534441,2.486244182534441,0.03698654618091922,0.03698654618091922,0.03698654618091922,0.03698654618091922,0.9973752060758394,0.9973752060758394,0.03698654618091919,0.03698654618091919,1.0,0.0,0.0,1.0,1.0
0.016982436524617443,1.5157165665103982,gt-order-1,"ap_fixed<16,6,AP_RND,AP_SAT>",False,True,1000.0,0.01776123046875,-1.7505269502853777,1.0,1.0,0.38335877656936646,0.0,2.4577109813690186,2.4577109813690186,2.48624418253444,2.48624418253444,0.042222483158072685,0.042222483158072685,0.042222483158072685,0.042222483158072685,0.9970036316255598,0.9970036316255598,0.04222248315807266,0.04222248315807266,1.0,0.0,0.0,1.0,1.0
0.019386526359522076,1.5157165665103982,gt-order-1,"ap_fixed<16,6,AP_RND,AP_SAT>",False,True,1000.0,0.0130157470703125,-1.8855308994228093,1.0,1.0,0.3769194781780243,0.0,2.4504311084747314,2.4504311084747314,2.4862441825344406,2.4862441825344406,0.04819963797732773,0.04819963797732773,0.04819963797732773,0.04819963797732773,0.9965794557758709,0.9965794557758709,0.04819963797732769,0.04819963797732769,1.0,0.0,0.0,1.0,1.0
0.022130947096056376,1.5157165665103982,gt-order-1,"ap_fixed<16,6,AP_RND,AP_SAT>",False,True,1000.0,0.0099945068359375,-2.0002386305884627,1.0,1.0,0.37451687455177307,0.0,2.4522008895874023,2.4522008895874023,2.4862441825344406,2.4862441825344406,0.055022939625203646,0.055022939625203646,0.055022939625203646,0.055022939625203646,0.9960952321173423,0.9960952321173423,0.05502293962520362,0.05502293962520362,1.0,0.0,0.0,1.0,1.0
0.025263877101318954,1.5157165665103982,gt-order-1,"ap_fixed<16,6,AP_RND,AP_SAT>",False,True,1000.0,0.0079345703125,-2.1004765869341653,1.0,1.0,0.3849773108959198,0.0,2.452338218688965,2.452338218688965,2.4862441825344406,2.4862441825344406,0.06281216867528691,0.06281216867528691,0.06281216867528691,0.06281216867528691,0.9955424602801302,0.9955424602801302,0.06281216867528686,0.06281216867528686,1.0,0.0,0.0,1.0,1.0
0.028840315031266057,1.5157165665103982,gt-order-1,"ap_fixed<16,6,AP_RND,AP_SAT>",False,True,1000.0,0.0059661865234375,-2.2243031731550396,1.0,1.0,0.3832036852836609,0.0,2.4528043270111084,2.4528043270111084,2.48624418253444,2.48624418253444,0.07170406438898434,0.07170406438898434,0.07170406438898434,0.07170406438898434,0.9949114364010846,0.9949114364010846,0.07170406438898431,0.07170406438898431,1.0,0.0,0.0,1.0,1.0
0.03292304533334065,1.5157165665103982,gt-order-1,"ap_fixed<16,6,AP_RND,AP_SAT>",False,True,1000.0,0.0044403076171875,-2.3525869415399847,1.0,1.0,0.38216930627822876,0.0,2.4546000957489014,2.4546000957489014,2.4862441825344406,2.4862441825344406,0.08185473283066973,0.08185473283066973,0.08185473283066973,0.08185473283066973,0.9941910822290139,0.9941910822290139,0.08185473283066967,0.08185473283066967,1.0,0.0,0.0,1.0,1.0
0.037583740428844416,1.5157165665103982,gt-order-1,"ap_fixed<16,6,AP_RND,AP_SAT>",False,True,1000.0,0.0033111572265625,-2.4800201966440087,1.0,1.0,0.37672075629234314,0.0,2.4517085552215576,2.4517085552215576,2.4862441825344406,2.4862441825344406,0.09344236062821414,0.09344236062821414,0.09344236062821414,0.09344236062821414,0.9933687525394653,0.9933687525394653,0.09344236062821407,0.09344236062821407,1.0,0.0,0.0,1.0,1.0
0.04290421892388853,1.5157165665103982,gt-order-1,"ap_fixed<16,6,AP_RND,AP_SAT>",False,True,1000.0,0.0024871826171875,-2.6042923260451283,1.0,1.0,0.4111032485961914,0.0,2.452573776245117,2.452573776245117,2.48624418253444,2.48624418253444,0.10667036867762991,0.10667036867762991,0.10667036867762991,0.10667036867762991,0.9924300113283497,0.9924300113283497,0.10667036867762984,0.10667036867762984,1.0,0.0,0.0,1.0,1.0
0.04897788193684462,1.5157165665103982,gt-order-1,"ap_fixed<16,6,AP_RND,AP_SAT>",False,True,1000.0,0.00189208984375,-2.7230582452319325,1.0,1.0,0.41551053524017334,0.0,2.451401710510254,2.451401710510254,2.48624418253444,2.48624418253444,0.12177097337489313,0.12177097337489313,0.12177097337489313,0.12177097337489313,0.9913583790849212,0.9913583790849212,0.12177097337489313,0.12177097337489313,1.0,0.0,0.0,1.0,1.0
0.05591135275705602,1.5157165665103982,gt-order-1,"ap_fixed<16,6,AP_RND,AP_SAT>",False,True,1000.0,0.00146484375,-2.8342086972876523,1.0,1.0,0.4075344204902649,0.0,2.453022003173828,2.453022003173828,2.486244182534441,2.486244182534441,0.13900927114971132,0.13900927114971132,0.13900927114971132,0.13900927114971132,0.9901350429280145,0.9901350429280145,0.13900927114971118,0.13900927114971118,1.0,0.0,0.0,1.0,1.0
0.06382634861905485,1.5157165665103982,gt-order-1,"ap_fixed<16,6,AP_RND,AP_SAT>",False,True,1000.0,0.0010833740234375,-2.9652215815037515,1.0,1.0,0.35721880197525024,0.0,2.4522979259490967,2.4522979259490967,2.48624418253444,2.48624418253444,0.158687878718171,0.158687878718171,0.158687878718171,0.158687878718171,0.9887385273050369,0.9887385273050369,0.15868787871817092,0.15868787871817092,1.0,0.0,0.0,1.0,1.0
0.07286181745132274,1.5157165665103982,gt-order-1,"ap_fixed<16,6,AP_RND,AP_SAT>",False,True,1000.0,0.0008697509765625,-3.0606050744518756,1.0,1.0,0.5816899538040161,0.0,2.4529874324798584,2.4529874324798584,2.48624418253444,2.48624418253444,0.1811522772459672,0.1811522772459672,0.1811522772459672,0.1811522772459672,0.9871443147371138,0.9871443147371138,0.18115227724596708,0.18115227724596708,1.0,0.0,0.0,1.0,1.0
0.08317637711026708,1.5157165665103982,gt-order-1,"ap_fixed<16,6,AP_RND,AP_SAT>",False,True,1000.0,0.000640869140625,-3.193230639548134,1.0,1.0,0.38705068826675415,0.0,2.4522926807403564,2.4522926807403564,2.48624418253444,2.48624418253444,0.20679677706438124,0.20679677706438124,0.20679677706438124,0.20679677706438124,0.9853244225259766,0.9853244225259766,0.20679677706438107,0.20679677706438107,1.0,0.0,0.0,1.0,1.0
0.09495109992021983,1.5157165665103982,gt-order-1,"ap_fixed<16,6,AP_RND,AP_SAT>",False,True,1000.0,0.000518798828125,-3.2850010127443285,1.0,1.0,0.43678537011146545,0.0,2.453364849090576,2.453364849090576,2.4862441825344406,2.4862441825344406,0.23607162160996345,0.23607162160996345,0.23607162160996345,0.23607162160996345,0.9832468986144945,0.9832468986144945,0.23607162160996326,0.23607162160996326,1.0,0.0,0.0,1.0,1.0
0.10839269140212034,1.5157165665103982,gt-order-1,"ap_fixed<16,6,AP_RND,AP_SAT>",False,True,1000.0,0.0003814697265625,-3.418539920813185,1.0,1.0,0.4051373302936554,0.0,2.4543538093566895,2.4543538093566895,2.4862441825344406,2.4862441825344406,0.269490702654983,0.269490702654983,0.269490702654983,0.269490702654983,0.980875274066235,0.980875274066235,0.26949070265498276,0.26949070265498276,1.0,0.0,0.0,1.0,1.0
0.12373711899353519,1.5157165665103982,gt-order-1,"ap_fixed<16,6,AP_RND,AP_SAT>",False,True,1000.0,0.00030517578125,-3.5154499335366216,1.0,1.0,0.4181526303291321,0.0,2.4539999961853027,2.4539999961853027,2.4862441825344406,2.4862441825344406,0.3076406926210222,0.3076406926210222,0.3076406926210222,0.3076406926210222,0.9781679149800461,0.9781679149800461,0.30764069262102195,0.30764069262102195,1.0,0.0,0.0,1.0,1.0
0.1412537544622754,1.5157165665103982,gt-order-1,"ap_fixed<16,6,AP_RND,AP_SAT>",False,True,1000.0,0.0002288818359375,-3.6403886696705565,1.0,1.0,0.4398186206817627,0.0,2.453294515609741,2.453294515609741,2.486244182534441,2.486244182534441,0.35119132537825626,0.35119132537825626,0.35119132537825626,0.35119132537825626,0.9750772929009962,0.9750772929009962,0.3511913253782558,0.3511913253782558,1.0,0.0,0.0,1.0,1.0
0.16125010273377416,1.5157165665103982,gt-order-1,"ap_fixed<16,6,AP_RND,AP_SAT>",False,True,1000.0,0.0001373291015625,-3.8622374180219383,1.0,1.0,0.4661490023136139,0.0,2.4533557891845703,2.4533557891845703,2.48624418253444,2.48624418253444,0.40090712191381966,0.40090712191381966,0.40090712191381966,0.40090712191381966,0.9715491526944721,0.9715491526944721,0.4009071219138194,0.4009071219138194,1.0,0.0,0.0,1.0,1.0
0.18407720014689555,1.5157165665103982,gt-order-1,"ap_fixed<16,6,AP_RND,AP_SAT>",False,True,1000.0,0.0001068115234375,-3.9713818865434534,1.0,1.0,0.457828551530838,0.0,2.454176425933838,2.454176425933838,2.4862441825344406,2.4862441825344406,0.4576608757766283,0.4576608757766283,0.4576608757766283,0.4576608757766283,0.9675215555356632,0.9675215555356632,0.4576608757766278,0.4576608757766278,1.0,0.0,0.0,1.0,1.0
0.21013577690467466,1.5157165665103982,gt-order-1,"ap_fixed<16,6,AP_RND,AP_SAT>",False,True,1000.0,9.1552734375e-05,-4.038328675496402,1.0,1.0,0.4711882472038269,0.0,2.454136610031128,2.454136610031128,2.4862441825344406,2.4862441825344406,0.5224488427267634,0.5224488427267634,0.5224488427267634,0.5224488427267634,0.9629238009581574,0.9629238009581574,0.5224488427267631,0.5224488427267631,1.0,0.0,0.0,1.0,1.0
0.239883291901949,1.5157165665103982,gt-order-1,"ap_fixed<16,6,AP_RND,AP_SAT>",False,True,1000.0,4.57763671875e-05,-4.339358666416729,1.0,1.0,0.6813100576400757,0.0,2.454050064086914,2.454050064086914,2.48624418253444,2.48624418253444,0.5964084311198184,0.5964084311198184,0.5964084311198184,0.5964084311198184,0.9576751714349262,0.9576751714349262,0.5964084311198179,0.5964084311198179,1.0,0.0,0.0,1.0,1.0
0.27384196342643613,1.5157165665103982,gt-order-1,"ap_fixed<16,6,AP_RND,AP_SAT>",False,True,1000.0,3.0517578125e-05,-4.515449920728757,1.0,1.0,0.5658251047134399,0.0,2.4541096687316895,2.4541096687316895,2.4862441825344406,2.4862441825344406,0.6808380225469515,0.6808380225469515,0.6808380225469515,0.6808380225469515,0.9516835257831989,0.9516835257831989,0.6808380225469507,0.6808380225469507,1.0,0.0,0.0,1.0,1.0
0.3126079367123954,1.5157165665103982,gt-order-1,"ap_fixed<16,6,AP_RND,AP_SAT>",False,True,1000.0,3.0517578125e-05,-4.515449920728757,1.0,1.0,0.4242640435695648,0.0,2.4540083408355713,2.4540083408355713,2.4862441825344406,2.4862441825344406,0.777219682213112,0.777219682213112,0.777219682213112,0.777219682213112,0.9448436874956544,0.9448436874956544,0.7772196822131113,0.7772196822131113,1.0,0.0,0.0,1.0,1.0
0.35686174928348097,1.5157165665103982,gt-order-1,"ap_fixed<16,6,AP_RND,AP_SAT>",False,True,1000.0,1.52587890625e-05,-4.816479902161777,1.0,1.0,0.552344799041748,0.0,2.454495429992676,2.454495429992676,2.4862441825344406,2.4862441825344406,0.8872454259161018,0.8872454259161018,0.8872454259161018,0.8872454259161018,0.9370355806732372,0.9370355806732372,0.887245425916101,0.887245425916101,1.0,0.0,0.0,1.0,1.0
0.4073802778041126,1.5157165665103982,gt-order-1,"ap_fixed<16,6,AP_RND,AP_SAT>",False,True,1000.0,1.52587890625e-05,-4.816479902161777,1.0,1.0,0.49507376551628113,0.0,2.4544007778167725,2.4544007778167725,2.48624418253444,2.48624418253444,1.0128468583868393,1.0128468583868393,1.0128468583868393,1.0128468583868393,0.9281221267053409,0.9281221267053409,1.0128468583868384,1.0128468583868384,1.0,0.0,0.0,1.0,1.0
0.46505037616660627,1.5157165665103982,gt-order-1,"ap_fixed<16,6,AP_RND,AP_SAT>",False,True,1000.0,1.52587890625e-05,-4.816479902161777,1.0,0.9858612418174744,0.5625439286231995,0.0,2.4543306827545166,2.4543306827545166,2.4862441825344406,2.4862441825344406,1.1562287757576364,1.1562287757576364,1.1562287757576364,1.1562287757576364,0.9179468596309702,0.9191069891407638,1.1562287757576357,1.1562287757576357,1.0,0.0,0.0,1.0,1.0
0.5308844442309882,1.5157165665103982,gt-order-1,"ap_fixed<16,6,AP_RND,AP_SAT>",False,True,1000.0,1.52587890625e-05,-4.816479902161777,1.0,0.9532744288444519,0.756649911403656,0.0,2.45426082611084,2.45426082611084,2.48624418253444,2.48624418253444,1.319908362267196,1.319908362267196,1.319908362267196,1.319908362267196,0.9063311444982852,0.9107078752710889,1.3199083622671957,1.3199083622671957,1.0,0.0,0.0,1.0,1.0
0.606038200527066,1.5157165665103982,gt-order-1,"ap_fixed<16,6,AP_RND,AP_SAT>",False,True,1000.0,0.0,-12.0,1.0,0.8943631649017334,0.6933752298355103,0.0,2.454296350479126,2.454296350479126,2.4862441825344406,2.4862441825344406,1.5067589809083572,1.5067589809083572,1.5067589809083572,1.5067589809083572,0.8930710697095766,0.9043667034858995,1.506758980908356,1.506758980908356,1.0,0.0,0.0,1.0,1.0
0.6918309709189363,1.5157165665103982,gt-order-1,"ap_fixed<16,6,AP_RND,AP_SAT>",False,True,1000.0,0.0,-12.0,1.0,0.8017287850379944,0.5570860505104065,0.0,2.4541964530944824,2.4541964530944824,2.4862441825344406,2.4862441825344406,1.720060780894094,1.720060780894094,1.720060780894094,1.720060780894094,0.8779338556026816,0.9021360583580648,1.7200607808940926,1.7200607808940926,1.0,0.0,0.0,1.0,1.0
0.7897688493998856,1.5157165665103982,gt-order-1,"ap_fixed<16,6,AP_RND,AP_SAT>",False,True,1000.0,0.0,-12.0,1.0,0.6850287318229675,0.6974858641624451,0.0,2.4611001014709473,2.4611001014709473,2.4862441825344406,2.4862441825344406,1.9635582701334828,1.9635582701334828,1.9635582701334828,1.9635582701334828,0.9635582701334822,0.9635582701334822,1.9635582701334817,1.9635582701334817,1.0,0.0,0.0,1.0,1.0
0.9015711376059565,1.5157165665103982,gt-order-1,"ap_fixed<16,6,AP_RND,AP_SAT>",False,True,1000.0,0.0,-12.0,1.0,0.5759989619255066,0.730296790599823,0.0,2.474925994873047,2.474925994873047,2.48624418253444,2.48624418253444,2.2415260382512385,2.2415260382512385,2.2415260382512385,2.2415260382512385,1.2415260382512383,1.2415260382512383,2.2415260382512368,2.2415260382512368,1.0,0.0,0.0,1.0,1.0
1.0292005271944276,1.5157165665103982,gt-order-1,"ap_fixed<16,6,AP_RND,AP_SAT>",False,True,1000.0,0.0,-12.0,0.9716282486915588,0.4779124855995178,0.5714285969734192,0.0,2.5647854804992676,2.5647854804992676,2.48624418253444,2.48624418253444,2.5588438897802877,2.558843889780286,2.5588438897802877,2.558843889780286,1.5588438897802872,1.5588438897802857,2.5588438897802845,2.486245007302314,1.0,0.0,0.0,1.0,1.0
1.174897554939529,1.5157165665103982,gt-order-1,"ap_fixed<16,6,AP_RND,AP_SAT>",False,True,1000.0,0.0,-12.0,0.8511383533477783,0.40455392003059387,0.493196964263916,0.0,2.499999761581421,2.499999761581421,2.4862441825344406,2.4862441825344406,2.9210822025817307,2.921082202581728,2.9210822025817307,2.921082202581728,1.9210822025817302,1.9210822025817287,2.9210822025817276,2.486245095898913,1.0,0.0,0.0,1.0,1.0
1.3412199354053709,1.5157165665103982,gt-order-1,"ap_fixed<16,6,AP_RND,AP_SAT>",False,True,1000.0,0.0,-12.0,0.7455901503562927,0.34272798895835876,0.6324555277824402,0.0,2.499999761581421,2.499999761581421,2.48624418253444,2.48624418253444,3.334600178942817,3.3346001789428144,3.334600178942817,3.3346001789428144,2.3346001789428175,2.334600178942813,3.334600178942814,2.486245048796093,1.0,0.0,0.0,1.0,1.0
1.5310874616820287,1.5157165665103982,gt-order-1,"ap_fixed<16,6,AP_RND,AP_SAT>",False,True,1000.0,0.0,-12.0,0.6531307697296143,0.28996899724006653,0.6030227541923523,0.0,2.485966205596924,2.485966205596924,2.4862441825344406,2.4862441825344406,3.806657433928051,3.806657433928046,3.806657433928051,3.806657433928046,2.8066574339280494,2.806657433928045,3.8066574339280486,2.4862450999183845,1.0,0.0,0.0,1.0,1.0
1.7478332624182173,1.5157165665103982,gt-order-1,"ap_fixed<16,6,AP_RND,AP_SAT>",False,True,1000.0,0.0,-12.0,0.572137176990509,0.24636170268058777,0.45883145928382874,0.0,2.4860832691192627,2.4860832691192627,2.4862441825344406,2.4862441825344406,4.34554025470871,4.3455402547087045,4.34554025470871,4.3455402547087045,3.345540254708709,3.345540254708705,4.345540254708708,2.4862451338276577,1.0,0.0,0.0,1.0,1.0
1.9952623149688795,1.5157165665103982,gt-order-1,"ap_fixed<16,6,AP_RND,AP_SAT>",False,True,1000.0,0.0,-12.0,0.5011874437332153,0.21412380039691925,0.4588314890861511,0.0,2.486147165298462,2.486147165298462,2.48624418253444,2.48624418253444,4.960709199497374,4.96070919949737,4.960709199497374,4.96070919949737,3.9607091994973724,3.9607091994973675,4.960709199497373,2.486245162799933,1.0,0.0,0.0,1.0,1.0
0.01,1.5691681957935015,gt-order-1,"ap_fixed<16,6,AP_RND,AP_SAT>",False,True,1000.0,0.048583984375,-1.3135068715491287,1.0,1.0,0.36932528018951416,0.0,2.6333580017089844,2.6333580017089844,2.664690531463651,2.664690531463651,0.026646904719031764,0.026646904719031764,0.026646904719031764,0.026646904719031764,0.998108970944429,0.998108970944429,0.026646904719031736,0.026646904719031736,1.0,0.0,0.0,1.0,1.0
0.011415633046188459,1.5691681957935015,gt-order-1,"ap_fixed<16,6,AP_RND,AP_SAT>",False,True,1000.0,0.0373687744140625,-1.4274911454873631,1.0,1.0,0.3785272538661957,0.0,2.634488582611084,2.634488582611084,2.6646905314636515,2.6646905314636515,0.030419130159593574,0.030419130159593574,0.030419130159593574,0.030419130159593574,0.9978412705121469,0.9978412705121469,0.030419130159593542,0.030419130159593542,1.0,0.0,0.0,1.0,1.0
0.013031667784522994,1.5691681957935015,gt-order-1,"ap_fixed<16,6,AP_RND,AP_SAT>",False,True,1000.0,0.0289459228515625,-1.5384125997200329,1.0,1.0,0.38309764862060547,0.0,2.6326916217803955,2.6326916217803955,2.664690531463652,2.664690531463652,0.034725362407987265,0.034725362407987265,0.034725362407987265,0.034725362407987265,0.9975356736562412,0.9975356736562412,0.03472536240798722,0.03472536240798722,1.0,0.0,0.0,1.0,1.0
0.014876473740795015,1.5691681957935015,gt-order-1,"ap_fixed<16,6,AP_RND,AP_SAT>",False,True,1000.0,0.021209716796875,-1.673465130349128,1.0,1.0,0.38187819719314575,0.0,2.631279945373535,2.631279945373535,2.664690531463651,2.664690531463651,0.03964119859674049,0.03964119859674049,0.03964119859674049,0.03964119859674049,0.9971868155369443,0.9971868155369443,0.03964119859674046,0.03964119859674046,1.0,0.0,0.0,1.0,1.0
0.016982436524617443,1.5691681957935015,gt-order-1,"ap_fixed<16,6,AP_RND,AP_SAT>",False,True,1000.0,0.016357421875,-1.7862851452403976,1.0,1.0,0.37280258536338806,0.0,2.635265827178955,2.635265827178955,2.664690531463651,2.664690531463651,0.0452529368903375,0.0452529368903375,0.0452529368903375,0.0452529368903375,0.996788571903121,0.996788571903121,0.045252936890337485,0.045252936890337485,1.0,0.0,0.0,1.0,1.0
0.019386526359522076,1.5691681957935015,gt-order-1,"ap_fixed<16,6,AP_RND,AP_SAT>",False,True,1000.0,0.0122222900390625,-1.9128474145039285,1.0,1.0,0.38233378529548645,0.0,2.6306064128875732,2.6306064128875732,2.6646905314636515,2.6646905314636515,0.05165909279563769,0.05165909279563769,0.05165909279563769,0.05165909279563769,0.9963339514855085,0.9963339514855085,0.05165909279563765,0.05165909279563765,1.0,0.0,0.0,1.0,1.0
0.022130947096056376,1.5691681957935015,gt-order-1,"ap_fixed<16,6,AP_RND,AP_SAT>",False,True,1000.0,0.009521484375,-2.021295340895663,1.0,1.0,0.5396239161491394,0.0,2.6289005279541016,2.6289005279541016,2.6646905314636515,2.6646905314636515,0.05897212641564231,0.05897212641564231,0.05897212641564231,0.05897212641564231,0.9958149734201153,0.9958149734201153,0.05897212641564226,0.05897212641564226,1.0,0.0,0.0,1.0,1.0
0.025263877101318954,1.5691681957935015,gt-order-1,"ap_fixed<16,6,AP_RND,AP_SAT>",False,True,1000.0,0.0072479248046875,-2.1397863209389127,1.0,1.0,0.3878529965877533,0.0,2.628521203994751,2.628521203994751,2.664690531463651,2.664690531463651,0.06732041539021931,0.06732041539021931,0.06732041539021931,0.06732041539021931,0.9952225272361517,0.9952225272361517,0.06732041539021927,0.06732041539021927,1.0,0.0,0.0,1.0,1.0
0.028840315031266057,1.5691681957935015,gt-order-1,"ap_fixed<16,6,AP_RND,AP_SAT>",False,True,1000.0,0.0054931640625,-2.260177429777351,1.0,1.0,0.37773552536964417,0.0,2.6257240772247314,2.6257240772247314,2.664690531463652,2.664690531463652,0.07685051323076947,0.07685051323076947,0.07685051323076947,0.07685051323076947,0.9945462125906445,0.9945462125906445,0.07685051323076941,0.07685051323076941,1.0,0.0,0.0,1.0,1.0
0.03292304533334065,1.5691681957935015,gt-order-1,"ap_fixed<16,6,AP_RND,AP_SAT>",False,True,1000.0,0.004119873046875,-2.385116166359297,1.0,1.0,0.3772522807121277,0.0,2.6284053325653076,2.6284053325653076,2.664690531463652,2.664690531463652,0.0877297302741305,0.0877297302741305,0.0877297302741305,0.0877297302741305,0.9937741561079952,0.9937741561079952,0.08772973027413042,0.08772973027413042,1.0,0.0,0.0,1.0,1.0
0.037583740428844416,1.5691681957935015,gt-order-1,"ap_fixed<16,6,AP_RND,AP_SAT>",False,True,1000.0,0.003082275390625,-2.5111285610361747,1.0,1.0,0.3801792860031128,0.0,2.6279232501983643,2.6279232501983643,2.6646905314636515,2.6646905314636515,0.10014904221909221,0.10014904221909221,0.10014904221909221,0.10014904221909221,0.9928928049722532,0.9928928049722532,0.10014904221909213,0.10014904221909213,1.0,0.0,0.0,1.0,1.0
0.04290421892388853,1.5691681957935015,gt-order-1,"ap_fixed<16,6,AP_RND,AP_SAT>",False,True,1000.0,0.0023651123046875,-2.6261482322697822,1.0,1.0,0.37636926770210266,0.0,2.624704360961914,2.624704360961914,2.664690531463651,2.664690531463651,0.1143264701833364,0.1143264701833364,0.1143264701833364,0.1143264701833364,0.9918866870573829,0.9918866870573829,0.1143264701833363,0.1143264701833363,1.0,0.0,0.0,1.0,1.0
0.04897788193684462,1.5691681957935015,gt-order-1,"ap_fixed<16,6,AP_RND,AP_SAT>",False,True,1000.0,0.001800537109375,-2.744597923076371,1.0,1.0,0.4127051532268524,0.0,2.6282360553741455,2.6282360553741455,2.664690531463652,2.664690531463652,0.13051089753719128,0.13051089753719128,0.13051089753719128,0.13051089753719128,0.9907381400611508,0.9907381400611508,0.13051089753719117,0.13051089753719117,1.0,0.0,0.0,1.0,1.0
0.05591135275705602,1.5691681957935015,gt-order-1,"ap_fixed<16,6,AP_RND,AP_SAT>",False,True,1000.0,0.0013580322265625,-2.8670899236589893,1.0,1.0,0.40878617763519287,0.0,2.62827730178833,2.62827730178833,2.664690531463652,2.664690531463652,0.14898644759852261,0.14898644759852261,0.14898644759852261,0.14898644759852261,0.9894270008368383,0.9894270008368383,0.14898644759852242,0.14898644759852242,1.0,0.0,0.0,1.0,1.0
0.06382634861905485,1.5691681957935015,gt-order-1,"ap_fixed<16,6,AP_RND,AP_SAT>",False,True,1000.0,0.0009918212890625,-3.003566573542968,1.0,1.0,0.38222119212150574,0.0,2.628077507019043,2.628077507019043,2.6646905314636515,2.6646905314636515,0.17007745693237236,0.17007745693237236,0.17007745693237236,0.17007745693237236,0.9879302524571607,0.9879302524571607,0.1700774569323722,0.1700774569323722,1.0,0.0,0.0,1.0,1.0
0.07286181745132274,1.5691681957935015,gt-order-1,"ap_fixed<16,6,AP_RND,AP_SAT>",False,True,1000.0,0.00079345703125,-3.1004765864415553,1.0,1.0,0.3692399263381958,0.0,2.627584934234619,2.627584934234619,2.6646905314636515,2.6646905314636515,0.19415420308327674,0.19415420308327674,0.19415420308327674,0.19415420308327674,0.9862216177389803,0.9862216177389803,0.19415420308327655,0.19415420308327655,1.0,0.0,0.0,1.0,1.0
0.08317637711026708,1.5691681957935015,gt-order-1,"ap_fixed<16,6,AP_RND,AP_SAT>",False,True,1000.0,0.000579833984375,-3.236696333257891,1.0,1.0,0.5712446570396423,0.0,2.6294374465942383,2.6294374465942383,2.6646905314636515,2.6646905314636515,0.2216392973995518,0.2216392973995518,0.2216392973995518,0.2216392973995518,0.9842711055689842,0.9842711055689842,0.22163929739955157,0.22163929739955157,1.0,0.0,0.0,1.0,1.0
0.09495109992021983,1.5691681957935015,gt-order-1,"ap_fixed<16,6,AP_RND,AP_SAT>",False,True,1000.0,0.000457763671875,-3.339358674955306,1.0,1.0,0.39487698674201965,0.0,2.629129409790039,2.629129409790039,2.664690531463651,2.664690531463651,0.25301529884731083,0.25301529884731083,0.25301529884731083,0.25301529884731083,0.9820444705803812,0.9820444705803812,0.2530152988473106,0.2530152988473106,1.0,0.0,0.0,1.0,1.0
0.10839269140212034,1.5691681957935015,gt-order-1,"ap_fixed<16,6,AP_RND,AP_SAT>",False,True,1000.0,0.000335693359375,-3.474057248507769,1.0,1.0,0.42630454897880554,0.0,2.628906488418579,2.628906488418579,2.6646905314636515,2.6646905314636515,0.28883298298970356,0.28883298298970356,0.28883298298970356,0.28883298298970356,0.979502626335028,0.979502626335028,0.2888329829897033,0.2888329829897033,1.0,0.0,0.0,1.0,1.0
0.12373711899353519,1.5691681957935015,gt-order-1,"ap_fixed<16,6,AP_RND,AP_SAT>",False,True,1000.0,0.000244140625,-3.612359946188904,1.0,1.0,0.4199131429195404,0.0,2.6290929317474365,2.6290929317474365,2.6646905314636515,2.6646905314636515,0.32972112975826007,0.32972112975826007,0.32972112975826007,0.32972112975826007,0.9766009507226786,0.9766009507226786,0.3297211297582597,0.3297211297582597,1.0,0.0,0.0,1.0,1.0
0.1412537544622754,1.5691681957935015,gt-order-1,"ap_fixed<16,6,AP_RND,AP_SAT>",False,True,1000.0,0.0001983642578125,-3.7025365761274838,1.0,1.0,0.6012902855873108,0.0,2.6293914318084717,2.6293914318084717,2.6646905314636515,2.6646905314636515,0.376397542140713,0.376397542140713,0.376397542140713,0.376397542140713,0.9732885040067938,0.9732885040067938,0.3763975421407127,0.3763975421407127,1.0,0.0,0.0,1.0,1.0
0.16125010273377416,1.5691681957935015,gt-order-1,"ap_fixed<16,6,AP_RND,AP_SAT>",False,True,1000.0,0.0001373291015625,-3.8622374180219383,1.0,1.0,0.47573935985565186,0.0,2.6297709941864014,2.6297709941864014,2.6646905314636515,2.6646905314636515,0.4296816134411612,0.4296816134411612,0.4296816134411612,0.4296816134411612,0.9695071369740847,0.9695071369740847,0.42968161344116085,0.42968161344116085,1.0,0.0,0.0,1.0,1.0
0.18407720014689555,1.5691681957935015,gt-order-1,"ap_fixed<16,6,AP_RND,AP_SAT>",False,True,1000.0,9.1552734375e-05,-4.038328675496402,1.0,1.0,0.5011131763458252,0.0,2.6301212310791016,2.6301212310791016,2.6646905314636515,2.6646905314636515,0.4905087806219333,0.4905087806219333,0.4905087806219333,0.4905087806219333,0.9651904652360426,0.9651904652360426,0.490508780621933,0.490508780621933,1.0,0.0,0.0,1.0,1.0
0.21013577690467466,1.5691681957935015,gt-order-1,"ap_fixed<16,6,AP_RND,AP_SAT>",False,True,1000.0,6.103515625e-05,-4.214419932180256,1.0,1.0,0.49491333961486816,0.0,2.630495548248291,2.630495548248291,2.664690531463651,2.664690531463651,0.5599468041666755,0.5599468041666755,0.5599468041666755,0.5599468041666755,0.9602627139092336,0.9602627139092336,0.5599468041666749,0.5599468041666749,1.0,0.0,0.0,1.0,1.0
0.239883291901949,1.5691681957935015,gt-order-1,"ap_fixed<16,6,AP_RND,AP_SAT>",False,True,1000.0,4.57763671875e-05,-4.339358666416729,1.0,1.0,0.47566476464271545,0.0,2.6303837299346924,2.6303837299346924,2.664690531463651,2.664690531463651,0.6392147281648015,0.6392147281648015,0.6392147281648015,0.6392147281648015,0.9546373720905184,0.9546373720905184,0.6392147281648012,0.6392147281648012,1.0,0.0,0.0,1.0,1.0
0.27384196342643613,1.5691681957935015,gt-order-1,"ap_fixed<16,6,AP_RND,AP_SAT>",False,True,1000.0,3.0517578125e-05,-4.515449920728757,1.0,1.0,0.46156635880470276,0.0,2.6299588680267334,2.6299588680267334,2.664690531463651,2.664690531463651,0.729704123547473,0.729704123547473,0.729704123547473,0.729704123547473,0.94821568530573,0.94821568530573,0.7297041235474726,0.7297041235474726,1.0,0.0,0.0,1.0,1.0
0.3126079367123954,1.5691681957935015,gt-order-1,"ap_fixed<16,6,AP_RND,AP_SAT>",False,True,1000.0,3.0517578125e-05,-4.515449920728757,1.0,1.0,0.7267524003982544,0.0,2.6305599212646484,2.6305599212646484,2.6646905314636515,2.6646905314636515,0.8330034284682649,0.8330034284682649,0.8330034284682649,0.8330034284682649,0.9408849281658194,0.9408849281658194,0.8330034284682644,0.8330034284682644,1.0,0.0,0.0,1.0,1.0
0.35686174928348097,1.5691681957935015,gt-order-1,"ap_fixed<16,6,AP_RND,AP_SAT>",False,True,1000.0,1.52587890625e-05,-4.816479902161777,1.0,1.0,0.6283787488937378,0.0,2.6301164627075195,2.6301164627075195,2.6646905314636515,2.6646905314636515,0.9509261005542125,0.9509261005542125,0.9509261005542125,0.9509261005542125,0.9325164065091227,0.9325164065091227,0.9509261005542119,0.9509261005542119,1.0,0.0,0.0,1.0,1.0
0.4073802778041126,1.5691681957935015,gt-order-1,"ap_fixed<16,6,AP_RND,AP_SAT>",False,True,1000.0,1.52587890625e-05,-4.816479902161777,1.0,0.992843508720398,0.7317917346954346,0.0,2.6303796768188477,2.6303796768188477,2.6646905314636515,2.6646905314636515,1.085542382492324,1.085542382492324,1.085542382492324,1.085542382492324,0.9229632031190059,0.9235145162840928,1.0855423824923234,1.0855423824923234,1.0,0.0,0.0,1.0,1.0
0.46505037616660627,1.5691681957935015,gt-order-1,"ap_fixed<16,6,AP_RND,AP_SAT>",False,True,1000.0,1.52587890625e-05,-4.816479902161777,1.0,0.9742161631584167,0.5773502588272095,0.0,2.630302906036377,2.630302906036377,2.6646905314636515,2.6646905314636515,1.2392153162632906,1.2392153162632906,1.2392153162632906,1.2392153162632906,0.9120576219312496,0.9143251138588345,1.2392153162632897,1.2392153162632897,1.0,0.0,0.0,1.0,1.0
0.5308844442309882,1.5691681957935015,gt-order-1,"ap_fixed<16,6,AP_RND,AP_SAT>",False,True,1000.0,1.52587890625e-05,-4.816479902161777,1.0,0.9320350885391235,0.5,0.0,2.630547046661377,2.630547046661377,2.6646905314636515,2.6646905314636515,1.4146427531296484,1.4146427531296484,1.4146427531296484,1.4146427531296484,0.8996082067456361,0.906431326085567,1.4146427531296477,1.4146427531296477,1.0,0.0,0.0,1.0,1.0
0.606038200527066,1.5691681957935015,gt-order-1,"ap_fixed<16,6,AP_RND,AP_SAT>",False,True,1000.0,0.0,-12.0,1.0,0.8495108485221863,0.596284806728363,0.0,2.6306705474853516,2.6306705474853516,2.6646905314636515,2.6646905314636515,1.6149042872898516,1.6149042872898516,1.6149042872898516,1.6149042872898516,0.8853964105237737,0.9026430074603622,1.6149042872898498,1.6149042872898498,1.0,0.0,0.0,1.0,1.0
0.6918309709189363,1.5691681957935015,gt-order-1,"ap_fixed<16,6,AP_RND,AP_SAT>",False,True,1000.0,0.0,-12.0,1.0,0.7379758358001709,0.738548994064331,0.0,2.630650520324707,2.630650520324707,2.664690531463651,2.664690531463651,1.8435154956172428,1.8435154956172428,1.8435154956172428,1.8435154956172428,0.8691727462019797,0.9034526480329649,1.8435154956172408,1.8435154956172408,1.0,0.0,0.0,1.0,1.0
0.7897688493998856,1.5691681957935015,gt-order-1,"ap_fixed<16,6,AP_RND,AP_SAT>",False,True,1000.0,0.0,-12.0,1.0,0.6223469972610474,0.5773501992225647,0.0,2.6453375816345215,2.6453375816345215,2.6646905314636515,2.6646905314636515,2.104489642311856,2.104489642311856,2.104489642311856,2.104489642311856,1.1044896423118555,1.1044896423118555,2.104489642311855,2.104489642311855,1.0,0.0,0.0,1.0,1.0
0.9015711376059565,1.5691681957935015,gt-order-1,"ap_fixed<16,6,AP_RND,AP_SAT>",False,True,1000.0,0.0,-12.0,1.0,0.5196172595024109,0.588348388671875,0.0,2.657179832458496,2.657179832458496,2.664690531463652,2.664690531463652,2.402408119088507,2.402408119088507,2.402408119088507,2.402408119088507,1.4024081190885067,1.4024081190885063,2.4024081190885043,2.4024081190885043,1.0,0.0,0.0,1.0,1.0
1.0292005271944276,1.5691681957935015,gt-order-1,"ap_fixed<16,6,AP_RND,AP_SAT>",False,True,1000.0,0.0,-12.0,0.4971143305301666,0.4376271963119507,0.6255432367324829,0.0,2.6896791458129883,2.6896791458129883,2.664690531463651,2.664690531463651,2.7425009709386012,2.742500970938599,2.7425009709386012,2.742500970938599,1.7425009709386008,1.7425009709385986,2.7425009709386003,1.3633365341464743,1.0,0.0,0.0,1.0,1.0
1.174897554939529,1.5691681957935015,gt-order-1,"ap_fixed<16,6,AP_RND,AP_SAT>",False,True,1000.0,0.0,-12.0,0.8511383533477783,0.3710308074951172,0.5570859909057617,0.0,2.663586378097534,2.663586378097534,2.664690531463651,2.664690531463651,3.130738381019299,3.1307383810192966,3.130738381019299,3.1307383810192966,2.1307383810192984,2.130738381019296,3.1307383810192966,2.6646915103834536,1.0,0.0,0.0,1.0,1.0
1.3412199354053709,1.5691681957935015,gt-order-1,"ap_fixed<16,6,AP_RND,AP_SAT>",False,True,1000.0,0.0,-12.0,0.7455901503562927,0.3140099346637726,0.6030226945877075,0.0,2.6641032695770264,2.6641032695770264,2.6646905314636515,2.6646905314636515,3.573935973572795,3.573935973572793,3.573935973572795,3.573935973572793,2.5739359735727945,2.57393597357279,3.5739359735727927,2.6646914598999016,1.0,0.0,0.0,1.0,1.0
1.5310874616820287,1.5691681957935015,gt-order-1,"ap_fixed<16,6,AP_RND,AP_SAT>",False,True,1000.0,0.0,-12.0,0.34858328104019165,0.2659469544887543,0.5303300619125366,0.0,2.664320230484009,2.664320230484009,2.664690531463652,2.664690531463652,4.079874411359547,4.079874411359544,4.079874411359547,4.079874411359544,3.079874411359546,3.07987441135954,4.079874411359543,1.42217600854363,1.0,0.0,0.0,1.0,1.0
1.7478332624182173,1.5691681957935015,gt-order-1,"ap_fixed<16,6,AP_RND,AP_SAT>",False,True,1000.0,0.0,-12.0,0.30807825922966003,0.2276287078857422,0.5547001957893372,0.0,2.6644108295440674,2.6644108295440674,2.6646905314636515,2.6646905314636515,4.657434717056815,4.657434717056811,4.657434717056815,4.657434717056811,3.6574347170568133,3.657434717056809,4.657434717056811,1.4348543801066465,1.0,0.0,0.0,1.0,1.0
1.9952623149688795,1.5691681957935015,gt-order-1,"ap_fixed<16,6,AP_RND,AP_SAT>",True,False,,100.16806030273438,,0.3694382607936859,0.3694382607936859,0.9999999403953552,0.0,2.663818359375,2.663818359375,2.6646905314636498,2.6646905314636498,5.316756465879498,5.316756465879498,5.316756465879498,5.316756465879498,4.3167564658794975,4.3167564658794975,5.316756465879495,1.9642132618181047,1.0,0.0,0.0,1.0,1.0
0.01,1.6245047927124712,gt-order-1,"ap_fixed<16,6,AP_RND,AP_SAT>",False,True,1000.0,0.0452880859375,-1.34401603400712,1.0,1.0,0.36877018213272095,0.0,2.8229048252105713,2.8229048252105713,2.8559445978105256,2.8559445978105256,0.028559445339751893,0.028559445339751893,0.028559445339751893,0.028559445339751893,0.9979732452379176,0.9979732452379176,0.028559445339751872,0.028559445339751872,1.0,0.0,0.0,1.0,1.0
0.011415633046188459,1.6245047927124712,gt-order-1,"ap_fixed<16,6,AP_RND,AP_SAT>",False,True,1000.0,0.034820556640625,-1.4581642905290308,1.0,1.0,0.37143129110336304,0.0,2.824420690536499,2.824420690536499,2.8559445978105256,2.8559445978105256,0.03260241646209773,0.03260241646209773,0.03260241646209773,0.03260241646209773,0.9976863310182017,0.9976863310182017,0.03260241646209771,0.03260241646209771,1.0,0.0,0.0,1.0,1.0
0.013031667784522994,1.6245047927124712,gt-order-1,"ap_fixed<16,6,AP_RND,AP_SAT>",False,True,1000.0,0.02606201171875,-1.583992064254049,1.0,1.0,0.38672372698783875,0.0,2.8243792057037354,2.8243792057037354,2.8559445978105256,2.8559445978105256,0.03721772190995482,0.03721772190995482,0.03721772190995482,0.03721772190995482,0.9973588004172523,0.9973588004172523,0.03721772190995481,0.03721772190995481,1.0,0.0,0.0,1.0,1.0
0.014876473740795015,1.6245047927124712,gt-order-1,"ap_fixed<16,6,AP_RND,AP_SAT>",False,True,1000.0,0.0197601318359375,-1.70421016218445,1.0,1.0,0.3795454204082489,0.0,2.819218873977661,2.819218873977661,2.8559445978105256,2.8559445978105256,0.042486384683819156,0.042486384683819156,0.042486384683819156,0.042486384683819156,0.9969849035421658,0.9969849035421658,0.04248638468381914,0.04248638468381914,1.0,0.0,0.0,1.0,1.0
0.016982436524617443,1.6245047927124712,gt-order-1,"ap_fixed<16,6,AP_RND,AP_SAT>",False,True,1000.0,0.0153045654296875,-1.8151789975749042,1.0,1.0,0.3794173002243042,0.0,2.820573568344116,2.820573568344116,2.8559445978105256,2.8559445978105256,0.048500896866260725,0.048500896866260725,0.048500896866260725,0.048500896866260725,0.9965580765830863,0.9965580765830863,0.04850089686626069,0.04850089686626069,1.0,0.0,0.0,1.0,1.0
0.019386526359522076,1.6245047927124712,gt-order-1,"ap_fixed<16,6,AP_RND,AP_SAT>",False,True,1000.0,0.011260986328125,-1.9484235687620912,1.0,1.0,0.3791808485984802,0.0,2.8164191246032715,2.8164191246032715,2.8559445978105256,2.8559445978105256,0.055366844763191446,0.055366844763191446,0.055366844763191446,0.055366844763191446,0.9960708264831359,0.9960708264831359,0.05536684476319139,0.05536684476319139,1.0,0.0,0.0,1.0,1.0
0.022130947096056376,1.6245047927124712,gt-order-1,"ap_fixed<16,6,AP_RND,AP_SAT>",False,True,1000.0,0.008819580078125,-2.0545520921539278,1.0,1.0,0.38820788264274597,0.0,2.8191654682159424,2.8191654682159424,2.8559445978105256,2.8559445978105256,0.0632047601286155,0.0632047601286155,0.0632047601286155,0.0632047601286155,0.9955145995640661,0.9955145995640661,0.06320476012861544,0.06320476012861544,1.0,0.0,0.0,1.0,1.0
0.025263877101318954,1.6245047927124712,gt-order-1,"ap_fixed<16,6,AP_RND,AP_SAT>",False,True,1000.0,0.0068206787109375,-2.1661724074280895,1.0,1.0,0.39595797657966614,0.0,2.81746244430542,2.81746244430542,2.8559445978105256,2.8559445978105256,0.07215223471014164,0.07215223471014164,0.07215223471014164,0.07215223471014164,0.9948796314650364,0.9948796314650364,0.07215223471014158,0.07215223471014158,1.0,0.0,0.0,1.0,1.0
0.028840315031266057,1.6245047927124712,gt-order-1,"ap_fixed<16,6,AP_RND,AP_SAT>",False,True,1000.0,0.005157470703125,-2.2875632302618376,1.0,1.0,0.39277249574661255,0.0,2.816074848175049,2.816074848175049,2.8559445978105256,2.8559445978105256,0.08236634067214804,0.08236634067214804,0.08236634067214804,0.08236634067214804,0.9941547753744282,0.9941547753744282,0.08236634067214796,0.08236634067214796,1.0,0.0,0.0,1.0,1.0
0.03292304533334065,1.6245047927124712,gt-order-1,"ap_fixed<16,6,AP_RND,AP_SAT>",False,True,1000.0,0.0037689208984375,-2.423782977248803,1.0,1.0,0.3903745710849762,0.0,2.818608283996582,2.818608283996582,2.8559445978105256,2.8559445978105256,0.09402639679368531,0.09402639679368531,0.09402639679368531,0.09402639679368531,0.9933273057233427,0.9933273057233427,0.09402639679368524,0.09402639679368524,1.0,0.0,0.0,1.0,1.0
0.037583740428844416,1.6245047927124712,gt-order-1,"ap_fixed<16,6,AP_RND,AP_SAT>",False,True,1000.0,0.0029449462890625,-2.5309226214684544,1.0,1.0,0.38622525334358215,0.0,2.8187224864959717,2.8187224864959717,2.8559445978105256,2.8559445978105256,0.10733708576072831,0.10733708576072831,0.10733708576072831,0.10733708576072831,0.9923826969632769,0.9923826969632769,0.10733708576072826,0.10733708576072826,1.0,0.0,0.0,1.0,1.0
0.04290421892388853,1.6245047927124712,gt-order-1,"ap_fixed<16,6,AP_RND,AP_SAT>",False,True,1000.0,0.0020904541015625,-2.679759363259541,1.0,1.0,0.3791051506996155,0.0,2.8187243938446045,2.8187243938446045,2.8559445978105256,2.8559445978105256,0.12253207682150674,0.12253207682150674,0.12253207682150674,0.12253207682150674,0.9913043664801083,0.9913043664801083,0.1225320768215066,0.1225320768215066,1.0,0.0,0.0,1.0,1.0
0.04897788193684462,1.6245047927124712,gt-order-1,"ap_fixed<16,6,AP_RND,AP_SAT>",False,True,1000.0,0.0015869140625,-2.7994465910512463,1.0,1.0,0.5369464159011841,0.0,2.819535493850708,2.819535493850708,2.855944597810525,2.855944597810525,0.1398781165676344,0.1398781165676344,0.1398781165676344,0.1398781165676344,0.9900733842869841,0.9900733842869841,0.13987811656763433,0.13987811656763433,1.0,0.0,0.0,1.0,1.0
0.05591135275705602,1.6245047927124712,gt-order-1,"ap_fixed<16,6,AP_RND,AP_SAT>",False,True,1000.0,0.001251220703125,-2.902666077892886,1.0,1.0,0.3689323961734772,0.0,2.8203883171081543,2.8203883171081543,2.8559445978105256,2.8559445978105256,0.15967972083132148,0.15967972083132148,0.15967972083132148,0.15967972083132148,0.9886681400582931,0.9886681400582931,0.15967972083132126,0.15967972083132126,1.0,0.0,0.0,1.0,1.0
0.06382634861905485,1.6245047927124712,gt-order-1,"ap_fixed<16,6,AP_RND,AP_SAT>",False,True,1000.0,0.0009307861328125,-3.031150095146343,1.0,1.0,0.5634830594062805,0.0,2.819843053817749,2.819843053817749,2.8559445978105256,2.8559445978105256,0.18228450493594847,0.18228450493594847,0.18228450493594847,0.18228450493594847,0.9870639648621404,0.9870639648621404,0.18228450493594833,0.18228450493594833,1.0,0.0,0.0,1.0,1.0
0.07286181745132274,1.6245047927124712,gt-order-1,"ap_fixed<16,6,AP_RND,AP_SAT>",False,True,1000.0,0.0007171630859375,-3.1443820720824087,1.0,1.0,0.3655451238155365,0.0,2.81966233253479,2.81966233253479,2.8559445978105256,2.8559445978105256,0.20808932252756632,0.20808932252756632,0.20808932252756632,0.20808932252756632,0.9852326955109221,0.9852326955109221,0.20808932252756618,0.20808932252756618,1.0,0.0,0.0,1.0,1.0
0.08317637711026708,1.6245047927124712,gt-order-1,"ap_fixed<16,6,AP_RND,AP_SAT>",False,True,1000.0,0.0005340576171875,-3.2724118854602255,1.0,1.0,0.3701981008052826,0.0,2.8190500736236572,2.8190500736236572,2.8559445978105256,2.8559445978105256,0.23754711723431698,0.23754711723431698,0.23754711723431698,0.23754711723431698,0.983142188325222,0.983142188325222,0.23754711723431676,0.23754711723431676,1.0,0.0,0.0,1.0,1.0
0.09495109992021983,1.6245047927124712,gt-order-1,"ap_fixed<16,6,AP_RND,AP_SAT>",False,True,1000.0,0.000396728515625,-3.4015065815581917,1.0,1.0,0.6312511563301086,0.0,2.820403575897217,2.820403575897217,2.8559445978105256,2.8559445978105256,0.2711750829502469,0.2711750829502469,0.2711750829502469,0.2711750829502469,0.9807557400296366,0.9807557400296366,0.2711750829502467,0.2711750829502467,1.0,0.0,0.0,1.0,1.0
0.10839269140212034,1.6245047927124712,gt-order-1,"ap_fixed<16,6,AP_RND,AP_SAT>",False,True,1000.0,0.0003204345703125,-3.49426063453445,1.0,1.0,0.4422277808189392,0.0,2.8189024925231934,2.8189024925231934,2.8559445978105256,2.8559445978105256,0.3095635263078186,0.3095635263078186,0.3095635263078186,0.3095635263078186,0.9780314588169478,0.9780314588169478,0.30956352630781847,0.30956352630781847,1.0,0.0,0.0,1.0,1.0
0.12373711899353519,1.6245047927124712,gt-order-1,"ap_fixed<16,6,AP_RND,AP_SAT>",False,True,1000.0,0.0002288818359375,-3.6403886696705565,1.0,1.0,0.46014150977134705,0.0,2.81888484954834,2.81888484954834,2.8559445978105256,2.8559445978105256,0.3533863569514962,0.3533863569514962,0.3533863569514962,0.3533863569514962,0.9749215198934704,0.9749215198934704,0.35338635695149595,0.35338635695149595,1.0,0.0,0.0,1.0,1.0
0.1412537544622754,1.6245047927124712,gt-order-1,"ap_fixed<16,6,AP_RND,AP_SAT>",False,True,1000.0,0.0001678466796875,-3.7750872428780267,1.0,1.0,0.4796827435493469,0.0,2.8196887969970703,2.8196887969970703,2.8559445978105256,2.8559445978105256,0.4034128970749459,0.4034128970749459,0.4034128970749459,0.4034128970749459,0.9713713274013006,0.9713713274013006,0.4034128970749457,0.4034128970749457,1.0,0.0,0.0,1.0,1.0
0.16125010273377416,1.6245047927124712,gt-order-1,"ap_fixed<16,6,AP_RND,AP_SAT>",False,True,1000.0,0.0001373291015625,-3.8622374180219383,1.0,1.0,0.47245562076568604,0.0,2.8196985721588135,2.8196985721588135,2.855944597810526,2.855944597810526,0.46052135067697797,0.46052135067697797,0.46052135067697797,0.46052135067697797,0.9673185585566623,0.9673185585566623,0.4605213506769775,0.4605213506769775,1.0,0.0,0.0,1.0,1.0
0.18407720014689555,1.6245047927124712,gt-order-1,"ap_fixed<16,6,AP_RND,AP_SAT>",False,True,1000.0,0.0001068115234375,-3.9713818865434534,1.0,1.0,0.4838099181652069,0.0,2.8197121620178223,2.8197121620178223,2.8559445978105256,2.8559445978105256,0.5257142942698025,0.5257142942698025,0.5257142942698025,0.5257142942698025,0.9626920643335048,0.9626920643335048,0.5257142942698024,0.5257142942698024,1.0,0.0,0.0,1.0,1.0
0.21013577690467466,1.6245047927124712,gt-order-1,"ap_fixed<16,6,AP_RND,AP_SAT>",False,True,1000.0,7.62939453125e-05,-4.117509920595296,1.0,1.0,0.6160222887992859,0.0,2.82028865814209,2.82028865814209,2.8559445978105256,2.8559445978105256,0.6001361252042635,0.6001361252042635,0.6001361252042635,0.6001361252042635,0.9574106312224987,0.9574106312224987,0.6001361252042631,0.6001361252042631,1.0,0.0,0.0,1.0,1.0
0.239883291901949,1.6245047927124712,gt-order-1,"ap_fixed<16,6,AP_RND,AP_SAT>",False,True,1000.0,4.57763671875e-05,-4.339358666416729,1.0,1.0,0.7254329919815063,0.0,2.8199880123138428,2.8199880123138428,2.8559445978105256,2.8559445978105256,0.6850933825852006,0.6850933825852006,0.6850933825852006,0.6850933825852006,0.9513815391332827,0.9513815391332827,0.6850933825852001,0.6850933825852001,1.0,0.0,0.0,1.0,1.0
0.27384196342643613,1.6245047927124712,gt-order-1,"ap_fixed<16,6,AP_RND,AP_SAT>",False,True,1000.0,3.0517578125e-05,-4.515449920728757,1.0,1.0,0.5218624472618103,0.0,2.8193955421447754,2.8193955421447754,2.8559445978105256,2.8559445978105256,0.7820775152080348,0.7820775152080348,0.7820775152080348,0.7820775152080348,0.9444989456409576,0.9444989456409576,0.7820775152080344,0.7820775152080344,1.0,0.0,0.0,1.0,1.0
0.3126079367123954,1.6245047927124712,gt-order-1,"ap_fixed<16,6,AP_RND,AP_SAT>",False,True,1000.0,3.0517578125e-05,-4.515449920728757,1.0,1.0,0.7818700671195984,0.0,2.819819688796997,2.819819688796997,2.8559445978105256,2.8559445978105256,0.8927909689328363,0.8927909689328363,0.8927909689328363,0.8927909689328363,0.9366420346647828,0.9366420346647828,0.8927909689328354,0.8927909689328354,1.0,0.0,0.0,1.0,1.0
0.35686174928348097,1.6245047927124712,gt-order-1,"ap_fixed<16,6,AP_RND,AP_SAT>",False,True,1000.0,1.52587890625e-05,-4.816479902161777,1.0,0.9993533492088318,0.48827308416366577,0.0,2.8203253746032715,2.8203253746032715,2.8559445978105256,2.8559445978105256,1.0191773595199105,1.0191773595199105,1.0191773595199105,1.0191773595199105,0.9276728752172689,0.9277196456097319,1.0191773595199098,1.0191773595199098,1.0,0.0,0.0,1.0,1.0
0.4073802778041126,1.6245047927124712,gt-order-1,"ap_fixed<16,6,AP_RND,AP_SAT>",False,True,1000.0,1.52587890625e-05,-4.816479902161777,1.0,0.9851324558258057,0.5547001361846924,0.0,2.8196632862091064,2.8196632862091064,2.855944597810525,2.855944597810525,1.1634555181424486,1.1634555181424486,1.1634555181424486,1.1634555181424486,0.9174340053241712,0.9186615588973,1.163455518142448,1.163455518142448,1.0,0.0,0.0,1.0,1.0
0.46505037616660627,1.6245047927124712,gt-order-1,"ap_fixed<16,6,AP_RND,AP_SAT>",False,True,1000.0,1.52587890625e-05,-4.816479902161777,1.0,0.9510624408721924,0.7071068286895752,0.0,2.8199682235717773,2.8199682235717773,2.8559445978105256,2.8559445978105256,1.328158090486495,1.328158090486495,1.328158090486495,1.328158090486495,0.9057456927937828,0.9103582685257371,1.328158090486494,1.328158090486494,1.0,0.0,0.0,1.0,1.0
0.5308844442309882,1.6245047927124712,gt-order-1,"ap_fixed<16,6,AP_RND,AP_SAT>",False,True,1000.0,0.0,-12.0,1.0,0.8905217051506042,0.8411582708358765,0.0,2.8198745250701904,2.8198745250701904,2.8559445978105256,2.8559445978105256,1.5161765619414251,1.5161765619414251,1.5161765619414251,1.5161765619414251,0.8924027399511246,0.9041823045117419,1.5161765619414245,1.5161765619414245,1.0,0.0,0.0,1.0,1.0
0.606038200527066,1.6245047927124712,gt-order-1,"ap_fixed<16,6,AP_RND,AP_SAT>",False,True,1000.0,0.0,-12.0,1.0,0.7969352006912231,0.6859943270683289,0.0,2.82004451751709,2.82004451751709,2.8559445978105256,2.8559445978105256,1.7308115598448888,1.7308115598448888,1.7308115598448888,1.7308115598448888,0.8771709138797352,0.9021131776020267,1.7308115598448872,1.7308115598448872,1.0,0.0,0.0,1.0,1.0
0.6918309709189363,1.6245047927124712,gt-order-1,"ap_fixed<16,6,AP_RND,AP_SAT>",False,True,1000.0,0.0,-12.0,1.0,0.678307294845581,0.632455587387085,0.0,2.8284456729888916,2.8284456729888916,2.8559445978105256,2.8559445978105256,1.9758309861956582,1.9758309861956582,1.9758309861956582,1.9758309861956582,0.9758309861956574,0.9758309861956574,1.975830986195657,1.975830986195657,1.0,0.0,0.0,1.0,1.0
0.7897688493998856,1.6245047927124712,gt-order-1,"ap_fixed<16,6,AP_RND,AP_SAT>",False,True,1000.0,0.0,-12.0,1.0,0.5695720911026001,0.6324555277824402,0.0,2.8436334133148193,2.8436334133148193,2.8559445978105256,2.8559445978105256,2.2555361510619516,2.2555361510619516,2.2555361510619516,2.2555361510619516,1.255536151061951,1.255536151061951,2.2555361510619503,2.2555361510619503,1.0,0.0,0.0,1.0,1.0
0.9015711376059565,1.6245047927124712,gt-order-1,"ap_fixed<16,6,AP_RND,AP_SAT>",False,True,1000.0,0.0,-12.0,1.0,0.47395527362823486,0.6246950030326843,0.0,2.8510777950286865,2.8510777950286865,2.8559445978105256,2.8559445978105256,2.574837268505736,2.574837268505736,2.574837268505736,2.574837268505736,1.5748372685057344,1.5748372685057344,2.5748372685057332,2.5748372685057332,1.0,0.0,0.0,1.0,1.0
1.0292005271944276,1.6245047927124712,gt-order-1,"ap_fixed<16,6,AP_RND,AP_SAT>",False,True,1000.0,0.0,-12.0,0.9716282486915588,0.4014132022857666,0.48507124185562134,0.0,2.854182720184326,2.854182720184326,2.8559445978105256,2.8559445978105256,2.9393397619572927,2.9393397619572914,2.9393397619572927,2.9393397619572914,1.9393397619572923,1.9393397619572912,2.939339761957291,2.8559455452200257,1.0,0.0,0.0,1.0,1.0
1.174897554939529,1.6245047927124712,gt-order-1,"ap_fixed<16,6,AP_RND,AP_SAT>",False,True,1000.0,0.0,-12.0,0.8511383533477783,0.34006738662719727,0.45883145928382874,0.0,2.8551597595214844,2.8551597595214844,2.8559445978105265,2.8559445978105265,3.3554423152916533,3.35544231529165,3.3554423152916533,3.35544231529165,2.355442315291653,2.355442315291648,3.3554423152916497,2.8559456469907913,1.0,0.0,0.0,1.0,1.0
1.3412199354053709,1.6245047927124712,gt-order-1,"ap_fixed<16,6,AP_RND,AP_SAT>",False,True,1000.0,0.0,-12.0,0.7455901503562927,0.2876697778701782,0.48507121205329895,0.0,2.8555028438568115,2.8555028438568115,2.8559445978105256,2.8559445978105256,3.8304497337030283,3.830449733703026,3.8304497337030283,3.830449733703026,2.8304497337030274,2.8304497337030243,3.830449733703026,2.8559455928838604,1.0,0.0,0.0,1.0,1.0
1.5310874616820287,1.6245047927124712,gt-order-1,"ap_fixed<16,6,AP_RND,AP_SAT>",False,True,1000.0,0.0,-12.0,0.6531307697296143,0.24452942609786987,0.4850712716579437,0.0,2.855663299560547,2.855663299560547,2.8559445978105256,2.8559445978105256,4.372701125059946,4.372701125059942,4.372701125059946,4.372701125059942,3.3727011250599457,3.3727011250599426,4.372701125059943,2.855945651607951,1.0,0.0,0.0,1.0,1.0
1.7478332624182173,1.6245047927124712,gt-order-1,"ap_fixed<16,6,AP_RND,AP_SAT>",False,True,1000.0,0.0,-12.0,0.572137176990509,0.2129073590040207,0.4850712716579437,0.0,2.855726718902588,2.855726718902588,2.8559445978105256,2.8559445978105256,4.9917149337891304,4.991714933789126,4.9917149337891304,4.991714933789126,3.9917149337891304,3.991714933789127,4.991714933789129,2.8559456905594773,1.0,0.0,0.0,1.0,1.0
1.9952623149688795,1.6245047927124712,gt-order-1,"ap_fixed<16,6,AP_RND,AP_SAT>",True,False,,125.47686767578125,,0.33122026920318604,0.33122026920318604,0.9999999403953552,0.0,2.8552284240722656,2.8552284240722656,2.855944597810525,2.855944597810525,5.698358487528505,5.698358487528501,5.698358487528505,5.698358487528501,4.6983584875285045,4.698358487528501,5.698358487528505,1.8874118322554516,1.0,0.0,0.0,1.0,1.0
0.01,1.6817928305074292,gt-order-1,"ap_fixed<16,6,AP_RND,AP_SAT>",False,True,1000.0,0.04217529296875,-1.374941891911241,1.0,1.0,0.3764299154281616,0.0,3.02307391166687,3.02307391166687,3.0609256335791475,3.0609256335791475,0.03060925565162128,0.03060925565162128,0.03060925565162128,0.03060925565162128,0.9978277780195232,0.9978277780195232,0.030609255651621255,0.030609255651621255,1.0,0.0,0.0,1.0,1.0
0.011415633046188459,1.6817928305074292,gt-order-1,"ap_fixed<16,6,AP_RND,AP_SAT>",False,True,1000.0,0.032562255859375,-1.4872855155219107,1.0,1.0,0.37453749775886536,0.0,3.0178635120391846,3.0178635120391846,3.060925633579148,3.060925633579148,0.034942404814842426,0.034942404814842426,0.034942404814842426,0.034942404814842426,0.9975202709711921,0.9975202709711921,0.03494240481484242,0.03494240481484242,1.0,0.0,0.0,1.0,1.0
0.013031667784522994,1.6817928305074292,gt-order-1,"ap_fixed<16,6,AP_RND,AP_SAT>",False,True,1000.0,0.024566650390625,-1.6096540545741713,1.0,1.0,0.37049394845962524,0.0,3.0271732807159424,3.0271732807159424,3.0609256335791475,3.0609256335791475,0.039888966720480805,0.039888966720480805,0.039888966720480805,0.039888966720480805,0.9971692323630827,0.9971692323630827,0.039888966720480784,0.039888966720480784,1.0,0.0,0.0,1.0,1.0
0.014876473740795015,1.6817928305074292,gt-order-1,"ap_fixed<16,6,AP_RND,AP_SAT>",False,True,1000.0,0.01849365234375,-1.7329773107699482,1.0,1.0,0.3787851929664612,0.0,3.0188231468200684,3.0188231468200684,3.060925633579148,3.060925633579148,0.04553577967041307,0.04553577967041307,0.04553577967041307,0.04553577967041307,0.996768499612535,0.996768499612535,0.04553577967041303,0.04553577967041303,1.0,0.0,0.0,1.0,1.0
0.016982436524617443,1.6817928305074292,gt-order-1,"ap_fixed<16,6,AP_RND,AP_SAT>",False,True,1000.0,0.014007568359375,-1.8536372493914524,1.0,1.0,0.3768405020236969,0.0,3.0219905376434326,3.0219905376434326,3.060925633579148,3.060925633579148,0.051981974224335176,0.051981974224335176,0.051981974224335176,0.051981974224335176,0.9963110378022959,0.9963110378022959,0.05198197422433512,0.05198197422433512,1.0,0.0,0.0,1.0,1.0
0.019386526359522076,1.6817928305074292,gt-order-1,"ap_fixed<16,6,AP_RND,AP_SAT>",False,True,1000.0,0.0105133056640625,-1.9782607086747643,1.0,1.0,0.5392858982086182,0.0,3.0177812576293945,3.0177812576293945,3.0609256335791484,3.0609256335791484,0.05934071498304803,0.05934071498304803,0.05934071498304803,0.05934071498304803,0.9957888160728087,0.9957888160728087,0.05934071498304796,0.05934071498304796,1.0,0.0,0.0,1.0,1.0
0.022130947096056376,1.6817928305074292,gt-order-1,"ap_fixed<16,6,AP_RND,AP_SAT>",False,True,1000.0,0.00811767578125,-2.090568298275151,1.0,1.0,0.3785739839076996,0.0,3.0184543132781982,3.0184543132781982,3.0609256335791475,3.0609256335791475,0.0677411846820201,0.0677411846820201,0.0677411846820201,0.0677411846820201,0.9951926668186705,0.9951926668186705,0.06774118468202008,0.06774118468202008,1.0,0.0,0.0,1.0,1.0
0.025263877101318954,1.6817928305074292,gt-order-1,"ap_fixed<16,6,AP_RND,AP_SAT>",False,True,1000.0,0.0063018798828125,-2.200529878898383,1.0,1.0,0.3794942796230316,0.0,3.0205700397491455,3.0205700397491455,3.060925633579148,3.060925633579148,0.07733085050515531,0.07733085050515531,0.07733085050515531,0.07733085050515531,0.9945121248569992,0.9945121248569992,0.07733085050515524,0.07733085050515524,1.0,0.0,0.0,1.0,1.0
0.028840315031266057,1.6817928305074292,gt-order-1,"ap_fixed<16,6,AP_RND,AP_SAT>",False,True,1000.0,0.00469970703125,-2.327929214030846,1.0,1.0,0.3744005262851715,0.0,3.0183215141296387,3.0183215141296387,3.0609256335791484,3.0609256335791484,0.08827805823011178,0.08827805823011178,0.08827805823011178,0.08827805823011178,0.9937352433308476,0.9937352433308476,0.08827805823011169,0.08827805823011169,1.0,0.0,0.0,1.0,1.0
0.03292304533334065,1.6817928305074292,gt-order-1,"ap_fixed<16,6,AP_RND,AP_SAT>",False,True,1000.0,0.0035858154296875,-2.4454120682308482,1.0,1.0,0.3818463385105133,0.0,3.0162858963012695,3.0162858963012695,3.0609256335791484,3.0609256335791484,0.10077499696580945,0.10077499696580945,0.10077499696580945,0.10077499696580945,0.9928483833131025,0.9928483833131025,0.10077499696580941,0.10077499696580941,1.0,0.0,0.0,1.0,1.0
0.037583740428844416,1.6817928305074292,gt-order-1,"ap_fixed<16,6,AP_RND,AP_SAT>",False,True,1000.0,0.002655029296875,-2.575930682177525,1.0,1.0,0.4156578779220581,0.0,3.0222554206848145,3.0222554206848145,3.060925633579148,3.060925633579148,0.11504104018354419,0.11504104018354419,0.11504104018354419,0.11504104018354419,0.9918359767062676,0.9918359767062676,0.11504104018354414,0.11504104018354414,1.0,0.0,0.0,1.0,1.0
0.04290421892388853,1.6817928305074292,gt-order-1,"ap_fixed<16,6,AP_RND,AP_SAT>",False,True,1000.0,0.0019378662109375,-2.7126762094436327,1.0,1.0,0.41309618949890137,0.0,3.0222530364990234,3.0222530364990234,3.060925633579148,3.060925633579148,0.13132662838283896,0.13132662838283896,0.13132662838283896,0.13132662838283896,0.9906802507044943,0.9906802507044943,0.13132662838283893,0.13132662838283893,1.0,0.0,0.0,1.0,1.0
0.04897788193684462,1.6817928305074292,gt-order-1,"ap_fixed<16,6,AP_RND,AP_SAT>",False,True,1000.0,0.0015869140625,-2.7994465910512463,1.0,1.0,0.5703487992286682,0.0,3.0217559337615967,3.0217559337615967,3.060925633579148,3.060925633579148,0.14991765348210367,0.14991765348210367,0.14991765348210367,0.14991765348210367,0.98936091665012,0.98936091665012,0.14991765348210356,0.14991765348210356,1.0,0.0,0.0,1.0,1.0
0.05591135275705602,1.6817928305074292,gt-order-1,"ap_fixed<16,6,AP_RND,AP_SAT>",False,True,1000.0,0.0011444091796875,-2.9414186668525066,1.0,1.0,0.41536399722099304,0.0,3.0198240280151367,3.0198240280151367,3.060925633579148,3.060925633579148,0.1711404874695615,0.1711404874695615,0.1711404874695615,0.1711404874695615,0.9878548131695171,0.9878548131695171,0.17114048746956134,0.17114048746956134,1.0,0.0,0.0,1.0,1.0
0.06382634861905485,1.6817928305074292,gt-order-1,"ap_fixed<16,6,AP_RND,AP_SAT>",False,True,1000.0,0.0008697509765625,-3.0606050744518756,1.0,1.0,0.4185744822025299,0.0,3.0221550464630127,3.0221550464630127,3.060925633579148,3.060925633579148,0.19536769522436884,0.19536769522436884,0.19536769522436884,0.19536769522436884,0.9861355007559925,0.9861355007559925,0.19536769522436867,0.19536769522436867,1.0,0.0,0.0,1.0,1.0
0.07286181745132274,1.6817928305074292,gt-order-1,"ap_fixed<16,6,AP_RND,AP_SAT>",False,True,1000.0,0.00067138671875,-3.1730272534906496,1.0,1.0,0.43391668796539307,0.0,3.021895408630371,3.021895408630371,3.0609256335791475,3.0609256335791475,0.2230246139533145,0.2230246139533145,0.2230246139533145,0.2230246139533145,0.9841727948522927,0.9841727948522927,0.22302461395331444,0.22302461395331444,1.0,0.0,0.0,1.0,1.0
0.08317637711026708,1.6817928305074292,gt-order-1,"ap_fixed<16,6,AP_RND,AP_SAT>",False,True,1000.0,0.0005340576171875,-3.2724118854602255,1.0,1.0,0.43527406454086304,0.0,3.0226306915283203,3.0226306915283203,3.060925633579148,3.060925633579148,0.2545966966175691,0.2545966966175691,0.2545966966175691,0.2545966966175691,0.9819322447156511,0.9819322447156511,0.25459669661756895,0.25459669661756895,1.0,0.0,0.0,1.0,1.0
0.09495109992021983,1.6817928305074292,gt-order-1,"ap_fixed<16,6,AP_RND,AP_SAT>",False,True,1000.0,0.0003509521484375,-3.4547520933686315,1.0,1.0,0.4747501313686371,0.0,3.0221357345581055,3.0221357345581055,3.0609256335791475,3.0609256335791475,0.29063825790833175,0.29063825790833175,0.29063825790833175,0.29063825790833175,0.9793745127492953,0.9793745127492953,0.29063825790833164,0.29063825790833164,1.0,0.0,0.0,1.0,1.0
0.10839269140212034,1.6817928305074292,gt-order-1,"ap_fixed<16,6,AP_RND,AP_SAT>",False,True,1000.0,0.00030517578125,-3.5154499335366216,1.0,1.0,0.5950416922569275,0.0,3.021959066390991,3.021959066390991,3.0609256335791475,3.0609256335791475,0.3317819728096907,0.3317819728096907,0.3317819728096907,0.3317819728096907,0.9764547004257151,0.9764547004257151,0.33178197280969046,0.33178197280969046,1.0,0.0,0.0,1.0,1.0
0.12373711899353519,1.6817928305074292,gt-order-1,"ap_fixed<16,6,AP_RND,AP_SAT>",False,True,1000.0,0.000213623046875,-3.6703518929124668,1.0,1.0,0.5846448540687561,0.0,3.0222668647766113,3.0222668647766113,3.060925633579148,3.060925633579148,0.3787501197954783,0.3787501197954783,0.3787501197954783,0.3787501197954783,0.9731215503999185,0.9731215503999185,0.37875011979547807,0.37875011979547807,1.0,0.0,0.0,1.0,1.0
0.1412537544622754,1.6817928305074292,gt-order-1,"ap_fixed<16,6,AP_RND,AP_SAT>",False,True,1000.0,0.0001678466796875,-3.7750872428780267,1.0,1.0,0.4097687900066376,0.0,3.02266001701355,3.02266001701355,3.060925633579148,3.060925633579148,0.4323672379778604,0.4323672379778604,0.4323672379778604,0.4323672379778604,0.9693165482799326,0.9693165482799326,0.4323672379778599,0.4323672379778599,1.0,0.0,0.0,1.0,1.0
0.16125010273377416,1.6817928305074292,gt-order-1,"ap_fixed<16,6,AP_RND,AP_SAT>",False,True,1000.0,0.0001220703125,-3.913389940074015,1.0,1.0,0.40946152806282043,0.0,3.02241587638855,3.02241587638855,3.060925633579148,3.060925633579148,0.4935745630984307,0.4935745630984307,0.4935745630984307,0.4935745630984307,0.9649728981596436,0.9649728981596436,0.4935745630984301,0.4935745630984301,1.0,0.0,0.0,1.0,1.0
0.18407720014689555,1.6817928305074292,gt-order-1,"ap_fixed<16,6,AP_RND,AP_SAT>",False,True,1000.0,9.1552734375e-05,-4.038328675496402,1.0,1.0,0.42980554699897766,0.0,3.0224993228912354,3.0224993228912354,3.060925633579148,3.060925633579148,0.5634466300582518,0.5634466300582518,0.5634466300582518,0.5634466300582518,0.9600143444006449,0.9600143444006449,0.5634466300582516,0.5634466300582516,1.0,0.0,0.0,1.0,1.0
0.21013577690467466,1.6817928305074292,gt-order-1,"ap_fixed<16,6,AP_RND,AP_SAT>",False,True,1000.0,7.62939453125e-05,-4.117509920595296,1.0,1.0,0.4603356420993805,0.0,3.022705316543579,3.022705316543579,3.0609256335791475,3.0609256335791475,0.6432099735698258,0.6432099735698258,0.6432099735698258,0.6432099735698258,0.9543538445183807,0.9543538445183807,0.6432099735698253,0.6432099735698253,1.0,0.0,0.0,1.0,1.0
0.239883291901949,1.6817928305074292,gt-order-1,"ap_fixed<16,6,AP_RND,AP_SAT>",False,True,1000.0,3.0517578125e-05,-4.515449920728757,1.0,1.0,0.5019646286964417,0.0,3.022995710372925,3.022995710372925,3.060925633579148,3.060925633579148,0.7342649075749372,0.7342649075749372,0.7342649075749372,0.7342649075749372,0.9478920235800357,0.9478920235800357,0.7342649075749366,0.7342649075749366,1.0,0.0,0.0,1.0,1.0
0.27384196342643613,1.6817928305074292,gt-order-1,"ap_fixed<16,6,AP_RND,AP_SAT>",False,True,1000.0,3.0517578125e-05,-4.515449920728757,1.0,1.0,0.5240973830223083,0.0,3.0228941440582275,3.0228941440582275,3.060925633579148,3.060925633579148,0.8382099273149062,0.8382099273149062,0.8382099273149062,0.8382099273149062,0.9405154424827967,0.9405154424827967,0.8382099273149054,0.8382099273149054,1.0,0.0,0.0,1.0,1.0
0.3126079367123954,1.6817928305074292,gt-order-1,"ap_fixed<16,6,AP_RND,AP_SAT>",False,True,1000.0,1.52587890625e-05,-4.816479902161777,1.0,1.0,0.5874269604682922,0.0,3.0228092670440674,3.0228092670440674,3.0609256335791484,3.0609256335791484,0.9568696690858517,0.9568696690858517,0.9568696690858517,0.9568696690858517,0.9320946137567984,0.9320946137567984,0.9568696690858508,0.9568696690858508,1.0,0.0,0.0,1.0,1.0
0.35686174928348097,1.6817928305074292,gt-order-1,"ap_fixed<16,6,AP_RND,AP_SAT>",False,True,1000.0,1.52587890625e-05,-4.816479902161777,1.0,0.9921345710754395,0.5282705426216125,0.0,3.0226118564605713,3.0226118564605713,3.0609256335791484,3.0609256335791484,1.0923272486831952,1.0923272486831952,1.0923272486831952,1.0923272486831952,0.9224817066292117,0.9230914212560724,1.0923272486831939,1.0923272486831939,1.0,0.0,0.0,1.0,1.0
0.4073802778041126,1.6817928305074292,gt-order-1,"ap_fixed<16,6,AP_RND,AP_SAT>",False,True,1000.0,1.52587890625e-05,-4.816479902161777,1.0,0.9716477990150452,0.6471501588821411,0.0,3.0225749015808105,3.0225749015808105,3.060925633579148,3.060925633579148,1.2469607504786753,1.2469607504786753,1.2469607504786753,1.2469607504786753,0.9115079575337968,0.914016901707367,1.246960750478674,1.246960750478674,1.0,0.0,0.0,1.0,1.0
0.46505037616660627,1.6817928305074292,gt-order-1,"ap_fixed<16,6,AP_RND,AP_SAT>",False,True,1000.0,1.52587890625e-05,-4.816479902161777,1.0,0.9275867938995361,0.6804138422012329,0.0,3.022975444793701,3.022975444793701,3.060925633579148,3.060925633579148,1.4234845969114138,1.4234845969114138,1.4234845969114138,1.4234845969114138,0.8989807342761063,0.9062958631850871,1.4234845969114125,1.4234845969114125,1.0,0.0,0.0,1.0,1.0
0.5308844442309882,1.6817928305074292,gt-order-1,"ap_fixed<16,6,AP_RND,AP_SAT>",False,True,1000.0,0.0,-12.0,1.0,0.8437347412109375,0.49236592650413513,0.0,3.0228259563446045,3.0228259563446045,3.0609256335791484,3.0609256335791484,1.6249978052922676,1.6249978052922676,1.6249978052922676,1.6249978052922676,0.884680111432369,0.9027006036629149,1.624997805292266,1.624997805292266,1.0,0.0,0.0,1.0,1.0
0.606038200527066,1.6817928305074292,gt-order-1,"ap_fixed<16,6,AP_RND,AP_SAT>",False,True,1000.0,0.0,-12.0,1.0,0.7323892712593079,0.7126966714859009,0.0,3.022961139678955,3.022961139678955,3.060925633579148,3.060925633579148,1.8550379004151156,1.8550379004151156,1.8550379004151156,1.8550379004151156,0.8683550443773507,0.9035846468865635,1.8550379004151143,1.8550379004151143,1.0,0.0,0.0,1.0,1.0
0.6918309709189363,1.6817928305074292,gt-order-1,"ap_fixed<16,6,AP_RND,AP_SAT>",False,True,1000.0,0.0,-12.0,1.0,0.6172630190849304,0.5494422912597656,0.0,3.040653705596924,3.040653705596924,3.0609256335791484,3.0609256335791484,2.117643219655866,2.117643219655866,2.117643219655866,2.117643219655866,1.1176432196558654,1.1176432196558654,2.1176432196558643,2.1176432196558643,1.0,0.0,0.0,1.0,1.0
0.7897688493998856,1.6817928305074292,gt-order-1,"ap_fixed<16,6,AP_RND,AP_SAT>",False,True,1000.0,0.0,-12.0,1.0,0.5149876475334167,0.6201736927032471,0.0,3.0644121170043945,3.0644121170043945,3.0609256335791484,3.0609256335791484,2.4174237930045512,2.4174237930045512,2.4174237930045512,2.4174237930045512,1.4174237930045508,1.4174237930045506,2.417423793004549,2.417423793004549,1.0,0.0,0.0,1.0,1.0
0.9015711376059565,1.6817928305074292,gt-order-1,"ap_fixed<16,6,AP_RND,AP_SAT>",False,True,1000.0,0.0,-12.0,0.7339118719100952,0.4340408444404602,0.6859943866729736,0.0,3.058217763900757,3.058217763900757,3.0609256335791484,3.0609256335791484,2.7596422575936135,2.759642257593612,2.7596422575936135,2.759642257593612,1.7596422575936135,1.7596422575936108,2.759642257593611,2.025334215072728,1.0,0.0,0.0,1.0,1.0
1.0292005271944276,1.6817928305074292,gt-order-1,"ap_fixed<16,6,AP_RND,AP_SAT>",False,True,1000.0,0.0,-12.0,0.9716282486915588,0.368061363697052,0.5494422316551208,0.0,3.0644121170043945,3.0644121170043945,3.060925633579148,3.060925633579148,3.1503063575081334,3.150306357508131,3.1503063575081334,3.150306357508131,2.150306357508134,2.1503063575081303,3.1503063575081307,3.060926648987509,1.0,0.0,0.0,1.0,1.0
1.174897554939529,1.6817928305074292,gt-order-1,"ap_fixed<16,6,AP_RND,AP_SAT>",False,True,1000.0,0.0,-12.0,0.8511383533477783,0.3114856481552124,0.5773502588272095,0.0,3.0644121170043945,3.0644121170043945,3.0609256335791484,3.0609256335791484,3.5962740323276354,3.5962740323276328,3.5962740323276354,3.5962740323276328,2.5962740323276368,2.5962740323276323,3.5962740323276328,3.060926758062716,1.0,0.0,0.0,1.0,1.0
1.3412199354053709,1.6817928305074292,gt-order-1,"ap_fixed<16,6,AP_RND,AP_SAT>",False,True,1000.0,0.0,-12.0,0.4834253191947937,0.2638508677482605,0.5252257585525513,0.0,3.0607900619506836,3.0607900619506836,3.0609256335791475,3.0609256335791475,4.105374378416385,4.105374378416384,4.105374378416385,4.105374378416384,3.1053743784163856,3.1053743784163825,4.105374378416383,1.9846419193000675,1.0,0.0,0.0,1.0,1.0
1.5310874616820287,1.6817928305074292,gt-order-1,"ap_fixed<16,6,AP_RND,AP_SAT>",False,True,1000.0,0.0,-12.0,0.4488813877105713,0.22599484026432037,0.5477225184440613,0.0,3.1274986267089844,3.1274986267089844,3.0609256335791484,3.0609256335791484,4.686545030298361,4.686545030298358,4.686545030298361,4.686545030298358,3.6865450302983613,3.6865450302983587,4.6865450302983565,2.1037028367684076,1.0,0.0,0.0,1.0,1.0
1.7478332624182173,1.6817928305074292,gt-order-1,"ap_fixed<16,6,AP_RND,AP_SAT>",True,False,,113.036376953125,,0.3658776879310608,0.3658776879310608,0.9999998807907104,0.0,3.060258626937866,3.060258626937866,3.0609256335791457,3.0609256335791457,5.349987604125317,5.349987604125317,5.349987604125317,5.349987604125317,4.3499876041253165,4.349987604125315,5.349987604125317,1.9574410950572063,1.0,0.0,0.0,1.0,1.0
1.9952623149688795,1.6817928305074292,gt-order-1,"ap_fixed<16,6,AP_RND,AP_SAT>",True,False,,152.1358642578125,,0.2934405207633972,0.2934405207633972,1.0,0.0,3.060546875,3.060546875,3.060925633579146,3.060925633579146,6.1073494132803505,6.10734941328035,6.1073494132803505,6.10734941328035,5.107349413280351,5.107349413280347,6.1073494132803505,1.7921437923170145,1.0,0.0,0.0,1.0,1.0
0.01,1.7411011265922482,gt-order-1,"ap_fixed<16,6,AP_RND,AP_SAT>",False,True,1000.0,0.0391387939453125,-1.4073925611647677,1.0,1.0,0.3688804507255554,0.0,3.2400660514831543,3.2400660514831543,3.2806188614780463,3.2806188614780463,0.03280618788150501,0.03280618788150501,0.03280618788150501,0.03280618788150501,0.9976718701380739,0.9976718701380739,0.03280618788150497,0.03280618788150497,1.0,0.0,0.0,1.0,1.0
0.011415633046188459,1.7411011265922482,gt-order-1,"ap_fixed<16,6,AP_RND,AP_SAT>",False,True,1000.0,0.0297698974609375,-1.5262226612145926,1.0,1.0,0.37166574597358704,0.0,3.237121105194092,3.237121105194092,3.2806188614780463,3.2806188614780463,0.037450342159058944,0.037450342159058944,0.037450342159058944,0.037450342159058944,0.9973422922457562,0.9973422922457562,0.03745034215905891,0.03745034215905891,1.0,0.0,0.0,1.0,1.0
0.013031667784522994,1.7411011265922482,gt-order-1,"ap_fixed<16,6,AP_RND,AP_SAT>",False,True,1000.0,0.0229339599609375,-1.6395209500178543,1.0,1.0,0.3773496448993683,0.0,3.2429637908935547,3.2429637908935547,3.280618861478046,3.280618861478046,0.04275193593483809,0.04275193593483809,0.04275193593483809,0.04275193593483809,0.996966058383115,0.996966058383115,0.04275193593483805,0.04275193593483805,1.0,0.0,0.0,1.0,1.0
0.014876473740795015,1.7411011265922482,gt-order-1,"ap_fixed<16,6,AP_RND,AP_SAT>",False,True,1000.0,0.0168914794921875,-1.7723323097192656,1.0,1.0,0.37698888778686523,0.0,3.2384941577911377,3.2384941577911377,3.280618861478046,3.280618861478046,0.0488040401962294,0.0488040401962294,0.0488040401962294,0.0488040401962294,0.9965365636576281,0.9965365636576281,0.04880404019622935,0.04880404019622935,1.0,0.0,0.0,1.0,1.0
0.016982436524617443,1.7411011265922482,gt-order-1,"ap_fixed<16,6,AP_RND,AP_SAT>",False,True,1000.0,0.0131072998046875,-1.882486766759323,1.0,1.0,0.3920188248157501,0.0,3.241199254989624,3.241199254989624,3.280618861478046,3.280618861478046,0.05571290044633161,0.05571290044633161,0.05571290044633161,0.05571290044633161,0.9960462682317094,0.9960462682317094,0.05571290044633155,0.05571290044633155,1.0,0.0,0.0,1.0,1.0
0.019386526359522076,1.7411011265922482,gt-order-1,"ap_fixed<16,6,AP_RND,AP_SAT>",False,True,1000.0,0.01007080078125,-1.9969359950387062,1.0,1.0,0.3842397630214691,0.0,3.2383933067321777,3.2383933067321777,3.2806188614780454,3.2806188614780454,0.06359980350105633,0.06359980350105633,0.06359980350105633,0.06359980350105633,0.9954865648432465,0.9954865648432465,0.06359980350105628,0.06359980350105628,1.0,0.0,0.0,1.0,1.0
0.022130947096056376,1.7411011265922482,gt-order-1,"ap_fixed<16,6,AP_RND,AP_SAT>",False,True,1000.0,0.0078125,-2.1072099695922786,1.0,1.0,0.3891616463661194,0.0,3.238776683807373,3.238776683807373,3.2806188614780463,3.2806188614780463,0.07260320398795357,0.07260320398795357,0.07260320398795357,0.07260320398795357,0.9948476278961029,0.9948476278961029,0.0726032039879535,0.0726032039879535,1.0,0.0,0.0,1.0,1.0
0.025263877101318954,1.7411011265922482,gt-order-1,"ap_fixed<16,6,AP_RND,AP_SAT>",False,True,1000.0,0.005767822265625,-2.238988130711178,1.0,1.0,0.3927238881587982,0.0,3.236483573913574,3.236483573913574,3.280618861478046,3.280618861478046,0.08288115332116307,0.08288115332116307,0.08288115332116307,0.08288115332116307,0.9941182410850403,0.9941182410850403,0.08288115332116303,0.08288115332116303,1.0,0.0,0.0,1.0,1.0
0.028840315031266057,1.7411011265922482,gt-order-1,"ap_fixed<16,6,AP_RND,AP_SAT>",False,True,1000.0,0.0042572021484375,-2.3708757272480874,1.0,1.0,0.3743380606174469,0.0,3.2346365451812744,3.2346365451812744,3.280618861478046,3.280618861478046,0.09461408003752254,0.09461408003752254,0.09461408003752254,0.09461408003752254,0.9932856000858846,0.9932856000858846,0.09461408003752252,0.09461408003752252,1.0,0.0,0.0,1.0,1.0
0.03292304533334065,1.7411011265922482,gt-order-1,"ap_fixed<16,6,AP_RND,AP_SAT>",False,True,1000.0,0.003265380859375,-2.486066157141509,1.0,1.0,0.5518590211868286,0.0,3.2374706268310547,3.2374706268310547,3.2806188614780463,3.2806188614780463,0.10800796732354809,0.10800796732354809,0.10800796732354809,0.10800796732354809,0.9923350870585708,0.9923350870585708,0.10800796732354802,0.10800796732354802,1.0,0.0,0.0,1.0,1.0
0.037583740428844416,1.7411011265922482,gt-order-1,"ap_fixed<16,6,AP_RND,AP_SAT>",False,True,1000.0,0.0023956298828125,-2.620580278033179,1.0,1.0,0.3777052164077759,0.0,3.23760986328125,3.23760986328125,3.2806188614780463,3.2806188614780463,0.12329793384391616,0.12329793384391616,0.12329793384391616,0.12329793384391616,0.9912500165294225,0.9912500165294225,0.1232979338439161,0.1232979338439161,1.0,0.0,0.0,1.0,1.0
0.04290421892388853,1.7411011265922482,gt-order-1,"ap_fixed<16,6,AP_RND,AP_SAT>",False,True,1000.0,0.001861572265625,-2.7301200997156565,1.0,1.0,0.4375375211238861,0.0,3.236710548400879,3.236710548400879,3.280618861478046,3.280618861478046,0.14075239507968246,0.14075239507968246,0.14075239507968246,0.14075239507968246,0.9900113400768703,0.9900113400768703,0.14075239507968237,0.14075239507968237,1.0,0.0,0.0,1.0,1.0
0.04897788193684462,1.7411011265922482,gt-order-1,"ap_fixed<16,6,AP_RND,AP_SAT>",False,True,1000.0,0.001373291015625,-2.8622374208681305,1.0,1.0,0.5464481711387634,0.0,3.23877215385437,3.23877215385437,3.280618861478046,3.280618861478046,0.16067776240183584,0.16067776240183584,0.16067776240183584,0.16067776240183584,0.9885973128561486,0.9885973128561486,0.1606777624018357,0.1606777624018357,1.0,0.0,0.0,1.0,1.0
0.05591135275705602,1.7411011265922482,gt-order-1,"ap_fixed<16,6,AP_RND,AP_SAT>",False,True,1000.0,0.0010833740234375,-2.9652215815037515,1.0,1.0,0.374634325504303,0.0,3.23876953125,3.23876953125,3.2806188614780463,3.2806188614780463,0.18342383264590773,0.18342383264590773,0.18342383264590773,0.18342383264590773,0.9869831111217692,0.9869831111217692,0.1834238326459075,0.1834238326459075,1.0,0.0,0.0,1.0,1.0
0.06382634861905485,1.7411011265922482,gt-order-1,"ap_fixed<16,6,AP_RND,AP_SAT>",False,True,1000.0,0.000762939453125,-3.117509925718442,1.0,1.0,0.39405012130737305,0.0,3.2386093139648438,3.2386093139648438,3.2806188614780463,3.2806188614780463,0.20938991096203843,0.20938991096203843,0.20938991096203843,0.20938991096203843,0.9851403977122364,0.9851403977122364,0.2093899109620382,0.2093899109620382,1.0,0.0,0.0,1.0,1.0
0.07286181745132274,1.7411011265922482,gt-order-1,"ap_fixed<16,6,AP_RND,AP_SAT>",False,True,1000.0,0.0006103515625,-3.2144199385841885,1.0,1.0,0.4175131916999817,0.0,3.23876953125,3.23876953125,3.280618861478046,3.280618861478046,0.23903186248062255,0.23903186248062255,0.23903186248062255,0.23903186248062255,0.9830368216202671,0.9830368216202671,0.23903186248062244,0.23903186248062244,1.0,0.0,0.0,1.0,1.0
0.08317637711026708,1.7411011265922482,gt-order-1,"ap_fixed<16,6,AP_RND,AP_SAT>",False,True,1000.0,0.00048828125,-3.311329951414358,1.0,1.0,0.5935858488082886,0.0,3.23905611038208,3.23905611038208,3.280618861478046,3.280618861478046,0.27286998280221497,0.27286998280221497,0.27286998280221497,0.27286998280221497,0.980635459454181,0.980635459454181,0.2728699828022148,0.2728699828022148,1.0,0.0,0.0,1.0,1.0
0.09495109992021983,1.7411011265922482,gt-order-1,"ap_fixed<16,6,AP_RND,AP_SAT>",False,True,1000.0,0.0003662109375,-3.4362686877261797,1.0,1.0,0.5623243451118469,0.0,3.2395739555358887,3.2395739555358887,3.2806188614780463,3.2806188614780463,0.31149837170212313,0.31149837170212313,0.31149837170212313,0.31149837170212313,0.9778941502218857,0.9778941502218857,0.3114983717021229,0.3114983717021229,1.0,0.0,0.0,1.0,1.0
0.10839269140212034,1.7411011265922482,gt-order-1,"ap_fixed<16,6,AP_RND,AP_SAT>",False,True,1000.0,0.0002593994140625,-3.5860310075711945,1.0,1.0,0.6253896355628967,0.0,3.239494562149048,3.239494562149048,3.280618861478046,3.280618861478046,0.35559511343800276,0.35559511343800276,0.35559511343800276,0.35559511343800276,0.9747647728733265,0.9747647728733265,0.35559511343800243,0.35559511343800243,1.0,0.0,0.0,1.0,1.0
0.12373711899353519,1.7411011265922482,gt-order-1,"ap_fixed<16,6,AP_RND,AP_SAT>",False,True,1000.0,0.00018310546875,-3.7372986822042473,1.0,1.0,0.40613844990730286,0.0,3.239078998565674,3.239078998565674,3.2806188614780467,3.2806188614780467,0.405934326909869,0.405934326909869,0.405934326909869,0.405934326909869,0.9711923911466521,0.9711923911466521,0.4059343269098688,0.4059343269098688,1.0,0.0,0.0,1.0,1.0
0.1412537544622754,1.7411011265922482,gt-order-1,"ap_fixed<16,6,AP_RND,AP_SAT>",False,True,1000.0,0.000152587890625,-3.816479927777507,1.0,1.0,0.5198169350624084,0.0,3.2402448654174805,3.2402448654174805,3.280618861478046,3.280618861478046,0.46339973125605133,0.46339973125605133,0.46339973125605133,0.46339973125605133,0.9671142908696783,0.9671142908696783,0.46339973125605105,0.46339973125605105,1.0,0.0,0.0,1.0,1.0
0.16125010273377416,1.7411011265922482,gt-order-1,"ap_fixed<16,6,AP_RND,AP_SAT>",False,True,1000.0,0.0001068115234375,-3.9713818865434534,1.0,1.0,0.6469966173171997,0.0,3.2391624450683594,3.2391624450683594,3.280618861478046,3.280618861478046,0.5290001179653384,0.5290001179653384,0.5290001179653384,0.5290001179653384,0.9624588819631802,0.9624588819631802,0.5290001179653383,0.5290001179653383,1.0,0.0,0.0,1.0,1.0
0.18407720014689555,1.7411011265922482,gt-order-1,"ap_fixed<16,6,AP_RND,AP_SAT>",False,True,1000.0,7.62939453125e-05,-4.117509920595296,1.0,1.0,0.4268827736377716,0.0,3.239312171936035,3.239312171936035,3.280618861478046,3.280618861478046,0.6038871450280686,0.6038871450280686,0.6038871450280686,0.6038871450280686,0.9571444356579475,0.9571444356579475,0.6038871450280682,0.6038871450280682,1.0,0.0,0.0,1.0,1.0
0.21013577690467466,1.7411011265922482,gt-order-1,"ap_fixed<16,6,AP_RND,AP_SAT>",False,True,1000.0,7.62939453125e-05,-4.117509920595296,1.0,1.0,0.5208339691162109,0.0,3.2400319576263428,3.2400319576263428,3.280618861478046,3.280618861478046,0.6893753797986231,0.6893753797986231,0.6893753797986231,0.6893753797986231,0.9510776621293809,0.9510776621293809,0.6893753797986227,0.6893753797986227,1.0,0.0,0.0,1.0,1.0
0.239883291901949,1.7411011265922482,gt-order-1,"ap_fixed<16,6,AP_RND,AP_SAT>",False,True,1000.0,4.57763671875e-05,-4.339358666416729,1.0,1.0,0.459279328584671,0.0,3.2396621704101562,3.2396621704101562,3.2806188614780463,3.2806188614780463,0.7869656415974755,0.7869656415974755,0.7869656415974755,0.7869656415974755,0.9441520539621726,0.9441520539621726,0.786965641597475,0.786965641597475,1.0,0.0,0.0,1.0,1.0
0.27384196342643613,1.7411011265922482,gt-order-1,"ap_fixed<16,6,AP_RND,AP_SAT>",False,True,1000.0,3.0517578125e-05,-4.515449920728757,1.0,1.0,0.5547001957893372,0.0,3.2395424842834473,3.2395424842834473,3.2806188614780463,3.2806188614780463,0.8983711552024934,0.8983711552024934,0.8983711552024934,0.8983711552024934,0.936246030136914,0.936246030136914,0.8983711552024929,0.8983711552024929,1.0,0.0,0.0,1.0,1.0
0.3126079367123954,1.7411011265922482,gt-order-1,"ap_fixed<16,6,AP_RND,AP_SAT>",False,True,1000.0,1.52587890625e-05,-4.816479902161777,1.0,0.9987198114395142,0.5677749514579773,0.0,3.239847421646118,3.239847421646118,3.280618861478046,3.280618861478046,1.0255475173726174,1.0255475173726174,1.0255475173726174,1.0255475173726174,0.9272208094203568,0.9273139805075776,1.0255475173726167,1.0255475173726167,1.0,0.0,0.0,1.0,1.0
0.35686174928348097,1.7411011265922482,gt-order-1,"ap_fixed<16,6,AP_RND,AP_SAT>",False,True,1000.0,1.52587890625e-05,-4.816479902161777,1.0,0.9843989014625549,0.6527533531188965,0.0,3.2393808364868164,3.2393808364868164,3.2806188614780463,3.2806188614780463,1.170727356334464,1.170727356334464,1.170727356334464,1.170727356334464,0.9169179507140184,0.9182141219516211,1.1707273563344627,1.1707273563344627,1.0,0.0,0.0,1.0,1.0
0.4073802778041126,1.7411011265922482,gt-order-1,"ap_fixed<16,6,AP_RND,AP_SAT>",False,True,1000.0,1.52587890625e-05,-4.816479902161777,1.0,0.948874294757843,0.4402254521846771,0.0,3.2397525310516357,3.2397525310516357,3.280618861478046,3.280618861478046,1.3364594398067016,1.3364594398067016,1.3364594398067016,1.3364594398067016,0.9051565777070522,0.910005514559358,1.3364594398067,1.3364594398067,1.0,0.0,0.0,1.0,1.0
0.46505037616660627,1.7411011265922482,gt-order-1,"ap_fixed<16,6,AP_RND,AP_SAT>",False,True,1000.0,0.0,-12.0,1.0,0.8867319226264954,0.55901700258255,0.0,3.23974347114563,3.23974347114563,3.280618861478046,3.280618861478046,1.5256530137226887,1.5256530137226887,1.5256530137226887,1.5256530137226887,0.8917302323264387,0.9039937407484985,1.5256530137226882,1.5256530137226882,1.0,0.0,0.0,1.0,1.0
0.5308844442309882,1.7411011265922482,gt-order-1,"ap_fixed<16,6,AP_RND,AP_SAT>",False,True,1000.0,0.0,-12.0,1.0,0.7921436429023743,0.6804138422012329,0.0,3.240065574645996,3.240065574645996,3.2806188614780463,3.2806188614780463,1.7416295225927108,1.7416295225927108,1.7416295225927108,1.7416295225927108,0.8764032043404051,0.9020935840351475,1.741629522592709,1.741629522592709,1.0,0.0,0.0,1.0,1.0
0.606038200527066,1.7411011265922482,gt-order-1,"ap_fixed<16,6,AP_RND,AP_SAT>",False,True,1000.0,0.0,-12.0,1.0,0.6714638471603394,0.6246950626373291,0.0,3.2502293586730957,3.2502293586730957,3.2806188614780454,3.2806188614780454,1.9881803916099945,1.9881803916099945,1.9881803916099945,1.9881803916099945,0.9881803916099944,0.9881803916099944,1.9881803916099936,1.9881803916099936,1.0,0.0,0.0,1.0,1.0
0.6918309709189363,1.7411011265922482,gt-order-1,"ap_fixed<16,6,AP_RND,AP_SAT>",False,True,1000.0,0.0,-12.0,1.0,0.564010500907898,0.774596631526947,0.0,3.2673017978668213,3.2673017978668213,3.280618861478046,3.280618861478046,2.269633803602335,2.269633803602335,2.269633803602335,2.269633803602335,1.2696338036023354,1.2696338036023354,2.269633803602334,2.269633803602334,1.0,0.0,0.0,1.0,1.0
0.7897688493998856,1.7411011265922482,gt-order-1,"ap_fixed<16,6,AP_RND,AP_SAT>",False,True,1000.0,0.0,-12.0,1.0,0.4698809087276459,0.5773502588272095,0.0,3.2753963470458984,3.2753963470458984,3.2806188614780463,3.2806188614780463,2.5909306663694425,2.5909306663694425,2.5909306663694425,2.5909306663694425,1.5909306663694425,1.5909306663694425,2.590930666369442,2.590930666369442,1.0,0.0,0.0,1.0,1.0
0.9015711376059565,1.7411011265922482,gt-order-1,"ap_fixed<16,6,AP_RND,AP_SAT>",False,True,1000.0,0.0,-12.0,0.5193090438842773,0.39819106459617615,0.5999999642372131,0.0,3.314267873764038,3.314267873764038,3.280618861478046,3.280618861478046,2.957711334726998,2.9577113347269965,2.957711334726998,2.9577113347269965,1.9577113347269972,1.9577113347269965,2.957711334726997,1.5359662453227667,1.0,0.0,0.0,1.0,1.0
1.0292005271944276,1.7411011265922482,gt-order-1,"ap_fixed<16,6,AP_RND,AP_SAT>",False,True,1000.0,0.0,-12.0,0.4205515384674072,0.3373475968837738,0.5669466853141785,0.0,3.314267873764038,3.314267873764038,3.280618861478046,3.280618861478046,3.3764147493484495,3.3764147493484455,3.3764147493484495,3.3764147493484455,2.3764147493484504,2.3764147493484464,3.3764147493484478,1.4199564173425347,1.0,0.0,0.0,1.0,1.0
1.174897554939529,1.7411011265922482,gt-order-1,"ap_fixed<16,6,AP_RND,AP_SAT>",False,True,1000.0,0.0,-12.0,0.8511383533477783,0.2854371666908264,0.5656854510307312,0.0,3.3773136138916016,3.3773136138916016,3.280618861478046,3.280618861478046,3.854391067875213,3.85439106787521,3.854391067875213,3.85439106787521,2.8543910678752145,2.854391067875211,3.854391067875212,3.2806200666696927,1.0,0.0,0.0,1.0,1.0
1.3412199354053709,1.7411011265922482,gt-order-1,"ap_fixed<16,6,AP_RND,AP_SAT>",False,True,1000.0,0.0,-12.0,0.7455901503562927,0.24271221458911896,0.6172133684158325,0.0,3.2802557945251465,3.2802557945251465,3.280618861478046,3.280618861478046,4.400031308017484,4.40003130801748,4.400031308017484,4.40003130801748,3.4000313080174824,3.400031308017479,4.40003130801748,3.2806200045171483,1.0,0.0,0.0,1.0,1.0
1.5310874616820287,1.7411011265922482,gt-order-1,"ap_fixed<16,6,AP_RND,AP_SAT>",True,False,,101.97084045410156,,0.29944348335266113,0.29944348335266113,0.9999999403953552,0.0,3.280277729034424,3.280277729034424,3.2806188614780454,3.2806188614780454,5.022914589266007,5.022914589266004,5.022914589266007,5.022914589266004,4.022914589266006,4.022914589266002,5.022914589266007,1.5040790411927143,1.0,0.0,0.0,1.0,1.0
1.7478332624182173,1.7411011265922482,gt-order-1,"ap_fixed<16,6,AP_RND,AP_SAT>",True,False,,141.35511779785156,,0.32774877548217773,0.32774877548217773,0.9999998807907104,0.0,3.279799222946167,3.279799222946167,3.280618861478044,3.280618861478044,5.733974733075928,5.733974733075928,5.733974733075928,5.733974733075928,4.733974733075926,4.733974733075922,5.733974733075928,1.8793031974113825,1.0,0.0,0.0,1.0,1.0
1.9952623149688795,1.7411011265922482,gt-order-1,"ap_fixed<16,6,AP_RND,AP_SAT>",True,False,,177.054931640625,,0.2567104995250702,0.2567104995250702,0.9999998807907104,0.0,3.280073404312134,3.280073404312134,3.2806188614780445,3.2806188614780445,6.545695020828188,6.545695020828188,6.545695020828188,6.545695020828188,5.545695020828185,5.545695020828185,6.545695020828186,1.6803486385355684,1.0,0.0,0.0,1.0,1.0
0.01,1.8025009252216606,gt-order-1,"ap_fixed<16,6,AP_RND,AP_SAT>",False,True,1000.0,0.036468505859375,-1.4380820296636527,1.0,1.0,0.3723298907279968,0.0,3.4796929359436035,3.4796929359436035,3.5160802383338456,3.5160802383338456,0.03516080159743328,0.03516080159743328,0.03516080159743328,0.03516080159743328,0.9975047722044631,0.9975047722044631,0.035160801597433254,0.035160801597433254,1.0,0.0,0.0,1.0,1.0
0.011415633046188459,1.8025009252216606,gt-order-1,"ap_fixed<16,6,AP_RND,AP_SAT>",False,True,1000.0,0.02789306640625,-1.5545037392103165,1.0,1.0,0.3772101104259491,0.0,3.4708454608917236,3.4708454608917236,3.5160802383338456,3.5160802383338456,0.0401382829107377,0.0401382829107377,0.0401382829107377,0.0401382829107377,0.9971515393667444,0.9971515393667444,0.0401382829107377,0.0401382829107377,1.0,0.0,0.0,1.0,1.0
0.013031667784522994,1.8025009252216606,gt-order-1,"ap_fixed<16,6,AP_RND,AP_SAT>",False,True,1000.0,0.020904541015625,-1.6797593634465173,1.0,1.0,0.3843216300010681,0.0,3.472372531890869,3.472372531890869,3.5160802383338456,3.5160802383338456,0.04582039043184497,0.04582039043184497,0.04582039043184497,0.04582039043184497,0.9967483018983206,0.9967483018983206,0.045820390431844917,0.045820390431844917,1.0,0.0,0.0,1.0,1.0
0.014876473740795015,1.8025009252216606,gt-order-1,"ap_fixed<16,6,AP_RND,AP_SAT>",False,True,1000.0,0.0159759521484375,-1.7965332489176726,1.0,1.0,0.3935478627681732,0.0,3.4706215858459473,3.4706215858459473,3.5160802383338456,3.5160802383338456,0.05230687517522255,0.05230687517522255,0.05230687517522255,0.05230687517522255,0.996287980850686,0.996287980850686,0.052306875175222506,0.052306875175222506,1.0,0.0,0.0,1.0,1.0
0.016982436524617443,1.8025009252216606,gt-order-1,"ap_fixed<16,6,AP_RND,AP_SAT>",False,True,1000.0,0.012176513671875,-1.9144770392373032,1.0,1.0,0.3865503668785095,0.0,3.4723429679870605,3.4723429679870605,3.5160802383338456,3.5160802383338456,0.05971160825166718,0.05971160825166718,0.05971160825166718,0.05971160825166718,0.9957624952260287,0.9957624952260287,0.05971160825166715,0.05971160825166715,1.0,0.0,0.0,1.0,1.0
0.019386526359522076,1.8025009252216606,gt-order-1,"ap_fixed<16,6,AP_RND,AP_SAT>",False,True,1000.0,0.0094146728515625,-2.026194766544328,1.0,1.0,0.3934250473976135,0.0,3.472532272338867,3.472532272338867,3.516080238333846,3.516080238333846,0.06816458165189894,0.06816458165189894,0.06816458165189894,0.06816458165189894,0.9951626199892611,0.9951626199892611,0.06816458165189888,0.06816458165189888,1.0,0.0,0.0,1.0,1.0
0.022130947096056376,1.8025009252216606,gt-order-1,"ap_fixed<16,6,AP_RND,AP_SAT>",False,True,1000.0,0.00738525390625,-2.131634568920481,1.0,1.0,0.5381047129631042,0.0,3.468949556350708,3.468949556350708,3.5160802383338456,3.5160802383338456,0.0778141873715716,0.0778141873715716,0.0778141873715716,0.0778141873715716,0.994477824327223,0.994477824327223,0.07781418737157159,0.07781418737157159,1.0,0.0,0.0,1.0,1.0
0.025263877101318954,1.8025009252216606,gt-order-1,"ap_fixed<16,6,AP_RND,AP_SAT>",False,True,1000.0,0.0055389404296875,-2.2565733055091792,1.0,1.0,0.3811022639274597,0.0,3.4707469940185547,3.4707469940185547,3.5160802383338456,3.5160802383338456,0.08882982072216841,0.08882982072216841,0.08882982072216841,0.08882982072216841,0.9936960869016502,0.9936960869016502,0.08882982072216836,0.08882982072216836,1.0,0.0,0.0,1.0,1.0
0.028840315031266057,1.8025009252216606,gt-order-1,"ap_fixed<16,6,AP_RND,AP_SAT>",False,True,1000.0,0.0040283203125,-2.3948760036460577,1.0,1.0,0.376581609249115,0.0,3.4703168869018555,3.4703168869018555,3.516080238333846,3.516080238333846,0.10140486022146103,0.10140486022146103,0.10140486022146103,0.10140486022146103,0.9928036843777299,0.9928036843777299,0.10140486022146092,0.10140486022146092,1.0,0.0,0.0,1.0,1.0
0.03292304533334065,1.8025009252216606,gt-order-1,"ap_fixed<16,6,AP_RND,AP_SAT>",False,True,1000.0,0.002960205078125,-2.528678200546762,1.0,1.0,0.3709716200828552,0.0,3.473940134048462,3.473940134048462,3.5160802383338456,3.5160802383338456,0.11576007318260567,0.11576007318260567,0.11576007318260567,0.11576007318260567,0.9917849497424499,0.9917849497424499,0.11576007318260563,0.11576007318260563,1.0,0.0,0.0,1.0,1.0
0.037583740428844416,1.8025009252216606,gt-order-1,"ap_fixed<16,6,AP_RND,AP_SAT>",False,True,1000.0,0.0023040771484375,-2.6375029831420402,1.0,1.0,0.5336082577705383,0.0,3.4688844680786133,3.4688844680786133,3.516080238333845,3.516080238333845,0.1321474535510862,0.1321474535510862,0.1321474535510862,0.1321474535510862,0.9906219999479704,0.9906219999479704,0.13214745355108615,0.13214745355108615,1.0,0.0,0.0,1.0,1.0
0.04290421892388853,1.8025009252216606,gt-order-1,"ap_fixed<16,6,AP_RND,AP_SAT>",False,True,1000.0,0.0017242431640625,-2.763401486888404,1.0,1.0,0.4030161499977112,0.0,3.4746334552764893,3.4746334552764893,3.5160802383338456,3.5160802383338456,0.15085468191658793,0.15085468191658793,0.15085468191658793,0.15085468191658793,0.9892944194016136,0.9892944194016136,0.15085468191658785,0.15085468191658785,1.0,0.0,0.0,1.0,1.0
0.04897788193684462,1.8025009252216606,gt-order-1,"ap_fixed<16,6,AP_RND,AP_SAT>",False,True,1000.0,0.0012969970703125,-2.8870610045745604,1.0,1.0,0.36132803559303284,0.0,3.4714252948760986,3.4714252948760986,3.516080238333846,3.516080238333846,0.17221016185533408,0.17221016185533408,0.17221016185533408,0.17221016185533408,0.9877789025558857,0.9877789025558857,0.17221016185533383,0.17221016185533383,1.0,0.0,0.0,1.0,1.0
0.05591135275705602,1.8025009252216606,gt-order-1,"ap_fixed<16,6,AP_RND,AP_SAT>",False,True,1000.0,0.0009918212890625,-3.003566573542968,1.0,1.0,0.3621121644973755,0.0,3.473133087158203,3.473133087158203,3.5160802383338456,3.5160802383338456,0.19658879633312945,0.19658879633312945,0.19658879633312945,0.19658879633312945,0.9860488439792156,0.9860488439792156,0.19658879633312937,0.19658879633312937,1.0,0.0,0.0,1.0,1.0
0.06382634861905485,1.8025009252216606,gt-order-1,"ap_fixed<16,6,AP_RND,AP_SAT>",False,True,1000.0,0.000762939453125,-3.117509925718442,1.0,1.0,0.3683955669403076,0.0,3.47135329246521,3.47135329246521,3.516080238333847,3.516080238333847,0.2244185500135807,0.2244185500135807,0.2244185500135807,0.2244185500135807,0.984073872654003,0.984073872654003,0.22441855001358052,0.22441855001358052,1.0,0.0,0.0,1.0,1.0
0.07286181745132274,1.8025009252216606,gt-order-1,"ap_fixed<16,6,AP_RND,AP_SAT>",False,True,1000.0,0.000579833984375,-3.236696333257891,1.0,1.0,0.5515555739402771,0.0,3.4719667434692383,3.4719667434692383,3.5160802383338456,3.5160802383338456,0.2561880070462049,0.2561880070462049,0.2561880070462049,0.2561880070462049,0.9818193156292644,0.9818193156292644,0.2561880070462047,0.2561880070462047,1.0,0.0,0.0,1.0,1.0
0.08317637711026708,1.8025009252216606,gt-order-1,"ap_fixed<16,6,AP_RND,AP_SAT>",False,True,1000.0,0.00042724609375,-3.3693218982649826,1.0,1.0,0.3931785523891449,0.0,3.47186279296875,3.47186279296875,3.5160802383338456,3.5160802383338456,0.2924548064486536,0.2924548064486536,0.2924548064486536,0.2924548064486536,0.9792455993937742,0.9792455993937742,0.29245480644865346,0.29245480644865346,1.0,0.0,0.0,1.0,1.0
0.09495109992021983,1.8025009252216606,gt-order-1,"ap_fixed<16,6,AP_RND,AP_SAT>",False,True,1000.0,0.0003204345703125,-3.49426063453445,1.0,1.0,0.5627771019935608,0.0,3.4728293418884277,3.4728293418884277,3.5160802383338456,3.5160802383338456,0.3338556885945452,0.3338556885945452,0.3338556885945452,0.3338556885945452,0.9763075369151948,0.9763075369151948,0.3338556885945449,0.3338556885945449,1.0,0.0,0.0,1.0,1.0
0.10839269140212034,1.8025009252216606,gt-order-1,"ap_fixed<16,6,AP_RND,AP_SAT>",False,True,1000.0,0.000244140625,-3.612359946188904,1.0,1.0,0.6937412619590759,0.0,3.4721033573150635,3.4721033573150635,3.5160802383338465,3.5160802383338465,0.38111740619699264,0.38111740619699264,0.38111740619699264,0.38111740619699264,0.9729535533292496,0.9729535533292496,0.38111740619699225,0.38111740619699225,1.0,0.0,0.0,1.0,1.0
0.12373711899353519,1.8025009252216606,gt-order-1,"ap_fixed<16,6,AP_RND,AP_SAT>",False,True,1000.0,0.0001983642578125,-3.7025365761274838,1.0,1.0,0.37944960594177246,0.0,3.4722025394439697,3.4722025394439697,3.516080238333845,3.516080238333845,0.43506963935032916,0.43506963935032916,0.43506963935032916,0.43506963935032916,0.96912476940854,0.96912476940854,0.43506963935032894,0.43506963935032894,1.0,0.0,0.0,1.0,1.0
0.1412537544622754,1.8025009252216606,gt-order-1,"ap_fixed<16,6,AP_RND,AP_SAT>",False,True,1000.0,0.0001220703125,-3.913389940074015,1.0,1.0,0.4547543227672577,0.0,3.472093343734741,3.472093343734741,3.5160802383338456,3.5160802383338456,0.49665953477586583,0.49665953477586583,0.49665953477586583,0.49665953477586583,0.9647539697678043,0.9647539697678043,0.4966595347758654,0.4966595347758654,1.0,0.0,0.0,1.0,1.0
0.16125010273377416,1.8025009252216606,gt-order-1,"ap_fixed<16,6,AP_RND,AP_SAT>",False,True,1000.0,0.0001068115234375,-3.9713818865434534,1.0,1.0,0.6452734470367432,0.0,3.4734530448913574,3.4734530448913574,3.5160802383338456,3.5160802383338456,0.5669682884211044,0.5669682884211044,0.5669682884211044,0.5669682884211044,0.9597644260601892,0.9597644260601892,0.566968288421104,0.566968288421104,1.0,0.0,0.0,1.0,1.0
0.18407720014689555,1.8025009252216606,gt-order-1,"ap_fixed<16,6,AP_RND,AP_SAT>",False,True,1000.0,7.62939453125e-05,-4.117509920595296,1.0,1.0,0.5625439286231995,0.0,3.4730563163757324,3.4730563163757324,3.5160802383338456,3.5160802383338456,0.6472302167586762,0.6472302167586762,0.6472302167586762,0.6472302167586762,0.9540685435600031,0.9540685435600031,0.6472302167586761,0.6472302167586761,1.0,0.0,0.0,1.0,1.0
0.21013577690467466,1.8025009252216606,gt-order-1,"ap_fixed<16,6,AP_RND,AP_SAT>",False,True,1000.0,4.57763671875e-05,-4.339358666416729,1.0,1.0,0.5090192556381226,0.0,3.47300386428833,3.47300386428833,3.5160802383338456,3.5160802383338456,0.7388542381944874,0.7388542381944874,0.7388542381944874,0.7388542381944874,0.9475663367092287,0.9475663367092287,0.7388542381944866,0.7388542381944866,1.0,0.0,0.0,1.0,1.0
0.239883291901949,1.8025009252216606,gt-order-1,"ap_fixed<16,6,AP_RND,AP_SAT>",False,True,1000.0,3.0517578125e-05,-4.515449920728757,1.0,1.0,0.7152628302574158,0.0,3.4725348949432373,3.4725348949432373,3.516080238333846,3.516080238333846,0.843448891049155,0.843448891049155,0.843448891049155,0.843448891049155,0.940143653686934,0.940143653686934,0.8434488910491544,0.8434488910491544,1.0,0.0,0.0,1.0,1.0
0.27384196342643613,1.8025009252216606,gt-order-1,"ap_fixed<16,6,AP_RND,AP_SAT>",False,True,1000.0,3.0517578125e-05,-4.515449920728757,1.0,1.0,0.5132002234458923,0.0,3.4727582931518555,3.4727582931518555,3.5160802383338456,3.5160802383338456,0.9628503641759525,0.9628503641759525,0.9628503641759525,0.9628503641759525,0.9316701871833764,0.9316701871833764,0.9628503641759522,0.9628503641759522,1.0,0.0,0.0,1.0,1.0
0.3126079367123954,1.8025009252216606,gt-order-1,"ap_fixed<16,6,AP_RND,AP_SAT>",False,True,1000.0,1.52587890625e-05,-4.816479902161777,1.0,0.9914417266845703,0.49656352400779724,0.0,3.472665786743164,3.472665786743164,3.516080238333846,3.516080238333846,1.0991546142856703,1.0991546142856703,1.0991546142856703,1.0991546142856703,0.9219971951561279,0.9226647644793514,1.09915461428567,1.09915461428567,1.0,0.0,0.0,1.0,1.0
0.35686174928348097,1.8025009252216606,gt-order-1,"ap_fixed<16,6,AP_RND,AP_SAT>",False,True,1000.0,1.52587890625e-05,-4.816479902161777,1.0,0.969308078289032,0.765092134475708,0.0,3.4729692935943604,3.4729692935943604,3.5160802383338456,3.5160802383338456,1.254754513064602,1.254754513064602,1.254754513064602,1.254754513064602,0.9109548646409916,0.913687830964172,1.2547545130646007,1.2547545130646007,1.0,0.0,0.0,1.0,1.0
0.4073802778041126,1.8025009252216606,gt-order-1,"ap_fixed<16,6,AP_RND,AP_SAT>",False,True,1000.0,1.52587890625e-05,-4.816479902161777,1.0,0.9233176112174988,0.5937322378158569,0.0,3.4731671810150146,3.4731671810150146,3.516080238333846,3.516080238333846,1.432381762117267,1.432381762117267,1.432381762117267,1.432381762117267,0.8983493372086081,0.9061441528527759,1.4323817621172665,1.4323817621172665,1.0,0.0,0.0,1.0,1.0
0.46505037616660627,1.8025009252216606,gt-order-1,"ap_fixed<16,6,AP_RND,AP_SAT>",False,True,1000.0,0.0,-12.0,1.0,0.8382749557495117,0.6666666865348816,0.0,3.4732470512390137,3.4732470512390137,3.5160802383338456,3.5160802383338456,1.6351544140327194,1.6351544140327194,1.6351544140327194,1.6351544140327194,0.8839593365758813,0.9027260180030025,1.6351544140327179,1.6351544140327179,1.0,0.0,0.0,1.0,1.0
0.5308844442309882,1.8025009252216606,gt-order-1,"ap_fixed<16,6,AP_RND,AP_SAT>",False,True,1000.0,0.0,-12.0,1.0,0.7268709540367126,0.8199105262756348,0.0,3.4739062786102295,3.4739062786102295,3.5160802383338456,3.5160802383338456,1.8666323048962996,1.8666323048962996,1.8666323048962996,1.8666323048962996,0.8675322347723396,0.903713029109859,1.8666323048962985,1.8666323048962985,1.0,0.0,0.0,1.0,1.0
0.606038200527066,1.8025009252216606,gt-order-1,"ap_fixed<16,6,AP_RND,AP_SAT>",False,True,1000.0,0.0,-12.0,1.0,0.6120542287826538,0.7332355976104736,0.0,3.4942002296447754,3.4942002296447754,3.5160802383338456,3.5160802383338456,2.130878983617503,2.130878983617503,2.130878983617503,2.130878983617503,1.130878983617502,1.130878983617502,2.1308789836175017,2.1308789836175017,1.0,0.0,0.0,1.0,1.0
0.6918309709189363,1.8025009252216606,gt-order-1,"ap_fixed<16,6,AP_RND,AP_SAT>",False,True,1000.0,0.0,-12.0,1.0,0.5104743838310242,0.5735393762588501,0.0,3.507535219192505,3.507535219192505,3.5160802383338456,3.5160802383338456,2.4325332816946785,2.4325332816946785,2.4325332816946785,2.4325332816946785,1.4325332816946774,1.4325332816946774,2.432533281694677,2.432533281694677,1.0,0.0,0.0,1.0,1.0
0.7897688493998856,1.8025009252216606,gt-order-1,"ap_fixed<16,6,AP_RND,AP_SAT>",False,True,1000.0,0.0,-12.0,1.0,0.43068087100982666,0.6246950626373291,0.0,3.5130767822265625,3.5130767822265625,3.5160802383338456,3.5160802383338456,2.7768907329912644,2.7768907329912644,2.7768907329912644,2.7768907329912644,1.7768907329912629,1.7768907329912629,2.776890732991263,2.776890732991263,1.0,0.0,0.0,1.0,1.0
0.9015711376059565,1.8025009252216606,gt-order-1,"ap_fixed<16,6,AP_RND,AP_SAT>",False,True,1000.0,0.0,-12.0,1.0,0.36518943309783936,0.5976142883300781,0.0,3.5149166584014893,3.5149166584014893,3.5160802383338456,3.5160802383338456,3.1699965201212734,3.1699965201212734,3.1699965201212734,3.1699965201212734,2.1699965201212716,2.1699965201212716,3.1699965201212703,3.1699965201212703,1.0,0.0,0.0,1.0,1.0
1.0292005271944276,1.8025009252216606,gt-order-1,"ap_fixed<16,6,AP_RND,AP_SAT>",False,True,1000.0,0.0,-12.0,0.9716282486915588,0.30900838971138,0.5698028802871704,0.0,3.515575647354126,3.515575647354126,3.516080238333845,3.516080238333845,3.6187517288290922,3.618751728829092,3.6187517288290922,3.618751728829092,2.618751728829091,2.618751728829088,3.6187517288290905,3.51608140473176,1.0,0.0,0.0,1.0,1.0
1.174897554939529,1.8025009252216606,gt-order-1,"ap_fixed<16,6,AP_RND,AP_SAT>",False,True,1000.0,0.0,-12.0,0.4264090061187744,0.2618251442909241,0.5976143479347229,0.0,3.5641438961029053,3.5641438961029053,3.5160802383338456,3.5160802383338456,4.1310340630245195,4.131034063024516,4.1310340630245195,4.131034063024516,3.131034063024517,3.1310340630245164,4.131034063024518,1.7615101290570871,1.0,0.0,0.0,1.0,1.0
1.3412199354053709,1.8025009252216606,gt-order-1,"ap_fixed<16,6,AP_RND,AP_SAT>",False,True,1000.0,0.0,-12.0,0.37362128496170044,0.22448183596134186,0.5494422912597656,0.0,3.515915870666504,3.515915870666504,3.516080238333845,3.516080238333845,4.715836792817886,4.715836792817883,4.715836792817886,4.715836792817883,3.715836792817884,3.7158367928178806,4.715836792817886,1.7619370022022829,1.0,0.0,0.0,1.0,1.0
1.5310874616820287,1.8025009252216606,gt-order-1,"ap_fixed<16,6,AP_RND,AP_SAT>",True,False,,127.87521362304688,,0.36239391565322876,0.36239391565322876,1.0,0.0,3.5152180194854736,3.5152180194854736,3.5160802383338443,3.5160802383338443,5.383426564279405,5.383426564279405,5.383426564279405,5.383426564279405,4.3834265642794,4.383426564279398,5.3834265642794,1.95092103226082,1.0,0.0,0.0,1.0,1.0
1.7478332624182173,1.8025009252216606,gt-order-1,"ap_fixed<16,6,AP_RND,AP_SAT>",True,False,,171.04905700683594,,0.2900465726852417,0.2900465726852417,0.9999998807907104,0.0,3.515540361404419,3.515540361404419,3.516080238333844,3.516080238333844,6.145521957095161,6.145521957095161,6.145521957095161,6.145521957095161,5.145521957095158,5.145521957095158,6.145521957095159,1.78248758101735,1.0,0.0,0.0,1.0,1.0
1.9952623149688795,1.8025009252216606,gt-order-1,"ap_fixed<16,6,AP_RND,AP_SAT>",True,False,,195.4584503173828,,0.22150041162967682,0.22150041162967682,0.9999998807907104,0.0,3.515752077102661,3.515752077102661,3.5160802383338443,3.5160802383338443,7.01550222098187,7.01550222098187,7.01550222098187,7.01550222098187,6.015502220981864,6.015502220981864,7.015502220981865,1.5539366297363952,1.0,0.0,0.0,1.0,1.0
0.01,1.8660659830736148,gt-order-1,"ap_fixed<16,6,AP_RND,AP_SAT>",False,True,1000.0,0.034149169921875,-1.4666198484186503,1.0,1.0,0.3706200420856476,0.0,3.717801809310913,3.717801809310913,3.768441489143334,3.768441489143334,0.037684414049121026,0.037684414049121026,0.037684414049121026,0.037684414049121026,0.9973256810698304,0.9973256810698304,0.03768441404912099,0.03768441404912099,1.0,0.0,0.0,1.0,1.0
0.011415633046188459,1.8660659830736148,gt-order-1,"ap_fixed<16,6,AP_RND,AP_SAT>",False,True,1000.0,0.0261688232421875,-1.582215806228314,1.0,1.0,0.3760315775871277,0.0,3.731983184814453,3.731983184814453,3.768441489143334,3.768441489143334,0.04301914642752105,0.04301914642752105,0.04301914642752105,0.04301914642752105,0.9969470954888432,0.9969470954888432,0.04301914642752101,0.04301914642752101,1.0,0.0,0.0,1.0,1.0
0.013031667784522994,1.8660659830736148,gt-order-1,"ap_fixed<16,6,AP_RND,AP_SAT>",False,True,1000.0,0.0200347900390625,-1.6982152045125427,1.0,1.0,0.38093239068984985,0.0,3.7178778648376465,3.7178778648376465,3.768441489143334,3.768441489143334,0.049109078475960535,0.049109078475960535,0.049109078475960535,0.049109078475960535,0.9965149162717443,0.9965149162717443,0.0491090784759605,0.0491090784759605,1.0,0.0,0.0,1.0,1.0
0.014876473740795015,1.8660659830736148,gt-order-1,"ap_fixed<16,6,AP_RND,AP_SAT>",False,True,1000.0,0.0146636962890625,-1.8337565429255367,1.0,1.0,0.37211504578590393,0.0,3.7231016159057617,3.7231016159057617,3.768441489143334,3.768441489143334,0.05606112068453723,0.05606112068453723,0.05606112068453723,0.05606112068453723,0.9960215563893933,0.9960215563893933,0.05606112068453721,0.05606112068453721,1.0,0.0,0.0,1.0,1.0
0.016982436524617443,1.8660659830736148,gt-order-1,"ap_fixed<16,6,AP_RND,AP_SAT>",False,True,1000.0,0.011383056640625,-1.9437411031128775,1.0,1.0,0.3824920058250427,0.0,3.719459056854248,3.719459056854248,3.768441489143335,3.768441489143335,0.06399731708787326,0.06399731708787326,0.06399731708787326,0.06399731708787326,0.9954583548427983,0.9954583548427983,0.0639973170878732,0.0639973170878732,1.0,0.0,0.0,1.0,1.0
0.019386526359522076,1.8660659830736148,gt-order-1,"ap_fixed<16,6,AP_RND,AP_SAT>",False,True,1000.0,0.008575439453125,-2.066743615003994,1.0,1.0,0.3725380301475525,0.0,3.7190799713134766,3.7190799713134766,3.768441489143334,3.768441489143334,0.07305698965187399,0.07305698965187399,0.07305698965187399,0.07305698965187399,0.9948154244841767,0.9948154244841767,0.07305698965187395,0.07305698965187395,1.0,0.0,0.0,1.0,1.0
0.022130947096056376,1.8660659830736148,gt-order-1,"ap_fixed<16,6,AP_RND,AP_SAT>",False,True,1000.0,0.0066680908203125,-2.175998493588147,1.0,1.0,0.40112146735191345,0.0,3.715730667114258,3.715730667114258,3.7684414891433335,3.7684414891433335,0.08339918097943054,0.08339918097943054,0.08339918097943054,0.08339918097943054,0.9940814786674612,0.9940814786674612,0.08339918097943048,0.08339918097943048,1.0,0.0,0.0,1.0,1.0
0.025263877101318954,1.8660659830736148,gt-order-1,"ap_fixed<16,6,AP_RND,AP_SAT>",False,True,1000.0,0.00494384765625,-2.3059349203292414,1.0,1.0,0.3673475980758667,0.0,3.72231125831604,3.72231125831604,3.768441489143334,3.768441489143334,0.09520544446995063,0.09520544446995063,0.09520544446995063,0.09520544446995063,0.9932436332413358,0.9932436332413358,0.09520544446995055,0.09520544446995055,1.0,0.0,0.0,1.0,1.0
0.028840315031266057,1.8660659830736148,gt-order-1,"ap_fixed<16,6,AP_RND,AP_SAT>",False,True,1000.0,0.00372314453125,-2.4290901041683224,1.0,1.0,0.38926827907562256,0.0,3.723095655441284,3.723095655441284,3.768441489143334,3.768441489143334,0.10868303808687167,0.10868303808687167,0.10868303808687167,0.10868303808687167,0.992287179899753,0.992287179899753,0.10868303808687159,0.10868303808687159,1.0,0.0,0.0,1.0,1.0
0.03292304533334065,1.8660659830736148,gt-order-1,"ap_fixed<16,6,AP_RND,AP_SAT>",False,True,1000.0,0.002838134765625,-2.5469669862527615,1.0,1.0,0.4062249958515167,0.0,3.7187411785125732,3.7187411785125732,3.768441489143334,3.768441489143334,0.1240685743776761,0.1240685743776761,0.1240685743776761,0.1240685743776761,0.9911953271539552,0.9911953271539552,0.12406857437767596,0.12406857437767596,1.0,0.0,0.0,1.0,1.0
0.037583740428844416,1.8660659830736148,gt-order-1,"ap_fixed<16,6,AP_RND,AP_SAT>",False,True,1000.0,0.0020751953125,-2.682941022044203,1.0,1.0,0.4080808460712433,0.0,3.7204935550689697,3.7204935550689697,3.768441489143334,3.768441489143334,0.14163213376567763,0.14163213376567763,0.14163213376567763,0.14163213376567763,0.9899489084278668,0.9899489084278668,0.14163213376567757,0.14163213376567757,1.0,0.0,0.0,1.0,1.0
0.04290421892388853,1.8660659830736148,gt-order-1,"ap_fixed<16,6,AP_RND,AP_SAT>",False,True,1000.0,0.0015869140625,-2.7994465910512463,1.0,1.0,0.35612645745277405,0.0,3.721090793609619,3.721090793609619,3.768441489143334,3.768441489143334,0.1616820446723872,0.1616820446723872,0.1616820446723872,0.1616820446723872,0.9885260428310676,0.9885260428310676,0.1616820446723871,0.1616820446723871,1.0,0.0,0.0,1.0,1.0
0.04897788193684462,1.8660659830736148,gt-order-1,"ap_fixed<16,6,AP_RND,AP_SAT>",False,True,1000.0,0.001251220703125,-2.902666077892886,1.0,1.0,0.3669107258319855,0.0,3.7221999168395996,3.7221999168395996,3.768441489143334,3.768441489143334,0.1845702813355739,0.1845702813355739,0.1845702813355739,0.1845702813355739,0.9869017520962617,0.9869017520962617,0.1845702813355737,0.1845702813355737,1.0,0.0,0.0,1.0,1.0
0.05591135275705602,1.8660659830736148,gt-order-1,"ap_fixed<16,6,AP_RND,AP_SAT>",False,True,1000.0,0.0009307861328125,-3.031150095146343,1.0,1.0,0.5483299493789673,0.0,3.721500873565674,3.721500873565674,3.768441489143334,3.768441489143334,0.21069865480475225,0.21069865480475225,0.21069865480475225,0.21069865480475225,0.9850475212279751,0.9850475212279751,0.21069865480475208,0.21069865480475208,1.0,0.0,0.0,1.0,1.0
0.06382634861905485,1.8660659830736148,gt-order-1,"ap_fixed<16,6,AP_RND,AP_SAT>",False,True,1000.0,0.0007171630859375,-3.1443820720824087,1.0,1.0,0.3586198389530182,0.0,3.7223153114318848,3.7223153114318848,3.768441489143334,3.768441489143334,0.24052584624898055,0.24052584624898055,0.24052584624898055,0.24052584624898055,0.9829307993755635,0.9829307993755635,0.24052584624898027,0.24052584624898027,1.0,0.0,0.0,1.0,1.0
0.07286181745132274,1.8660659830736148,gt-order-1,"ap_fixed<16,6,AP_RND,AP_SAT>",False,True,1000.0,0.0005645751953125,-3.248278205787463,1.0,1.0,0.4124709963798523,0.0,3.721284866333008,3.721284866333008,3.768441489143335,3.768441489143335,0.2745755071935869,0.2745755071935869,0.2745755071935869,0.2745755071935869,0.9805144249903512,0.9805144249903512,0.27457550719358664,0.27457550719358664,1.0,0.0,0.0,1.0,1.0
0.08317637711026708,1.8660659830736148,gt-order-1,"ap_fixed<16,6,AP_RND,AP_SAT>",False,True,1000.0,0.0003814697265625,-3.418539920813185,1.0,1.0,0.38306739926338196,0.0,3.721773624420166,3.721773624420166,3.768441489143334,3.768441489143334,0.3134453003389758,0.3134453003389758,0.3134453003389758,0.3134453003389758,0.977755984233252,0.977755984233252,0.31344530033897555,0.31344530033897555,1.0,0.0,0.0,1.0,1.0
0.09495109992021983,1.8660659830736148,gt-order-1,"ap_fixed<16,6,AP_RND,AP_SAT>",False,True,1000.0,0.0003204345703125,-3.49426063453445,1.0,1.0,0.36019963026046753,0.0,3.7217187881469727,3.7217187881469727,3.7684414891433335,3.7684414891433335,0.3578176671196731,0.3578176671196731,0.3578176671196731,0.3578176671196731,0.9746070468422291,0.9746070468422291,0.35781766711967283,0.35781766711967283,1.0,0.0,0.0,1.0,1.0
0.10839269140212034,1.8660659830736148,gt-order-1,"ap_fixed<16,6,AP_RND,AP_SAT>",False,True,1000.0,0.000244140625,-3.612359946188904,1.0,1.0,0.37614455819129944,0.0,3.7221457958221436,3.7221457958221436,3.768441489143334,3.768441489143334,0.40847152180691304,0.40847152180691304,0.40847152180691304,0.40847152180691304,0.9710123362465014,0.9710123362465014,0.4084715218069129,0.4084715218069129,1.0,0.0,0.0,1.0,1.0
0.12373711899353519,1.8660659830736148,gt-order-1,"ap_fixed<16,6,AP_RND,AP_SAT>",False,True,1000.0,0.0001983642578125,-3.7025365761274838,1.0,1.0,0.6476196646690369,0.0,3.7226572036743164,3.7226572036743164,3.7684414891433344,3.7684414891433344,0.4662960935076184,0.4662960935076184,0.4662960935076184,0.4662960935076184,0.9669087472527443,0.9669087472527443,0.4662960935076179,0.4662960935076179,1.0,0.0,0.0,1.0,1.0
0.1412537544622754,1.8660659830736148,gt-order-1,"ap_fixed<16,6,AP_RND,AP_SAT>",False,True,1000.0,0.0001373291015625,-3.8622374180219383,1.0,1.0,0.4831452965736389,0.0,3.722914457321167,3.722914457321167,3.768441489143334,3.768441489143334,0.5323065089421577,0.5323065089421577,0.5323065089421577,0.5323065089421577,0.9622242401948696,0.9622242401948696,0.5323065089421574,0.5323065089421574,1.0,0.0,0.0,1.0,1.0
0.16125010273377416,1.8660659830736148,gt-order-1,"ap_fixed<16,6,AP_RND,AP_SAT>",False,True,1000.0,9.1552734375e-05,-4.038328675496402,1.0,1.0,0.675583004951477,0.0,3.7221717834472656,3.7221717834472656,3.768441489143334,3.768441489143334,0.6076615652341119,0.6076615652341119,0.6076615652341119,0.6076615652341119,0.9568765796670209,0.9568765796670209,0.6076615652341115,0.6076615652341115,1.0,0.0,0.0,1.0,1.0
0.18407720014689555,1.8660659830736148,gt-order-1,"ap_fixed<16,6,AP_RND,AP_SAT>",False,True,1000.0,6.103515625e-05,-4.214419932180256,1.0,1.0,0.6682525277137756,0.0,3.722005605697632,3.722005605697632,3.768441489143334,3.768441489143334,0.693684170022358,0.693684170022358,0.693684170022358,0.693684170022358,0.950771883966887,0.950771883966887,0.6936841700223576,0.6936841700223576,1.0,0.0,0.0,1.0,1.0
0.21013577690467466,1.8660659830736148,gt-order-1,"ap_fixed<16,6,AP_RND,AP_SAT>",False,True,1000.0,4.57763671875e-05,-4.339358666416729,1.0,1.0,0.5247234106063843,0.0,3.7225866317749023,3.7225866317749023,3.7684414891433335,3.7684414891433335,0.791884364664243,0.791884364664243,0.791884364664243,0.791884364664243,0.9438029912269111,0.9438029912269111,0.7918843646642425,0.7918843646642425,1.0,0.0,0.0,1.0,1.0
0.239883291901949,1.8660659830736148,gt-order-1,"ap_fixed<16,6,AP_RND,AP_SAT>",False,True,1000.0,3.0517578125e-05,-4.515449920728757,1.0,1.0,0.6111111044883728,0.0,3.722550630569458,3.722550630569458,3.768441489143334,3.768441489143334,0.9039861378441556,0.9039861378441556,0.9039861378441556,0.9039861378441556,0.9358475565549037,0.9358475565549037,0.9039861378441549,0.9039861378441549,1.0,0.0,0.0,1.0,1.0
0.27384196342643613,1.8660659830736148,gt-order-1,"ap_fixed<16,6,AP_RND,AP_SAT>",False,True,1000.0,1.52587890625e-05,-4.816479902161777,1.0,0.9980602860450745,0.47739601135253906,0.0,3.7225735187530518,3.7225735187530518,3.768441489143334,3.768441489143334,1.0319574680459591,1.0319574680459591,1.0319574680459591,1.0319574680459591,0.9267659200345213,0.9269079732014059,1.0319574680459584,1.0319574680459584,1.0,0.0,0.0,1.0,1.0
0.3126079367123954,1.8660659830736148,gt-order-1,"ap_fixed<16,6,AP_RND,AP_SAT>",False,True,1000.0,1.52587890625e-05,-4.816479902161777,1.0,0.9836299419403076,0.6141923069953918,0.0,3.7225563526153564,3.7225563526153564,3.768441489143334,3.768441489143334,1.1780447460494423,1.1780447460494423,1.1780447460494423,1.1780447460494423,0.9163986638921685,0.9177672226181209,1.1780447460494412,1.1780447460494412,1.0,0.0,0.0,1.0,1.0
0.35686174928348097,1.8660659830736148,gt-order-1,"ap_fixed<16,6,AP_RND,AP_SAT>",False,True,1000.0,1.52587890625e-05,-4.816479902161777,1.0,0.9467182159423828,0.6289709210395813,0.0,3.7227187156677246,3.7227187156677246,3.7684414891433335,3.7684414891433335,1.3448125882255613,1.3448125882255613,1.3448125882255613,1.3448125882255613,0.904563787099502,0.9096487987865428,1.3448125882255608,1.3448125882255608,1.0,0.0,0.0,1.0,1.0
0.4073802778041126,1.8660659830736148,gt-order-1,"ap_fixed<16,6,AP_RND,AP_SAT>",False,True,1000.0,1.52587890625e-05,-4.816479902161777,1.0,0.8832588195800781,0.5827714800834656,0.0,3.7226974964141846,3.7226974964141846,3.768441489143334,3.768441489143334,1.5351887598597032,1.5351887598597032,1.5351887598597032,1.5351887598597032,0.8910535173367604,0.903772058325465,1.5351887598597014,1.5351887598597014,1.0,0.0,0.0,1.0,1.0
0.46505037616660627,1.8660659830736148,gt-order-1,"ap_fixed<16,6,AP_RND,AP_SAT>",False,True,1000.0,0.0,-12.0,1.0,0.7851408123970032,0.6469966173171997,0.0,3.7226061820983887,3.7226061820983887,3.768441489143334,3.768441489143334,1.7525151069694354,1.7525151069694354,1.7525151069694354,1.7525151069694354,0.8756306965561945,0.9023525840568808,1.752515106969434,1.752515106969434,1.0,0.0,0.0,1.0,1.0
0.5308844442309882,1.8660659830736148,gt-order-1,"ap_fixed<16,6,AP_RND,AP_SAT>",False,True,1000.0,0.0,-12.0,1.0,0.6649001836776733,0.5330018401145935,0.0,3.735150098800659,3.735150098800659,3.7684414891433335,3.7684414891433335,2.000606967399522,2.000606967399522,2.000606967399522,2.000606967399522,1.0006069673995217,1.0006069673995217,2.000606967399521,2.000606967399521,1.0,0.0,0.0,1.0,1.0
0.606038200527066,1.8660659830736148,gt-order-1,"ap_fixed<16,6,AP_RND,AP_SAT>",False,True,1000.0,0.0,-12.0,1.0,0.5584436058998108,0.5494422912597656,0.0,3.7541165351867676,3.7541165351867676,3.768441489143335,3.768441489143335,2.283819545032048,2.283819545032048,2.283819545032048,2.283819545032048,1.2838195450320466,1.2838195450320466,2.2838195450320464,2.2838195450320464,1.0,0.0,0.0,1.0,1.0
0.6918309709189363,1.8660659830736148,gt-order-1,"ap_fixed<16,6,AP_RND,AP_SAT>",False,True,1000.0,0.0,-12.0,1.0,0.46605560183525085,0.5911975502967834,0.0,3.8770151138305664,3.8770151138305664,3.7684414891433335,3.7684414891433335,2.6071246163608848,2.6071246163608848,2.6071246163608848,2.6071246163608848,1.607124616360884,1.607124616360884,2.607124616360883,2.607124616360883,1.0,0.0,0.0,1.0,1.0
0.7897688493998856,1.8660659830736148,gt-order-1,"ap_fixed<16,6,AP_RND,AP_SAT>",False,True,1000.0,0.0,-12.0,1.0,0.3950752913951874,0.4618802070617676,0.0,3.7663276195526123,3.7663276195526123,3.768441489143334,3.768441489143334,2.9761977940471374,2.9761977940471374,2.9761977940471374,2.9761977940471374,1.976197794047137,1.976197794047137,2.9761977940471356,2.9761977940471356,1.0,0.0,0.0,1.0,1.0
0.9015711376059565,1.8660659830736148,gt-order-1,"ap_fixed<16,6,AP_RND,AP_SAT>",False,True,1000.0,0.0,-12.0,1.0,0.33469000458717346,0.6396021246910095,0.0,3.7675352096557617,3.7675352096557617,3.768441489143334,3.768441489143334,3.397518144388476,3.397518144388476,3.397518144388476,3.397518144388476,2.3975181443884748,2.3975181443884748,3.397518144388474,3.397518144388474,1.0,0.0,0.0,1.0,1.0
1.0292005271944276,1.8660659830736148,gt-order-1,"ap_fixed<16,6,AP_RND,AP_SAT>",False,True,1000.0,0.0,-12.0,0.9716282486915588,0.28316888213157654,0.4714045226573944,0.0,3.767899513244629,3.767899513244629,3.7684414891433344,3.7684414891433344,3.878482067943612,3.87848206794361,3.878482067943612,3.87848206794361,2.8784820679436107,2.878482067943607,3.8784820679436094,3.7684427392576647,1.0,0.0,0.0,1.0,1.0
1.174897554939529,1.8660659830736148,gt-order-1,"ap_fixed<16,6,AP_RND,AP_SAT>",False,True,1000.0,0.0,-12.0,0.8511383533477783,0.24085666239261627,0.4714045226573944,0.0,3.768054485321045,3.768054485321045,3.768441489143334,3.768441489143334,4.427532678703291,4.427532678703287,4.427532678703291,4.427532678703287,3.4275326787032894,3.4275326787032845,4.4275326787032885,3.768442873544995,1.0,0.0,0.0,1.0,1.0
1.3412199354053709,1.8660659830736148,gt-order-1,"ap_fixed<16,6,AP_RND,AP_SAT>",True,False,,113.01702880859375,,0.3971908390522003,0.3971908390522003,1.0,0.0,3.767155647277832,3.767155647277832,3.7684414891433318,3.7684414891433318,5.054308724906918,5.054308724906918,5.054308724906918,5.054308724906918,4.054308724906918,4.054308724906918,5.054308724906917,2.007525123274635,1.0,0.0,0.0,1.0,1.0
1.5310874616820287,1.8660659830736148,gt-order-1,"ap_fixed<16,6,AP_RND,AP_SAT>",True,False,,159.76734924316406,,0.324277400970459,0.324277400970459,0.9999999403953552,0.0,3.767573833465576,3.767573833465576,3.768441489143333,3.768441489143333,5.769813725354648,5.769813725354646,5.769813725354648,5.769813725354646,4.769813725354646,4.769813725354641,5.769813725354648,1.8710201989416868,1.0,0.0,0.0,1.0,1.0
1.7478332624182173,1.8660659830736148,gt-order-1,"ap_fixed<16,6,AP_RND,AP_SAT>",True,False,,198.64480590820312,,0.2534160017967224,0.2534160017967224,1.0,0.0,3.767853021621704,3.767853021621704,3.768441489143332,3.768441489143332,6.586607342764467,6.586607342764467,6.586607342764467,6.586607342764467,5.586607342764467,5.586607342764467,6.586607342764467,1.6691516982083052,1.0,0.0,0.0,1.0,1.0
1.9952623149688795,1.8660659830736148,gt-order-1,"ap_fixed<16,6,AP_RND,AP_SAT>",True,False,,200.16775512695312,,0.1886512190103531,0.1886512190103531,1.0,0.0,3.768028974533081,3.768028974533081,3.7684414891433327,3.7684414891433327,7.519029101922074,7.519029101922071,7.519029101922074,7.519029101922071,6.519029101922071,6.519029101922066,7.519029101922074,1.4184740058519196,1.0,0.0,0.0,1.0,1.0
0.01,1.9318726578496912,gt-order-1,"ap_fixed<16,6,AP_RND,AP_SAT>",False,True,1000.0,0.0319061279296875,-1.4961258977924157,1.0,1.0,0.37484779953956604,0.0,3.9884555339813232,3.9884555339813232,4.038915583085489,4.038915583085489,0.0403891549280869,0.0403891549280869,0.0403891549280869,0.0403891549280869,0.9971337359449572,0.9971337359449572,0.040389154928086875,0.040389154928086875,1.0,0.0,0.0,1.0,1.0
0.011415633046188459,1.9318726578496912,gt-order-1,"ap_fixed<16,6,AP_RND,AP_SAT>",False,True,1000.0,0.0245208740234375,-1.6104640538426434,1.0,1.0,0.3703801929950714,0.0,3.9933106899261475,3.9933106899261475,4.038915583085489,4.038915583085489,0.0461067795208489,0.0461067795208489,0.0461067795208489,0.0461067795208489,0.9967279779666176,0.9967279779666176,0.04610677952084888,0.04610677952084888,1.0,0.0,0.0,1.0,1.0
0.013031667784522994,1.9318726578496912,gt-order-1,"ap_fixed<16,6,AP_RND,AP_SAT>",False,True,1000.0,0.0185089111328125,-1.7326191297336622,1.0,1.0,0.3733128011226654,0.0,3.9859542846679688,3.9859542846679688,4.038915583085489,4.038915583085489,0.052633807078855496,0.052633807078855496,0.052633807078855496,0.052633807078855496,0.9962647797514258,0.9962647797514258,0.05263380707885546,0.05263380707885546,1.0,0.0,0.0,1.0,1.0
0.014876473740795015,1.9318726578496912,gt-order-1,"ap_fixed<16,6,AP_RND,AP_SAT>",False,True,1000.0,0.0139312744140625,-1.8560091530582261,1.0,1.0,0.36845359206199646,0.0,3.987602710723877,3.987602710723877,4.038915583085489,4.038915583085489,0.0600848214282574,0.0600848214282574,0.0600848214282574,0.0600848214282574,0.9957360097229039,0.9957360097229039,0.06008482142825738,0.06008482142825738,1.0,0.0,0.0,1.0,1.0
0.016982436524617443,1.9318726578496912,gt-order-1,"ap_fixed<16,6,AP_RND,AP_SAT>",False,True,1000.0,0.0103912353515625,-1.9833328186691197,1.0,1.0,0.3712669909000397,0.0,3.984448194503784,3.984448194503784,4.038915583085489,4.038915583085489,0.06859062612662024,0.06859062612662024,0.06859062612662024,0.06859062612662024,0.9951323852521878,0.9951323852521878,0.06859062612662023,0.06859062612662023,1.0,0.0,0.0,1.0,1.0
0.019386526359522076,1.9318726578496912,gt-order-1,"ap_fixed<16,6,AP_RND,AP_SAT>",False,True,1000.0,0.0080718994140625,-2.0930242585347103,1.0,1.0,0.3762974739074707,0.0,3.987828493118286,3.987828493118286,4.038915583085489,4.038915583085489,0.07830054275974616,0.07830054275974616,0.07830054275974616,0.07830054275974616,0.9944433095566813,0.9944433095566813,0.07830054275974616,0.07830054275974616,1.0,0.0,0.0,1.0,1.0
0.022130947096056376,1.9318726578496912,gt-order-1,"ap_fixed<16,6,AP_RND,AP_SAT>",False,True,1000.0,0.006011962890625,-2.220983708725887,1.0,1.0,0.40770843625068665,0.0,3.9870831966400146,3.9870831966400146,4.038915583085489,4.038915583085489,0.08938502896882235,0.08938502896882235,0.08938502896882235,0.08938502896882235,0.9936566859086681,0.9936566859086681,0.0893850289688223,0.0893850289688223,1.0,0.0,0.0,1.0,1.0
0.025263877101318954,1.9318726578496912,gt-order-1,"ap_fixed<16,6,AP_RND,AP_SAT>",False,True,1000.0,0.004547119140625,-2.342263666451934,1.0,1.0,0.5533685684204102,0.0,3.9897727966308594,3.9897727966308594,4.0389155830854895,4.0389155830854895,0.10203866886936247,0.10203866886936247,0.10203866886936247,0.10203866886936247,0.992758705416703,0.992758705416703,0.10203866886936237,0.10203866886936237,1.0,0.0,0.0,1.0,1.0
0.028840315031266057,1.9318726578496912,gt-order-1,"ap_fixed<16,6,AP_RND,AP_SAT>",False,True,1000.0,0.00335693359375,-2.4740572496721205,1.0,1.0,0.37601760029792786,0.0,3.9866445064544678,3.9866445064544678,4.038915583085489,4.038915583085489,0.11648359604647257,0.11648359604647257,0.11648359604647257,0.11648359604647257,0.9917336041087111,0.9917336041087111,0.11648359604647247,0.11648359604647247,1.0,0.0,0.0,1.0,1.0
0.03292304533334065,1.9318726578496912,gt-order-1,"ap_fixed<16,6,AP_RND,AP_SAT>",False,True,1000.0,0.0025634765625,-2.59117064872842,1.0,1.0,0.538963794708252,0.0,3.9885754585266113,3.9885754585266113,4.038915583085489,4.038915583085489,0.1329734055494413,0.1329734055494413,0.1329734055494413,0.1329734055494413,0.9905633853126748,0.9905633853126748,0.13297340554944126,0.13297340554944126,1.0,0.0,0.0,1.0,1.0
0.037583740428844416,1.9318726578496912,gt-order-1,"ap_fixed<16,6,AP_RND,AP_SAT>",False,True,1000.0,0.0019073486328125,-2.7195699173879473,1.0,1.0,0.3820967674255371,0.0,3.9894657135009766,3.9894657135009766,4.038915583085489,4.038915583085489,0.15179756240871967,0.15179756240871967,0.15179756240871967,0.15179756240871967,0.9892275068010221,0.9892275068010221,0.1517975624087196,0.1517975624087196,1.0,0.0,0.0,1.0,1.0
0.04290421892388853,1.9318726578496912,gt-order-1,"ap_fixed<16,6,AP_RND,AP_SAT>",False,True,1000.0,0.0014801025390625,-2.8297081960640322,1.0,1.0,0.357063353061676,0.0,3.989574670791626,3.989574670791626,4.0389155830854895,4.0389155830854895,0.17328652484422083,0.17328652484422083,0.17328652484422083,0.17328652484422083,0.9877025172161021,0.9877025172161021,0.17328652484422064,0.17328652484422064,1.0,0.0,0.0,1.0,1.0
0.04897788193684462,1.9318726578496912,gt-order-1,"ap_fixed<16,6,AP_RND,AP_SAT>",False,True,1000.0,0.0010833740234375,-2.9652215815037515,1.0,1.0,0.5374265313148499,0.0,3.9884016513824463,3.9884016513824463,4.038915583085489,4.038915583085489,0.19781752950347273,0.19781752950347273,0.19781752950347273,0.19781752950347273,0.985961645513931,0.985961645513931,0.19781752950347267,0.19781752950347267,1.0,0.0,0.0,1.0,1.0
0.05591135275705602,1.9318726578496912,gt-order-1,"ap_fixed<16,6,AP_RND,AP_SAT>",False,True,1000.0,0.0008544921875,-3.06829190310925,1.0,1.0,0.379004567861557,0.0,3.9894497394561768,3.9894497394561768,4.038915583085489,4.038915583085489,0.2258212268062884,0.2258212268062884,0.2258212268062884,0.2258212268062884,0.9839743300791246,0.9839743300791246,0.2258212268062883,0.2258212268062883,1.0,0.0,0.0,1.0,1.0
0.06382634861905485,1.9318726578496912,gt-order-1,"ap_fixed<16,6,AP_RND,AP_SAT>",False,True,1000.0,0.000640869140625,-3.193230639548134,1.0,1.0,0.3807767629623413,0.0,3.9891176223754883,3.9891176223754883,4.0389155830854895,4.0389155830854895,0.25778921905741764,0.25778921905741764,0.25778921905741764,0.25778921905741764,0.9817056837738366,0.9817056837738366,0.2577892190574175,0.2577892190574175,1.0,0.0,0.0,1.0,1.0
0.07286181745132274,1.9318726578496912,gt-order-1,"ap_fixed<16,6,AP_RND,AP_SAT>",False,True,1000.0,0.00048828125,-3.311329951414358,1.0,1.0,0.4232916235923767,0.0,3.989182472229004,3.989182472229004,4.038915583085489,4.038915583085489,0.2942827420653098,0.2942827420653098,0.2942827420653098,0.2942827420653098,0.9791158778364344,0.9791158778364344,0.29428274206530963,0.29428274206530963,1.0,0.0,0.0,1.0,1.0
0.08317637711026708,1.9318726578496912,gt-order-1,"ap_fixed<16,6,AP_RND,AP_SAT>",False,True,1000.0,0.0003662109375,-3.4362686877261797,1.0,1.0,0.3681531548500061,0.0,3.9898409843444824,3.9898409843444824,4.0389155830854895,4.0389155830854895,0.3359423548517908,0.3359423548517908,0.3359423548517908,0.3359423548517908,0.9761594542398151,0.9761594542398151,0.33594235485179064,0.33594235485179064,1.0,0.0,0.0,1.0,1.0
0.09495109992021983,1.9318726578496912,gt-order-1,"ap_fixed<16,6,AP_RND,AP_SAT>",False,True,1000.0,0.000274658203125,-3.561207423939175,1.0,1.0,0.39322811365127563,0.0,3.990494966506958,3.990494966506958,4.038915583085489,4.038915583085489,0.3834994800361024,0.3834994800361024,0.3834994800361024,0.3834994800361024,0.9727845067144288,0.9727845067144288,0.38349948003610224,0.38349948003610224,1.0,0.0,0.0,1.0,1.0
0.10839269140212034,1.9318726578496912,gt-order-1,"ap_fixed<16,6,AP_RND,AP_SAT>",False,True,1000.0,0.000213623046875,-3.6703518929124668,1.0,1.0,0.38596048951148987,0.0,3.989814043045044,3.989814043045044,4.038915583085489,4.038915583085489,0.4377889372637238,0.4377889372637238,0.4377889372637238,0.4377889372637238,0.9689317912987091,0.9689317912987091,0.43778893726372364,0.43778893726372364,1.0,0.0,0.0,1.0,1.0
0.12373711899353519,1.9318726578496912,gt-order-1,"ap_fixed<16,6,AP_RND,AP_SAT>",False,True,1000.0,0.0001678466796875,-3.7750872428780267,1.0,1.0,0.38669461011886597,0.0,3.9898622035980225,3.9898622035980225,4.038915583085489,4.038915583085489,0.4997637786935465,0.4997637786935465,0.4997637786935465,0.4997637786935465,0.964533673521212,0.964533673521212,0.49976377869354605,0.49976377869354605,1.0,0.0,0.0,1.0,1.0
0.1412537544622754,1.9318726578496912,gt-order-1,"ap_fixed<16,6,AP_RND,AP_SAT>",False,True,1000.0,0.000152587890625,-3.816479927777507,1.0,1.0,0.693422794342041,0.0,3.9901530742645264,3.9901530742645264,4.0389155830854895,4.0389155830854895,0.5705119902055463,0.5705119902055463,0.5705119902055463,0.5705119902055463,0.9595129431797007,0.9595129431797007,0.5705119902055461,0.5705119902055461,1.0,0.0,0.0,1.0,1.0
0.16125010273377416,1.9318726578496912,gt-order-1,"ap_fixed<16,6,AP_RND,AP_SAT>",False,True,1000.0,9.1552734375e-05,-4.038328675496402,1.0,1.0,0.4447246491909027,0.0,3.990446090698242,3.990446090698242,4.038915583085489,4.038915583085489,0.6512755398052098,0.6512755398052098,0.6512755398052098,0.6512755398052098,0.9537814625486405,0.9537814625486405,0.6512755398052097,0.6512755398052097,1.0,0.0,0.0,1.0,1.0
0.18407720014689555,1.9318726578496912,gt-order-1,"ap_fixed<16,6,AP_RND,AP_SAT>",False,True,1000.0,6.103515625e-05,-4.214419932180256,1.0,1.0,0.43686580657958984,0.0,3.990393877029419,3.990393877029419,4.0389155830854895,4.0389155830854895,0.7434722847932378,0.7434722847932378,0.7434722847932378,0.7434722847932378,0.9472386117110408,0.9472386117110408,0.7434722847932373,0.7434722847932373,1.0,0.0,0.0,1.0,1.0
0.21013577690467466,1.9318726578496912,gt-order-1,"ap_fixed<16,6,AP_RND,AP_SAT>",False,True,1000.0,4.57763671875e-05,-4.339358666416729,1.0,1.0,0.38622698187828064,0.0,3.9902749061584473,3.9902749061584473,4.0389155830854895,4.0389155830854895,0.8487206474237268,0.8487206474237268,0.8487206474237268,0.8487206474237268,0.9397695374212458,0.9397695374212458,0.8487206474237262,0.8487206474237262,1.0,0.0,0.0,1.0,1.0
0.239883291901949,1.9318726578496912,gt-order-1,"ap_fixed<16,6,AP_RND,AP_SAT>",False,True,1000.0,3.0517578125e-05,-4.515449920728757,1.0,1.0,0.5184758305549622,0.0,3.990652322769165,3.990652322769165,4.0389155830854895,4.0389155830854895,0.9688683530182722,0.9688683530182722,0.9688683530182722,0.9688683530182722,0.9312431136707432,0.9312431136707432,0.9688683530182718,0.9688683530182718,1.0,0.0,0.0,1.0,1.0
0.27384196342643613,1.9318726578496912,gt-order-1,"ap_fixed<16,6,AP_RND,AP_SAT>",False,True,1000.0,1.52587890625e-05,-4.816479902161777,1.0,0.9907212853431702,0.5986710786819458,0.0,3.99057674407959,3.99057674407959,4.038915583085489,4.038915583085489,1.1060246286906694,1.1060246286906694,1.1060246286906694,1.1060246286906694,0.9215096566676603,0.9222379461667567,1.1060246286906692,1.1060246286906692,1.0,0.0,0.0,1.0,1.0
0.3126079367123954,1.9318726578496912,gt-order-1,"ap_fixed<16,6,AP_RND,AP_SAT>",False,True,1000.0,1.52587890625e-05,-4.816479902161777,1.0,0.96681147813797,0.6882471442222595,0.0,3.990126371383667,3.990126371383667,4.0389155830854895,4.0389155830854895,1.2625970964651239,1.2625970964651239,1.2625970964651239,1.2625970964651239,0.9103983066730793,0.9133720544309339,1.2625970964651232,1.2625970964651232,1.0,0.0,0.0,1.0,1.0
0.35686174928348097,1.9318726578496912,gt-order-1,"ap_fixed<16,6,AP_RND,AP_SAT>",False,True,1000.0,1.52587890625e-05,-4.816479902161777,1.0,0.9188141226768494,0.7049344182014465,0.0,3.990429401397705,3.990429401397705,4.038915583085489,4.038915583085489,1.4413344441095437,1.4413344441095437,1.4413344441095437,1.4413344441095437,0.8977139998149848,0.9060181784778805,1.441334444109543,1.441334444109543,1.0,0.0,0.0,1.0,1.0
0.4073802778041126,1.9318726578496912,gt-order-1,"ap_fixed<16,6,AP_RND,AP_SAT>",False,True,1000.0,0.0,-12.0,1.0,0.8326792120933533,0.6390096545219421,0.0,3.990610361099243,3.990610361099243,4.0389155830854895,4.0389155830854895,1.645374572761266,1.645374572761266,1.645374572761266,1.645374572761266,0.8832340512351712,0.9027714217831689,1.6453745727612652,1.6453745727612652,1.0,0.0,0.0,1.0,1.0
0.46505037616660627,1.9318726578496912,gt-order-1,"ap_fixed<16,6,AP_RND,AP_SAT>",False,True,1000.0,1.52587890625e-05,-4.816479902161777,1.0,0.7215168476104736,0.5547002553939819,0.0,3.9927327632904053,3.9927327632904053,4.038915583085489,4.038915583085489,1.8782991842977133,1.8782991842977133,1.8782991842977133,1.8782991842977133,0.8782991842977129,0.9038248931945737,1.8782991842977117,1.8782991842977117,1.0,0.0,0.0,1.0,1.0
0.5308844442309882,1.9318726578496912,gt-order-1,"ap_fixed<16,6,AP_RND,AP_SAT>",False,True,1000.0,0.0,-12.0,1.0,0.6073086857795715,0.5391638875007629,0.0,4.0152716636657715,4.0152716636657715,4.038915583085489,4.038915583085489,2.1441974565714155,2.1441974565714155,2.1441974565714155,2.1441974565714155,1.1441974565714148,1.1441974565714148,2.144197456571414,2.144197456571414,1.0,0.0,0.0,1.0,1.0
0.606038200527066,1.9318726578496912,gt-order-1,"ap_fixed<16,6,AP_RND,AP_SAT>",False,True,1000.0,0.0,-12.0,1.0,0.43120276927948,0.5241423845291138,0.0,4.063941478729248,4.063941478729248,4.038915583085489,4.038915583085489,2.447737181527009,2.447737181527009,2.447737181527009,2.447737181527009,1.4477371815270081,1.4477371815270081,2.4477371815270077,2.4477371815270077,1.0,0.0,0.0,1.0,1.0
0.6918309709189363,1.9318726578496912,gt-order-1,"ap_fixed<16,6,AP_RND,AP_SAT>",False,True,1000.0,0.0,-12.0,1.0,0.4272758960723877,0.5455447435379028,0.0,4.063941478729248,4.063941478729248,4.038915583085489,4.038915583085489,2.794246977272159,2.794246977272159,2.794246977272159,2.794246977272159,1.7942469772721585,1.7942469772721585,2.794246977272157,2.794246977272157,1.0,0.0,0.0,1.0,1.0
0.7897688493998856,1.9318726578496912,gt-order-1,"ap_fixed<16,6,AP_RND,AP_SAT>",False,True,1000.0,0.0,-12.0,1.0,0.3307862877845764,0.5241423845291138,0.0,4.063941478729248,4.063941478729248,4.038915583085489,4.038915583085489,3.189809814840522,3.189809814840522,3.189809814840522,3.189809814840522,2.1898098148405207,2.1898098148405207,3.1898098148405207,3.1898098148405207,1.0,0.0,0.0,1.0,1.0
0.9015711376059565,1.9318726578496912,gt-order-1,"ap_fixed<16,6,AP_RND,AP_SAT>",False,True,1000.0,0.0,-12.0,1.0,0.28839340806007385,0.5222329497337341,0.0,4.063941478729248,4.063941478729248,4.0389155830854895,4.0389155830854895,3.6413697855517855,3.6413697855517855,3.6413697855517855,3.6413697855517855,2.641369785551784,2.641369785551784,3.641369785551783,3.641369785551783,1.0,0.0,0.0,1.0,1.0
1.0292005271944276,1.9318726578496912,gt-order-1,"ap_fixed<16,6,AP_RND,AP_SAT>",False,True,1000.0,0.0,-12.0,0.9716282486915588,0.25791800022125244,0.4558422863483429,0.0,4.063941478729248,4.063941478729248,4.038915583085489,4.038915583085489,4.156854155242867,4.156854155242865,4.156854155242867,4.156854155242865,3.156854155242865,3.156854155242862,4.156854155242866,4.038916922924854,1.0,0.0,0.0,1.0,1.0
1.174897554939529,1.9318726578496912,gt-order-1,"ap_fixed<16,6,AP_RND,AP_SAT>",True,False,,107.7498779296875,,0.32688456773757935,0.32688456773757935,0.9999998211860657,0.0,4.038698196411133,4.038698196411133,4.038915583085487,4.038915583085487,4.745312029429996,4.745312029429996,4.745312029429996,4.745312029429996,3.7453120294299955,3.7453120294299955,4.745312029429996,1.5511692715201597,1.0,0.0,0.0,1.0,1.0
1.3412199354053709,1.9318726578496912,gt-order-1,"ap_fixed<16,6,AP_RND,AP_SAT>",True,False,,145.1334686279297,,0.3589009642601013,0.3589009642601013,0.9999999403953552,0.0,4.038023471832275,4.038023471832275,4.038915583085488,4.038915583085488,5.417073962687989,5.417073962687987,5.417073962687989,5.417073962687987,4.417073962687986,4.417073962687986,5.417073962687985,1.944193068677006,1.0,0.0,0.0,1.0,1.0
1.5310874616820287,1.9318726578496912,gt-order-1,"ap_fixed<16,6,AP_RND,AP_SAT>",True,False,,192.98077392578125,,0.2866453528404236,0.2866453528404236,1.0,0.0,4.038390636444092,4.038390636444092,4.038915583085487,4.038915583085487,6.183933234461067,6.183933234461066,6.183933234461067,6.183933234461066,5.183933234461068,5.183933234461068,6.1839332344610645,1.7725957239337138,1.0,0.0,0.0,1.0,1.0
1.7478332624182173,1.9318726578496912,gt-order-1,"ap_fixed<16,6,AP_RND,AP_SAT>",True,False,,218.22146606445312,,0.21838368475437164,0.21838368475437164,1.0,0.0,4.038613796234131,4.038613796234131,4.038915583085488,4.038915583085488,7.05935095794846,7.059350957948459,7.05935095794846,7.059350957948459,6.059350957948457,6.0593509579484515,7.059350957948457,1.5416470741710873,1.0,0.0,0.0,1.0,1.0
1.9952623149688795,1.9318726578496912,gt-order-1,"ap_fixed<16,6,AP_RND,AP_SAT>",True,False,,183.1155242919922,,0.15897837281227112,0.15897837281227112,1.0,0.0,4.0387678146362305,4.0387678146362305,4.038915583085489,4.038915583085489,8.058695855280474,8.058695855280474,8.058695855280474,8.058695855280474,7.058695855280463,7.058695855280463,8.05869585528047,1.2811583540614826,1.0,0.0,0.0,1.0,1.0
0.01,2.0,gt-order-1,"ap_fixed<16,6,AP_RND,AP_SAT>",False,True,1000.0,0.029876708984375,-1.5246672431420438,1.0,1.0,0.3789578378200531,0.0,4.276194095611572,4.276194095611572,4.328802538629095,4.328802538629095,0.04328802441872818,0.04328802441872818,0.04328802441872818,0.04328802441872818,0.9969280142327636,0.9969280142327636,0.04328802441872817,0.04328802441872817,1.0,0.0,0.0,1.0,1.0
0.011415633046188459,2.0,gt-order-1,"ap_fixed<16,6,AP_RND,AP_SAT>",False,True,1000.0,0.0225982666015625,-1.6459248720832726,1.0,1.0,0.3698713481426239,0.0,4.276314735412598,4.276314735412598,4.328802538629096,4.328802538629096,0.04941602272493899,0.04941602272493899,0.04941602272493899,0.04941602272493899,0.9964931335970423,0.9964931335970423,0.04941602272493893,0.04941602272493893,1.0,0.0,0.0,1.0,1.0
0.013031667784522994,2.0,gt-order-1,"ap_fixed<16,6,AP_RND,AP_SAT>",False,True,1000.0,0.01727294921875,-1.7626335037463035,1.0,1.0,0.3828955590724945,0.0,4.282216548919678,4.282216548919678,4.328802538629096,4.328802538629096,0.056411517649647594,0.056411517649647594,0.056411517649647594,0.056411517649647594,0.9959966900394521,0.9959966900394521,0.056411517649647566,0.056411517649647566,1.0,0.0,0.0,1.0,1.0
0.014876473740795015,2.0,gt-order-1,"ap_fixed<16,6,AP_RND,AP_SAT>",False,True,1000.0,0.0126953125,-1.896356604298766,1.0,1.0,0.37309837341308594,0.0,4.282388687133789,4.282388687133789,4.328802538629096,4.328802538629096,0.06439731709693702,0.06439731709693702,0.06439731709693702,0.06439731709693702,0.9954299683520688,0.9954299683520688,0.06439731709693698,0.06439731709693698,1.0,0.0,0.0,1.0,1.0
0.016982436524617443,2.0,gt-order-1,"ap_fixed<16,6,AP_RND,AP_SAT>",False,True,1000.0,0.0095672607421875,-2.019212389747589,1.0,1.0,0.39631032943725586,0.0,4.274688720703125,4.274688720703125,4.328802538629096,4.328802538629096,0.07351361284858732,0.07351361284858732,0.07351361284858732,0.07351361284858732,0.9947830196595596,0.9947830196595596,0.07351361284858729,0.07351361284858729,1.0,0.0,0.0,1.0,1.0
0.019386526359522076,2.0,gt-order-1,"ap_fixed<16,6,AP_RND,AP_SAT>",False,True,1000.0,0.007232666015625,-2.1407015888895677,1.0,1.0,0.4093363583087921,0.0,4.2756218910217285,4.2756218910217285,4.328802538629095,4.328802538629095,0.0839204438176174,0.0839204438176174,0.0839204438176174,0.0839204438176174,0.9940444866114896,0.9940444866114896,0.08392044381761737,0.08392044381761737,1.0,0.0,0.0,1.0,1.0
0.022130947096056376,2.0,gt-order-1,"ap_fixed<16,6,AP_RND,AP_SAT>",False,True,1000.0,0.0056304931640625,-2.249453564387506,1.0,1.0,0.3730640411376953,0.0,4.277122497558594,4.277122497558594,4.328802538629096,4.328802538629096,0.09580050198030683,0.09580050198030683,0.09580050198030683,0.09580050198030683,0.9932014042560393,0.9932014042560393,0.09580050198030679,0.09580050198030679,1.0,0.0,0.0,1.0,1.0
0.025263877101318954,2.0,gt-order-1,"ap_fixed<16,6,AP_RND,AP_SAT>",False,True,1000.0,0.0042724609375,-2.36932189917983,1.0,1.0,0.40074625611305237,0.0,4.277195453643799,4.277195453643799,4.328802538629096,4.328802538629096,0.10936233742785818,0.10936233742785818,0.10936233742785818,0.10936233742785818,0.9922389725897316,0.9922389725897316,0.1093623374278581,0.1093623374278581,1.0,0.0,0.0,1.0,1.0
0.028840315031266057,2.0,gt-order-1,"ap_fixed<16,6,AP_RND,AP_SAT>",False,True,1000.0,0.003204345703125,-2.4942606357542467,1.0,1.0,0.40916433930397034,0.0,4.277899265289307,4.277899265289307,4.328802538629096,4.328802538629096,0.12484402704188527,0.12484402704188527,0.12484402704188527,0.12484402704188527,0.9911402962055422,0.9911402962055422,0.12484402704188519,0.12484402704188519,1.0,0.0,0.0,1.0,1.0
0.03292304533334065,2.0,gt-order-1,"ap_fixed<16,6,AP_RND,AP_SAT>",False,True,1000.0,0.00244140625,-2.612359947789887,1.0,1.0,0.3686257600784302,0.0,4.275919437408447,4.275919437408447,4.328802538629096,4.328802538629096,0.14251736726639927,0.14251736726639927,0.14251736726639927,0.14251736726639927,0.9898860867478857,0.9898860867478857,0.14251736726639916,0.14251736726639916,1.0,0.0,0.0,1.0,1.0
0.037583740428844416,2.0,gt-order-1,"ap_fixed<16,6,AP_RND,AP_SAT>",False,True,1000.0,0.0018768310546875,-2.7265748189529035,1.0,1.0,0.40765291452407837,0.0,4.277243137359619,4.277243137359619,4.328802538629095,4.328802538629095,0.1626925990393164,0.1626925990393164,0.1626925990393164,0.1626925990393164,0.9884543276022709,0.9884543276022709,0.16269259903931627,0.16269259903931627,1.0,0.0,0.0,1.0,1.0
0.04290421892388853,2.0,gt-order-1,"ap_fixed<16,6,AP_RND,AP_SAT>",False,True,1000.0,0.0014190673828125,-2.8479969817637216,1.0,1.0,0.39541858434677124,0.0,4.277773380279541,4.277773380279541,4.328802538629096,4.328802538629096,0.1857238987111555,0.1857238987111555,0.1857238987111555,0.1857238987111555,0.9868198842257733,0.9868198842257733,0.18572389871115533,0.18572389871115533,1.0,0.0,0.0,1.0,1.0
0.04897788193684462,2.0,gt-order-1,"ap_fixed<16,6,AP_RND,AP_SAT>",False,True,1000.0,0.00103759765625,-2.983971017498905,1.0,1.0,0.5911005735397339,0.0,4.275833606719971,4.275833606719971,4.328802538629096,4.328802538629096,0.21201557850976352,0.21201557850976352,0.21201557850976352,0.21201557850976352,0.9849540641237331,0.9849540641237331,0.2120155785097633,0.2120155785097633,1.0,0.0,0.0,1.0,1.0
0.05591135275705602,2.0,gt-order-1,"ap_fixed<16,6,AP_RND,AP_SAT>",False,True,1000.0,0.0008697509765625,-3.0606050744518756,1.0,1.0,0.4226713180541992,0.0,4.278179168701172,4.278179168701172,4.328802538629096,4.328802538629096,0.24202919812664658,0.24202919812664658,0.24202919812664658,0.24202919812664658,0.9828241121676342,0.9828241121676342,0.24202919812664642,0.24202919812664642,1.0,0.0,0.0,1.0,1.0
0.06382634861905485,2.0,gt-order-1,"ap_fixed<16,6,AP_RND,AP_SAT>",False,True,1000.0,0.0006103515625,-3.2144199385841885,1.0,1.0,0.36417853832244873,0.0,4.276137351989746,4.276137351989746,4.328802538629096,4.328802538629096,0.2762916438660663,0.2762916438660663,0.2762916438660663,0.2762916438660663,0.9803926372487493,0.9803926372487493,0.2762916438660661,0.2762916438660661,1.0,0.0,0.0,1.0,1.0
0.07286181745132274,2.0,gt-order-1,"ap_fixed<16,6,AP_RND,AP_SAT>",False,True,1000.0,0.0004730224609375,-3.3251182358713,1.0,1.0,0.6729497909545898,0.0,4.276498317718506,4.276498317718506,4.328802538629095,4.328802538629095,0.31540443337364016,0.31540443337364016,0.31540443337364016,0.31540443337364016,0.9776169519570865,0.9776169519570865,0.31540443337364005,0.31540443337364005,1.0,0.0,0.0,1.0,1.0
0.08317637711026708,2.0,gt-order-1,"ap_fixed<16,6,AP_RND,AP_SAT>",False,True,1000.0,0.0003814697265625,-3.418539920813185,1.0,1.0,0.5432215929031372,0.0,4.276595115661621,4.276595115661621,4.328802538629096,4.328802538629096,0.3600541008100311,0.3600541008100311,0.3600541008100311,0.3600541008100311,0.9744483355852774,0.9744483355852774,0.36005410081003086,0.36005410081003086,1.0,0.0,0.0,1.0,1.0
0.09495109992021983,2.0,gt-order-1,"ap_fixed<16,6,AP_RND,AP_SAT>",False,True,1000.0,0.00030517578125,-3.5154499335366216,1.0,1.0,0.5439149737358093,0.0,4.277419567108154,4.277419567108154,4.328802538629096,4.328802538629096,0.41102456552830613,0.41102456552830613,0.41102456552830613,0.41102456552830613,0.9708311563707822,0.9708311563707822,0.4110245655283057,0.4110245655283057,1.0,0.0,0.0,1.0,1.0
0.10839269140212034,2.0,gt-order-1,"ap_fixed<16,6,AP_RND,AP_SAT>",False,True,1000.0,0.0001983642578125,-3.7025365761274838,1.0,1.0,0.3876574635505676,0.0,4.276682376861572,4.276682376861572,4.328802538629095,4.328802538629095,0.46921056507033937,0.46921056507033937,0.46921056507033937,0.46921056507033937,0.9667019182074382,0.9667019182074382,0.469210565070339,0.469210565070339,1.0,0.0,0.0,1.0,1.0
0.12373711899353519,2.0,gt-order-1,"ap_fixed<16,6,AP_RND,AP_SAT>",False,True,1000.0,0.0001678466796875,-3.7750872428780267,1.0,1.0,0.6401563286781311,0.0,4.277091026306152,4.277091026306152,4.328802538629095,4.328802538629095,0.5356335554482676,0.5356335554482676,0.5356335554482676,0.5356335554482676,0.9619881322632123,0.9619881322632123,0.5356335554482674,0.5356335554482674,1.0,0.0,0.0,1.0,1.0
0.1412537544622754,2.0,gt-order-1,"ap_fixed<16,6,AP_RND,AP_SAT>",False,True,1000.0,0.0001220703125,-3.913389940074015,1.0,1.0,0.7096776962280273,0.0,4.276784420013428,4.276784420013428,4.328802538629095,4.328802538629095,0.6114596110556622,0.6114596110556622,0.6114596110556622,0.6114596110556622,0.9566070466918679,0.9566070466918679,0.611459611055662,0.611459611055662,1.0,0.0,0.0,1.0,1.0
0.16125010273377416,2.0,gt-order-1,"ap_fixed<16,6,AP_RND,AP_SAT>",False,True,1000.0,7.62939453125e-05,-4.117509920595296,1.0,1.0,0.5163977742195129,0.0,4.2770676612854,4.2770676612854,4.328802538629095,4.328802538629095,0.6980198402418933,0.6980198402418933,0.6980198402418933,0.6980198402418933,0.9504641978176233,0.9504641978176233,0.6980198402418928,0.6980198402418928,1.0,0.0,0.0,1.0,1.0
0.18407720014689555,2.0,gt-order-1,"ap_fixed<16,6,AP_RND,AP_SAT>",False,True,1000.0,4.57763671875e-05,-4.339358666416729,1.0,1.0,0.4669240117073059,0.0,4.27719259262085,4.27719259262085,4.328802538629096,4.328802538629096,0.7968338648352534,0.7968338648352534,0.7968338648352534,0.7968338648352534,0.9434517438830691,0.9434517438830691,0.796833864835253,0.796833864835253,1.0,0.0,0.0,1.0,1.0
0.21013577690467466,2.0,gt-order-1,"ap_fixed<16,6,AP_RND,AP_SAT>",False,True,1000.0,3.0517578125e-05,-4.515449920728757,1.0,1.0,0.5439149737358093,0.0,4.277425289154053,4.277425289154053,4.328802538629096,4.328802538629096,0.9096362668585622,0.9096362668585622,0.9096362668585622,0.9096362668585622,0.9354465882267666,0.9354465882267666,0.9096362668585614,0.9096362668585614,1.0,0.0,0.0,1.0,1.0
0.239883291901949,2.0,gt-order-1,"ap_fixed<16,6,AP_RND,AP_SAT>",False,True,1000.0,3.0517578125e-05,-4.515449920728757,1.0,0.997402548789978,0.5378528833389282,0.0,4.276973724365234,4.276973724365234,4.328802538629095,4.328802538629095,1.0384073892772208,1.0384073892772208,1.0384073892772208,1.0384073892772208,0.9263081934717942,0.9264996043438288,1.0384073892772199,1.0384073892772199,1.0,0.0,0.0,1.0,1.0
0.27384196342643613,2.0,gt-order-1,"ap_fixed<16,6,AP_RND,AP_SAT>",False,True,1000.0,1.52587890625e-05,-4.816479902161777,1.0,0.9828751683235168,0.623752772808075,0.0,4.277095317840576,4.277095317840576,4.328802538629096,4.328802538629096,1.1854078457378676,1.1854078457378676,1.1854078457378676,1.1854078457378676,0.9158761325013921,0.9173167395722799,1.1854078457378665,1.1854078457378665,1.0,0.0,0.0,1.0,1.0
0.3126079367123954,2.0,gt-order-1,"ap_fixed<16,6,AP_RND,AP_SAT>",False,True,1000.0,0.0,-12.0,1.0,0.9446815252304077,0.6750527024269104,0.0,4.27736759185791,4.27736759185791,4.328802538629096,4.328802538629096,1.3532180616334182,1.3532180616334182,1.3532180616334182,1.3532180616334182,0.9039672823805943,0.909279665847278,1.3532180616334173,1.3532180616334173,1.0,0.0,0.0,1.0,1.0
0.35686174928348097,2.0,gt-order-1,"ap_fixed<16,6,AP_RND,AP_SAT>",False,True,1000.0,1.52587890625e-05,-4.816479902161777,1.0,0.8795758485794067,0.7972409725189209,0.0,4.277156829833984,4.277156829833984,4.328802538629096,4.328802538629096,1.544784007569808,1.544784007569808,1.544784007569808,1.544784007569808,0.8903725788267577,0.9035743679939723,1.5447840075698065,1.5447840075698065,1.0,0.0,0.0,1.0,1.0
0.4073802778041126,2.0,gt-order-1,"ap_fixed<16,6,AP_RND,AP_SAT>",False,True,1000.0,0.0,-12.0,1.0,0.7775294780731201,0.5345224142074585,0.0,4.277529239654541,4.277529239654541,4.328802538629096,4.328802538629096,1.7634688027135164,1.7634688027135164,1.7634688027135164,1.7634688027135164,0.8748533541170727,0.9026947937440454,1.7634688027135157,1.7634688027135157,1.0,0.0,0.0,1.0,1.0
0.46505037616660627,2.0,gt-order-1,"ap_fixed<16,6,AP_RND,AP_SAT>",False,True,1000.0,0.0,-12.0,1.0,0.658833920955658,0.7633863091468811,0.0,4.376784801483154,4.376784801483154,4.328802538629096,4.328802538629096,2.0131112200868206,2.0131112200868206,2.0131112200868206,2.0131112200868206,1.0131112200868202,1.0131112200868202,2.0131112200868184,2.0131112200868184,1.0,0.0,0.0,1.0,1.0
0.5308844442309882,2.0,gt-order-1,"ap_fixed<16,6,AP_RND,AP_SAT>",False,True,1000.0,0.0,-12.0,1.0,0.5524997711181641,0.5833333730697632,0.0,4.376784801483154,4.376784801483154,4.328802538629095,4.328802538629095,2.2980939319948965,2.2980939319948965,2.2980939319948965,2.2980939319948965,1.298093931994897,1.298093931994897,2.2980939319948956,2.2980939319948956,1.0,0.0,0.0,1.0,1.0
0.606038200527066,2.0,gt-order-1,"ap_fixed<16,6,AP_RND,AP_SAT>",False,True,1000.0,0.0,-12.0,1.0,0.46234408020973206,0.5449492931365967,0.0,4.322953701019287,4.322953701019287,4.328802538629096,4.328802538629096,2.6234197539717856,2.6234197539717856,2.6234197539717856,2.6234197539717856,1.6234197539717845,1.6234197539717845,2.6234197539717847,2.6234197539717847,1.0,0.0,0.0,1.0,1.0
0.6918309709189363,2.0,gt-order-1,"ap_fixed<16,6,AP_RND,AP_SAT>",False,True,1000.0,0.0,-12.0,1.0,0.39197251200675964,0.5366562604904175,0.0,4.326691150665283,4.326691150665283,4.328802538629096,4.328802538629096,2.9947997574962875,2.9947997574962875,2.9947997574962875,2.9947997574962875,1.994799757496287,1.994799757496287,2.9947997574962852,2.9947997574962852,1.0,0.0,0.0,1.0,1.0
0.7897688493998856,2.0,gt-order-1,"ap_fixed<16,6,AP_RND,AP_SAT>",False,True,1000.0,0.0,-12.0,1.0,0.33200597763061523,0.4682929515838623,0.0,4.327882289886475,4.327882289886475,4.328802538629096,4.328802538629096,3.4187535094945294,3.4187535094945294,3.4187535094945294,3.4187535094945294,2.4187535094945294,2.4187535094945294,3.4187535094945263,3.4187535094945263,1.0,0.0,0.0,1.0,1.0
0.9015711376059565,2.0,gt-order-1,"ap_fixed<16,6,AP_RND,AP_SAT>",False,True,1000.0,0.0,-12.0,1.0,0.28095221519470215,0.5388158559799194,0.0,4.328345775604248,4.328345775604248,4.328802538629096,4.328802538629096,3.902723502763096,3.902723502763096,3.902723502763096,3.902723502763096,2.9027235027630978,2.9027235027630978,3.902723502763092,3.902723502763092,1.0,0.0,0.0,1.0,1.0
1.0292005271944276,2.0,gt-order-1,"ap_fixed<16,6,AP_RND,AP_SAT>",False,True,1000.0,0.0,-12.0,0.9716282486915588,0.23905417323112488,0.5,0.0,4.376784801483154,4.376784801483154,4.328802538629096,4.328802538629096,4.455205970455005,4.455205970455001,4.455205970455005,4.455205970455001,3.4552059704550033,3.4552059704550033,4.455205970455002,4.32880397463337,1.0,0.0,0.0,1.0,1.0
1.174897554939529,2.0,gt-order-1,"ap_fixed<16,6,AP_RND,AP_SAT>",True,False,,128.79652404785156,,0.39368581771850586,0.39368581771850586,0.9999998807907104,0.0,4.327493667602539,4.327493667602539,4.328802538629094,4.328802538629094,5.085899503720568,5.085899503720568,5.085899503720568,5.085899503720568,4.085899503720568,4.085899503720568,5.085899503720568,2.002246504956375,1.0,0.0,0.0,1.0,1.0
1.3412199354053709,2.0,gt-order-1,"ap_fixed<16,6,AP_RND,AP_SAT>",True,False,,181.1294708251953,,0.32079362869262695,0.32079362869262695,0.9999999403953552,0.0,4.328008651733398,4.328008651733398,4.328802538629093,4.328802538629093,5.805876116804443,5.805876116804441,5.805876116804443,5.805876116804441,4.805876116804448,4.805876116804443,5.805876116804443,1.8624880672495554,1.0,0.0,0.0,1.0,1.0
1.5310874616820287,2.0,gt-order-1,"ap_fixed<16,6,AP_RND,AP_SAT>",True,False,,223.41334533691406,,0.25013041496276855,0.25013041496276855,0.9999998807907104,0.0,4.328290939331055,4.328290939331055,4.328802538629094,4.328802538629094,6.627775533649054,6.62777553364905,6.627775533649054,6.62777553364905,5.627775533649054,5.627775533649054,6.627775533649054,1.6578082445117226,1.0,0.0,0.0,1.0,1.0
1.7478332624182173,2.0,gt-order-1,"ap_fixed<16,6,AP_RND,AP_SAT>",True,False,,221.99374389648438,,0.18579207360744476,0.18579207360744476,0.9999999403953552,0.0,4.3284759521484375,4.3284759521484375,4.328802538629092,4.328802538629092,7.566025018155029,7.566025018155029,7.566025018155029,7.566025018155029,6.566025018155033,6.566025018155033,7.5660250181550275,1.4057074770888274,1.0,0.0,0.0,1.0,1.0
1.9952623149688795,2.0,gt-order-1,"ap_fixed<16,6,AP_RND,AP_SAT>",True,False,,108.23141479492188,,0.24655038118362427,0.24655038118362427,1.0,0.0,4.277380466461182,4.277380466461182,4.328802538629092,4.328802538629092,8.637096358851895,8.637096358851894,8.637096358851895,8.637096358851894,7.637096358851899,7.637096358851892,8.637096358851895,2.129479399594628,1.0,0.0,0.0,1.0,1.0
0.01,2.070529847682755,gt-order-1,"ap_fixed<16,6,AP_RND,AP_SAT>",False,True,1000.0,0.028106689453125,-1.5511903047474174,1.0,1.0,0.3722837567329407,0.0,4.579723834991455,4.579723834991455,4.639495686811539,4.639495686811539,0.046394955831107296,0.046394955831107296,0.046394955831107296,0.046394955831107296,0.9967075271728068,0.9967075271728068,0.04639495583110728,0.04639495583110728,1.0,0.0,0.0,1.0,1.0
0.011415633046188459,2.070529847682755,gt-order-1,"ap_fixed<16,6,AP_RND,AP_SAT>",False,True,1000.0,0.021148681640625,-1.674716700327376,1.0,1.0,0.3662987947463989,0.0,4.577732563018799,4.577732563018799,4.639495686811539,4.639495686811539,0.052962781796081264,0.052962781796081264,0.052962781796081264,0.052962781796081264,0.9962414336474216,0.9962414336474216,0.05296278179608121,0.05296278179608121,1.0,0.0,0.0,1.0,1.0
0.013031667784522994,2.070529847682755,gt-order-1,"ap_fixed<16,6,AP_RND,AP_SAT>",False,True,1000.0,0.01611328125,-1.7928160123989532,1.0,1.0,0.36569371819496155,0.0,4.582668781280518,4.582668781280518,4.6394956868115385,4.6394956868115385,0.060460367615871514,0.060460367615871514,0.060460367615871514,0.060460367615871514,0.9957093586160092,0.9957093586160092,0.06046036761587148,0.06046036761587148,1.0,0.0,0.0,1.0,1.0
0.014876473740795015,2.070529847682755,gt-order-1,"ap_fixed<16,6,AP_RND,AP_SAT>",False,True,1000.0,0.012298583984375,-1.910144888783296,1.0,1.0,0.39562278985977173,0.0,4.57921838760376,4.57921838760376,4.639495686811538,4.639495686811538,0.06901933554310222,0.06901933554310222,0.06901933554310222,0.06901933554310222,0.995101961349983,0.995101961349983,0.06901933554310213,0.06901933554310213,1.0,0.0,0.0,1.0,1.0
0.016982436524617443,2.070529847682755,gt-order-1,"ap_fixed<16,6,AP_RND,AP_SAT>",False,True,1000.0,0.00933837890625,-2.0297285084316314,1.0,1.0,0.3868087828159332,0.0,4.5793232917785645,4.5793232917785645,4.639495686811538,4.639495686811538,0.07878993940919457,0.07878993940919457,0.07878993940919457,0.07878993940919457,0.9944085789087647,0.9944085789087647,0.07878993940919453,0.07878993940919453,1.0,0.0,0.0,1.0,1.0
0.019386526359522076,2.070529847682755,gt-order-1,"ap_fixed<16,6,AP_RND,AP_SAT>",False,True,1000.0,0.0069580078125,-2.1575150878968476,1.0,1.0,0.5412127375602722,0.0,4.586873531341553,4.586873531341553,4.639495686811538,4.639495686811538,0.08994370467414532,0.08994370467414532,0.08994370467414532,0.08994370467414532,0.9936170387855359,0.9936170387855359,0.08994370467414525,0.08994370467414525,1.0,0.0,0.0,1.0,1.0
0.022130947096056376,2.070529847682755,gt-order-1,"ap_fixed<16,6,AP_RND,AP_SAT>",False,True,1000.0,0.0052642822265625,-2.2786608354679267,1.0,1.0,0.3692724406719208,0.0,4.581396579742432,4.581396579742432,4.6394956868115385,4.6394956868115385,0.10267643575000614,0.10267643575000614,0.10267643575000614,0.10267643575000614,0.9927134454889749,0.9927134454889749,0.10267643575000603,0.10267643575000603,1.0,0.0,0.0,1.0,1.0
0.025263877101318954,2.070529847682755,gt-order-1,"ap_fixed<16,6,AP_RND,AP_SAT>",False,True,1000.0,0.0038909912109375,-2.4099397500781286,1.0,1.0,0.37063068151474,0.0,4.583580493927002,4.583580493927002,4.6394956868115385,4.6394956868115385,0.11721165109020244,0.11721165109020244,0.11721165109020244,0.11721165109020244,0.9916819367680867,0.9916819367680867,0.1172116510902023,0.1172116510902023,1.0,0.0,0.0,1.0,1.0
0.028840315031266057,2.070529847682755,gt-order-1,"ap_fixed<16,6,AP_RND,AP_SAT>",False,True,1000.0,0.002899169921875,-2.5377263295210706,1.0,1.0,0.3639122545719147,0.0,4.585254192352295,4.585254192352295,4.639495686811538,4.639495686811538,0.13380451517856548,0.13380451517856548,0.13380451517856548,0.13380451517856548,0.9905044045739594,0.9905044045739594,0.1338045151785654,0.1338045151785654,1.0,0.0,0.0,1.0,1.0
0.03292304533334065,2.070529847682755,gt-order-1,"ap_fixed<16,6,AP_RND,AP_SAT>",False,True,1000.0,0.0021514892578125,-2.6672608177664614,1.0,1.0,0.5095862150192261,0.0,4.581869602203369,4.581869602203369,4.6394956868115385,4.6394956868115385,0.152746332231083,0.152746332231083,0.152746332231083,0.152746332231083,0.989160176158911,0.989160176158911,0.1527463322310828,0.1527463322310828,1.0,0.0,0.0,1.0,1.0
0.037583740428844416,2.070529847682755,gt-order-1,"ap_fixed<16,6,AP_RND,AP_SAT>",False,True,1000.0,0.0016632080078125,-2.779053432421957,1.0,1.0,0.3652091920375824,0.0,4.582776069641113,4.582776069641113,4.639495686811539,4.639495686811539,0.17436961025210262,0.17436961025210262,0.17436961025210262,0.17436961025210262,0.9876256546997629,0.9876256546997629,0.17436961025210237,0.17436961025210237,1.0,0.0,0.0,1.0,1.0
0.04290421892388853,2.070529847682755,gt-order-1,"ap_fixed<16,6,AP_RND,AP_SAT>",False,True,1000.0,0.0012359619140625,-2.9079949113936676,1.0,1.0,0.3695131242275238,0.0,4.582475185394287,4.582475185394287,4.6394956868115385,4.6394956868115385,0.19905394605527857,0.19905394605527857,0.19905394605527857,0.19905394605527857,0.9858739016603779,0.9858739016603779,0.19905394605527837,0.19905394605527837,1.0,0.0,0.0,1.0,1.0
0.04897788193684462,2.070529847682755,gt-order-1,"ap_fixed<16,6,AP_RND,AP_SAT>",False,True,1000.0,0.000946044921875,-3.024088240666382,1.0,1.0,0.37099137902259827,0.0,4.582825183868408,4.582825183868408,4.639495686811539,4.639495686811539,0.22723267075712245,0.22723267075712245,0.22723267075712245,0.22723267075712245,0.9838741651863626,0.9838741651863626,0.2272326707571222,0.2272326707571222,1.0,0.0,0.0,1.0,1.0
0.05591135275705602,2.070529847682755,gt-order-1,"ap_fixed<16,6,AP_RND,AP_SAT>",False,True,1000.0,0.0006866455078125,-3.1632674162158683,1.0,1.0,0.43202856183052063,0.0,4.583473205566406,4.583473205566406,4.6394956868115385,4.6394956868115385,0.2594004717865106,0.2594004717865106,0.2594004717865106,0.2594004717865106,0.9815913392001632,0.9815913392001632,0.2594004717865103,0.2594004717865103,1.0,0.0,0.0,1.0,1.0
0.06382634861905485,2.070529847682755,gt-order-1,"ap_fixed<16,6,AP_RND,AP_SAT>",False,True,1000.0,0.000579833984375,-3.236696333257891,1.0,1.0,0.390238881111145,0.0,4.584089279174805,4.584089279174805,4.639495686811538,4.639495686811538,0.29612205190228863,0.29612205190228863,0.29612205190228863,0.29612205190228863,0.9789853489036545,0.9789853489036545,0.2961220519022884,0.2961220519022884,1.0,0.0,0.0,1.0,1.0
0.07286181745132274,2.070529847682755,gt-order-1,"ap_fixed<16,6,AP_RND,AP_SAT>",False,True,1000.0,0.000396728515625,-3.4015065815581917,1.0,1.0,0.37477049231529236,0.0,4.584099769592285,4.584099769592285,4.6394956868115385,4.6394956868115385,0.33804210175446453,0.33804210175446453,0.33804210175446453,0.33804210175446453,0.9760104430635599,0.9760104430635599,0.3380421017544645,0.3380421017544645,1.0,0.0,0.0,1.0,1.0
0.08317637711026708,2.070529847682755,gt-order-1,"ap_fixed<16,6,AP_RND,AP_SAT>",False,True,1000.0,0.00030517578125,-3.5154499335366216,1.0,1.0,0.6133108139038086,0.0,4.584197998046875,4.584197998046875,4.639495686811539,4.639495686811539,0.38589643043777494,0.38589643043777494,0.38589643043777494,0.38589643043777494,0.9726144041185729,0.9726144041185729,0.3858964304377744,0.3858964304377744,1.0,0.0,0.0,1.0,1.0
0.09495109992021983,2.070529847682755,gt-order-1,"ap_fixed<16,6,AP_RND,AP_SAT>",False,True,1000.0,0.000213623046875,-3.6703518929124668,1.0,1.0,0.4034733176231384,0.0,4.5834832191467285,4.5834832191467285,4.639495686811539,4.639495686811539,0.4405252219118503,0.4405252219118503,0.4405252219118503,0.4405252219118503,0.9687376074218462,0.9687376074218462,0.44052522191184995,0.44052522191184995,1.0,0.0,0.0,1.0,1.0
0.10839269140212034,2.070529847682755,gt-order-1,"ap_fixed<16,6,AP_RND,AP_SAT>",False,True,1000.0,0.00018310546875,-3.7372986822042473,1.0,1.0,0.3897418975830078,0.0,4.5843000411987305,4.5843000411987305,4.6394956868115385,4.6394956868115385,0.502887432130285,0.502887432130285,0.502887432130285,0.502887432130285,0.964311999531726,0.964311999531726,0.5028874321302848,0.5028874321302848,1.0,0.0,0.0,1.0,1.0
0.12373711899353519,2.070529847682755,gt-order-1,"ap_fixed<16,6,AP_RND,AP_SAT>",False,True,1000.0,0.0001220703125,-3.913389940074015,1.0,1.0,0.5174549221992493,0.0,4.584167957305908,4.584167957305908,4.639495686811539,4.639495686811539,0.5740778305403539,0.5740778305403539,0.5740778305403539,0.5740778305403539,0.9592598888416005,0.9592598888416005,0.5740778305403531,0.5740778305403531,1.0,0.0,0.0,1.0,1.0
0.1412537544622754,2.070529847682755,gt-order-1,"ap_fixed<16,6,AP_RND,AP_SAT>",False,True,1000.0,9.1552734375e-05,-4.038328675496402,1.0,1.0,0.6632213592529297,0.0,4.584102153778076,4.584102153778076,4.6394956868115385,4.6394956868115385,0.6553461847327929,0.6553461847327929,0.6553461847327929,0.6553461847327929,0.9534925841185741,0.9534925841185741,0.6553461847327923,0.6553461847327923,1.0,0.0,0.0,1.0,1.0
0.16125010273377416,2.070529847682755,gt-order-1,"ap_fixed<16,6,AP_RND,AP_SAT>",False,True,1000.0,6.103515625e-05,-4.214419932180256,1.0,1.0,0.44202566146850586,0.0,4.584718227386475,4.584718227386475,4.6394956868115385,4.6394956868115385,0.7481191413126328,0.7481191413126328,0.7481191413126328,0.7481191413126328,0.9469088417016294,0.9469088417016294,0.7481191413126324,0.7481191413126324,1.0,0.0,0.0,1.0,1.0
0.18407720014689555,2.070529847682755,gt-order-1,"ap_fixed<16,6,AP_RND,AP_SAT>",False,True,1000.0,4.57763671875e-05,-4.339358666416729,1.0,1.0,0.5901671051979065,0.0,4.584040641784668,4.584040641784668,4.6394956868115385,4.6394956868115385,0.8540253906290015,0.8540253906290015,0.8540253906290015,0.8540253906290015,0.9393930796568613,0.9393930796568613,0.8540253906290008,0.8540253906290008,1.0,0.0,0.0,1.0,1.0
0.21013577690467466,2.070529847682755,gt-order-1,"ap_fixed<16,6,AP_RND,AP_SAT>",False,True,1000.0,3.0517578125e-05,-4.515449920728757,1.0,1.0,0.6806139349937439,0.0,4.584249973297119,4.584249973297119,4.639495686811538,4.639495686811538,0.9749240116630906,0.9749240116630906,0.9749240116630906,0.9749240116630906,0.9308133662490294,0.9308133662490294,0.9749240116630901,0.9749240116630901,1.0,0.0,0.0,1.0,1.0
0.239883291901949,2.070529847682755,gt-order-1,"ap_fixed<16,6,AP_RND,AP_SAT>",False,True,1000.0,1.52587890625e-05,-4.816479902161777,1.0,0.9900228977203369,0.7848068475723267,0.0,4.584608554840088,4.584608554840088,4.639495686811539,4.639495686811539,1.1129374834525552,1.1129374834525552,1.1129374834525552,1.1129374834525552,0.9210190772468448,0.9218070779912944,1.1129374834525543,1.1129374834525543,1.0,0.0,0.0,1.0,1.0
0.27384196342643613,2.070529847682755,gt-order-1,"ap_fixed<16,6,AP_RND,AP_SAT>",False,True,1000.0,1.52587890625e-05,-4.816479902161777,1.0,0.9645242691040039,0.5025706887245178,0.0,4.58453893661499,4.58453893661499,4.639495686811539,4.639495686811539,1.270488671713613,1.270488671713613,1.270488671713613,1.270488671713613,0.9098382711236542,0.9130368243543884,1.2704886717136121,1.2704886717136121,1.0,0.0,0.0,1.0,1.0
0.3126079367123954,2.070529847682755,gt-order-1,"ap_fixed<16,6,AP_RND,AP_SAT>",False,True,1000.0,1.52587890625e-05,-4.816479902161777,1.0,0.9145336151123047,0.5035088062286377,0.0,4.584458351135254,4.584458351135254,4.639495686811539,4.639495686811539,1.4503432079052507,1.4503432079052507,1.4503432079052507,1.4503432079052507,0.8970746815771062,0.9058713364561256,1.4503432079052496,1.4503432079052496,1.0,0.0,0.0,1.0,1.0
0.35686174928348097,2.070529847682755,gt-order-1,"ap_fixed<16,6,AP_RND,AP_SAT>",False,True,1000.0,0.0,-12.0,1.0,0.8272628784179688,0.6155869960784912,0.0,4.584336280822754,4.584336280822754,4.6394956868115385,4.6394956868115385,1.6556585051452397,1.6556585051452397,1.6556585051452397,1.6556585051452397,0.8825042390567883,0.9028001186002087,1.6556585051452373,1.6556585051452373,1.0,0.0,0.0,1.0,1.0
0.4073802778041126,2.070529847682755,gt-order-1,"ap_fixed<16,6,AP_RND,AP_SAT>",False,True,1000.0,0.0,-12.0,1.0,0.7162929773330688,0.5070925354957581,0.0,4.588363170623779,4.588363170623779,4.639495686811538,4.639495686811538,1.890039065308608,1.890039065308608,1.890039065308608,1.890039065308608,0.8900390653086077,0.9039244437007796,1.890039065308607,1.890039065308607,1.0,0.0,0.0,1.0,1.0
0.46505037616660627,2.070529847682755,gt-order-1,"ap_fixed<16,6,AP_RND,AP_SAT>",False,True,1000.0,0.0,-12.0,1.0,0.6025828719139099,0.6060915589332581,0.0,4.613779544830322,4.613779544830322,4.639495686811539,4.639495686811539,2.1575991834505306,2.1575991834505306,2.1575991834505306,2.1575991834505306,1.1575991834505293,1.1575991834505293,2.1575991834505275,2.1575991834505275,1.0,0.0,0.0,1.0,1.0
0.5308844442309882,2.070529847682755,gt-order-1,"ap_fixed<16,6,AP_RND,AP_SAT>",False,True,1000.0,0.0,-12.0,1.0,0.5014468431472778,0.4886777698993683,0.0,4.62929630279541,4.62929630279541,4.6394956868115385,4.6394956868115385,2.4630360914440512,2.4630360914440512,2.4630360914440512,2.4630360914440512,1.4630360914440503,1.4630360914440503,2.463036091444049,2.463036091444049,1.0,0.0,0.0,1.0,1.0
0.606038200527066,2.070529847682755,gt-order-1,"ap_fixed<16,6,AP_RND,AP_SAT>",False,True,1000.0,0.0,-12.0,1.0,0.42394790053367615,0.4850712716579437,0.0,4.635786056518555,4.635786056518555,4.6394956868115385,4.6394956868115385,2.8117116742180794,2.8117116742180794,2.8117116742180794,2.8117116742180794,1.8117116742180788,1.8117116742180788,2.8117116742180768,2.8117116742180768,1.0,0.0,0.0,1.0,1.0
0.6918309709189363,2.070529847682755,gt-order-1,"ap_fixed<16,6,AP_RND,AP_SAT>",False,True,1000.0,0.0,-12.0,1.0,0.35943472385406494,0.5163977742195129,0.0,4.637941360473633,4.637941360473633,4.639495686811539,4.639495686811539,3.2097469066280224,3.2097469066280224,3.2097469066280224,3.2097469066280224,2.2097469066280206,2.2097469066280206,3.2097469066280198,3.2097469066280198,1.0,0.0,0.0,1.0,1.0
0.7897688493998856,2.070529847682755,gt-order-1,"ap_fixed<16,6,AP_RND,AP_SAT>",False,True,1000.0,0.0,-12.0,0.8591670989990234,0.30415457487106323,0.4375949800014496,0.0,4.638683795928955,4.638683795928955,4.639495686811539,4.639495686811539,3.6641292874945623,3.6641292874945584,3.6641292874945623,3.6641292874945584,2.664129287494562,2.664129287494559,3.664129287494561,3.1480993302940607,1.0,0.0,0.0,1.0,1.0
0.9015711376059565,2.070529847682755,gt-order-1,"ap_fixed<16,6,AP_RND,AP_SAT>",False,True,1000.0,0.0,-12.0,0.7059707045555115,0.25785574316978455,0.4375949501991272,0.0,4.638987064361572,4.638987064361572,4.6394956868115385,4.6394956868115385,4.182835483094517,4.182835483094516,4.182835483094517,4.182835483094516,3.1828354830945185,3.1828354830945145,4.182835483094512,2.952959313040026,1.0,0.0,0.0,1.0,1.0
1.0292005271944276,2.070529847682755,gt-order-1,"ap_fixed<16,6,AP_RND,AP_SAT>",True,False,,111.96514892578125,,0.42832666635513306,0.42832666635513306,1.0,0.0,4.637637615203857,4.637637615203857,4.639495686811536,4.639495686811536,4.774971530655456,4.7749715306554545,4.774971530655456,4.7749715306554545,3.7749715306554545,3.7749715306554545,4.774971530655455,2.0452476376663182,1.0,0.0,0.0,1.0,1.0
1.174897554939529,2.070529847682755,gt-order-1,"ap_fixed<16,6,AP_RND,AP_SAT>",True,False,,165.18756103515625,,0.35545146465301514,0.35545146465301514,0.9999999403953552,0.0,4.63824987411499,4.63824987411499,4.639495686811535,4.639495686811535,5.450932122799303,5.450932122799302,5.450932122799303,5.450932122799302,4.450932122799303,4.4509321227993,5.450932122799303,1.9375418067731813,1.0,0.0,0.0,1.0,1.0
1.3412199354053709,2.070529847682755,gt-order-1,"ap_fixed<16,6,AP_RND,AP_SAT>",True,False,,218.2638702392578,,0.28329628705978394,0.28329628705978394,1.0,0.0,4.638662815093994,4.638662815093994,4.639495686811536,4.639495686811536,6.222583950573756,6.222583950573756,6.222583950573756,6.222583950573756,5.222583950573753,5.2225839505737515,6.222583950573751,1.7628349291153458,1.0,0.0,0.0,1.0,1.0
1.5310874616820287,2.070529847682755,gt-order-1,"ap_fixed<16,6,AP_RND,AP_SAT>",True,False,,244.35797119140625,,0.21533040702342987,0.21533040702342987,1.0,0.0,4.638941287994385,4.638941287994385,4.639495686811537,4.639495686811537,7.103473934678021,7.103473934678016,7.103473934678021,7.103473934678016,6.103473934678018,6.103473934678018,7.103473934678014,1.5295939336345417,1.0,0.0,0.0,1.0,1.0
1.7478332624182173,2.070529847682755,gt-order-1,"ap_fixed<16,6,AP_RND,AP_SAT>",True,False,,200.70632934570312,,0.15650004148483276,0.15650004148483276,0.9999999403953552,0.0,4.639077663421631,4.639077663421631,4.639495686811535,4.639495686811535,8.109064833702302,8.109064833702302,8.109064833702302,8.109064833702302,7.109064833702299,7.109064833702298,8.109064833702302,1.2690689828776087,1.0,0.0,0.0,1.0,1.0
1.9952623149688795,2.070529847682755,gt-order-1,"ap_fixed<16,6,AP_RND,AP_SAT>",True,False,,133.92872619628906,,0.18523788452148438,0.18523788452148438,1.0,0.0,4.5846710205078125,4.5846710205078125,4.639495686811534,4.639495686811534,9.257010673478186,9.257010673478186,9.257010673478186,9.257010673478186,8.257010673478188,8.257010673478185,9.257010673478186,1.7147490741479008,1.0,0.0,0.0,1.0,1.0
0.01,2.1435469250725863,gt-order-1,"ap_fixed<16,6,AP_RND,AP_SAT>",False,True,1000.0,0.026123046875,-1.5829761702659397,1.0,1.0,0.3683055341243744,0.0,4.910671710968018,4.910671710968018,4.972488356477799,4.972488356477799,0.04972488245334023,0.04972488245334023,0.04972488245334023,0.04972488245334023,0.9964712150079656,0.9964712150079656,0.04972488245334019,0.04972488245334019,1.0,0.0,0.0,1.0,1.0
0.011415633046188459,2.1435469250725863,gt-order-1,"ap_fixed<16,6,AP_RND,AP_SAT>",False,True,1000.0,0.0200653076171875,-1.6975541777762784,1.0,1.0,0.3819313645362854,0.0,4.9079718589782715,4.9079718589782715,4.972488356477799,4.972488356477799,0.05676410402887529,0.05676410402887529,0.05676410402887529,0.05676410402887529,0.9959716683378521,0.9959716683378521,0.05676410402887523,0.05676410402887523,1.0,0.0,0.0,1.0,1.0
0.013031667784522994,2.1435469250725863,gt-order-1,"ap_fixed<16,6,AP_RND,AP_SAT>",False,True,1000.0,0.01507568359375,-1.8217229860072635,1.0,1.0,0.37492769956588745,0.0,4.908346652984619,4.908346652984619,4.972488356477799,4.972488356477799,0.06479981754329428,0.06479981754329428,0.06479981754329428,0.06479981754329428,0.9954014044407664,0.9954014044407664,0.06479981754329424,0.06479981754329424,1.0,0.0,0.0,1.0,1.0
0.014876473740795015,2.1435469250725863,gt-order-1,"ap_fixed<16,6,AP_RND,AP_SAT>",False,True,1000.0,0.0110321044921875,-1.957341633289802,1.0,1.0,0.3702310621738434,0.0,4.916899681091309,4.916899681091309,4.972488356477798,4.972488356477798,0.0739730922340334,0.0739730922340334,0.0739730922340334,0.0739730922340334,0.9947504121717174,0.9947504121717174,0.07397309223403335,0.07397309223403335,1.0,0.0,0.0,1.0,1.0
0.016982436524617443,2.1435469250725863,gt-order-1,"ap_fixed<16,6,AP_RND,AP_SAT>",False,True,1000.0,0.0086669921875,-2.062131594862571,1.0,1.0,0.5499215722084045,0.0,4.909059524536133,4.909059524536133,4.972488356477798,4.972488356477798,0.08444496617024787,0.08444496617024787,0.08444496617024787,0.08444496617024787,0.9940072632739947,0.9940072632739947,0.08444496617024781,0.08444496617024781,1.0,0.0,0.0,1.0,1.0
0.019386526359522076,2.1435469250725863,gt-order-1,"ap_fixed<16,6,AP_RND,AP_SAT>",False,True,1000.0,0.0064544677734375,-2.1901395631813707,1.0,1.0,0.364668607711792,0.0,4.9100494384765625,4.9100494384765625,4.972488356477799,4.972488356477799,0.09639927578810421,0.09639927578810421,0.09639927578810421,0.09639927578810421,0.9931589115778552,0.9931589115778552,0.09639927578810413,0.09639927578810413,1.0,0.0,0.0,1.0,1.0
0.022130947096056376,2.1435469250725863,gt-order-1,"ap_fixed<16,6,AP_RND,AP_SAT>",False,True,1000.0,0.00494384765625,-2.3059349203292414,1.0,1.0,0.37147846817970276,0.0,4.914129257202148,4.914129257202148,4.972488356477798,4.972488356477798,0.11004587906027848,0.11004587906027848,0.11004587906027848,0.11004587906027848,0.9921904642644948,0.9921904642644948,0.11004587906027839,0.11004587906027839,1.0,0.0,0.0,1.0,1.0
0.025263877101318954,2.1435469250725863,gt-order-1,"ap_fixed<16,6,AP_RND,AP_SAT>",False,True,1000.0,0.0037384033203125,-2.4273138461429955,1.0,1.0,0.3656388819217682,0.0,4.912115573883057,4.912115573883057,4.972488356477799,4.972488356477799,0.12562433713352977,0.12562433713352977,0.12562433713352977,0.12562433713352977,0.9910849205942908,0.9910849205942908,0.12562433713352966,0.12562433713352966,1.0,0.0,0.0,1.0,1.0
0.028840315031266057,2.1435469250725863,gt-order-1,"ap_fixed<16,6,AP_RND,AP_SAT>",False,True,1000.0,0.002838134765625,-2.5469669862527615,1.0,1.0,0.3656581938266754,0.0,4.916053771972656,4.916053771972656,4.972488356477799,4.972488356477799,0.14340812853019919,0.14340812853019919,0.14340812853019919,0.14340812853019919,0.9898228728410169,0.9898228728410169,0.14340812853019907,0.14340812853019907,1.0,0.0,0.0,1.0,1.0
0.03292304533334065,2.1435469250725863,gt-order-1,"ap_fixed<16,6,AP_RND,AP_SAT>",False,True,1000.0,0.0021514892578125,-2.6672608177664614,1.0,1.0,0.3780801594257355,0.0,4.9122467041015625,4.9122467041015625,4.972488356477799,4.972488356477799,0.16370946537849485,0.16370946537849485,0.16370946537849485,0.16370946537849485,0.9883821645023753,0.9883821645023753,0.1637094653784947,0.1637094653784947,1.0,0.0,0.0,1.0,1.0
0.037583740428844416,2.1435469250725863,gt-order-1,"ap_fixed<16,6,AP_RND,AP_SAT>",False,True,1000.0,0.0016021728515625,-2.795290631282695,1.0,1.0,0.367035448551178,0.0,4.912789821624756,4.912789821624756,4.972488356477799,4.972488356477799,0.18688472093354322,0.18688472093354322,0.18688472093354322,0.18688472093354322,0.9867375051295559,0.9867375051295559,0.1868847209335431,0.1868847209335431,1.0,0.0,0.0,1.0,1.0
0.04290421892388853,2.1435469250725863,gt-order-1,"ap_fixed<16,6,AP_RND,AP_SAT>",False,True,1000.0,0.001220703125,-2.9133899432759813,1.0,1.0,0.4041863977909088,0.0,4.913527488708496,4.913527488708496,4.972488356477799,4.972488356477799,0.21334073698666617,0.21334073698666617,0.21334073698666617,0.21334073698666617,0.9848600227144916,0.9848600227144916,0.21334073698666609,0.21334073698666609,1.0,0.0,0.0,1.0,1.0
0.04897788193684462,2.1435469250725863,gt-order-1,"ap_fixed<16,6,AP_RND,AP_SAT>",False,True,1000.0,0.00091552734375,-3.0383286797656903,1.0,1.0,0.41191717982292175,0.0,4.914900302886963,4.914900302886963,4.972488356477799,4.972488356477799,0.2435419463290133,0.2435419463290133,0.2435419463290133,0.2435419463290133,0.9827167582358157,0.9827167582358157,0.24354194632901302,0.24354194632901302,1.0,0.0,0.0,1.0,1.0
0.05591135275705602,2.1435469250725863,gt-order-1,"ap_fixed<16,6,AP_RND,AP_SAT>",False,True,1000.0,0.0006866455078125,-3.1632674162158683,1.0,1.0,0.36569714546203613,0.0,4.913434982299805,4.913434982299805,4.9724883564777995,4.9724883564777995,0.27801854181908364,0.27801854181908364,0.27801854181908364,0.27801854181908364,0.9802700859313418,0.9802700859313418,0.27801854181908336,0.27801854181908336,1.0,0.0,0.0,1.0,1.0
0.06382634861905485,2.1435469250725863,gt-order-1,"ap_fixed<16,6,AP_RND,AP_SAT>",False,True,1000.0,0.0005340576171875,-3.2724118854602255,1.0,1.0,0.37412190437316895,0.0,4.914671421051025,4.914671421051025,4.972488356477799,4.972488356477799,0.3173757568880046,0.3173757568880046,0.3173757568880046,0.3173757568880046,0.9774770546960481,0.9774770546960481,0.31737575688800435,0.31737575688800435,1.0,0.0,0.0,1.0,1.0
0.07286181745132274,2.1435469250725863,gt-order-1,"ap_fixed<16,6,AP_RND,AP_SAT>",False,True,1000.0,0.0003509521484375,-3.4547520933686315,1.0,1.0,0.5809110999107361,0.0,4.912935733795166,4.912935733795166,4.972488356477798,4.972488356477798,0.36230455386597243,0.36230455386597243,0.36230455386597243,0.36230455386597243,0.9742886295723728,0.9742886295723728,0.3623045538659723,0.3623045538659723,1.0,0.0,0.0,1.0,1.0
0.08317637711026708,2.1435469250725863,gt-order-1,"ap_fixed<16,6,AP_RND,AP_SAT>",False,True,1000.0,0.00030517578125,-3.5154499335366216,1.0,1.0,0.5401228666305542,0.0,4.914825439453125,4.914825439453125,4.972488356477798,4.972488356477798,0.4135935534141874,0.4135935534141874,0.4135935534141874,0.4135935534141874,0.9706488451639925,0.9706488451639925,0.4135935534141874,0.4135935534141874,1.0,0.0,0.0,1.0,1.0
0.09495109992021983,2.1435469250725863,gt-order-1,"ap_fixed<16,6,AP_RND,AP_SAT>",False,True,1000.0,0.00018310546875,-3.7372986822042473,1.0,1.0,0.4851703643798828,0.0,4.914713382720947,4.914713382720947,4.972488356477799,4.972488356477799,0.4721432424041942,0.4721432424041942,0.4721432424041942,0.4721432424041942,0.966493797356889,0.966493797356889,0.47214324240419375,0.47214324240419375,1.0,0.0,0.0,1.0,1.0
0.10839269140212034,2.1435469250725863,gt-order-1,"ap_fixed<16,6,AP_RND,AP_SAT>",False,True,1000.0,0.0001678466796875,-3.7750872428780267,1.0,1.0,0.44874250888824463,0.0,4.9142537117004395,4.9142537117004395,4.972488356477799,4.972488356477799,0.5389814043787554,0.5389814043787554,0.5389814043787554,0.5389814043787554,0.9617505482784756,0.9617505482784756,0.5389814043787551,0.5389814043787551,1.0,0.0,0.0,1.0,1.0
0.12373711899353519,2.1435469250725863,gt-order-1,"ap_fixed<16,6,AP_RND,AP_SAT>",False,True,1000.0,0.0001220703125,-3.913389940074015,1.0,1.0,0.5522168278694153,0.0,4.913811206817627,4.913811206817627,4.972488356477798,4.972488356477798,0.6152813841790086,0.6152813841790086,0.6152813841790086,0.6152813841790086,0.9563358301267669,0.9563358301267669,0.6152813841790082,0.6152813841790082,1.0,0.0,0.0,1.0,1.0
0.1412537544622754,2.1435469250725863,gt-order-1,"ap_fixed<16,6,AP_RND,AP_SAT>",False,True,1000.0,9.1552734375e-05,-4.038328675496402,1.0,1.0,0.5404361486434937,0.0,4.914618968963623,4.914618968963623,4.972488356477798,4.972488356477798,0.7023826495429896,0.7023826495429896,0.7023826495429896,0.7023826495429896,0.9501545859922623,0.9501545859922623,0.7023826495429889,0.7023826495429889,1.0,0.0,0.0,1.0,1.0
0.16125010273377416,2.1435469250725863,gt-order-1,"ap_fixed<16,6,AP_RND,AP_SAT>",False,True,1000.0,4.57763671875e-05,-4.339358666416729,1.0,1.0,0.7240954041481018,0.0,4.914727687835693,4.914727687835693,4.972488356477798,4.972488356477798,0.8018142424423265,0.8018142424423265,0.8018142424423265,0.8018142424423265,0.9430983056061492,0.9430983056061492,0.8018142424423259,0.8018142424423259,1.0,0.0,0.0,1.0,1.0
0.18407720014689555,2.1435469250725863,gt-order-1,"ap_fixed<16,6,AP_RND,AP_SAT>",False,True,1000.0,4.57763671875e-05,-4.339358666416729,1.0,1.0,0.7377110719680786,0.0,4.914305210113525,4.914305210113525,4.972488356477799,4.972488356477799,0.9153217499718341,0.9153217499718341,0.9153217499718341,0.9153217499718341,0.9350431113192799,0.9350431113192799,0.9153217499718336,0.9153217499718336,1.0,0.0,0.0,1.0,1.0
0.21013577690467466,2.1435469250725863,gt-order-1,"ap_fixed<16,6,AP_RND,AP_SAT>",False,True,1000.0,3.0517578125e-05,-4.515449920728757,1.0,0.996721625328064,0.6950064301490784,0.0,4.914839267730713,4.914839267730713,4.972488356477799,4.972488356477799,1.0448976836482329,1.0448976836482329,1.0448976836482329,1.0448976836482329,0.9258476021993697,0.9260907015421816,1.0448976836482324,1.0448976836482324,1.0,0.0,0.0,1.0,1.0
0.239883291901949,2.1435469250725863,gt-order-1,"ap_fixed<16,6,AP_RND,AP_SAT>",False,True,1000.0,1.52587890625e-05,-4.816479902161777,1.0,0.9821069240570068,0.6189844012260437,0.0,4.914600849151611,4.914600849151611,4.972488356477798,4.972488356477798,1.1928168601787799,1.1928168601787799,1.1928168601787799,1.1928168601787799,0.9153503431929775,0.9168649859307729,1.1928168601787792,1.1928168601787792,1.0,0.0,0.0,1.0,1.0
0.27384196342643613,2.1435469250725863,gt-order-1,"ap_fixed<16,6,AP_RND,AP_SAT>",False,True,1000.0,1.52587890625e-05,-4.816479902161777,1.0,0.9426559209823608,0.7615097165107727,0.0,4.914695739746094,4.914695739746094,4.972488356477799,4.972488356477799,1.361676042741304,1.361676042741304,1.361676042741304,1.361676042741304,0.9033670519352652,0.9089083793447962,1.3616760427413035,1.3616760427413035,1.0,0.0,0.0,1.0,1.0
0.3126079367123954,2.1435469250725863,gt-order-1,"ap_fixed<16,6,AP_RND,AP_SAT>",False,True,1000.0,1.52587890625e-05,-4.816479902161777,1.0,0.8761669397354126,0.662084698677063,0.0,4.91486930847168,4.91486930847168,4.972488356477799,4.972488356477799,1.5544393617405834,1.5544393617405834,1.5544393617405834,1.5544393617405834,0.8896873754123947,0.9033477253008956,1.5544393617405823,1.5544393617405823,1.0,0.0,0.0,1.0,1.0
0.35686174928348097,2.1435469250725863,gt-order-1,"ap_fixed<16,6,AP_RND,AP_SAT>",False,True,1000.0,0.0,-12.0,1.0,0.7707358598709106,0.6163156032562256,0.0,4.914755344390869,4.914755344390869,4.972488356477799,4.972488356477799,1.7744908487663749,1.7744908487663749,1.7744908487663749,1.7744908487663749,0.8740711618271706,0.9029421286283189,1.7744908487663742,1.7744908487663742,1.0,0.0,0.0,1.0,1.0
0.4073802778041126,2.1435469250725863,gt-order-1,"ap_fixed<16,6,AP_RND,AP_SAT>",False,True,1000.0,0.0,-12.0,1.0,0.652612030506134,0.5773502588272095,0.0,4.932592868804932,4.932592868804932,4.972488356477799,4.972488356477799,2.0256937132738413,2.0256937132738413,2.0256937132738413,2.0256937132738413,1.0256937132738408,1.0256937132738408,2.0256937132738395,2.0256937132738395,1.0,0.0,0.0,1.0,1.0
0.46505037616660627,2.1435469250725863,gt-order-1,"ap_fixed<16,6,AP_RND,AP_SAT>",False,True,1000.0,0.0,-12.0,1.0,0.5472256541252136,0.6711560487747192,0.0,4.956390857696533,4.956390857696533,4.972488356477799,4.972488356477799,2.312457547519987,2.312457547519987,2.312457547519987,2.312457547519987,1.3124575475199862,1.3124575475199862,2.312457547519985,2.312457547519985,1.0,0.0,0.0,1.0,1.0
0.5308844442309882,2.1435469250725863,gt-order-1,"ap_fixed<16,6,AP_RND,AP_SAT>",False,True,1000.0,0.0,-12.0,1.0,0.4585024416446686,0.55901700258255,0.0,4.9665327072143555,4.9665327072143555,4.972488356477799,4.972488356477799,2.6398167199735205,2.6398167199735205,2.6398167199735205,2.6398167199735205,1.6398167199735196,1.6398167199735192,2.6398167199735183,2.6398167199735183,1.0,0.0,0.0,1.0,1.0
0.606038200527066,2.1435469250725863,gt-order-1,"ap_fixed<16,6,AP_RND,AP_SAT>",False,True,1000.0,0.0,-12.0,1.0,0.38888415694236755,0.55901700258255,0.0,4.970483779907227,4.970483779907227,4.972488356477799,4.972488356477799,3.01351795661019,3.01351795661019,3.01351795661019,3.01351795661019,2.01351795661019,2.01351795661019,3.0135179566101873,3.0135179566101873,1.0,0.0,0.0,1.0,1.0
0.6918309709189363,2.1435469250725863,gt-order-1,"ap_fixed<16,6,AP_RND,AP_SAT>",False,True,1000.0,0.0,-12.0,1.0,0.3293498456478119,0.6135720014572144,0.0,4.971803188323975,4.971803188323975,4.972488356477799,4.972488356477799,3.4401215558446108,3.4401215558446108,3.4401215558446108,3.4401215558446108,2.440121555844609,2.440121555844609,3.4401215558446094,3.4401215558446094,1.0,0.0,0.0,1.0,1.0
0.7897688493998856,2.1435469250725863,gt-order-1,"ap_fixed<16,6,AP_RND,AP_SAT>",False,True,1000.0,0.0,-12.0,1.0,0.27873215079307556,0.5184758305549622,0.0,4.972278594970703,4.972278594970703,4.972488356477799,4.972488356477799,3.927116533481996,3.927116533481996,3.927116533481996,3.927116533481996,2.927116533481995,2.927116533481995,3.9271165334819926,3.9271165334819926,1.0,0.0,0.0,1.0,1.0
0.9015711376059565,2.1435469250725863,gt-order-1,"ap_fixed<16,6,AP_RND,AP_SAT>",True,False,,110.22637939453125,,0.35518592596054077,0.35518592596054077,1.0,0.0,4.972334861755371,4.972334861755371,4.972488356477795,4.972488356477795,4.483052068757003,4.483052068757003,4.483052068757003,4.483052068757003,3.483052068757,3.483052068757,4.483052068757003,1.5923170001707738,1.0,0.0,0.0,1.0,1.0
1.0292005271944276,2.1435469250725863,gt-order-1,"ap_fixed<16,6,AP_RND,AP_SAT>",True,False,,147.12965393066406,,0.39016789197921753,0.39016789197921753,0.9999999403953552,0.0,4.97135066986084,4.97135066986084,4.972488356477795,4.972488356477795,5.117687770718626,5.117687770718624,5.117687770718626,5.117687770718624,4.11768777071862,4.11768777071862,5.117687770718626,1.9967574493091074,1.0,0.0,0.0,1.0,1.0
1.174897554939529,2.1435469250725863,gt-order-1,"ap_fixed<16,6,AP_RND,AP_SAT>",True,False,,205.8146514892578,,0.31732046604156494,0.31732046604156494,1.0,0.0,4.971876621246338,4.971876621246338,4.972488356477796,4.972488356477796,5.842164395069816,5.842164395069814,5.842164395069816,5.842164395069814,4.842164395069812,4.842164395069809,5.842164395069814,1.8538383285349906,1.0,0.0,0.0,1.0,1.0
1.3412199354053709,2.1435469250725863,gt-order-1,"ap_fixed<16,6,AP_RND,AP_SAT>",True,False,,251.84303283691406,,0.24685032665729523,0.24685032665729523,1.0,0.0,4.972198486328125,4.972198486328125,4.972488356477796,4.972488356477796,6.6692003463631,6.669200346363098,6.6692003463631,6.669200346363098,5.669200346363096,5.669200346363092,6.669200346363099,1.6462942840426775,1.0,0.0,0.0,1.0,1.0
1.5310874616820287,2.1435469250725863,gt-order-1,"ap_fixed<16,6,AP_RND,AP_SAT>",True,False,,246.6466827392578,,0.18294823169708252,0.18294823169708252,0.9999998807907104,0.0,4.972400188446045,4.972400188446045,4.972488356477795,4.972488356477795,7.613314854702397,7.613314854702394,7.613314854702397,7.613314854702394,6.613314854702396,6.613314854702396,7.613314854702397,1.3928424900209342,1.0,0.0,0.0,1.0,1.0
1.7478332624182173,2.1435469250725863,gt-order-1,"ap_fixed<16,6,AP_RND,AP_SAT>",True,False,,123.18939208984375,,0.24100416898727417,0.24100416898727417,1.0,0.0,4.914632797241211,4.914632797241211,4.972488356477796,4.972488356477796,8.691080494401636,8.691080494401634,8.691080494401636,8.691080494401634,7.691080494401636,7.691080494401636,8.691080494401636,2.0945866321547744,1.0,0.0,0.0,1.0,1.0
1.9952623149688795,2.1435469250725863,gt-order-1,"ap_fixed<16,6,AP_RND,AP_SAT>",True,False,,165.67559814453125,,0.11939781904220581,0.11939781904220581,0.9999998807907104,0.0,4.9146528244018555,4.9146528244018555,4.972488356477794,4.972488356477794,9.921418381853277,9.921418381853277,9.921418381853277,9.921418381853277,8.921418381853277,8.921418381853266,9.921418381853277,1.184595716598532,1.0,0.0,0.0,1.0,1.0
0.01,2.21913894413569,gt-order-1,"ap_fixed<16,6,AP_RND,AP_SAT>",False,True,1000.0,0.0249176025390625,-1.6034937458696017,1.0,1.0,0.36940017342567444,0.0,5.266725063323975,5.266725063323975,5.3293810618941775,5.3293810618941775,0.05329380942773228,0.05329380942773228,0.05329380942773228,0.05329380942773228,0.9962179418845717,0.9962179418845717,0.053293809427732236,0.053293809427732236,1.0,0.0,0.0,1.0,1.0
0.011415633046188459,2.21913894413569,gt-order-1,"ap_fixed<16,6,AP_RND,AP_SAT>",False,True,1000.0,0.0186309814453125,-1.7297642666555064,1.0,1.0,0.38873782753944397,0.0,5.260350227355957,5.260350227355957,5.3293810618941775,5.3293810618941775,0.060838260307393366,0.060838260307393366,0.060838260307393366,0.060838260307393366,0.9956825410194007,0.9956825410194007,0.06083826030739332,0.06083826030739332,1.0,0.0,0.0,1.0,1.0
0.013031667784522994,2.21913894413569,gt-order-1,"ap_fixed<16,6,AP_RND,AP_SAT>",False,True,1000.0,0.0136566162109375,-1.864656895275986,1.0,1.0,0.37310636043548584,0.0,5.267838478088379,5.267838478088379,5.3293810618941775,5.3293810618941775,0.06945072480251116,0.06945072480251116,0.06945072480251116,0.06945072480251116,0.995071347306897,0.995071347306897,0.0694507248025111,0.0694507248025111,1.0,0.0,0.0,1.0,1.0
0.014876473740795015,2.21913894413569,gt-order-1,"ap_fixed<16,6,AP_RND,AP_SAT>",False,True,1000.0,0.010498046875,-1.9788914923468188,1.0,1.0,0.36624863743782043,0.0,5.26548957824707,5.26548957824707,5.3293810618941775,5.3293810618941775,0.07928239717811174,0.07928239717811174,0.07928239717811174,0.07928239717811174,0.9943736310675128,0.9943736310675128,0.07928239717811172,0.07928239717811172,1.0,0.0,0.0,1.0,1.0
0.016982436524617443,2.21913894413569,gt-order-1,"ap_fixed<16,6,AP_RND,AP_SAT>",False,True,1000.0,0.0079345703125,-2.1004765869341653,1.0,1.0,0.3662526607513428,0.0,5.263454914093018,5.263454914093018,5.329381061894178,5.329381061894178,0.09050587376313005,0.09050587376313005,0.09050587376313005,0.09050587376313005,0.9935771437989633,0.9935771437989633,0.09050587376312992,0.09050587376312992,1.0,0.0,0.0,1.0,1.0
0.019386526359522076,2.21913894413569,gt-order-1,"ap_fixed<16,6,AP_RND,AP_SAT>",False,True,1000.0,0.0059967041015625,-2.22208738017585,1.0,1.0,0.3965328335762024,0.0,5.265675067901611,5.265675067901611,5.329381061894178,5.329381061894178,0.10331818557124668,0.10331818557124668,0.10331818557124668,0.10331818557124668,0.9926679029627083,0.9926679029627083,0.10331818557124661,0.10331818557124661,1.0,0.0,0.0,1.0,1.0
0.022130947096056376,2.21913894413569,gt-order-1,"ap_fixed<16,6,AP_RND,AP_SAT>",False,True,1000.0,0.0046539306640625,-2.3321800911835955,1.0,1.0,0.40142518281936646,0.0,5.265033721923828,5.265033721923828,5.329381061894178,5.329381061894178,0.1179442528084206,0.1179442528084206,0.1179442528084206,0.1179442528084206,0.9916299468307457,0.9916299468307457,0.11794425280842052,0.11794425280842052,1.0,0.0,0.0,1.0,1.0
0.025263877101318954,2.21913894413569,gt-order-1,"ap_fixed<16,6,AP_RND,AP_SAT>",False,True,1000.0,0.00347900390625,-2.458545083498412,1.0,1.0,0.5438193082809448,0.0,5.265862941741943,5.265862941741943,5.329381061894178,5.329381061894178,0.1346408307543379,0.1346408307543379,0.1346408307543379,0.1346408307543379,0.9904450544614759,0.9904450544614759,0.1346408307543378,0.1346408307543378,1.0,0.0,0.0,1.0,1.0
0.028840315031266057,2.21913894413569,gt-order-1,"ap_fixed<16,6,AP_RND,AP_SAT>",False,True,1000.0,0.0024261474609375,-2.6150828061242417,1.0,1.0,0.38961708545684814,0.0,5.264579772949219,5.264579772949219,5.329381061894178,5.329381061894178,0.15370102643174327,0.15370102643174327,0.15370102643174327,0.15370102643174327,0.9890924251689285,0.9890924251689285,0.15370102643174316,0.15370102643174316,1.0,0.0,0.0,1.0,1.0
0.03292304533334065,2.21913894413569,gt-order-1,"ap_fixed<16,6,AP_RND,AP_SAT>",False,True,1000.0,0.0019073486328125,-2.7195699173879473,1.0,1.0,0.4266195297241211,0.0,5.265780925750732,5.265780925750732,5.329381061894178,5.329381061894178,0.17545946051424735,0.17545946051424735,0.17545946051424735,0.17545946051424735,0.9875483122018804,0.9875483122018804,0.17545946051424716,0.17545946051424716,1.0,0.0,0.0,1.0,1.0
0.037583740428844416,2.21913894413569,gt-order-1,"ap_fixed<16,6,AP_RND,AP_SAT>",False,True,1000.0,0.0015106201171875,-2.820844735738655,1.0,1.0,0.4231441915035248,0.0,5.266375541687012,5.266375541687012,5.3293810618941775,5.3293810618941775,0.2002980843993557,0.2002980843993557,0.2002980843993557,0.2002980843993557,0.9857856099283991,0.9857856099283991,0.20029808439935548,0.20029808439935548,1.0,0.0,0.0,1.0,1.0
0.04290421892388853,2.21913894413569,gt-order-1,"ap_fixed<16,6,AP_RND,AP_SAT>",False,True,1000.0,0.001068115234375,-2.9713818902028435,1.0,1.0,0.4199012517929077,0.0,5.264344692230225,5.264344692230225,5.3293810618941775,5.3293810618941775,0.2286529403223474,0.2286529403223474,0.2286529403223474,0.2286529403223474,0.9837733740963786,0.9837733740963786,0.2286529403223472,0.2286529403223472,1.0,0.0,0.0,1.0,1.0
0.04897788193684462,2.21913894413569,gt-order-1,"ap_fixed<16,6,AP_RND,AP_SAT>",False,True,1000.0,0.00079345703125,-3.1004765864415553,1.0,1.0,0.38387078046798706,0.0,5.266012191772461,5.266012191772461,5.329381061894178,5.329381061894178,0.26102179502378225,0.26102179502378225,0.26102179502378225,0.26102179502378225,0.9814762801013116,0.9814762801013116,0.2610217950237821,0.2610217950237821,1.0,0.0,0.0,1.0,1.0
0.05591135275705602,2.21913894413569,gt-order-1,"ap_fixed<16,6,AP_RND,AP_SAT>",False,True,1000.0,0.0006866455078125,-3.1632674162158683,1.0,1.0,0.44471919536590576,0.0,5.266111850738525,5.266111850738525,5.3293810618941775,5.3293810618941775,0.2979728951392817,0.2979728951392817,0.2979728951392817,0.2979728951392817,0.9788540016497148,0.9788540016497148,0.29797289513928155,0.29797289513928155,1.0,0.0,0.0,1.0,1.0
0.06382634861905485,2.21913894413569,gt-order-1,"ap_fixed<16,6,AP_RND,AP_SAT>",False,True,1000.0,0.0004730224609375,-3.3251182358713,1.0,1.0,0.39006829261779785,0.0,5.266442775726318,5.266442775726318,5.3293810618941775,5.3293810618941775,0.3401549137988041,0.3401549137988041,0.3401549137988041,0.3401549137988041,0.9758605048869673,0.9758605048869673,0.3401549137988038,0.3401549137988038,1.0,0.0,0.0,1.0,1.0
0.07286181745132274,2.21913894413569,gt-order-1,"ap_fixed<16,6,AP_RND,AP_SAT>",False,True,1000.0,0.0003509521484375,-3.4547520933686315,1.0,1.0,0.4440164268016815,0.0,5.267441749572754,5.267441749572754,5.329381061894178,5.329381061894178,0.3883084060912781,0.3883084060912781,0.3883084060912781,0.3883084060912781,0.9724432354467346,0.9724432354467346,0.3883084060912777,0.3883084060912777,1.0,0.0,0.0,1.0,1.0
0.08317637711026708,2.21913894413569,gt-order-1,"ap_fixed<16,6,AP_RND,AP_SAT>",False,True,1000.0,0.000244140625,-3.612359946188904,1.0,1.0,0.5860133767127991,0.0,5.26612663269043,5.26612663269043,5.329381061894178,5.329381061894178,0.44327859471317205,0.44327859471317205,0.44327859471317205,0.44327859471317205,0.968542211102322,0.968542211102322,0.4432785947131716,0.4432785947131716,1.0,0.0,0.0,1.0,1.0
0.09495109992021983,2.21913894413569,gt-order-1,"ap_fixed<16,6,AP_RND,AP_SAT>",False,True,1000.0,0.00018310546875,-3.7372986822042473,1.0,1.0,0.4223719537258148,0.0,5.266704082489014,5.266704082489014,5.329381061894178,5.329381061894178,0.5060305975965254,0.5060305975965254,0.5060305975965254,0.5060305975965254,0.9640889411200698,0.9640889411200698,0.506030597596525,0.506030597596525,1.0,0.0,0.0,1.0,1.0
0.10839269140212034,2.21913894413569,gt-order-1,"ap_fixed<16,6,AP_RND,AP_SAT>",False,True,1000.0,0.0001220703125,-3.913389940074015,1.0,1.0,0.42640143632888794,0.0,5.266619682312012,5.266619682312012,5.329381061894178,5.329381061894178,0.5776659658674239,0.5776659658674239,0.5776659658674239,0.5776659658674239,0.9590052526236029,0.9590052526236029,0.5776659658674235,0.5776659658674235,1.0,0.0,0.0,1.0,1.0
0.12373711899353519,2.21913894413569,gt-order-1,"ap_fixed<16,6,AP_RND,AP_SAT>",False,True,1000.0,9.1552734375e-05,-4.038328675496402,1.0,1.0,0.4547363817691803,0.0,5.266361713409424,5.266361713409424,5.329381061894178,5.329381061894178,0.6594422593886843,0.6594422593886843,0.6594422593886843,0.6594422593886843,0.9532019013923283,0.9532019013923283,0.6594422593886837,0.6594422593886837,1.0,0.0,0.0,1.0,1.0
0.1412537544622754,2.21913894413569,gt-order-1,"ap_fixed<16,6,AP_RND,AP_SAT>",False,True,1000.0,7.62939453125e-05,-4.117509920595296,1.0,1.0,0.48574137687683105,0.0,5.267563819885254,5.267563819885254,5.3293810618941775,5.3293810618941775,0.7527950841354931,0.7527950841354931,0.7527950841354931,0.7527950841354931,0.9465770079530517,0.9465770079530517,0.7527950841354927,0.7527950841354927,1.0,0.0,0.0,1.0,1.0
0.16125010273377416,2.21913894413569,gt-order-1,"ap_fixed<16,6,AP_RND,AP_SAT>",False,True,1000.0,4.57763671875e-05,-4.339358666416729,1.0,1.0,0.7425146698951721,0.0,5.267413139343262,5.267413139343262,5.3293810618941775,5.3293810618941775,0.8593632267157307,0.8593632267157307,0.8593632267157307,0.8593632267157307,0.9390142738790636,0.9390142738790636,0.8593632267157301,0.8593632267157301,1.0,0.0,0.0,1.0,1.0
0.18407720014689555,2.21913894413569,gt-order-1,"ap_fixed<16,6,AP_RND,AP_SAT>",False,True,1000.0,3.0517578125e-05,-4.515449920728757,1.0,1.0,0.5212467312812805,0.0,5.267100811004639,5.267100811004639,5.329381061894178,5.329381061894178,0.9810175610536919,0.9810175610536919,0.9810175610536919,0.9810175610536919,0.9303809303931968,0.9303809303931968,0.9810175610536908,0.9810175610536908,1.0,0.0,0.0,1.0,1.0
0.21013577690467466,2.21913894413569,gt-order-1,"ap_fixed<16,6,AP_RND,AP_SAT>",False,True,1000.0,3.0517578125e-05,-4.515449920728757,1.0,0.9893056750297546,0.4191717803478241,0.0,5.267752170562744,5.267752170562744,5.3293810618941775,5.3293810618941775,1.1198936081162545,1.1198936081162545,1.1198936081162545,1.1198936081162545,0.9205254277284112,0.9213753546311542,1.1198936081162538,1.1198936081162538,1.0,0.0,0.0,1.0,1.0
0.239883291901949,2.21913894413569,gt-order-1,"ap_fixed<16,6,AP_RND,AP_SAT>",False,True,1000.0,1.52587890625e-05,-4.816479902161777,1.0,0.9623129367828369,0.5716619491577148,0.0,5.267351150512695,5.267351150512695,5.3293810618941775,5.3293810618941775,1.2784294560817737,1.2784294560817737,1.2784294560817737,1.2784294560817737,0.9092747440782322,0.9126939125335489,1.2784294560817726,1.2784294560817726,1.0,0.0,0.0,1.0,1.0
0.27384196342643613,2.21913894413569,gt-order-1,"ap_fixed<16,6,AP_RND,AP_SAT>",False,True,1000.0,0.0,-12.0,1.0,0.9108033180236816,0.7364596724510193,0.0,5.26726770401001,5.26726770401001,5.329381061894178,5.329381061894178,1.4594082468120333,1.4594082468120333,1.4594082468120333,1.4594082468120333,0.8964313704941017,0.9056693486028617,1.4594082468120324,1.4594082468120324,1.0,0.0,0.0,1.0,1.0
0.3126079367123954,2.21913894413569,gt-order-1,"ap_fixed<16,6,AP_RND,AP_SAT>",False,True,1000.0,0.0,-12.0,1.0,0.8224148154258728,0.5813183784484863,0.0,5.267280101776123,5.267280101776123,5.329381061894178,5.329381061894178,1.6660068566135668,1.6660068566135668,1.6660068566135668,1.6660068566135668,0.8817698561976676,0.9027657781070298,1.6660068566135655,1.6660068566135655,1.0,0.0,0.0,1.0,1.0
0.35686174928348097,2.21913894413569,gt-order-1,"ap_fixed<16,6,AP_RND,AP_SAT>",False,True,1000.0,0.0,-12.0,1.0,0.7112144231796265,0.6187183856964111,0.0,5.273499011993408,5.273499011993408,5.3293810618941775,5.3293810618941775,1.9018522007397418,1.9018522007397418,1.9018522007397418,1.9018522007397418,0.9018522007397415,0.904009389853823,1.901852200739741,1.901852200739741,1.0,0.0,0.0,1.0,1.0
0.4073802778041126,2.21913894413569,gt-order-1,"ap_fixed<16,6,AP_RND,AP_SAT>",False,True,1000.0,0.0,-12.0,1.0,0.5977869033813477,0.6187183856964111,0.0,5.302004337310791,5.302004337310791,5.329381061894179,5.329381061894179,2.171084764563774,2.171084764563774,2.171084764563774,2.171084764563774,1.1710847645637723,1.1710847645637723,2.1710847645637728,2.1710847645637728,1.0,0.0,0.0,1.0,1.0
0.46505037616660627,2.21913894413569,gt-order-1,"ap_fixed<16,6,AP_RND,AP_SAT>",False,True,1000.0,0.0,-12.0,1.0,0.4973522126674652,0.492664635181427,0.0,5.31874418258667,5.31874418258667,5.329381061894178,5.329381061894178,2.4784306320461265,2.4784306320461265,2.4784306320461265,2.4784306320461265,1.4784306320461253,1.4784306320461253,2.4784306320461242,2.4784306320461242,1.0,0.0,0.0,1.0,1.0
0.5308844442309882,2.21913894413569,gt-order-1,"ap_fixed<16,6,AP_RND,AP_SAT>",False,True,1000.0,0.0,-12.0,1.0,0.4205401539802551,0.6201736927032471,0.0,5.325747489929199,5.325747489929199,5.329381061894178,5.329381061894178,2.829285505710827,2.829285505710827,2.829285505710827,2.829285505710827,1.8292855057108257,1.8292855057108257,2.8292855057108235,2.8292855057108235,1.0,0.0,0.0,1.0,1.0
0.606038200527066,2.21913894413569,gt-order-1,"ap_fixed<16,6,AP_RND,AP_SAT>",False,True,1000.0,0.0,-12.0,1.0,0.35660362243652344,0.6187184453010559,0.0,5.438577175140381,5.438577175140381,5.3293810618941775,5.3293810618941775,3.2298085739535893,3.2298085739535893,3.2298085739535893,3.2298085739535893,2.2298085739535902,2.2298085739535902,3.229808573953588,3.229808573953588,1.0,0.0,0.0,1.0,1.0
0.6918309709189363,2.21913894413569,gt-order-1,"ap_fixed<16,6,AP_RND,AP_SAT>",False,True,1000.0,0.0,-12.0,1.0,0.30172792077064514,0.5388159155845642,0.0,5.438577175140381,5.438577175140381,5.329381061894178,5.329381061894178,3.6870309905197383,3.6870309905197383,3.6870309905197383,3.6870309905197383,2.6870309905197383,2.6870309905197383,3.687030990519736,3.687030990519736,1.0,0.0,0.0,1.0,1.0
0.7897688493998856,2.21913894413569,gt-order-1,"ap_fixed<16,6,AP_RND,AP_SAT>",False,True,1000.0,0.0,-12.0,0.7751624584197998,0.25585314631462097,0.5388159155845642,0.0,5.438577175140381,5.438577175140381,5.3293810618941775,5.3293810618941775,4.208979283807782,4.208979283807778,4.208979283807782,4.208979283807778,3.208979283807783,3.208979283807777,4.20897928380778,3.262642729074447,1.0,0.0,0.0,1.0,1.0
0.9015711376059565,2.21913894413569,gt-order-1,"ap_fixed<16,6,AP_RND,AP_SAT>",True,False,,128.39801025390625,,0.4248380661010742,0.4248380661010742,0.9999998807907104,0.0,5.3276777267456055,5.3276777267456055,5.329381061894175,5.329381061894175,4.804816237245575,4.804816237245572,4.804816237245575,4.804816237245572,3.804816237245572,3.804816237245571,4.804816237245573,2.0412688382024493,1.0,0.0,0.0,1.0,1.0
1.0292005271944276,2.21913894413569,gt-order-1,"ap_fixed<16,6,AP_RND,AP_SAT>",True,False,,188.4202880859375,,0.3519307076931,0.3519307076931,0.9999999403953552,0.0,5.328338146209717,5.328338146209717,5.329381061894173,5.329381061894173,5.4850019408139055,5.4850019408139055,5.4850019408139055,5.4850019408139055,4.485001940813907,4.485001940813906,5.4850019408139055,1.9303406147286648,1.0,0.0,0.0,1.0,1.0
1.174897554939529,2.21913894413569,gt-order-1,"ap_fixed<16,6,AP_RND,AP_SAT>",True,False,,247.46669006347656,,0.27989476919174194,0.27989476919174194,0.9999999403953552,0.0,5.32880163192749,5.32880163192749,5.329381061894176,5.329381061894176,6.261476760824779,6.261476760824778,6.261476760824779,6.261476760824778,5.261476760824776,5.261476760824773,6.2614767608247766,1.7525545927705068,1.0,0.0,0.0,1.0,1.0
1.3412199354053709,2.21913894413569,gt-order-1,"ap_fixed<16,6,AP_RND,AP_SAT>",True,False,,274.0589599609375,,0.21224333345890045,0.21224333345890045,1.0,0.0,5.32908296585083,5.32908296585083,5.329381061894175,5.329381061894175,7.147871945759938,7.1478719457599365,7.147871945759938,7.1478719457599365,6.147871945759937,6.147871945759935,7.147871945759933,1.5170881689054452,1.0,0.0,0.0,1.0,1.0
1.5310874616820287,2.21913894413569,gt-order-1,"ap_fixed<16,6,AP_RND,AP_SAT>",True,False,,113.19952392578125,,0.29347705841064453,0.29347705841064453,0.9999999403953552,0.0,5.2676472663879395,5.2676472663879395,5.329381061894173,5.329381061894173,8.15974882113728,8.15974882113728,8.15974882113728,8.15974882113728,7.1597488211372795,7.159748821137278,8.159748821137278,2.3946990813970928,1.0,0.0,0.0,1.0,1.0
1.7478332624182173,2.21913894413569,gt-order-1,"ap_fixed<16,6,AP_RND,AP_SAT>",True,False,,152.60780334472656,,0.1792929768562317,0.1792929768562317,1.0,0.0,5.267704963684082,5.267704963684082,5.329381061894175,5.329381061894175,9.314869432307894,9.314869432307887,9.314869432307894,9.314869432307887,8.31486943230789,8.31486943230789,9.314869432307894,1.6700906695455993,1.0,0.0,0.0,1.0,1.0
1.9952623149688795,2.21913894413569,gt-order-1,"ap_fixed<16,6,AP_RND,AP_SAT>",True,False,,204.77365112304688,,0.04896646738052368,0.04896646738052368,0.9999999403953552,0.0,5.267645835876465,5.267645835876465,5.329381061894174,5.329381061894174,10.633512929697641,10.633512929697636,10.633512929697641,10.633512929697636,9.633512929697627,9.633512929697623,10.633512929697641,0.5206855640124163,1.0,0.0,0.0,1.0,1.0
0.01,2.29739670999407,gt-order-1,"ap_fixed<16,6,AP_RND,AP_SAT>",False,True,1000.0,0.02288818359375,-1.6403886715490432,1.0,1.0,0.37646424770355225,0.0,5.646602630615234,5.646602630615234,5.711889192648528,5.711889192648528,0.05711889064977855,0.05711889064977855,0.05711889064977855,0.05711889064977855,0.9959464905015997,0.9959464905015997,0.057118890649778487,0.057118890649778487,1.0,0.0,0.0,1.0,1.0
0.011415633046188459,2.29739670999407,gt-order-1,"ap_fixed<16,6,AP_RND,AP_SAT>",False,True,1000.0,0.017425537109375,-1.758813826688947,1.0,1.0,0.37688305974006653,0.0,5.636776447296143,5.636776447296143,5.711889192648529,5.711889192648529,0.06520483289026224,0.06520483289026224,0.06520483289026224,0.06520483289026224,0.9953726620658151,0.9953726620658151,0.06520483289026215,0.06520483289026215,1.0,0.0,0.0,1.0,1.0
0.013031667784522994,2.29739670999407,gt-order-1,"ap_fixed<16,6,AP_RND,AP_SAT>",False,True,1000.0,0.0128326416015625,-1.891683934791944,1.0,1.0,0.3676391541957855,0.0,5.644221305847168,5.644221305847168,5.711889192648528,5.711889192648528,0.07443544378117271,0.07443544378117271,0.07443544378117271,0.07443544378117271,0.9947176008680798,0.9947176008680798,0.07443544378117264,0.07443544378117264,1.0,0.0,0.0,1.0,1.0
0.014876473740795015,2.29739670999407,gt-order-1,"ap_fixed<16,6,AP_RND,AP_SAT>",False,True,1000.0,0.0097503662109375,-2.0109790724207577,1.0,1.0,0.36502736806869507,0.0,5.640849590301514,5.640849590301514,5.711889192648528,5.711889192648528,0.08497276932341766,0.08497276932341766,0.08497276932341766,0.08497276932341766,0.9939698071226598,0.9939698071226598,0.08497276932341757,0.08497276932341757,1.0,0.0,0.0,1.0,1.0
0.016982436524617443,2.29739670999407,gt-order-1,"ap_fixed<16,6,AP_RND,AP_SAT>",False,True,1000.0,0.0074005126953125,-2.130738191962751,1.0,1.0,0.37044626474380493,0.0,5.640374660491943,5.640374660491943,5.7118891926485285,5.7118891926485285,0.09700179368204077,0.09700179368204077,0.09700179368204077,0.09700179368204077,0.9931161532099264,0.9931161532099264,0.09700179368204066,0.09700179368204066,1.0,0.0,0.0,1.0,1.0
0.019386526359522076,2.29739670999407,gt-order-1,"ap_fixed<16,6,AP_RND,AP_SAT>",False,True,1000.0,0.005584716796875,-2.2529988451515237,1.0,1.0,0.5319217443466187,0.0,5.644160747528076,5.644160747528076,5.711889192648528,5.711889192648528,0.11073368946875597,0.11073368946875597,0.11073368946875597,0.11073368946875597,0.9921416530162203,0.9921416530162203,0.11073368946875593,0.11073368946875593,1.0,0.0,0.0,1.0,1.0
0.022130947096056376,2.29739670999407,gt-order-1,"ap_fixed<16,6,AP_RND,AP_SAT>",False,True,1000.0,0.004425048828125,-2.3540819326265985,1.0,1.0,0.360560804605484,0.0,5.6436381340026855,5.6436381340026855,5.711889192648529,5.711889192648529,0.12640952019144627,0.12640952019144627,0.12640952019144627,0.12640952019144627,0.9910291991851514,0.9910291991851514,0.1264095201914462,0.1264095201914462,1.0,0.0,0.0,1.0,1.0
0.025263877101318954,2.29739670999407,gt-order-1,"ap_fixed<16,6,AP_RND,AP_SAT>",False,True,1000.0,0.003173828125,-2.4984165955241013,1.0,1.0,0.36047884821891785,0.0,5.645063877105713,5.645063877105713,5.711889192648528,5.711889192648528,0.1443044693451858,0.1443044693451858,0.1443044693451858,0.1443044693451858,0.989759262995164,0.989759262995164,0.1443044693451857,0.1443044693451857,1.0,0.0,0.0,1.0,1.0
0.028840315031266057,2.29739670999407,gt-order-1,"ap_fixed<16,6,AP_RND,AP_SAT>",False,True,1000.0,0.0023651123046875,-2.6261482322697822,1.0,1.0,0.3691946566104889,0.0,5.6460652351379395,5.6460652351379395,5.7118891926485285,5.7118891926485285,0.1647326812585676,0.1647326812585676,0.1647326812585676,0.1647326812585676,0.9883095508231621,0.9883095508231621,0.16473268125856744,0.16473268125856744,1.0,0.0,0.0,1.0,1.0
0.03292304533334065,2.29739670999407,gt-order-1,"ap_fixed<16,6,AP_RND,AP_SAT>",False,True,1000.0,0.001800537109375,-2.744597923076371,1.0,1.0,0.4038591682910919,0.0,5.642329692840576,5.642329692840576,5.711889192648528,5.711889192648528,0.18805279348950607,0.18805279348950607,0.18805279348950607,0.18805279348950607,0.9866546115315102,0.9866546115315102,0.18805279348950588,0.18805279348950588,1.0,0.0,0.0,1.0,1.0
0.037583740428844416,2.29739670999407,gt-order-1,"ap_fixed<16,6,AP_RND,AP_SAT>",False,True,1000.0,0.0014190673828125,-2.8479969817637216,1.0,1.0,0.35631242394447327,0.0,5.6470184326171875,5.6470184326171875,5.711889192648528,5.711889192648528,0.21467417140973805,0.21467417140973805,0.21467417140973805,0.21467417140973805,0.9847653940233864,0.9847653940233864,0.21467417140973793,0.21467417140973793,1.0,0.0,0.0,1.0,1.0
0.04290421892388853,2.29739670999407,gt-order-1,"ap_fixed<16,6,AP_RND,AP_SAT>",False,True,1000.0,0.001068115234375,-2.9713818902028435,1.0,1.0,0.3575935959815979,0.0,5.64497709274292,5.64497709274292,5.711889192648528,5.711889192648528,0.24506415351547967,0.24506415351547967,0.24506415351547967,0.24506415351547967,0.9826087330707576,0.9826087330707576,0.24506415351547942,0.24506415351547942,1.0,0.0,0.0,1.0,1.0
0.04897788193684462,2.29739670999407,gt-order-1,"ap_fixed<16,6,AP_RND,AP_SAT>",False,True,1000.0,0.0007171630859375,-3.1443820720824087,1.0,1.0,0.39608442783355713,0.0,5.64549446105957,5.64549446105957,5.7118891926485285,5.7118891926485285,0.279756232989681,0.279756232989681,0.279756232989681,0.279756232989681,0.9801467687001576,0.9801467687001576,0.27975623298968083,0.27975623298968083,1.0,0.0,0.0,1.0,1.0
0.05591135275705602,2.29739670999407,gt-order-1,"ap_fixed<16,6,AP_RND,AP_SAT>",False,True,1000.0,0.0005950927734375,-3.225415322867407,1.0,1.0,0.43352949619293213,0.0,5.646108627319336,5.646108627319336,5.711889192648528,5.711889192648528,0.31935944149644513,0.31935944149644513,0.31935944149644513,0.31935944149644513,0.9773362802606393,0.9773362802606393,0.31935944149644496,0.31935944149644496,1.0,0.0,0.0,1.0,1.0
0.06382634861905485,2.29739670999407,gt-order-1,"ap_fixed<16,6,AP_RND,AP_SAT>",False,True,1000.0,0.000457763671875,-3.339358674955306,1.0,1.0,0.4585054814815521,0.0,5.64478874206543,5.64478874206543,5.711889192648528,5.711889192648528,0.36456900968217165,0.36456900968217165,0.36456900968217165,0.36456900968217165,0.974127929888727,0.974127929888727,0.36456900968217143,0.36456900968217143,1.0,0.0,0.0,1.0,1.0
0.07286181745132274,2.29739670999407,gt-order-1,"ap_fixed<16,6,AP_RND,AP_SAT>",False,True,1000.0,0.000335693359375,-3.474057248507769,1.0,1.0,0.37014660239219666,0.0,5.644914627075195,5.644914627075195,5.7118891926485285,5.7118891926485285,0.4161786448385492,0.4161786448385492,0.4161786448385492,0.4161786448385492,0.9704653912095696,0.9704653912095696,0.41617864483854894,0.41617864483854894,1.0,0.0,0.0,1.0,1.0
0.08317637711026708,2.29739670999407,gt-order-1,"ap_fixed<16,6,AP_RND,AP_SAT>",False,True,1000.0,0.000244140625,-3.612359946188904,1.0,1.0,0.37639227509498596,0.0,5.646706581115723,5.646706581115723,5.711889192648528,5.711889192648528,0.4750942342213902,0.4750942342213902,0.4750942342213902,0.4750942342213902,0.9662843768647444,0.9662843768647444,0.47509423422139,0.47509423422139,1.0,0.0,0.0,1.0,1.0
0.09495109992021983,2.29739670999407,gt-order-1,"ap_fixed<16,6,AP_RND,AP_SAT>",False,True,1000.0,0.0001678466796875,-3.7750872428780267,1.0,1.0,0.48837417364120483,0.0,5.645327091217041,5.645327091217041,5.711889192648529,5.711889192648529,0.5423501656182496,0.5423501656182496,0.5423501656182496,0.5423501656182496,0.9615114803039109,0.9615114803039109,0.5423501656182488,0.5423501656182488,1.0,0.0,0.0,1.0,1.0
0.10839269140212034,2.29739670999407,gt-order-1,"ap_fixed<16,6,AP_RND,AP_SAT>",False,True,1000.0,0.0001220703125,-3.913389940074015,1.0,1.0,0.4415024518966675,0.0,5.645601749420166,5.645601749420166,5.711889192648528,5.711889192648528,0.6191270522934373,0.6191270522934373,0.6191270522934373,0.6191270522934373,0.956062917913165,0.956062917913165,0.619127052293437,0.619127052293437,1.0,0.0,0.0,1.0,1.0
0.12373711899353519,2.29739670999407,gt-order-1,"ap_fixed<16,6,AP_RND,AP_SAT>",False,True,1000.0,0.0001220703125,-3.913389940074015,1.0,1.0,0.4179271459579468,0.0,5.645953178405762,5.645953178405762,5.711889192648528,5.711889192648528,0.706772713535181,0.706772713535181,0.706772713535181,0.706772713535181,0.9498430401057449,0.9498430401057449,0.7067727135351806,0.7067727135351806,1.0,0.0,0.0,1.0,1.0
0.1412537544622754,2.29739670999407,gt-order-1,"ap_fixed<16,6,AP_RND,AP_SAT>",False,True,1000.0,6.103515625e-05,-4.214419932180256,1.0,1.0,0.710185170173645,0.0,5.64609956741333,5.64609956741333,5.711889192648528,5.711889192648528,0.8068257937300117,0.8068257937300117,0.8068257937300117,0.8068257937300117,0.9427426551665362,0.9427426551665362,0.8068257937300108,0.8068257937300108,1.0,0.0,0.0,1.0,1.0
0.16125010273377416,2.29739670999407,gt-order-1,"ap_fixed<16,6,AP_RND,AP_SAT>",False,True,1000.0,3.0517578125e-05,-4.515449920728757,1.0,1.0,0.4670993685722351,0.0,5.645923137664795,5.645923137664795,5.711889192648528,5.711889192648528,0.921042700874636,0.921042700874636,0.921042700874636,0.921042700874636,0.9346371175287795,0.9346371175287795,0.9210427008746354,0.9210427008746354,1.0,0.0,0.0,1.0,1.0
0.18407720014689555,2.29739670999407,gt-order-1,"ap_fixed<16,6,AP_RND,AP_SAT>",False,True,1000.0,3.0517578125e-05,-4.515449920728757,1.0,0.9960780739784241,0.6033884882926941,0.0,5.645562648773193,5.645562648773193,5.711889192648528,5.711889192648528,1.0514285879924312,1.0514285879924312,1.0514285879924312,1.0514285879924312,0.9253841291412777,0.9256767670668204,1.0514285879924306,1.0514285879924306,1.0,0.0,0.0,1.0,1.0
0.21013577690467466,2.29739670999407,gt-order-1,"ap_fixed<16,6,AP_RND,AP_SAT>",False,True,1000.0,1.52587890625e-05,-4.816479902161777,1.0,0.9813549518585205,0.6949808597564697,0.0,5.646114826202393,5.646114826202393,5.7118891926485285,5.7118891926485285,1.2002722497838936,1.2002722497838936,1.2002722497838936,1.2002722497838936,0.9148212629864045,0.9164094246386526,1.2002722497838925,1.2002722497838925,1.0,0.0,0.0,1.0,1.0
0.239883291901949,2.29739670999407,gt-order-1,"ap_fixed<16,6,AP_RND,AP_SAT>",False,True,1000.0,1.52587890625e-05,-4.816479902161777,1.0,0.9406338334083557,0.5196558237075806,0.0,5.646224021911621,5.646224021911621,5.711889192648528,5.711889192648528,1.3701867644573424,1.3701867644573424,1.3701867644573424,1.3701867644573424,0.9027630788846158,0.9085356621424097,1.3701867644573416,1.3701867644573416,1.0,0.0,0.0,1.0,1.0
0.27384196342643613,2.29739670999407,gt-order-1,"ap_fixed<16,6,AP_RND,AP_SAT>",False,True,1000.0,0.0,-12.0,1.0,0.872739851474762,0.5520524382591248,0.0,5.646016597747803,5.646016597747803,5.711889192648528,5.711889192648528,1.5641550296020679,1.5641550296020679,1.5641550296020679,1.5641550296020679,0.8889978919874592,0.9031240367397494,1.5641550296020672,1.5641550296020672,1.0,0.0,0.0,1.0,1.0
0.3126079367123954,2.29739670999407,gt-order-1,"ap_fixed<16,6,AP_RND,AP_SAT>",False,True,1000.0,0.0,-12.0,1.0,0.7640610337257385,0.48189985752105713,0.0,5.646150588989258,5.646150588989258,5.711889192648528,5.711889192648528,1.785581936936438,1.785581936936438,1.785581936936438,1.785581936936438,0.8732840701349887,0.9031812956378208,1.785581936936437,1.785581936936437,1.0,0.0,0.0,1.0,1.0
0.35686174928348097,2.29739670999407,gt-order-1,"ap_fixed<16,6,AP_RND,AP_SAT>",False,True,1000.0,0.0,-12.0,1.0,0.6470597386360168,0.6885303258895874,0.0,5.667766094207764,5.667766094207764,5.711889192648528,5.711889192648528,2.038354717979041,2.038354717979041,2.038354717979041,2.038354717979041,1.0383547179790407,1.0383547179790407,2.0383547179790398,2.0383547179790398,1.0,0.0,0.0,1.0,1.0
0.4073802778041126,2.29739670999407,gt-order-1,"ap_fixed<16,6,AP_RND,AP_SAT>",False,True,1000.0,0.0,-12.0,1.0,0.5422418117523193,0.532413899898529,0.0,5.694206237792969,5.694206237792969,5.711889192648528,5.711889192648528,2.3269110350739504,2.3269110350739504,2.3269110350739504,2.3269110350739504,1.3269110350739495,1.3269110350739495,2.326911035073949,2.326911035073949,1.0,0.0,0.0,1.0,1.0
0.46505037616660627,2.29739670999407,gt-order-1,"ap_fixed<16,6,AP_RND,AP_SAT>",False,True,1000.0,0.0,-12.0,1.0,0.4548994302749634,0.6469966173171997,0.0,5.705339431762695,5.705339431762695,5.711889192648528,5.711889192648528,2.656316179590617,2.656316179590617,2.656316179590617,2.656316179590617,1.6563161795906167,1.6563161795906167,2.656316179590616,2.656316179590616,1.0,0.0,0.0,1.0,1.0
0.5308844442309882,2.29739670999407,gt-order-1,"ap_fixed<16,6,AP_RND,AP_SAT>",False,True,1000.0,0.0,-12.0,1.0,0.3858714699745178,0.5800418853759766,0.0,5.709526062011719,5.709526062011719,5.711889192648528,5.711889192648528,3.0323531223047837,3.0323531223047837,3.0323531223047837,3.0323531223047837,2.032353122304783,2.032353122304783,3.032353122304783,3.032353122304783,1.0,0.0,0.0,1.0,1.0
0.606038200527066,2.29739670999407,gt-order-1,"ap_fixed<16,6,AP_RND,AP_SAT>",False,True,1000.0,0.0,-12.0,1.0,0.32675421237945557,0.6201736330986023,0.0,5.710948944091797,5.710948944091797,5.711889192648528,5.711889192648528,3.4616231178883146,3.4616231178883146,3.4616231178883146,3.4616231178883146,2.4616231178883137,2.4616231178883137,3.4616231178883123,3.4616231178883123,1.0,0.0,0.0,1.0,1.0
0.6918309709189363,2.29739670999407,gt-order-1,"ap_fixed<16,6,AP_RND,AP_SAT>",False,True,1000.0,0.0,-12.0,1.0,0.2765451669692993,0.5595028400421143,0.0,5.711453437805176,5.711453437805176,5.7118891926485285,5.7118891926485285,3.951661970334833,3.951661970334833,3.951661970334833,3.951661970334833,2.951661970334833,2.951661970334833,3.95166197033483,3.95166197033483,1.0,0.0,0.0,1.0,1.0
0.7897688493998856,2.29739670999407,gt-order-1,"ap_fixed<16,6,AP_RND,AP_SAT>",True,False,,110.027099609375,,0.4591450095176697,0.4591450095176697,0.9999998807907104,0.0,5.709506511688232,5.709506511688232,5.711889192648524,5.711889192648524,4.511072299776294,4.511072299776294,4.511072299776294,4.511072299776294,3.5110722997762918,3.5110722997762918,4.511072299776293,2.0712363340156825,1.0,0.0,0.0,1.0,1.0
0.9015711376059565,2.29739670999407,gt-order-1,"ap_fixed<16,6,AP_RND,AP_SAT>",True,False,,168.46168518066406,,0.38670778274536133,0.38670778274536133,1.0,0.0,5.7104411125183105,5.7104411125183105,5.711889192648523,5.711889192648523,5.149674534331527,5.149674534331527,5.149674534331527,5.149674534331527,4.149674534331528,4.149674534331523,5.149674534331526,1.9914192210315953,1.0,0.0,0.0,1.0,1.0
1.0292005271944276,2.29739670999407,gt-order-1,"ap_fixed<16,6,AP_RND,AP_SAT>",True,False,,234.37353515625,,0.3138996958732605,0.3138996958732605,0.9999999403953552,0.0,5.711012363433838,5.711012363433838,5.711889192648524,5.711889192648524,5.8786795208552585,5.878679520855256,5.8786795208552585,5.878679520855256,4.878679520855259,4.878679520855257,5.8786795208552585,1.8453157137328304,1.0,0.0,0.0,1.0,1.0
1.174897554939529,2.29739670999407,gt-order-1,"ap_fixed<16,6,AP_RND,AP_SAT>",True,False,,284.5377502441406,,0.2436383068561554,0.2436383068561554,0.9999998807907104,0.0,5.7113728523254395,5.7113728523254395,5.711889192648524,5.711889192648524,6.7108846270908895,6.7108846270908895,6.7108846270908895,6.7108846270908895,5.710884627090893,5.710884627090893,6.7108846270908895,1.635028568051426,1.0,0.0,0.0,1.0,1.0
1.3412199354053709,2.29739670999407,gt-order-1,"ap_fixed<16,6,AP_RND,AP_SAT>",True,False,,103.98541259765625,,0.34272390604019165,0.34272390604019165,0.9999999403953552,0.0,5.64617395401001,5.64617395401001,5.711889192648523,5.711889192648523,7.660899463419243,7.660899463419243,7.660899463419243,7.660899463419243,6.660899463419244,6.660899463419244,7.66089946341924,2.6255733878842507,1.0,0.0,0.0,1.0,1.0
1.5310874616820287,2.29739670999407,gt-order-1,"ap_fixed<16,6,AP_RND,AP_SAT>",True,False,,140.53807067871094,,0.2355172038078308,0.2355172038078308,0.9999998807907104,0.0,5.646201133728027,5.646201133728027,5.711889192648523,5.711889192648523,8.745402245568691,8.745402245568691,8.745402245568691,8.745402245568691,7.745402245568689,7.745402245568688,8.74540224556869,2.059692683051062,1.0,0.0,0.0,1.0,1.0
1.7478332624182173,2.29739670999407,gt-order-1,"ap_fixed<16,6,AP_RND,AP_SAT>",True,False,,188.967529296875,,0.11312919855117798,0.11312919855117798,1.0,0.0,5.646252155303955,5.646252155303955,5.711889192648523,5.711889192648523,9.983429862382778,9.983429862382778,9.983429862382778,9.983429862382778,8.983429862382776,8.983429862382776,9.983429862382778,1.1294174191232607,1.0,0.0,0.0,1.0,1.0
1.9952623149688795,2.29739670999407,gt-order-1,"ap_fixed<16,6,AP_RND,AP_SAT>",True,False,,253.03257751464844,,0.0,0.0,0.9999997615814209,0.0,5.646231651306152,5.646231651306152,5.711889192648523,5.711889192648523,11.39671696912604,11.39671696912604,11.39671696912604,11.39671696912604,10.396716969126036,10.396716969126034,11.396716969126038,0.0,1.0,0.0,0.0,1.0,1.0
0.01,2.378414230005442,gt-order-1,"ap_fixed<16,6,AP_RND,AP_SAT>",False,True,1000.0,0.0212249755859375,-1.6731528006111913,1.0,1.0,0.36288365721702576,0.0,6.04634428024292,6.04634428024292,6.1218512498714635,6.1218512498714635,0.06121851113037425,0.06121851113037425,0.06121851113037425,0.06121851113037425,0.9956555560952691,0.9956555560952691,0.06121851113037419,0.06121851113037419,1.0,0.0,0.0,1.0,1.0
0.011415633046188459,2.378414230005442,gt-order-1,"ap_fixed<16,6,AP_RND,AP_SAT>",False,True,1000.0,0.016143798828125,-1.7919942628976306,1.0,1.0,0.38165929913520813,0.0,6.043667793273926,6.043667793273926,6.121851249871462,6.121851249871462,0.0698848094323447,0.0698848094323447,0.0698848094323447,0.0698848094323447,0.9950405420065664,0.9950405420065664,0.06988480943234465,0.06988480943234465,1.0,0.0,0.0,1.0,1.0
0.013031667784522994,2.378414230005442,gt-order-1,"ap_fixed<16,6,AP_RND,AP_SAT>",False,True,1000.0,0.01239013671875,-1.9069239013474721,1.0,1.0,0.3936741352081299,0.0,6.04726505279541,6.04726505279541,6.121851249871462,6.121851249871462,0.07977793321568534,0.07977793321568534,0.07977793321568534,0.07977793321568534,0.994338464799433,0.994338464799433,0.07977793321568528,0.07977793321568528,1.0,0.0,0.0,1.0,1.0
0.014876473740795015,2.378414230005442,gt-order-1,"ap_fixed<16,6,AP_RND,AP_SAT>",False,True,1000.0,0.0092620849609375,-2.033291239501552,1.0,1.0,0.38152480125427246,0.0,6.057286262512207,6.057286262512207,6.121851249871462,6.121851249871462,0.091071559083659,0.091071559083659,0.091071559083659,0.091071559083659,0.9935369993087101,0.9935369993087101,0.09107155908365891,0.09107155908365891,1.0,0.0,0.0,1.0,1.0
0.016982436524617443,2.378414230005442,gt-order-1,"ap_fixed<16,6,AP_RND,AP_SAT>",False,True,1000.0,0.007110595703125,-2.1480940138726217,1.0,1.0,0.4010879695415497,0.0,6.0480265617370605,6.0480265617370605,6.121851249871463,6.121851249871463,0.10396394815509781,0.10396394815509781,0.10396394815509781,0.10396394815509781,0.9926220757000721,0.9926220757000721,0.10396394815509771,0.10396394815509771,1.0,0.0,0.0,1.0,1.0
0.019386526359522076,2.378414230005442,gt-order-1,"ap_fixed<16,6,AP_RND,AP_SAT>",False,True,1000.0,0.0051727294921875,-2.2862802323366584,1.0,1.0,0.36784183979034424,0.0,6.0452561378479,6.0452561378479,6.1218512498714635,6.1218512498714635,0.11868142963096441,0.11868142963096441,0.11868142963096441,0.11868142963096441,0.991577632254614,0.991577632254614,0.11868142963096427,0.11868142963096427,1.0,0.0,0.0,1.0,1.0
0.022130947096056376,2.378414230005442,gt-order-1,"ap_fixed<16,6,AP_RND,AP_SAT>",False,True,1000.0,0.003936767578125,-2.4048602245501516,1.0,1.0,0.3805422782897949,0.0,6.050058841705322,6.050058841705322,6.121851249871462,6.121851249871462,0.1354823689814662,0.1354823689814662,0.1354823689814662,0.1354823689814662,0.9903853337617676,0.9903853337617676,0.13548236898146607,0.13548236898146607,1.0,0.0,0.0,1.0,1.0
0.025263877101318954,2.378414230005442,gt-order-1,"ap_fixed<16,6,AP_RND,AP_SAT>",False,True,1000.0,0.0030059814453125,-2.5220137043176294,1.0,1.0,0.36840346455574036,0.0,6.050238609313965,6.050238609313965,6.121851249871462,6.121851249871462,0.15466170057357817,0.15466170057357817,0.15466170057357817,0.15466170057357817,0.9890242498560397,0.9890242498560397,0.15466170057357806,0.15466170057357806,1.0,0.0,0.0,1.0,1.0
0.028840315031266057,2.378414230005442,gt-order-1,"ap_fixed<16,6,AP_RND,AP_SAT>",False,True,1000.0,0.0022125244140625,-2.655111928192435,1.0,1.0,0.36646103858947754,0.0,6.053994178771973,6.053994178771973,6.121851249871462,6.121851249871462,0.1765561159616658,0.1765561159616658,0.1765561159616658,0.1765561159616658,0.9874704868238442,0.9874704868238442,0.17655611596166565,0.17655611596166565,1.0,0.0,0.0,1.0,1.0
0.03292304533334065,2.378414230005442,gt-order-1,"ap_fixed<16,6,AP_RND,AP_SAT>",False,True,1000.0,0.0016021728515625,-2.795290631282695,1.0,1.0,0.3690451681613922,0.0,6.0526838302612305,6.0526838302612305,6.121851249871463,6.121851249871463,0.20154999336248366,0.20154999336248366,0.20154999336248366,0.20154999336248366,0.9856967668113085,0.9856967668113085,0.20154999336248336,0.20154999336248336,1.0,0.0,0.0,1.0,1.0
0.037583740428844416,2.378414230005442,gt-order-1,"ap_fixed<16,6,AP_RND,AP_SAT>",False,True,1000.0,0.0012054443359375,-2.91885283897298,1.0,1.0,0.5307163596153259,0.0,6.050270080566406,6.050270080566406,6.121851249871463,6.121851249871463,0.2300820797173845,0.2300820797173845,0.2300820797173845,0.2300820797173845,0.9836719536238424,0.9836719536238424,0.23008207971738434,0.23008207971738434,1.0,0.0,0.0,1.0,1.0
0.04290421892388853,2.378414230005442,gt-order-1,"ap_fixed<16,6,AP_RND,AP_SAT>",False,True,1000.0,0.0009765625,-3.0102999561950945,1.0,1.0,0.39012786746025085,0.0,6.051172256469727,6.051172256469727,6.121851249871462,6.121851249871462,0.26265325602399975,0.26265325602399975,0.26265325602399975,0.26265325602399975,0.9813605016502089,0.9813605016502089,0.2626532560239995,0.2626532560239995,1.0,0.0,0.0,1.0,1.0
0.04897788193684462,2.378414230005442,gt-order-1,"ap_fixed<16,6,AP_RND,AP_SAT>",False,True,1000.0,0.0007476806640625,-3.12628385001433,1.0,1.0,0.404781699180603,0.0,6.050240516662598,6.050240516662598,6.121851249871463,6.121851249871463,0.2998353061175349,0.2998353061175349,0.2998353061175349,0.2998353061175349,0.9787218335756089,0.9787218335756089,0.29983530611753456,0.29983530611753456,1.0,0.0,0.0,1.0,1.0
0.05591135275705602,2.378414230005442,gt-order-1,"ap_fixed<16,6,AP_RND,AP_SAT>",False,True,1000.0,0.0005645751953125,-3.248278205787463,1.0,1.0,0.5778642892837524,0.0,6.051928997039795,6.051928997039795,6.121851249871462,6.121851249871462,0.3422809739725928,0.3422809739725928,0.3422809739725928,0.3422809739725928,0.9757096266533849,0.9757096266533849,0.34228097397259255,0.34228097397259255,1.0,0.0,0.0,1.0,1.0
0.06382634861905485,2.378414230005442,gt-order-1,"ap_fixed<16,6,AP_RND,AP_SAT>",False,True,1000.0,0.00042724609375,-3.3693218982649826,1.0,1.0,0.5045614242553711,0.0,6.04989767074585,6.04989767074585,6.121851249871463,6.121851249871463,0.39073538934538227,0.39073538934538227,0.39073538934538227,0.39073538934538227,0.9722710018708364,0.9722710018708364,0.390735389345382,0.390735389345382,1.0,0.0,0.0,1.0,1.0
0.07286181745132274,2.378414230005442,gt-order-1,"ap_fixed<16,6,AP_RND,AP_SAT>",False,True,1000.0,0.0002899169921875,-3.5377263281728744,1.0,1.0,0.6334275603294373,0.0,6.052318572998047,6.052318572998047,6.121851249871463,6.121851249871463,0.4460492266470789,0.4460492266470789,0.4460492266470789,0.4460492266470789,0.9683455901142373,0.9683455901142373,0.4460492266470785,0.4460492266470785,1.0,0.0,0.0,1.0,1.0
0.08317637711026708,2.378414230005442,gt-order-1,"ap_fixed<16,6,AP_RND,AP_SAT>",False,True,1000.0,0.0001983642578125,-3.7025365761274838,1.0,1.0,0.4091516137123108,0.0,6.05219841003418,6.05219841003418,6.121851249871462,6.121851249871462,0.5091933917972821,0.5091933917972821,0.5091933917972821,0.5091933917972821,0.9638644898989458,0.9638644898989458,0.5091933917972816,0.5091933917972816,1.0,0.0,0.0,1.0,1.0
0.09495109992021983,2.378414230005442,gt-order-1,"ap_fixed<16,6,AP_RND,AP_SAT>",False,True,1000.0,0.0001678466796875,-3.7750872428780267,1.0,1.0,0.4305456876754761,0.0,6.05097770690918,6.05097770690918,6.121851249871463,6.121851249871463,0.5812765141752597,0.5812765141752597,0.5812765141752597,0.5812765141752597,0.9587490260324353,0.9587490260324353,0.5812765141752594,0.5812765141752594,1.0,0.0,0.0,1.0,1.0
0.10839269140212034,2.378414230005442,gt-order-1,"ap_fixed<16,6,AP_RND,AP_SAT>",False,True,1000.0,0.0001068115234375,-3.9713818865434534,1.0,1.0,0.4364357888698578,0.0,6.05230188369751,6.05230188369751,6.121851249871463,6.121851249871463,0.663563943745615,0.663563943745615,0.663563943745615,0.663563943745615,0.9529094014608477,0.9529094014608477,0.6635639437456144,0.6635639437456144,1.0,0.0,0.0,1.0,1.0
0.12373711899353519,2.378414230005442,gt-order-1,"ap_fixed<16,6,AP_RND,AP_SAT>",False,True,1000.0,7.62939453125e-05,-4.117509920595296,1.0,1.0,0.6755279898643494,0.0,6.051862716674805,6.051862716674805,6.121851249871462,6.121851249871462,0.7575002374519335,0.7575002374519335,0.7575002374519335,0.7575002374519335,0.9462431014955259,0.9462431014955259,0.7575002374519325,0.7575002374519325,1.0,0.0,0.0,1.0,1.0
0.1412537544622754,2.378414230005442,gt-order-1,"ap_fixed<16,6,AP_RND,AP_SAT>",False,True,1000.0,6.103515625e-05,-4.214419932180256,1.0,1.0,0.6478044986724854,0.0,6.051337242126465,6.051337242126465,6.121851249871462,6.121851249871462,0.8647344735138907,0.8647344735138907,0.8647344735138907,0.8647344735138907,0.9386330973540378,0.9386330973540378,0.86473447351389,0.86473447351389,1.0,0.0,0.0,1.0,1.0
0.16125010273377416,2.378414230005442,gt-order-1,"ap_fixed<16,6,AP_RND,AP_SAT>",False,True,1000.0,4.57763671875e-05,-4.339358666416729,1.0,1.0,0.5291503071784973,0.0,6.051892280578613,6.051892280578613,6.121851249871463,6.121851249871463,0.9871491234093578,0.9871491234093578,0.9871491234093578,0.9871491234093578,0.9299457972258857,0.9299457972258857,0.9871491234093568,0.9871491234093568,1.0,0.0,0.0,1.0,1.0
0.18407720014689555,2.378414230005442,gt-order-1,"ap_fixed<16,6,AP_RND,AP_SAT>",False,True,1000.0,3.0517578125e-05,-4.515449920728757,1.0,0.9885980486869812,0.5121475458145142,0.0,6.051914691925049,6.051914691925049,6.121851249871462,6.121851249871462,1.1268932569343915,1.1268932569343915,1.1268932569343915,1.1268932569343915,0.9200286898362294,0.9209405188211545,1.1268932569343908,1.1268932569343908,1.0,0.0,0.0,1.0,1.0
0.21013577690467466,2.378414230005442,gt-order-1,"ap_fixed<16,6,AP_RND,AP_SAT>",False,True,1000.0,1.52587890625e-05,-4.816479902161777,1.0,0.9599215388298035,0.43863314390182495,0.0,6.051914215087891,6.051914215087891,6.121851249871463,6.121851249871463,1.2864199435070696,1.2864199435070696,1.2864199435070696,1.2864199435070696,0.9087076902182105,0.9123665455109371,1.2864199435070685,1.2864199435070685,1.0,0.0,0.0,1.0,1.0
0.239883291901949,2.378414230005442,gt-order-1,"ap_fixed<16,6,AP_RND,AP_SAT>",False,True,1000.0,1.52587890625e-05,-4.816479902161777,1.0,0.9066910147666931,0.6255432367324829,0.0,6.051351547241211,6.051351547241211,6.121851249871462,6.121851249871462,1.4685298110030518,1.4685298110030518,1.4685298110030518,1.4685298110030518,0.8957840485087701,0.9055083331875399,1.4685298110030511,1.4685298110030511,1.0,0.0,0.0,1.0,1.0
0.27384196342643613,2.378414230005442,gt-order-1,"ap_fixed<16,6,AP_RND,AP_SAT>",False,True,1000.0,1.52587890625e-05,-4.816479902161777,1.0,0.8174689412117004,0.6255432367324829,0.0,6.051915168762207,6.051915168762207,6.121851249871462,6.121851249871462,1.6764198498959515,1.6764198498959515,1.6764198498959515,1.6764198498959515,0.881030886505219,0.9027464447545263,1.6764198498959506,1.6764198498959506,1.0,0.0,0.0,1.0,1.0
0.3126079367123954,2.378414230005442,gt-order-1,"ap_fixed<16,6,AP_RND,AP_SAT>",False,True,1000.0,0.0,-12.0,1.0,0.7062539458274841,0.5353033542633057,0.0,6.060352325439453,6.060352325439453,6.121851249871462,6.121851249871462,1.9137393327677015,1.9137393327677015,1.9137393327677015,1.9137393327677015,0.9137393327677006,0.9137393327677006,1.9137393327677,1.9137393327677,1.0,0.0,0.0,1.0,1.0
0.35686174928348097,2.378414230005442,gt-order-1,"ap_fixed<16,6,AP_RND,AP_SAT>",False,True,1000.0,0.0,-12.0,1.0,0.5932720899581909,0.5353034138679504,0.0,6.092233180999756,6.092233180999756,6.121851249871462,6.121851249871462,2.18465449119738,2.18465449119738,2.18465449119738,2.18465449119738,1.1846544911973795,1.1846544911973795,2.184654491197379,2.184654491197379,1.0,0.0,0.0,1.0,1.0
0.4073802778041126,2.378414230005442,gt-order-1,"ap_fixed<16,6,AP_RND,AP_SAT>",False,True,1000.0,0.0,-12.0,1.0,0.49294400215148926,0.5353033542633057,0.0,6.126274585723877,6.126274585723877,6.121851249871462,6.121851249871462,2.493921493915035,2.493921493915035,2.493921493915035,2.493921493915035,1.4939214939150338,1.4939214939150338,2.493921493915033,2.493921493915033,1.0,0.0,0.0,1.0,1.0
0.46505037616660627,2.378414230005442,gt-order-1,"ap_fixed<16,6,AP_RND,AP_SAT>",False,True,1000.0,0.0,-12.0,1.0,0.41729736328125,0.511890709400177,0.0,6.1178998947143555,6.1178998947143555,6.121851249871462,6.121851249871462,2.8469691857835793,2.8469691857835793,2.8469691857835793,2.8469691857835793,1.8469691857835788,1.8469691857835786,2.8469691857835775,2.8469691857835775,1.0,0.0,0.0,1.0,1.0
0.5308844442309882,2.378414230005442,gt-order-1,"ap_fixed<16,6,AP_RND,AP_SAT>",False,True,1000.0,0.0,-12.0,1.0,0.35379138588905334,0.5191741585731506,0.0,6.249999046325684,6.249999046325684,6.121851249871462,6.121851249871462,3.2499956014072233,3.2499956014072233,3.2499956014072233,3.2499956014072233,2.2499956014072233,2.2499956014072233,3.2499956014072207,3.2499956014072207,1.0,0.0,0.0,1.0,1.0
0.606038200527066,2.378414230005442,gt-order-1,"ap_fixed<16,6,AP_RND,AP_SAT>",False,True,1000.0,0.0,-12.0,0.48201680183410645,0.29935625195503235,0.5191740989685059,0.0,6.249999046325684,6.249999046325684,6.121851249871463,6.121851249871463,3.71007579035375,3.710075790353747,3.71007579035375,3.710075790353747,2.710075790353749,2.7100757903537454,3.710075790353747,1.788318867028458,1.0,0.0,0.0,1.0,1.0
0.6918309709189363,2.378414230005442,gt-order-1,"ap_fixed<16,6,AP_RND,AP_SAT>",True,False,,109.54287719726562,,0.3841690123081207,0.3841690123081207,0.9999999403953552,0.0,6.121301174163818,6.121301174163818,6.121851249871458,6.121851249871458,4.235286427352161,4.23528642735216,4.235286427352161,4.23528642735216,3.2352864273521633,3.2352864273521584,4.235286427352161,1.6270658036378691,1.0,0.0,0.0,1.0,1.0
0.7897688493998856,2.378414230005442,gt-order-1,"ap_fixed<16,6,AP_RND,AP_SAT>",True,False,,147.47384643554688,,0.4213848114013672,0.4213848114013672,0.9999999403953552,0.0,6.11989164352417,6.11989164352417,6.121851249871458,6.121851249871458,4.834847572356495,4.834847572356495,4.834847572356495,4.834847572356495,3.8348475723564963,3.8348475723564963,4.834847572356495,2.0373313324318,1.0,0.0,0.0,1.0,1.0
0.9015711376059565,2.378414230005442,gt-order-1,"ap_fixed<16,6,AP_RND,AP_SAT>",True,False,,215.46917724609375,,0.3484606146812439,0.3484606146812439,1.0,0.0,6.120642185211182,6.120642185211182,6.121851249871457,6.121851249871457,5.519284499601912,5.519284499601911,5.519284499601912,5.519284499601911,4.519284499601912,4.51928449960191,5.51928449960191,1.923253269331943,1.0,0.0,0.0,1.0,1.0
1.0292005271944276,2.378414230005442,gt-order-1,"ap_fixed<16,6,AP_RND,AP_SAT>",True,False,,281.2048034667969,,0.27654579281806946,0.27654579281806946,0.9999998807907104,0.0,6.121142387390137,6.121142387390137,6.12185124987146,6.12185124987146,6.300612697224646,6.300612697224646,6.300612697224646,6.300612697224646,5.3006126972246435,5.3006126972246435,6.300612697224642,1.7424079335935836,1.0,0.0,0.0,1.0,1.0
1.174897554939529,2.378414230005442,gt-order-1,"ap_fixed<16,6,AP_RND,AP_SAT>",True,False,,308.0902404785156,,0.2092178910970688,0.2092178910970688,1.0,0.0,6.121433734893799,6.121433734893799,6.121851249871458,6.121851249871458,7.192548044345006,7.192548044345005,7.192548044345006,7.192548044345005,6.192548044345006,6.192548044345003,7.192548044345006,1.5048097334522086,1.0,0.0,0.0,1.0,1.0
1.3412199354053709,2.378414230005442,gt-order-1,"ap_fixed<16,6,AP_RND,AP_SAT>",True,False,,129.30902099609375,,0.2882987856864929,0.2882987856864929,1.0,0.0,6.051962375640869,6.051962375640869,6.121851249871457,6.121851249871457,8.21074873364732,8.21074873364732,8.21074873364732,8.21074873364732,7.210748733647316,7.210748733647314,8.210748733647316,2.367148889487431,1.0,0.0,0.0,1.0,1.0
1.5310874616820287,2.378414230005442,gt-order-1,"ap_fixed<16,6,AP_RND,AP_SAT>",True,False,,174.29061889648438,,0.17339378595352173,0.17339378595352173,1.0,0.0,6.051948070526123,6.051948070526123,6.121851249871458,6.121851249871458,9.373090034129058,9.373090034129056,9.373090034129058,9.373090034129056,8.373090034129056,8.373090034129055,9.373090034129058,1.6252355671008618,1.0,0.0,0.0,1.0,1.0
1.7478332624182173,2.378414230005442,gt-order-1,"ap_fixed<16,6,AP_RND,AP_SAT>",True,False,,233.87843322753906,,0.042222678661346436,0.042222678661346436,1.0,0.0,6.051934719085693,6.051934719085693,6.12185124987146,6.12185124987146,10.699975178036137,10.699975178036137,10.699975178036137,10.699975178036137,9.69997517803613,9.69997517803613,10.699975178036134,0.4517816136266028,1.0,0.0,0.0,1.0,1.0
1.9952623149688795,2.378414230005442,gt-order-1,"ap_fixed<16,6,AP_RND,AP_SAT>",True,False,,312.543701171875,,0.0,0.0,1.0,0.0,6.051934242248535,6.051934242248535,6.121851249871458,6.121851249871458,12.214698792068933,12.214698792068932,12.214698792068933,12.214698792068932,11.21469879206893,11.21469879206893,12.214698792068933,0.0,1.0,0.0,0.0,1.0,1.0
0.01,2.4622888266898326,gt-order-1,"ap_fixed<16,6,AP_RND,AP_SAT>",False,True,1000.0,0.0200042724609375,-1.698877238911905,1.0,1.0,0.3803974390029907,0.0,6.483964920043945,6.483964920043945,6.561237723456071,6.561237723456071,0.0656123757680098,0.0656123757680098,0.0656123757680098,0.0656123757680098,0.9953437402894871,0.9953437402894871,0.06561237576800971,0.06561237576800971,1.0,0.0,0.0,1.0,1.0
0.011415633046188459,2.4622888266898326,gt-order-1,"ap_fixed<16,6,AP_RND,AP_SAT>",False,True,1000.0,0.01483154296875,-1.8288136656681426,1.0,1.0,0.36319196224212646,0.0,6.478076457977295,6.478076457977295,6.5612377234560695,6.5612377234560695,0.07490068432382543,0.07490068432382543,0.07490068432382543,0.07490068432382543,0.9946845845067399,0.9946845845067399,0.07490068432382536,0.07490068432382536,1.0,0.0,0.0,1.0,1.0
0.013031667784522994,2.4622888266898326,gt-order-1,"ap_fixed<16,6,AP_RND,AP_SAT>",False,True,1000.0,0.011138916015625,-1.9531570704642542,1.0,1.0,0.36962953209877014,0.0,6.481644630432129,6.481644630432129,6.5612377234560695,6.5612377234560695,0.08550387187619173,0.08550387187619173,0.08550387187619173,0.08550387187619173,0.993932116783613,0.993932116783613,0.08550387187619163,0.08550387187619163,1.0,0.0,0.0,1.0,1.0
0.014876473740795015,2.4622888266898326,gt-order-1,"ap_fixed<16,6,AP_RND,AP_SAT>",False,True,1000.0,0.008331298828125,-2.079287287866834,1.0,1.0,0.407043993473053,0.0,6.482081413269043,6.482081413269043,6.5612377234560695,6.5612377234560695,0.0976080803998967,0.0976080803998967,0.0976080803998967,0.0976080803998967,0.9930731273351001,0.9930731273351001,0.09760808039989662,0.09760808039989662,1.0,0.0,0.0,1.0,1.0
0.016982436524617443,2.4622888266898326,gt-order-1,"ap_fixed<16,6,AP_RND,AP_SAT>",False,True,1000.0,0.00640869140625,-2.193230640158032,1.0,1.0,0.3709060251712799,0.0,6.481790065765381,6.481790065765381,6.5612377234560695,6.5612377234560695,0.11142580090115406,0.11142580090115406,0.11142580090115406,0.11142580090115406,0.9920925364860715,0.9920925364860715,0.11142580090115396,0.11142580090115396,1.0,0.0,0.0,1.0,1.0
0.019386526359522076,2.4622888266898326,gt-order-1,"ap_fixed<16,6,AP_RND,AP_SAT>",False,True,1000.0,0.004791259765625,-2.3195502824598413,1.0,1.0,0.37860041856765747,0.0,6.481931209564209,6.481931209564209,6.561237723456069,6.561237723456069,0.1271996070118055,0.1271996070118055,0.1271996070118055,0.1271996070118055,0.9909731297123531,0.9909731297123531,0.1271996070118054,0.1271996070118054,1.0,0.0,0.0,1.0,1.0
0.022130947096056376,2.4622888266898326,gt-order-1,"ap_fixed<16,6,AP_RND,AP_SAT>",False,True,1000.0,0.00372314453125,-2.4290901041683224,1.0,1.0,0.38508594036102295,0.0,6.482608318328857,6.482608318328857,6.56123772345607,6.56123772345607,0.14520640798697212,0.14520640798697212,0.14520640798697212,0.14520640798697212,0.9896952558217267,0.9896952558217267,0.145206407986972,0.145206407986972,1.0,0.0,0.0,1.0,1.0
0.025263877101318954,2.4622888266898326,gt-order-1,"ap_fixed<16,6,AP_RND,AP_SAT>",False,True,1000.0,0.00286865234375,-2.542322081208626,1.0,1.0,0.40509575605392456,0.0,6.486648082733154,6.486648082733154,6.5612377234560695,6.5612377234560695,0.16576230665495753,0.16576230665495753,0.16576230665495753,0.16576230665495753,0.9882364822037807,0.9882364822037807,0.16576230665495742,0.16576230665495742,1.0,0.0,0.0,1.0,1.0
0.028840315031266057,2.4622888266898326,gt-order-1,"ap_fixed<16,6,AP_RND,AP_SAT>",False,True,1000.0,0.0021820068359375,-2.6611438929596027,1.0,1.0,0.38107389211654663,0.0,6.484625816345215,6.484625816345215,6.56123772345607,6.56123772345607,0.18922816008946464,0.18922816008946464,0.18922816008946464,0.18922816008946464,0.9865712002102398,0.9865712002102398,0.18922816008946453,0.18922816008946453,1.0,0.0,0.0,1.0,1.0
0.03292304533334065,2.4622888266898326,gt-order-1,"ap_fixed<16,6,AP_RND,AP_SAT>",False,True,1000.0,0.0016021728515625,-2.795290631282695,1.0,1.0,0.3488278090953827,0.0,6.485108375549316,6.485108375549316,6.5612377234560695,6.5612377234560695,0.21601593466355692,0.21601593466355692,0.21601593466355692,0.21601593466355692,0.9846701741610584,0.9846701741610584,0.2160159346635567,0.2160159346635567,1.0,0.0,0.0,1.0,1.0
0.037583740428844416,2.4622888266898326,gt-order-1,"ap_fixed<16,6,AP_RND,AP_SAT>",False,True,1000.0,0.001190185546875,-2.9243853275683223,1.0,1.0,0.35294508934020996,0.0,6.484714508056641,6.484714508056641,6.561237723456069,6.561237723456069,0.24659586770662328,0.24659586770662328,0.24659586770662328,0.24659586770662328,0.9825000331089789,0.9825000331089789,0.2465958677066231,0.2465958677066231,1.0,0.0,0.0,1.0,1.0
0.04290421892388853,2.4622888266898326,gt-order-1,"ap_fixed<16,6,AP_RND,AP_SAT>",False,True,1000.0,0.00091552734375,-3.0383286797656903,1.0,1.0,0.40596774220466614,0.0,6.485655784606934,6.485655784606934,6.5612377234560695,6.5612377234560695,0.28150479018081603,0.28150479018081603,0.28150479018081603,0.28150479018081603,0.9800226802109717,0.9800226802109717,0.28150479018081587,0.28150479018081587,1.0,0.0,0.0,1.0,1.0
0.04897788193684462,2.4622888266898326,gt-order-1,"ap_fixed<16,6,AP_RND,AP_SAT>",False,True,1000.0,0.000701904296875,-3.153722098323388,1.0,1.0,0.6057838201522827,0.0,6.485589027404785,6.485589027404785,6.5612377234560695,6.5612377234560695,0.32135552482815954,0.32135552482815954,0.32135552482815954,0.32135552482815954,0.9771946257776303,0.9771946257776303,0.3213555248281593,0.3213555248281593,1.0,0.0,0.0,1.0,1.0
0.05591135275705602,2.4622888266898326,gt-order-1,"ap_fixed<16,6,AP_RND,AP_SAT>",False,True,1000.0,0.0005340576171875,-3.2724118854602255,1.0,1.0,0.3564753830432892,0.0,6.485828876495361,6.485828876495361,6.5612377234560695,6.5612377234560695,0.36684766531976987,0.36684766531976987,0.36684766531976987,0.36684766531976987,0.9739662223181205,0.9739662223181205,0.3668476653197696,0.3668476653197696,1.0,0.0,0.0,1.0,1.0
0.06382634861905485,2.4622888266898326,gt-order-1,"ap_fixed<16,6,AP_RND,AP_SAT>",False,True,1000.0,0.0003814697265625,-3.418539920813185,1.0,1.0,0.5348820090293884,0.0,6.486309051513672,6.486309051513672,6.56123772345607,6.56123772345607,0.4187798219559886,0.4187798219559886,0.4187798219559886,0.4187798219559886,0.970280795509613,0.970280795509613,0.41877982195598834,0.41877982195598834,1.0,0.0,0.0,1.0,1.0
0.07286181745132274,2.4622888266898326,gt-order-1,"ap_fixed<16,6,AP_RND,AP_SAT>",False,True,1000.0,0.000244140625,-3.612359946188904,1.0,1.0,0.6332778334617615,0.0,6.4863176345825195,6.4863176345825195,6.5612377234560695,6.5612377234560695,0.4780637249976744,0.4780637249976744,0.4780637249976744,0.4780637249976744,0.9660736433377269,0.9660736433377269,0.4780637249976742,0.4780637249976742,1.0,0.0,0.0,1.0,1.0
0.08317637711026708,2.4622888266898326,gt-order-1,"ap_fixed<16,6,AP_RND,AP_SAT>",False,True,1000.0,0.00018310546875,-3.7372986822042473,1.0,1.0,0.4081840217113495,0.0,6.485777378082275,6.485777378082275,6.561237723456069,6.561237723456069,0.5457399656460162,0.5457399656460162,0.5457399656460162,0.5457399656460162,0.9612709190193138,0.9612709190193138,0.545739965646016,0.545739965646016,1.0,0.0,0.0,1.0,1.0
0.09495109992021983,2.4622888266898326,gt-order-1,"ap_fixed<16,6,AP_RND,AP_SAT>",False,True,1000.0,0.000152587890625,-3.816479927777507,1.0,1.0,0.4096440076828003,0.0,6.487497329711914,6.487497329711914,6.5612377234560695,6.5612377234560695,0.6229967434517196,0.6229967434517196,0.6229967434517196,0.6229967434517196,0.9557883005704302,0.9557883005704302,0.6229967434517191,0.6229967434517191,1.0,0.0,0.0,1.0,1.0
0.10839269140212034,2.4622888266898326,gt-order-1,"ap_fixed<16,6,AP_RND,AP_SAT>",False,True,1000.0,0.0001068115234375,-3.9713818865434534,1.0,1.0,0.5313689708709717,0.0,6.48635196685791,6.48635196685791,6.56123772345607,6.56123772345607,0.7111902269301995,0.7111902269301995,0.7111902269301995,0.7111902269301995,0.9495295458912423,0.9495295458912423,0.711190226930199,0.711190226930199,1.0,0.0,0.0,1.0,1.0
0.12373711899353519,2.4622888266898326,gt-order-1,"ap_fixed<16,6,AP_RND,AP_SAT>",False,True,1000.0,7.62939453125e-05,-4.117509920595296,1.0,1.0,0.44410189986228943,0.0,6.487100124359131,6.487100124359131,6.5612377234560695,6.5612377234560695,0.8118686538816036,0.8118686538816036,0.8118686538816036,0.8118686538816036,0.9423847824583619,0.9423847824583619,0.8118686538816028,0.8118686538816028,1.0,0.0,0.0,1.0,1.0
0.1412537544622754,2.4622888266898326,gt-order-1,"ap_fixed<16,6,AP_RND,AP_SAT>",False,True,1000.0,7.62939453125e-05,-4.117509920595296,1.0,1.0,0.5486147999763489,0.0,6.48648738861084,6.48648738861084,6.56123772345607,6.56123772345607,0.9267994625827265,0.9267994625827265,0.9267994625827265,0.9267994625827265,0.9342285819277804,0.9342285819277804,0.9267994625827257,0.9267994625827257,1.0,0.0,0.0,1.0,1.0
0.16125010273377416,2.4622888266898326,gt-order-1,"ap_fixed<16,6,AP_RND,AP_SAT>",False,True,1000.0,3.0517578125e-05,-4.515449920728757,1.0,0.9954060316085815,0.6816378831863403,0.0,6.486443996429443,6.486443996429443,6.561237723456069,6.561237723456069,1.0580002360112981,1.0580002360112981,1.0580002360112981,1.0580002360112981,0.9249177641414579,0.9252626895597484,1.058000236011298,1.058000236011298,1.0,0.0,0.0,1.0,1.0
0.18407720014689555,2.4622888266898326,gt-order-1,"ap_fixed<16,6,AP_RND,AP_SAT>",False,True,1000.0,3.0517578125e-05,-4.515449920728757,1.0,0.9805939197540283,0.6058392524719238,0.0,6.4867377281188965,6.4867377281188965,6.5612377234560695,6.5612377234560695,1.2077742901481718,1.2077742901481718,1.2077742901481718,1.2077742901481718,0.9142888715614428,0.9159521885978935,1.207774290148171,1.207774290148171,1.0,0.0,0.0,1.0,1.0
0.21013577690467466,2.4622888266898326,gt-order-1,"ap_fixed<16,6,AP_RND,AP_SAT>",False,True,1000.0,1.52587890625e-05,-4.816479902161777,1.0,0.9386216998100281,0.8006002902984619,0.0,6.486477375030518,6.486477375030518,6.5612377234560695,6.5612377234560695,1.3787507597023094,1.3787507597023094,1.3787507597023094,1.3787507597023094,0.90215532453907,0.9081608644015006,1.3787507597023085,1.3787507597023085,1.0,0.0,0.0,1.0,1.0
0.239883291901949,2.4622888266898326,gt-order-1,"ap_fixed<16,6,AP_RND,AP_SAT>",False,True,1000.0,1.52587890625e-05,-4.816479902161777,1.0,0.868402898311615,0.600841760635376,0.0,6.4865851402282715,6.4865851402282715,6.561237723456069,6.561237723456069,1.5739312833148869,1.5739312833148869,1.5739312833148869,1.5739312833148869,0.8883041082443347,0.9030029638698793,1.573931283314886,1.573931283314886,1.0,0.0,0.0,1.0,1.0
0.27384196342643613,2.4622888266898326,gt-order-1,"ap_fixed<16,6,AP_RND,AP_SAT>",False,True,1000.0,0.0,-12.0,1.0,0.7583029866218567,0.601929247379303,0.0,6.4863715171813965,6.4863715171813965,6.5612377234560695,6.5612377234560695,1.7967423105419016,1.7967423105419016,1.7967423105419016,1.7967423105419016,0.8724920606391166,0.9033103487646427,1.7967423105419,1.7967423105419,1.0,0.0,0.0,1.0,1.0
0.3126079367123954,2.4622888266898326,gt-order-1,"ap_fixed<16,6,AP_RND,AP_SAT>",False,True,1000.0,0.0,-12.0,1.0,0.6411354541778564,0.7343880534172058,0.0,6.512861728668213,6.512861728668213,6.5612377234560695,6.5612377234560695,2.0510950349015316,2.0510950349015316,2.0510950349015316,2.0510950349015316,1.0510950349015307,1.0510950349015307,2.0510950349015302,2.0510950349015302,1.0,0.0,0.0,1.0,1.0
0.35686174928348097,2.4622888266898326,gt-order-1,"ap_fixed<16,6,AP_RND,AP_SAT>",False,True,1000.0,0.0,-12.0,1.0,0.5371567606925964,0.5291502475738525,0.0,6.542089462280273,6.542089462280273,6.56123772345607,6.56123772345607,2.3414547128473506,2.3414547128473506,2.3414547128473506,2.3414547128473506,1.3414547128473502,1.3414547128473502,2.3414547128473484,2.3414547128473484,1.0,0.0,0.0,1.0,1.0
0.4073802778041126,2.4622888266898326,gt-order-1,"ap_fixed<16,6,AP_RND,AP_SAT>",False,True,1000.0,0.0,-12.0,1.0,0.45130062103271484,0.6181225776672363,0.0,6.554206848144531,6.554206848144531,6.5612377234560695,6.5612377234560695,2.672918879817084,2.672918879817084,2.672918879817084,2.672918879817084,1.6729188798170835,1.6729188798170835,2.6729188798170815,2.6729188798170815,1.0,0.0,0.0,1.0,1.0
0.46505037616660627,2.4622888266898326,gt-order-1,"ap_fixed<16,6,AP_RND,AP_SAT>",False,True,1000.0,0.0,-12.0,1.0,0.3828456401824951,0.5604485273361206,0.0,6.56339168548584,6.56339168548584,6.56123772345607,6.56123772345607,3.0513060276778927,3.0513060276778927,3.0513060276778927,3.0513060276778927,2.0513060276778914,2.0513060276778914,3.051306027677889,3.051306027677889,1.0,0.0,0.0,1.0,1.0
0.5308844442309882,2.4622888266898326,gt-order-1,"ap_fixed<16,6,AP_RND,AP_SAT>",False,True,1000.0,0.0,-12.0,1.0,0.3241906464099884,0.662266194820404,0.0,6.560207366943359,6.560207366943359,6.561237723456071,6.561237723456071,3.4832590454508523,3.4832590454508523,3.4832590454508523,3.4832590454508523,2.48325904545085,2.48325904545085,3.4832590454508483,3.4832590454508483,1.0,0.0,0.0,1.0,1.0
0.606038200527066,2.4622888266898326,gt-order-1,"ap_fixed<16,6,AP_RND,AP_SAT>",False,True,1000.0,0.0,-12.0,1.0,0.27437126636505127,0.5640760660171509,0.0,6.560744762420654,6.560744762420654,6.5612377234560695,6.5612377234560695,3.976360783522995,3.976360783522995,3.976360783522995,3.976360783522995,2.9763607835229937,2.9763607835229937,3.976360783522993,3.976360783522993,1.0,0.0,0.0,1.0,1.0
0.6918309709189363,2.4622888266898326,gt-order-1,"ap_fixed<16,6,AP_RND,AP_SAT>",True,False,,126.7552490234375,,0.45574134588241577,0.45574134588241577,1.0,0.0,6.558571815490723,6.558571815490723,6.561237723456066,6.561237723456066,4.539267607550568,4.539267607550568,4.539267607550568,4.539267607550568,3.5392676075505674,3.539267607550565,4.539267607550566,2.0687319287855486,1.0,0.0,0.0,1.0,1.0
0.7897688493998856,2.4622888266898326,gt-order-1,"ap_fixed<16,6,AP_RND,AP_SAT>",True,False,,193.22433471679688,,0.38323673605918884,0.38323673605918884,0.9999998807907104,0.0,6.559606552124023,6.559606552124023,6.561237723456065,6.561237723456065,5.181861333133748,5.181861333133748,5.181861333133748,5.181861333133748,4.181861333133748,4.181861333133748,5.181861333133747,1.9858796240214944,1.0,0.0,0.0,1.0,1.0
0.9015711376059565,2.4622888266898326,gt-order-1,"ap_fixed<16,6,AP_RND,AP_SAT>",True,False,,267.495849609375,,0.310465931892395,0.310465931892395,1.0,0.0,6.560274124145508,6.560274124145508,6.561237723456065,6.561237723456065,5.915422669904758,5.915422669904758,5.915422669904758,5.915422669904758,4.915422669904753,4.9154226699047525,5.915422669904756,1.8365372117493795,1.0,0.0,0.0,1.0,1.0
1.0292005271944276,2.4622888266898326,gt-order-1,"ap_fixed<16,6,AP_RND,AP_SAT>",True,False,,322.13421630859375,,0.2404269278049469,0.2404269278049469,0.9999998807907104,0.0,6.560677528381348,6.560677528381348,6.561237723456065,6.561237723456065,6.7528294992114715,6.75282949921147,6.7528294992114715,6.75282949921147,5.75282949921147,5.752829499211469,6.7528294992114715,1.6235620504860322,1.0,0.0,0.0,1.0,1.0
1.174897554939529,2.4622888266898326,gt-order-1,"ap_fixed<16,6,AP_RND,AP_SAT>",True,False,,118.97012329101562,,0.3378620147705078,0.3378620147705078,0.9999999403953552,0.0,6.486846446990967,6.486846446990967,6.561237723456065,6.561237723456065,7.708782136337844,7.708782136337842,7.708782136337844,7.708782136337842,6.7087821363378435,6.7087821363378355,7.708782136337844,2.6045046640100034,1.0,0.0,0.0,1.0,1.0
1.3412199354053709,2.4622888266898326,gt-order-1,"ap_fixed<16,6,AP_RND,AP_SAT>",True,False,,160.67127990722656,,0.2299843430519104,0.2299843430519104,0.9999999403953552,0.0,6.486748218536377,6.486748218536377,6.561237723456064,6.561237723456064,8.80006261670554,8.800062616705539,8.80006261670554,8.800062616705539,7.800062616705534,7.800062616705533,8.80006261670554,2.023876619718699,1.0,0.0,0.0,1.0,1.0
1.5310874616820287,2.4622888266898326,gt-order-1,"ap_fixed<16,6,AP_RND,AP_SAT>",True,False,,216.02220153808594,,0.1068158745765686,0.1068158745765686,0.9999999403953552,0.0,6.486788272857666,6.486788272857666,6.561237723456067,6.561237723456067,10.045829179297522,10.045829179297519,10.045829179297522,10.045829179297519,9.04582917929752,9.045829179297517,10.045829179297522,1.0730540296334772,1.0,0.0,0.0,1.0,1.0
1.7478332624182173,2.4622888266898326,gt-order-1,"ap_fixed<16,6,AP_RND,AP_SAT>",True,False,,289.25762939453125,,0.0,0.0,1.0,0.0,6.4867844581604,6.4867844581604,6.561237723456065,6.561237723456065,11.467949467025733,11.467949467025733,11.467949467025733,11.467949467025733,10.467949467025731,10.467949467025731,11.46794946702573,0.0,1.0,0.0,0.0,1.0,1.0
1.9952623149688795,2.4622888266898326,gt-order-1,"ap_fixed<16,6,AP_RND,AP_SAT>",True,False,,385.9156188964844,,0.0,0.0,1.0,0.0,6.486813068389893,6.486813068389893,6.561237723456064,6.561237723456064,13.09139004265396,13.09139004265396,13.09139004265396,13.09139004265396,12.091390042653957,12.091390042653957,13.091390042653957,0.0,1.0,0.0,0.0,1.0,1.0
0.01,2.5491212546385245,gt-order-1,"ap_fixed<16,6,AP_RND,AP_SAT>",False,True,1000.0,0.018585205078125,-1.7308326423034748,1.0,1.0,0.3684374690055847,0.0,6.9434494972229,6.9434494972229,7.032160486239593,7.032160486239593,0.07032160329058558,0.07032160329058558,0.07032160329058558,0.07032160329058558,0.9950095443944275,0.9950095443944275,0.07032160329058551,0.07032160329058551,1.0,0.0,0.0,1.0,1.0
0.011415633046188459,2.5491212546385245,gt-order-1,"ap_fixed<16,6,AP_RND,AP_SAT>",False,True,1000.0,0.0137786865234375,-1.860792180278674,1.0,1.0,0.36320674419403076,0.0,6.946692943572998,6.946692943572998,7.032160486239593,7.032160486239593,0.08027656593074473,0.08027656593074473,0.08027656593074473,0.08027656593074473,0.9943030787169378,0.9943030787169378,0.08027656593074467,0.08027656593074467,1.0,0.0,0.0,1.0,1.0
0.013031667784522994,2.5491212546385245,gt-order-1,"ap_fixed<16,6,AP_RND,AP_SAT>",False,True,1000.0,0.010528564453125,-1.9776308398451947,1.0,1.0,0.36133870482444763,0.0,6.94957160949707,6.94957160949707,7.032160486239593,7.032160486239593,0.09164078098842779,0.09164078098842779,0.09164078098842779,0.09164078098842779,0.9934966037777473,0.9934966037777473,0.09164078098842769,0.09164078098842769,1.0,0.0,0.0,1.0,1.0
0.014876473740795015,2.5491212546385245,gt-order-1,"ap_fixed<16,6,AP_RND,AP_SAT>",False,True,1000.0,0.0080718994140625,-2.0930242585347103,1.0,1.0,0.37062424421310425,0.0,6.955863952636719,6.955863952636719,7.032160486239592,7.032160486239592,0.10461375049284122,0.10461375049284122,0.10461375049284122,0.10461375049284122,0.9925759616798034,0.9925759616798034,0.10461375049284115,0.10461375049284115,1.0,0.0,0.0,1.0,1.0
0.016982436524617443,2.5491212546385245,gt-order-1,"ap_fixed<16,6,AP_RND,AP_SAT>",False,True,1000.0,0.006134033203125,-2.212253877468428,1.0,1.0,0.35810229182243347,0.0,6.94460916519165,6.94460916519165,7.032160486239594,7.032160486239594,0.11942321666588858,0.11942321666588858,0.11942321666588858,0.11942321666588858,0.9915249904274354,0.9915249904274354,0.11942321666588843,0.11942321666588843,1.0,0.0,0.0,1.0,1.0
0.019386526359522076,2.5491212546385245,gt-order-1,"ap_fixed<16,6,AP_RND,AP_SAT>",False,True,1000.0,0.00469970703125,-2.327929214030846,1.0,1.0,0.38002723455429077,0.0,6.952002048492432,6.952002048492432,7.032160486239593,7.032160486239593,0.13632916348936377,0.13632916348936377,0.13632916348936377,0.13632916348936377,0.9903252399504149,0.9903252399504149,0.13632916348936364,0.13632916348936364,1.0,0.0,0.0,1.0,1.0
0.022130947096056376,2.5491212546385245,gt-order-1,"ap_fixed<16,6,AP_RND,AP_SAT>",False,True,1000.0,0.0035247802734375,-2.452867950608343,1.0,1.0,0.38509953022003174,0.0,6.951998710632324,6.951998710632324,7.032160486239594,7.032160486239594,0.15562837495497847,0.15562837495497847,0.15562837495497847,0.15562837495497847,0.98895564862236,0.98895564862236,0.15562837495497836,0.15562837495497836,1.0,0.0,0.0,1.0,1.0
0.025263877101318954,2.5491212546385245,gt-order-1,"ap_fixed<16,6,AP_RND,AP_SAT>",False,True,1000.0,0.0027618408203125,-2.5588013555972666,1.0,1.0,0.5408948659896851,0.0,6.950429439544678,6.950429439544678,7.032160486239593,7.032160486239593,0.17765964168616016,0.17765964168616016,0.17765964168616016,0.17765964168616016,0.9873921737666719,0.9873921737666719,0.17765964168616,0.17765964168616,1.0,0.0,0.0,1.0,1.0
0.028840315031266057,2.5491212546385245,gt-order-1,"ap_fixed<16,6,AP_RND,AP_SAT>",False,True,1000.0,0.0021209716796875,-2.673465130164842,1.0,1.0,0.41904279589653015,0.0,6.952984809875488,6.952984809875488,7.032160486239592,7.032160486239592,0.20280972071897865,0.20280972071897865,0.20280972071897865,0.20280972071897865,0.9856073687136457,0.9856073687136457,0.20280972071897863,0.20280972071897863,1.0,0.0,0.0,1.0,1.0
0.03292304533334065,2.5491212546385245,gt-order-1,"ap_fixed<16,6,AP_RND,AP_SAT>",False,True,1000.0,0.00152587890625,-2.8164799303390797,1.0,1.0,0.3843127489089966,0.0,6.951139450073242,6.951139450073242,7.032160486239593,7.032160486239593,0.2315201466803475,0.2315201466803475,0.2315201466803475,0.2315201466803475,0.983569899437167,0.983569899437167,0.23152014668034734,0.23152014668034734,1.0,0.0,0.0,1.0,1.0
0.037583740428844416,2.5491212546385245,gt-order-1,"ap_fixed<16,6,AP_RND,AP_SAT>",False,True,1000.0,0.0011138916015625,-2.953157070113354,1.0,1.0,0.3908880650997162,0.0,6.952147006988525,6.952147006988525,7.032160486239593,7.032160486239593,0.2642949074619203,0.2642949074619203,0.2642949074619203,0.2642949074619203,0.9812439998414505,0.9812439998414505,0.26429490746192014,0.26429490746192014,1.0,0.0,0.0,1.0,1.0
0.04290421892388853,2.5491212546385245,gt-order-1,"ap_fixed<16,6,AP_RND,AP_SAT>",False,True,1000.0,0.00079345703125,-3.1004765864415553,1.0,1.0,0.3649473488330841,0.0,6.951076507568359,6.951076507568359,7.032160486239593,7.032160486239593,0.30170936424385086,0.30170936424385086,0.30170936424385086,0.30170936424385086,0.9785888387410231,0.9785888387410231,0.30170936424385053,0.30170936424385053,1.0,0.0,0.0,1.0,1.0
0.04897788193684462,2.5491212546385245,gt-order-1,"ap_fixed<16,6,AP_RND,AP_SAT>",False,True,1000.0,0.000640869140625,-3.193230639548134,1.0,1.0,0.3835126757621765,0.0,6.9524664878845215,6.9524664878845215,7.032160486239594,7.032160486239594,0.3444203241794796,0.3444203241794796,0.3444203241794796,0.3444203241794796,0.9755578050407621,0.9755578050407621,0.3444203241794794,0.3444203241794794,1.0,0.0,0.0,1.0,1.0
0.05591135275705602,2.5491212546385245,gt-order-1,"ap_fixed<16,6,AP_RND,AP_SAT>",False,True,1000.0,0.0004730224609375,-3.3251182358713,1.0,1.0,0.47008439898490906,0.0,6.952754974365234,6.952754974365234,7.032160486239594,7.032160486239594,0.3931775932014369,0.3931775932014369,0.3931775932014369,0.3931775932014369,0.9720976878773694,0.9720976878773694,0.39317759320143664,0.39317759320143664,1.0,0.0,0.0,1.0,1.0
0.06382634861905485,2.5491212546385245,gt-order-1,"ap_fixed<16,6,AP_RND,AP_SAT>",False,True,1000.0,0.000335693359375,-3.474057248507769,1.0,1.0,0.686802864074707,0.0,6.951712608337402,6.951712608337402,7.032160486239593,7.032160486239593,0.4488371006381007,0.4488371006381007,0.4488371006381007,0.4488371006381007,0.9681477452154688,0.9681477452154688,0.44883710063810034,0.44883710063810034,1.0,0.0,0.0,1.0,1.0
0.07286181745132274,2.5491212546385245,gt-order-1,"ap_fixed<16,6,AP_RND,AP_SAT>",False,True,1000.0,0.000244140625,-3.612359946188904,1.0,1.0,0.6658858060836792,0.0,6.953024864196777,6.953024864196777,7.032160486239593,7.032160486239593,0.5123760147898361,0.5123760147898361,0.5123760147898361,0.5123760147898361,0.9636386311528918,0.9636386311528918,0.5123760147898357,0.5123760147898357,1.0,0.0,0.0,1.0,1.0
0.08317637711026708,2.5491212546385245,gt-order-1,"ap_fixed<16,6,AP_RND,AP_SAT>",False,True,1000.0,0.0001678466796875,-3.7750872428780267,1.0,1.0,0.586085319519043,0.0,6.952561855316162,6.952561855316162,7.032160486239593,7.032160486239593,0.5849096136934633,0.5849096136934633,0.5849096136934633,0.5849096136934633,0.958491198666957,0.958491198666957,0.5849096136934628,0.5849096136934628,1.0,0.0,0.0,1.0,1.0
0.09495109992021983,2.5491212546385245,gt-order-1,"ap_fixed<16,6,AP_RND,AP_SAT>",False,True,1000.0,0.0001220703125,-3.913389940074015,1.0,1.0,0.4286479651927948,0.0,6.953022480010986,6.953022480010986,7.032160486239594,7.032160486239594,0.667711378097953,0.667711378097953,0.667711378097953,0.667711378097953,0.9526150736927268,0.9526150736927268,0.6677113780979524,0.6677113780979524,1.0,0.0,0.0,1.0,1.0
0.10839269140212034,2.5491212546385245,gt-order-1,"ap_fixed<16,6,AP_RND,AP_SAT>",False,True,1000.0,9.1552734375e-05,-4.038328675496402,1.0,1.0,0.6981034874916077,0.0,6.952761650085449,6.952761650085449,7.032160486239593,7.032160486239593,0.7622348134315092,0.7622348134315092,0.7622348134315092,0.7622348134315092,0.945907106501349,0.945907106501349,0.7622348134315088,0.7622348134315088,1.0,0.0,0.0,1.0,1.0
0.12373711899353519,2.5491212546385245,gt-order-1,"ap_fixed<16,6,AP_RND,AP_SAT>",False,True,1000.0,6.103515625e-05,-4.214419932180256,1.0,1.0,0.513239324092865,0.0,6.952939510345459,6.952939510345459,7.032160486239593,7.032160486239593,0.8701392798850579,0.8701392798850579,0.8701392798850579,0.8701392798850579,0.9382495386376829,0.9382495386376829,0.8701392798850573,0.8701392798850573,1.0,0.0,0.0,1.0,1.0
0.1412537544622754,2.5491212546385245,gt-order-1,"ap_fixed<16,6,AP_RND,AP_SAT>",False,True,1000.0,4.57763671875e-05,-4.339358666416729,1.0,1.0,0.7527316808700562,0.0,6.952341556549072,6.952341556549072,7.032160486239593,7.032160486239593,0.9933190709037987,0.9933190709037987,0.9933190709037987,0.9933190709037987,0.9295079393308157,0.9295079393308157,0.9933190709037982,0.9933190709037982,1.0,0.0,0.0,1.0,1.0
0.16125010273377416,2.5491212546385245,gt-order-1,"ap_fixed<16,6,AP_RND,AP_SAT>",False,True,1000.0,3.0517578125e-05,-4.515449920728757,1.0,0.9878836274147034,0.5618006587028503,0.0,6.952947616577148,6.952947616577148,7.032160486239593,7.032160486239593,1.1339365783856787,1.1339365783856787,1.1339365783856787,1.1339365783856787,0.9195288518865938,0.920503870299502,1.1339365783856779,1.1339365783856779,1.0,0.0,0.0,1.0,1.0
0.18407720014689555,2.5491212546385245,gt-order-1,"ap_fixed<16,6,AP_RND,AP_SAT>",False,True,1000.0,1.52587890625e-05,-4.816479902161777,1.0,0.9579510688781738,0.7870534062385559,0.0,6.952826499938965,6.952826499938965,7.032160486239594,7.032160486239594,1.2944604352793214,1.2944604352793214,1.2944604352793214,1.2944604352793214,0.9081370868531267,0.911999824160689,1.2944604352793199,1.2944604352793199,1.0,0.0,0.0,1.0,1.0
0.21013577690467466,2.5491212546385245,gt-order-1,"ap_fixed<16,6,AP_RND,AP_SAT>",False,True,1000.0,1.52587890625e-05,-4.816479902161777,1.0,0.9025655388832092,0.7287799715995789,0.0,6.953377723693848,6.953377723693848,7.032160486239593,7.032160486239593,1.4777084784003736,1.4777084784003736,1.4777084784003736,1.4777084784003736,0.8951326731137977,0.9053503645977127,1.4777084784003731,1.4777084784003731,1.0,0.0,0.0,1.0,1.0
0.239883291901949,2.5491212546385245,gt-order-1,"ap_fixed<16,6,AP_RND,AP_SAT>",False,True,1000.0,0.0,-12.0,1.0,0.8126680254936218,0.5263157486915588,0.0,6.953440189361572,6.953440189361572,7.032160486239594,7.032160486239594,1.6868977843944493,1.6868977843944493,1.6868977843944493,1.6868977843944493,0.8802873070260798,0.9027133221743594,1.6868977843944477,1.6868977843944477,1.0,0.0,0.0,1.0,1.0
0.27384196342643613,2.5491212546385245,gt-order-1,"ap_fixed<16,6,AP_RND,AP_SAT>",False,True,1000.0,0.0,-12.0,1.0,0.7013076543807983,0.6000000238418579,0.0,6.963765621185303,6.963765621185303,7.032160486239593,7.032160486239593,1.9257007309730934,1.9257007309730934,1.9257007309730934,1.9257007309730934,0.9257007309730929,0.9257007309730929,1.925700730973092,1.925700730973092,1.0,0.0,0.0,1.0,1.0
0.3126079367123954,2.5491212546385245,gt-order-1,"ap_fixed<16,6,AP_RND,AP_SAT>",False,True,1000.0,0.0,-12.0,1.0,0.5889244079589844,0.6415002942085266,0.0,7.000349998474121,7.000349998474121,7.032160486239592,7.032160486239592,2.198309231563593,2.198309231563593,2.198309231563593,2.198309231563593,1.1983092315635917,1.1983092315635917,2.198309231563591,2.198309231563591,1.0,0.0,0.0,1.0,1.0
0.35686174928348097,2.5491212546385245,gt-order-1,"ap_fixed<16,6,AP_RND,AP_SAT>",False,True,1000.0,0.0,-12.0,1.0,0.48884737491607666,0.6000000238418579,0.0,7.019614219665527,7.019614219665527,7.032160486239593,7.032160486239593,2.5095090295450495,2.5095090295450495,2.5095090295450495,2.5095090295450495,1.5095090295450502,1.5095090295450502,2.5095090295450477,2.5095090295450477,1.0,0.0,0.0,1.0,1.0
0.4073802778041126,2.5491212546385245,gt-order-1,"ap_fixed<16,6,AP_RND,AP_SAT>",False,True,1000.0,0.0,-12.0,1.0,0.3965572118759155,0.4723775088787079,0.0,7.063328742980957,7.063328742980957,7.0321604862395946,7.0321604862395946,2.8647635281339383,2.8647635281339383,2.8647635281339383,2.8647635281339383,1.8647635281339376,1.8647635281339376,2.864763528133936,2.864763528133936,1.0,0.0,0.0,1.0,1.0
0.46505037616660627,2.5491212546385245,gt-order-1,"ap_fixed<16,6,AP_RND,AP_SAT>",False,True,1000.0,0.0,-12.0,1.0,0.3509628176689148,0.4647580087184906,0.0,7.126095294952393,7.126095294952393,7.032160486239593,7.032160486239593,3.2703088325168554,3.2703088325168554,3.2703088325168554,3.2703088325168554,2.270308832516856,2.270308832516856,3.270308832516855,3.270308832516855,1.0,0.0,0.0,1.0,1.0
0.5308844442309882,2.5491212546385245,gt-order-1,"ap_fixed<16,6,AP_RND,AP_SAT>",False,True,1000.0,0.0,-12.0,1.0,0.29698067903518677,0.5551360845565796,0.0,7.126095294952393,7.126095294952393,7.032160486239594,7.032160486239594,3.7332646148741735,3.7332646148741735,3.7332646148741735,3.7332646148741735,2.7332646148741726,2.7332646148741726,3.7332646148741713,3.7332646148741713,1.0,0.0,0.0,1.0,1.0
0.606038200527066,2.5491212546385245,gt-order-1,"ap_fixed<16,6,AP_RND,AP_SAT>",True,False,,107.10794067382812,,0.48954224586486816,0.48954224586486816,0.9999998807907104,0.0,7.02878475189209,7.02878475189209,7.032160486239589,7.032160486239589,4.261757973035943,4.261757973035941,4.261757973035943,4.261757973035941,3.261757973035942,3.2617579730359383,4.261757973035943,2.0863105694525235,1.0,0.0,0.0,1.0,1.0
0.6918309709189363,2.5491212546385245,gt-order-1,"ap_fixed<16,6,AP_RND,AP_SAT>",True,False,,169.75015258789062,,0.4179248809814453,0.4179248809814453,0.9999998807907104,0.0,7.030065059661865,7.030065059661865,7.032160486239589,7.032160486239589,4.865066570011493,4.865066570011493,4.865066570011493,4.865066570011493,3.865066570011496,3.8650665700114892,4.865066570011493,2.0332323672388615,1.0,0.0,0.0,1.0,1.0
0.7897688493998856,2.5491212546385245,gt-order-1,"ap_fixed<16,6,AP_RND,AP_SAT>",True,False,,246.8844757080078,,0.34498292207717896,0.34498292207717896,0.9999999403953552,0.0,7.030951499938965,7.030951499938965,7.03216048623959,7.03216048623959,5.5537814735421165,5.553781473542115,5.5537814735421165,5.553781473542115,4.553781473542116,4.553781473542115,5.553781473542116,1.9159597613206596,1.0,0.0,0.0,1.0,1.0
0.9015711376059565,2.5491212546385245,gt-order-1,"ap_fixed<16,6,AP_RND,AP_SAT>",True,False,,320.054443359375,,0.2731975317001343,0.2731975317001343,0.9999999403953552,0.0,7.03151798248291,7.03151798248291,7.03216048623959,7.03216048623959,6.339993048872295,6.339993048872293,6.339993048872295,6.339993048872293,5.339993048872295,5.339993048872295,6.3399930488722935,1.7320704519479193,1.0,0.0,0.0,1.0,1.0
1.0292005271944276,2.5491212546385245,gt-order-1,"ap_fixed<16,6,AP_RND,AP_SAT>",True,False,,109.31686401367188,,0.384396493434906,0.384396493434906,1.0,0.0,6.953003406524658,6.953003406524658,7.0321604862395874,7.0321604862395874,7.237503467509586,7.237503467509584,7.237503467509586,7.237503467509584,6.237503467509586,6.237503467509586,7.237503467509586,2.782070954133658,1.0,0.0,0.0,1.0,1.0
1.174897554939529,2.5491212546385245,gt-order-1,"ap_fixed<16,6,AP_RND,AP_SAT>",True,False,,148.09397888183594,,0.2830985188484192,0.2830985188484192,0.9999999403953552,0.0,6.9529595375061035,6.9529595375061035,7.032160486239586,7.032160486239586,8.262068137295035,8.262068137295035,8.262068137295035,8.262068137295035,7.262068137295039,7.262068137295039,8.262068137295035,2.3389792522929422,1.0,0.0,0.0,1.0,1.0
1.3412199354053709,2.5491212546385245,gt-order-1,"ap_fixed<16,6,AP_RND,AP_SAT>",True,False,,199.50112915039062,,0.16744858026504517,0.16744858026504517,1.0,0.0,6.953008651733398,6.953008651733398,7.032160486239589,7.032160486239589,9.431673598473795,9.431673598473791,9.431673598473795,9.431673598473791,8.431673598473795,8.431673598473791,9.431673598473795,1.5793203535877465,1.0,0.0,0.0,1.0,1.0
1.5310874616820287,2.5491212546385245,gt-order-1,"ap_fixed<16,6,AP_RND,AP_SAT>",True,False,,267.66693115234375,,0.03543144464492798,0.03543144464492798,0.9999999403953552,0.0,6.953022003173828,6.953022003173828,7.032160486239588,7.032160486239588,10.766853143214226,10.766853143214222,10.766853143214226,10.766853143214222,9.766853143214222,9.76685314321422,10.766853143214226,0.38148516114386366,1.0,0.0,0.0,1.0,1.0
1.7478332624182173,2.5491212546385245,gt-order-1,"ap_fixed<16,6,AP_RND,AP_SAT>",True,False,,357.669189453125,,0.0,0.0,0.9999999403953552,0.0,6.953046798706055,6.953046798706055,7.032160486239591,7.032160486239591,12.291043930920413,12.291043930920413,12.291043930920413,12.291043930920413,11.291043930920411,11.291043930920411,12.291043930920402,0.0,1.0,0.0,0.0,1.0,1.0
1.9952623149688795,2.5491212546385245,gt-order-1,"ap_fixed<16,6,AP_RND,AP_SAT>",True,False,,476.39874267578125,,0.0,0.0,1.0,0.0,6.953051567077637,6.953051567077637,7.032160486239588,7.032160486239588,14.03100446106219,14.03100446106219,14.03100446106219,14.03100446106219,13.031004461062183,13.031004461062176,14.031004461062189,0.0,1.0,0.0,0.0,1.0,1.0
0.01,2.639015821545789,gt-order-1,"ap_fixed<16,6,AP_RND,AP_SAT>",False,True,1000.0,0.01763916015625,-1.753522096514568,1.0,1.0,0.3737148642539978,0.0,7.456233501434326,7.456233501434326,7.536882972719452,7.536882972719452,0.0753688280425699,0.0753688280425699,0.0753688280425699,0.0753688280425699,0.9946513621372997,0.9946513621372997,0.07536882804256985,0.07536882804256985,1.0,0.0,0.0,1.0,1.0
0.011415633046188459,2.639015821545789,gt-order-1,"ap_fixed<16,6,AP_RND,AP_SAT>",False,True,1000.0,0.013153076171875,-1.880972664765968,1.0,1.0,0.35688042640686035,0.0,7.446889877319336,7.446889877319336,7.536882972719452,7.536882972719452,0.08603829279148881,0.08603829279148881,0.08603829279148881,0.08603829279148881,0.9938941909749912,0.9938941909749912,0.08603829279148872,0.08603829279148872,1.0,0.0,0.0,1.0,1.0
0.013031667784522994,2.639015821545789,gt-order-1,"ap_fixed<16,6,AP_RND,AP_SAT>",False,True,1000.0,0.009735107421875,-2.0116592518579255,1.0,1.0,0.367789626121521,0.0,7.452521324157715,7.452521324157715,7.536882972719452,7.536882972719452,0.09821815687937095,0.09821815687937095,0.09821815687937095,0.09821815687937095,0.9930298325404114,0.9930298325404114,0.09821815687937087,0.09821815687937087,1.0,0.0,0.0,1.0,1.0
0.014876473740795015,2.639015821545789,gt-order-1,"ap_fixed<16,6,AP_RND,AP_SAT>",False,True,1000.0,0.0075836181640625,-2.1201235418330997,1.0,1.0,0.3532302975654602,0.0,7.449620723724365,7.449620723724365,7.536882972719452,7.536882972719452,0.11212224128625392,0.11212224128625392,0.11212224128625392,0.11212224128625392,0.9920431127752742,0.9920431127752742,0.11212224128625384,0.11212224128625384,1.0,0.0,0.0,1.0,1.0
0.016982436524617443,2.639015821545789,gt-order-1,"ap_fixed<16,6,AP_RND,AP_SAT>",False,True,1000.0,0.0057373046875,-2.2412920856203415,1.0,1.0,0.3517235219478607,0.0,7.448550224304199,7.448550224304199,7.536882972719452,7.536882972719452,0.1279946340812016,0.1279946340812016,0.1279946340812016,0.1279946340812016,0.9909167096815871,0.9909167096815871,0.1279946340812015,0.1279946340812015,1.0,0.0,0.0,1.0,1.0
0.019386526359522076,2.639015821545789,gt-order-1,"ap_fixed<16,6,AP_RND,AP_SAT>",False,True,1000.0,0.0042877197265625,-2.367773610617331,1.0,1.0,0.35597601532936096,0.0,7.453753471374512,7.453753471374512,7.536882972719452,7.536882972719452,0.14611397919581898,0.14611397919581898,0.14611397919581898,0.14611397919581898,0.9896308489637762,0.9896308489637762,0.14611397919581895,0.14611397919581895,1.0,0.0,0.0,1.0,1.0
0.022130947096056376,2.639015821545789,gt-order-1,"ap_fixed<16,6,AP_RND,AP_SAT>",False,True,1000.0,0.0033111572265625,-2.4800201966440087,1.0,1.0,0.346660315990448,0.0,7.4517693519592285,7.4517693519592285,7.536882972719452,7.536882972719452,0.16679836183565336,0.16679836183565336,0.16679836183565336,0.16679836183565336,0.9881629573296976,0.9881629573296976,0.1667983618356533,0.1667983618356533,1.0,0.0,0.0,1.0,1.0
0.025263877101318954,2.639015821545789,gt-order-1,"ap_fixed<16,6,AP_RND,AP_SAT>",False,True,1000.0,0.0026092529296875,-2.5834838200651014,1.0,1.0,0.38312387466430664,0.0,7.451483249664307,7.451483249664307,7.536882972719452,7.536882972719452,0.1904108887992518,0.1904108887992518,0.1904108887992518,0.1904108887992518,0.9864872664767071,0.9864872664767071,0.19041088879925167,0.19041088879925167,1.0,0.0,0.0,1.0,1.0
0.028840315031266057,2.639015821545789,gt-order-1,"ap_fixed<16,6,AP_RND,AP_SAT>",False,True,1000.0,0.001983642578125,-2.7025365780979245,1.0,1.0,0.3988834321498871,0.0,7.4518022537231445,7.4518022537231445,7.536882972719452,7.536882972719452,0.21736607601318308,0.21736607601318308,0.21736607601318308,0.21736607601318308,0.9845743597926974,0.9845743597926974,0.21736607601318292,0.21736607601318292,1.0,0.0,0.0,1.0,1.0
0.03292304533334065,2.639015821545789,gt-order-1,"ap_fixed<16,6,AP_RND,AP_SAT>",False,True,1000.0,0.001495361328125,-2.8252538546407764,1.0,1.0,0.3915785849094391,0.0,7.4532060623168945,7.4532060623168945,7.536882972719452,7.536882972719452,0.2481371485720625,0.2481371485720625,0.2481371485720625,0.2481371485720625,0.9823906543001378,0.9823906543001378,0.24813714857206234,0.24813714857206234,1.0,0.0,0.0,1.0,1.0
0.037583740428844416,2.639015821545789,gt-order-1,"ap_fixed<16,6,AP_RND,AP_SAT>",False,True,1000.0,0.0009307861328125,-3.031150095146343,1.0,1.0,0.4281359910964966,0.0,7.453603267669678,7.453603267669678,7.536882972719452,7.536882972719452,0.28326426732211846,0.28326426732211846,0.28326426732211846,0.28326426732211846,0.9798978168468606,0.9798978168468606,0.2832642673221181,0.2832642673221181,1.0,0.0,0.0,1.0,1.0
0.04290421892388853,2.639015821545789,gt-order-1,"ap_fixed<16,6,AP_RND,AP_SAT>",False,True,1000.0,0.0008087158203125,-3.0922040604858925,1.0,1.0,0.4211803674697876,0.0,7.451781272888184,7.451781272888184,7.536882972719452,7.536882972719452,0.3233640891059173,0.3233640891059173,0.3233640891059173,0.3233640891059173,0.9770520856520061,0.9770520856520061,0.32336408910591696,0.32336408910591696,1.0,0.0,0.0,1.0,1.0
0.04897788193684462,2.639015821545789,gt-order-1,"ap_fixed<16,6,AP_RND,AP_SAT>",False,True,1000.0,0.0006561279296875,-3.1830114743822073,1.0,1.0,0.4332772195339203,0.0,7.452541828155518,7.452541828155518,7.536882972719452,7.536882972719452,0.36914056239847737,0.36914056239847737,0.36914056239847737,0.36914056239847737,0.9738035041809607,0.9738035041809607,0.3691405623984772,0.3691405623984772,1.0,0.0,0.0,1.0,1.0
0.05591135275705602,2.639015821545789,gt-order-1,"ap_fixed<16,6,AP_RND,AP_SAT>",False,True,1000.0,0.00042724609375,-3.3693218982649826,1.0,1.0,0.3705956041812897,0.0,7.45299768447876,7.45299768447876,7.536882972719452,7.536882972719452,0.42139730929823394,0.42139730929823394,0.42139730929823394,0.42139730929823394,0.9700950424427506,0.9700950424427506,0.4213973092982337,0.4213973092982337,1.0,0.0,0.0,1.0,1.0
0.06382634861905485,2.639015821545789,gt-order-1,"ap_fixed<16,6,AP_RND,AP_SAT>",False,True,1000.0,0.0003662109375,-3.4362686877261797,1.0,1.0,0.4795322120189667,0.0,7.453098297119141,7.453098297119141,7.536882972719452,7.536882972719452,0.48105169214262605,0.48105169214262605,0.48105169214262605,0.48105169214262605,0.9658615987360588,0.9658615987360588,0.4810516921426257,0.4810516921426257,1.0,0.0,0.0,1.0,1.0
0.07286181745132274,2.639015821545789,gt-order-1,"ap_fixed<16,6,AP_RND,AP_SAT>",False,True,1000.0,0.0002593994140625,-3.5860310075711945,1.0,1.0,0.39464032649993896,0.0,7.453417778015137,7.453417778015137,7.53688297271945,7.53688297271945,0.5491510139815361,0.5491510139815361,0.5491510139815361,0.5491510139815361,0.9610288499635012,0.9610288499635012,0.5491510139815358,0.5491510139815358,1.0,0.0,0.0,1.0,1.0
0.08317637711026708,2.639015821545789,gt-order-1,"ap_fixed<16,6,AP_RND,AP_SAT>",False,True,1000.0,0.0001678466796875,-3.7750872428780267,1.0,1.0,0.4767036736011505,0.0,7.4522705078125,7.4522705078125,7.536882972719451,7.536882972719451,0.6268906002148906,0.6268906002148906,0.6268906002148906,0.6268906002148906,0.9555119684468676,0.9555119684468676,0.6268906002148903,0.6268906002148903,1.0,0.0,0.0,1.0,1.0
0.09495109992021983,2.639015821545789,gt-order-1,"ap_fixed<16,6,AP_RND,AP_SAT>",False,True,1000.0,0.0001373291015625,-3.8622374180219383,1.0,1.0,0.5295286774635315,0.0,7.452571392059326,7.452571392059326,7.536882972719452,7.536882972719452,0.7156353337107331,0.7156353337107331,0.7156353337107331,0.7156353337107331,0.9492140936620421,0.9492140936620421,0.7156353337107323,0.7156353337107323,1.0,0.0,0.0,1.0,1.0
0.10839269140212034,2.639015821545789,gt-order-1,"ap_fixed<16,6,AP_RND,AP_SAT>",False,True,1000.0,9.1552734375e-05,-4.038328675496402,1.0,1.0,0.4508347809314728,0.0,7.4522705078125,7.4522705078125,7.536882972719452,7.536882972719452,0.8169430430103806,0.8169430430103806,0.8169430430103806,0.8169430430103806,0.9420246724674137,0.9420246724674137,0.81694304301038,0.81694304301038,1.0,0.0,0.0,1.0,1.0
0.12373711899353519,2.639015821545789,gt-order-1,"ap_fixed<16,6,AP_RND,AP_SAT>",False,True,1000.0,6.103515625e-05,-4.214419932180256,1.0,1.0,0.44861772656440735,0.0,7.4527201652526855,7.4527201652526855,7.536882972719452,7.536882972719452,0.9325921863263654,0.9325921863263654,0.9325921863263654,0.9325921863263654,0.9338174944762767,0.9338174944762767,0.9325921863263645,0.9325921863263645,1.0,0.0,0.0,1.0,1.0
0.1412537544622754,2.639015821545789,gt-order-1,"ap_fixed<16,6,AP_RND,AP_SAT>",False,True,1000.0,3.0517578125e-05,-4.515449920728757,1.0,0.9947267174720764,0.5276981592178345,0.0,7.45277738571167,7.45277738571167,7.536882972719452,7.536882972719452,1.0646130170979253,1.0646130170979253,1.0646130170979253,1.0646130170979253,0.9244484803563925,0.9248468848648864,1.0646130170979242,1.0646130170979242,1.0,0.0,0.0,1.0,1.0
0.16125010273377416,2.639015821545789,gt-order-1,"ap_fixed<16,6,AP_RND,AP_SAT>",False,True,1000.0,1.52587890625e-05,-4.816479902161777,1.0,0.9794179797172546,0.7353918552398682,0.0,7.452231407165527,7.452231407165527,7.536882972719452,7.536882972719452,1.2153231295705096,1.2153231295705096,1.2153231295705096,1.2153231295705096,0.9137531592959742,0.9155282935206671,1.2153231295705083,1.2153231295705083,1.0,0.0,0.0,1.0,1.0
0.18407720014689555,2.639015821545789,gt-order-1,"ap_fixed<16,6,AP_RND,AP_SAT>",False,True,1000.0,1.52587890625e-05,-4.816479902161777,1.0,0.9366931319236755,0.5303300619125366,0.0,7.452245235443115,7.452245235443115,7.536882972719452,7.536882972719452,1.3873683390199185,1.3873683390199185,1.3873683390199185,1.3873683390199185,0.9015437678903176,0.9077767235877766,1.3873683390199176,1.3873683390199176,1.0,0.0,0.0,1.0,1.0
0.21013577690467466,2.639015821545789,gt-order-1,"ap_fixed<16,6,AP_RND,AP_SAT>",False,True,1000.0,1.52587890625e-05,-4.816479902161777,1.0,0.8625216484069824,0.6278031468391418,0.0,7.452945232391357,7.452945232391357,7.536882972719452,7.536882972719452,1.5837687281586148,1.5837687281586148,1.5837687281586148,1.5837687281586148,0.8876059824042142,0.9030577266721986,1.5837687281586135,1.5837687281586135,1.0,0.0,0.0,1.0,1.0
0.239883291901949,2.639015821545789,gt-order-1,"ap_fixed<16,6,AP_RND,AP_SAT>",False,True,1000.0,0.0,-12.0,1.0,0.7520105838775635,0.6461623907089233,0.0,7.452724933624268,7.452724933624268,7.536882972719452,7.536882972719452,1.807972274352829,1.807972274352829,1.807972274352829,1.807972274352829,0.8716951130531767,0.9035133670527741,1.8079722743528277,1.8079722743528277,1.0,0.0,0.0,1.0,1.0
0.27384196342643613,2.639015821545789,gt-order-1,"ap_fixed<16,6,AP_RND,AP_SAT>",False,True,1000.0,0.0,-12.0,1.0,0.627793550491333,0.6461623311042786,0.0,7.499999046325684,7.499999046325684,7.536882972719452,7.536882972719452,2.063914934567381,2.063914934567381,2.063914934567381,2.063914934567381,1.0639149345673808,1.0639149345673808,2.0639149345673786,2.0639149345673786,1.0,0.0,0.0,1.0,1.0
0.3126079367123954,2.639015821545789,gt-order-1,"ap_fixed<16,6,AP_RND,AP_SAT>",False,True,1000.0,0.0,-12.0,1.0,0.5322588682174683,0.5669466853141785,0.0,7.516327381134033,7.516327381134033,7.536882972719452,7.536882972719452,2.3560894903585288,2.3560894903585288,2.3560894903585288,2.3560894903585288,1.3560894903585283,1.3560894903585283,2.3560894903585283,2.3560894903585283,1.0,0.0,0.0,1.0,1.0
0.35686174928348097,2.639015821545789,gt-order-1,"ap_fixed<16,6,AP_RND,AP_SAT>",False,True,1000.0,0.0,-12.0,1.0,0.4476267099380493,0.6461623311042786,0.0,7.529617786407471,7.529617786407471,7.536882972719452,7.536882972719452,2.689625174464396,2.689625174464396,2.689625174464396,2.689625174464396,1.6896251744643964,1.6896251744643964,2.6896251744643953,2.6896251744643953,1.0,0.0,0.0,1.0,1.0
0.4073802778041126,2.639015821545789,gt-order-1,"ap_fixed<16,6,AP_RND,AP_SAT>",False,True,1000.0,0.0,-12.0,1.0,0.3436281383037567,0.6350005865097046,0.0,7.563273906707764,7.563273906707764,7.536882972719452,7.536882972719452,3.070377517451432,3.070377517451432,3.070377517451432,3.070377517451432,2.0703775174514325,2.0703775174514325,3.0703775174514285,3.0703775174514285,1.0,0.0,0.0,1.0,1.0
0.46505037616660627,2.639015821545789,gt-order-1,"ap_fixed<16,6,AP_RND,AP_SAT>",False,True,1000.0,0.0,-12.0,1.0,0.305448442697525,0.4856429100036621,0.0,7.563273906707764,7.563273906707764,7.536882972719452,7.536882972719452,3.5050302113498346,3.5050302113498346,3.5050302113498346,3.5050302113498346,2.505030211349835,2.505030211349835,3.5050302113498324,3.5050302113498324,1.0,0.0,0.0,1.0,1.0
0.5308844442309882,2.639015821545789,gt-order-1,"ap_fixed<16,6,AP_RND,AP_SAT>",True,False,,106.01730346679688,,0.4135653078556061,0.4135653078556061,0.9999999403953552,0.0,7.536301136016846,7.536301136016846,7.536882972719448,7.536882972719448,4.001213931843495,4.001213931843494,4.001213931843495,4.001213931843494,3.001213931843495,3.001213931843494,4.001213931843493,1.654763271518994,1.0,0.0,0.0,1.0,1.0
0.606038200527066,2.639015821545789,gt-order-1,"ap_fixed<16,6,AP_RND,AP_SAT>",True,False,,146.31546020507812,,0.45230621099472046,0.45230621099472046,1.0,0.0,7.534230709075928,7.534230709075928,7.536882972719448,7.536882972719448,4.567639086690148,4.567639086690148,4.567639086690148,4.567639086690148,3.5676390866901464,3.567639086690145,4.5676390866901455,2.0659715284922053,1.0,0.0,0.0,1.0,1.0
0.6918309709189363,2.639015821545789,gt-order-1,"ap_fixed<16,6,AP_RND,AP_SAT>",True,False,,222.26405334472656,,0.3797442317008972,0.3797442317008972,0.9999999403953552,0.0,7.535322666168213,7.535322666168213,7.5368829727194475,7.5368829727194475,5.2142492288701945,5.2142492288701945,5.2142492288701945,5.2142492288701945,4.214249228870192,4.214249228870191,5.214249228870191,1.9800810673143066,1.0,0.0,0.0,1.0,1.0
0.7897688493998856,2.639015821545789,gt-order-1,"ap_fixed<16,6,AP_RND,AP_SAT>",True,False,,305.90411376953125,,0.30702775716781616,0.30702775716781616,0.9999999403953552,0.0,7.536084175109863,7.536084175109863,7.536882972719447,7.536882972719447,5.952395583697457,5.952395583697456,5.952395583697457,5.952395583697456,4.952395583697456,4.952395583697456,5.952395583697456,1.8275506658382439,1.0,0.0,0.0,1.0,1.0
0.9015711376059565,2.639015821545789,gt-order-1,"ap_fixed<16,6,AP_RND,AP_SAT>",True,False,,100.4039306640625,,0.428072988986969,0.428072988986969,0.9999998807907104,0.0,7.452845096588135,7.452845096588135,7.536882972719448,7.536882972719448,6.795036283757708,6.795036283757708,6.795036283757708,6.795036283757708,5.795036283757704,5.795036283757704,6.795036283757708,2.908771492263068,1.0,0.0,0.0,1.0,1.0
1.0292005271944276,2.639015821545789,gt-order-1,"ap_fixed<16,6,AP_RND,AP_SAT>",True,False,,136.3795166015625,,0.3329637050628662,0.3329637050628662,1.0,0.0,7.4527387619018555,7.4527387619018555,7.536882972719449,7.536882972719449,7.756964130157439,7.756964130157439,7.756964130157439,7.756964130157439,6.756964130157432,6.756964130157432,7.756964130157434,2.5827875168169725,1.0,0.0,0.0,1.0,1.0
1.174897554939529,2.639015821545789,gt-order-1,"ap_fixed<16,6,AP_RND,AP_SAT>",True,False,,184.19677734375,,0.22437399625778198,0.22437399625778198,1.0,0.0,7.452785968780518,7.452785968780518,7.5368829727194475,7.5368829727194475,8.855065350865669,8.855065350865669,8.855065350865669,8.855065350865669,7.85506535086567,7.855065350865667,8.855065350865669,1.9868463998975483,1.0,0.0,0.0,1.0,1.0
1.3412199354053709,2.639015821545789,gt-order-1,"ap_fixed<16,6,AP_RND,AP_SAT>",True,False,,247.5364990234375,,0.10041683912277222,0.10041683912277222,1.0,0.0,7.4527907371521,7.4527907371521,7.536882972719446,7.536882972719446,10.108617442346974,10.108617442346972,10.108617442346974,10.108617442346972,9.108617442346974,9.10861744234697,10.108617442346974,1.0150754114618052,1.0,0.0,0.0,1.0,1.0
1.5310874616820287,2.639015821545789,gt-order-1,"ap_fixed<16,6,AP_RND,AP_SAT>",True,False,,331.3916015625,,0.0,0.0,1.0,0.0,7.452734470367432,7.452734470367432,7.53688297271945,7.53688297271945,11.5396274421854,11.539627442185395,11.5396274421854,11.539627442185395,10.539627442185397,10.539627442185397,11.5396274421854,0.0,1.0,0.0,0.0,1.0,1.0
1.7478332624182173,2.639015821545789,gt-order-1,"ap_fixed<16,6,AP_RND,AP_SAT>",True,False,,442.1236877441406,,0.0,0.0,0.9999998807907104,0.0,7.452813625335693,7.452813625335693,7.536882972719447,7.536882972719447,13.173214675798366,13.173214675798365,13.173214675798366,13.173214675798365,12.173214675798366,12.173214675798366,13.173214675798366,0.0,1.0,0.0,0.0,1.0,1.0
1.9952623149688795,2.639015821545789,gt-order-1,"ap_fixed<16,6,AP_RND,AP_SAT>",True,False,,587.90087890625,,0.0,0.0,1.0,0.0,7.4527459144592285,7.4527459144592285,7.536882972719448,7.536882972719448,15.03805819273609,15.03805819273609,15.03805819273609,15.03805819273609,14.038058192736083,14.038058192736077,15.038058192736083,0.0,1.0,0.0,0.0,1.0,1.0
0.01,2.732080513508791,gt-order-1,"ap_fixed<16,6,AP_RND,AP_SAT>",False,True,1000.0,0.01611328125,-1.7928160123989532,1.0,1.0,0.37150242924690247,0.0,7.976577281951904,7.976577281951904,8.077831164364977,8.077831164364977,0.08077830983811381,0.08077830983811381,0.08077830983811381,0.08077830983811381,0.9942674718984633,0.9942674718984633,0.08077830983811377,0.08077830983811377,1.0,0.0,0.0,1.0,1.0
0.011415633046188459,2.732080513508791,gt-order-1,"ap_fixed<16,6,AP_RND,AP_SAT>",False,True,1000.0,0.012176513671875,-1.9144770392373032,1.0,1.0,0.5307022929191589,0.0,7.986919403076172,7.986919403076172,8.077831164364977,8.077831164364977,0.09221355902108115,0.09221355902108115,0.09221355902108115,0.09221355902108115,0.9934559559429945,0.9934559559429945,0.09221355902108111,0.09221355902108111,1.0,0.0,0.0,1.0,1.0
0.013031667784522994,2.732080513508791,gt-order-1,"ap_fixed<16,6,AP_RND,AP_SAT>",False,True,1000.0,0.0095062255859375,-2.021991883918844,1.0,1.0,0.4020039141178131,0.0,7.9810357093811035,7.9810357093811035,8.077831164364977,8.077831164364977,0.10526761413417579,0.10526761413417579,0.10526761413417579,0.10526761413417579,0.9925295595139928,0.9925295595139928,0.10526761413417572,0.10526761413417572,1.0,0.0,0.0,1.0,1.0
0.014876473740795015,2.732080513508791,gt-order-1,"ap_fixed<16,6,AP_RND,AP_SAT>",False,True,1000.0,0.007049560546875,-2.1518379550059676,1.0,1.0,0.3917878270149231,0.0,7.980124473571777,7.980124473571777,8.077831164364975,8.077831164364975,0.12016964282964786,0.12016964282964786,0.12016964282964786,0.12016964282964786,0.991472019458526,0.991472019458526,0.12016964282964777,0.12016964282964777,1.0,0.0,0.0,1.0,1.0
0.016982436524617443,2.732080513508791,gt-order-1,"ap_fixed<16,6,AP_RND,AP_SAT>",False,True,1000.0,0.005035400390625,-2.2979659906595633,1.0,1.0,0.4170263111591339,0.0,7.97999382019043,7.97999382019043,8.077831164364977,8.077831164364977,0.13718125222257022,0.13718125222257022,0.13718125222257022,0.13718125222257022,0.9902647705188943,0.9902647705188943,0.13718125222257008,0.13718125222257008,1.0,0.0,0.0,1.0,1.0
0.019386526359522076,2.732080513508791,gt-order-1,"ap_fixed<16,6,AP_RND,AP_SAT>",False,True,1000.0,0.003662109375,-2.436268688793502,1.0,1.0,0.3650315999984741,0.0,7.988187313079834,7.988187313079834,8.077831164364977,8.077831164364977,0.15660108548448023,0.15660108548448023,0.15660108548448023,0.15660108548448023,0.9888866191299366,0.9888866191299366,0.15660108548448012,0.15660108548448012,1.0,0.0,0.0,1.0,1.0
0.022130947096056376,2.732080513508791,gt-order-1,"ap_fixed<16,6,AP_RND,AP_SAT>",False,True,1000.0,0.0030517578125,-2.515449934817408,1.0,1.0,0.3820626437664032,0.0,7.981794834136963,7.981794834136963,8.077831164364977,8.077831164364977,0.1787700578976762,0.1787700578976762,0.1787700578976762,0.1787700578976762,0.9873133718362569,0.9873133718362569,0.17877005789767603,0.17877005789767603,1.0,0.0,0.0,1.0,1.0
0.025263877101318954,2.732080513508791,gt-order-1,"ap_fixed<16,6,AP_RND,AP_SAT>",False,True,1000.0,0.002288818359375,-2.640388671378272,1.0,1.0,0.37670496106147766,0.0,7.987589359283447,7.987589359283447,8.077831164364977,8.077831164364977,0.2040773376930983,0.2040773376930983,0.2040773376930983,0.2040773376930983,0.9855174108550049,0.9855174108550049,0.20407733769309813,0.20407733769309813,1.0,0.0,0.0,1.0,1.0
0.028840315031266057,2.732080513508791,gt-order-1,"ap_fixed<16,6,AP_RND,AP_SAT>",False,True,1000.0,0.0016021728515625,-2.795290631282695,1.0,1.0,0.5348478555679321,0.0,7.984622478485107,7.984622478485107,8.077831164364977,8.077831164364977,0.2329671920408595,0.2329671920408595,0.2329671920408595,0.2329671920408595,0.9834672082420789,0.9834672082420789,0.23296719204085936,0.23296719204085936,1.0,0.0,0.0,1.0,1.0
0.03292304533334065,2.732080513508791,gt-order-1,"ap_fixed<16,6,AP_RND,AP_SAT>",False,True,1000.0,0.00115966796875,-2.9356663379684087,1.0,1.0,0.5447985529899597,0.0,7.987264156341553,7.987264156341553,8.077831164364977,8.077831164364977,0.2659468110394235,0.2659468110394235,0.2659468110394235,0.2659468110394235,0.9811267706534968,0.9811267706534968,0.26594681103942325,0.26594681103942325,1.0,0.0,0.0,1.0,1.0
0.037583740428844416,2.732080513508791,gt-order-1,"ap_fixed<16,6,AP_RND,AP_SAT>",False,True,1000.0,0.0008697509765625,-3.0606050744518756,1.0,1.0,0.38985344767570496,0.0,7.986982345581055,7.986982345581055,8.077831164364977,8.077831164364977,0.3035951247495631,0.3035951247495631,0.3035951247495631,0.3035951247495631,0.978455013634176,0.978455013634176,0.3035951247495629,0.3035951247495629,1.0,0.0,0.0,1.0,1.0
0.04290421892388853,2.732080513508791,gt-order-1,"ap_fixed<16,6,AP_RND,AP_SAT>",False,True,1000.0,0.0007476806640625,-3.12628385001433,1.0,1.0,0.37242886424064636,0.0,7.984022617340088,7.984022617340088,8.077831164364977,8.077831164364977,0.34657304961095653,0.34657304961095653,0.34657304961095653,0.34657304961095653,0.9754050344688848,0.9754050344688848,0.34657304961095636,0.34657304961095636,1.0,0.0,0.0,1.0,1.0
0.04897788193684462,2.732080513508791,gt-order-1,"ap_fixed<16,6,AP_RND,AP_SAT>",False,True,1000.0,0.000457763671875,-3.339358674955306,1.0,1.0,0.3964143395423889,0.0,7.985227584838867,7.985227584838867,8.077831164364977,8.077831164364977,0.3956350589184913,0.3956350589184913,0.3956350589184913,0.3956350589184913,0.9719232910697352,0.9719232910697352,0.395635058918491,0.395635058918491,1.0,0.0,0.0,1.0,1.0
0.05591135275705602,2.732080513508791,gt-order-1,"ap_fixed<16,6,AP_RND,AP_SAT>",False,True,1000.0,0.0003814697265625,-3.418539920813185,1.0,1.0,0.46730172634124756,0.0,7.986568450927734,7.986568450927734,8.077831164364977,8.077831164364977,0.45164245351160087,0.45164245351160087,0.45164245351160087,0.45164245351160087,0.9679486602060502,0.9679486602060502,0.45164245351160065,0.45164245351160065,1.0,0.0,0.0,1.0,1.0
0.06382634861905485,2.732080513508791,gt-order-1,"ap_fixed<16,6,AP_RND,AP_SAT>",False,True,1000.0,0.0002899169921875,-3.5377263281728744,1.0,1.0,0.6909879446029663,0.0,7.986685276031494,7.986685276031494,8.077831164364977,8.077831164364977,0.5155784379995647,0.5155784379995647,0.5155784379995647,0.5155784379995647,0.963411367602241,0.963411367602241,0.5155784379995643,0.5155784379995643,1.0,0.0,0.0,1.0,1.0
0.07286181745132274,2.732080513508791,gt-order-1,"ap_fixed<16,6,AP_RND,AP_SAT>",False,True,1000.0,0.000213623046875,-3.6703518929124668,1.0,1.0,0.3808322846889496,0.0,7.986435890197754,7.986435890197754,8.077831164364977,8.077831164364977,0.5885654839990311,0.5885654839990311,0.5885654839990311,0.5885654839990311,0.9582317557351615,0.9582317557351615,0.5885654839990305,0.5885654839990305,1.0,0.0,0.0,1.0,1.0
0.08317637711026708,2.732080513508791,gt-order-1,"ap_fixed<16,6,AP_RND,AP_SAT>",False,True,1000.0,0.0001678466796875,-3.7750872428780267,1.0,1.0,0.39283251762390137,0.0,7.988003253936768,7.988003253936768,8.077831164364977,8.077831164364977,0.6718847095533648,0.6718847095533648,0.6718847095533648,0.6718847095533648,0.9523189085507413,0.9523189085507413,0.6718847095533642,0.6718847095533642,1.0,0.0,0.0,1.0,1.0
0.09495109992021983,2.732080513508791,gt-order-1,"ap_fixed<16,6,AP_RND,AP_SAT>",False,True,1000.0,0.0001068115234375,-3.9713818865434534,1.0,1.0,0.5295107364654541,0.0,7.986966133117676,7.986966133117676,8.077831164364977,8.077831164364977,0.766998959900723,0.766998959900723,0.766998959900723,0.766998959900723,0.9455690135100355,0.9455690135100355,0.7669989599007225,0.7669989599007225,1.0,0.0,0.0,1.0,1.0
0.10839269140212034,2.732080513508791,gt-order-1,"ap_fixed<16,6,AP_RND,AP_SAT>",False,True,1000.0,6.103515625e-05,-4.214419932180256,1.0,1.0,0.5568282008171082,0.0,7.9874186515808105,7.9874186515808105,8.077831164364977,8.077831164364977,0.8755778743316904,0.8755778743316904,0.8755778743316904,0.8755778743316904,0.9378635826900877,0.9378635826900877,0.8755778743316897,0.8755778743316897,1.0,0.0,0.0,1.0,1.0
0.12373711899353519,2.732080513508791,gt-order-1,"ap_fixed<16,6,AP_RND,AP_SAT>",False,True,1000.0,4.57763671875e-05,-4.339358666416729,1.0,1.0,0.5072340965270996,0.0,7.987117767333984,7.987117767333984,8.077831164364975,8.077831164364975,0.9995275571636234,0.9995275571636234,0.9995275571636234,0.9995275571636234,0.9290673471482123,0.9290673471482123,0.999527557163623,0.999527557163623,1.0,0.0,0.0,1.0,1.0
0.1412537544622754,2.732080513508791,gt-order-1,"ap_fixed<16,6,AP_RND,AP_SAT>",False,True,1000.0,4.57763671875e-05,-4.339358666416729,1.0,0.9871655106544495,0.6265315413475037,0.0,7.988071918487549,7.988071918487549,8.077831164364977,8.077831164364977,1.141023980155988,1.141023980155988,1.141023980155988,1.141023980155988,0.9190258864801657,0.920065147877401,1.1410239801559874,1.1410239801559874,1.0,0.0,0.0,1.0,1.0
0.16125010273377416,2.732080513508791,gt-order-1,"ap_fixed<16,6,AP_RND,AP_SAT>",False,True,1000.0,1.52587890625e-05,-4.816479902161777,1.0,0.9557269811630249,0.6002450585365295,0.0,7.986976146697998,7.986976146697998,8.077831164364977,8.077831164364977,1.3025510793192019,1.3025510793192019,1.3025510793192019,1.3025510793192019,0.9075629252351413,0.9116553935874402,1.3025510793192019,1.3025510793192019,1.0,0.0,0.0,1.0,1.0
0.18407720014689555,2.732080513508791,gt-order-1,"ap_fixed<16,6,AP_RND,AP_SAT>",False,True,1000.0,1.52587890625e-05,-4.816479902161777,1.0,0.8988775014877319,0.8209007978439331,0.0,7.988028049468994,7.988028049468994,8.077831164364977,8.077831164364977,1.4869445692540317,1.4869445692540317,1.4869445692540317,1.4869445692540317,0.8944772235794579,0.905147950381054,1.4869445692540308,1.4869445692540308,1.0,0.0,0.0,1.0,1.0
0.21013577690467466,2.732080513508791,gt-order-1,"ap_fixed<16,6,AP_RND,AP_SAT>",False,True,1000.0,1.52587890625e-05,-4.816479902161777,1.0,0.8078204393386841,0.7664641737937927,0.0,7.98792839050293,7.98792839050293,8.077831164364977,8.077831164364977,1.6974412944679478,1.6974412944679478,1.6974412944679478,1.6974412944679478,0.8795390750221466,0.9026892026612456,1.6974412944679467,1.6974412944679467,1.0,0.0,0.0,1.0,1.0
0.239883291901949,2.732080513508791,gt-order-1,"ap_fixed<16,6,AP_RND,AP_SAT>",False,True,1000.0,0.0,-12.0,1.0,0.6946126818656921,0.7342477440834045,0.0,8.002840042114258,8.002840042114258,8.077831164364977,8.077831164364977,1.9377367056033146,1.9377367056033146,1.9377367056033146,1.9377367056033146,0.9377367056033136,0.9377367056033136,1.937736705603313,1.937736705603313,1.0,0.0,0.0,1.0,1.0
0.27384196342643613,2.732080513508791,gt-order-1,"ap_fixed<16,6,AP_RND,AP_SAT>",False,True,1000.0,0.0,-12.0,1.0,0.5841015577316284,0.5560218691825867,0.0,8.043485641479492,8.043485641479492,8.077831164364977,8.077831164364977,2.2120492568867802,2.2120492568867802,2.2120492568867802,2.2120492568867802,1.2120492568867796,1.2120492568867796,2.212049256886778,2.212049256886778,1.0,0.0,0.0,1.0,1.0
0.3126079367123954,2.732080513508791,gt-order-1,"ap_fixed<16,6,AP_RND,AP_SAT>",False,True,1000.0,0.0,-12.0,1.0,0.45472395420074463,0.6777075529098511,0.0,8.06407356262207,8.06407356262207,8.077831164364977,8.077831164364977,2.525194192365677,2.525194192365677,2.525194192365677,2.525194192365677,1.525194192365676,1.525194192365676,2.5251941923656758,2.5251941923656758,1.0,0.0,0.0,1.0,1.0
0.35686174928348097,2.732080513508791,gt-order-1,"ap_fixed<16,6,AP_RND,AP_SAT>",False,True,1000.0,0.0,-12.0,1.0,0.4108157157897949,0.4557327330112457,0.0,8.073315620422363,8.073315620422363,8.077831164364977,8.077831164364977,2.882668887574595,2.882668887574595,2.882668887574595,2.882668887574595,1.8826688875745945,1.8826688875745945,2.8826688875745936,2.8826688875745936,1.0,0.0,0.0,1.0,1.0
0.4073802778041126,2.732080513508791,gt-order-1,"ap_fixed<16,6,AP_RND,AP_SAT>",False,True,1000.0,0.0,-12.0,1.0,0.3482430577278137,0.6993996500968933,0.0,8.076103210449219,8.076103210449219,8.077831164364975,8.077831164364975,3.2907491447868016,3.2907491447868016,3.2907491447868016,3.2907491447868016,2.2907491447868007,2.2907491447868007,3.2907491447867994,3.2907491447867994,1.0,0.0,0.0,1.0,1.0
0.46505037616660627,2.732080513508791,gt-order-1,"ap_fixed<16,6,AP_RND,AP_SAT>",False,True,1000.0,0.0,-12.0,1.0,0.2946226894855499,0.443606972694397,0.0,8.125960350036621,8.125960350036621,8.077831164364977,8.077831164364977,3.7565983677555455,3.7565983677555455,3.7565983677555455,3.7565983677555455,2.756598367755545,2.756598367755545,3.756598367755542,3.756598367755542,1.0,0.0,0.0,1.0,1.0
0.5308844442309882,2.732080513508791,gt-order-1,"ap_fixed<16,6,AP_RND,AP_SAT>",True,False,,124.0045166015625,,0.48620471358299255,0.48620471358299255,1.0,0.0,8.074004173278809,8.074004173278809,8.077831164364971,8.077831164364971,4.28839491218405,4.2883949121840494,4.28839491218405,4.2883949121840494,3.288394912184049,3.288394912184047,4.2883949121840494,2.0850378200092083,1.0,0.0,0.0,1.0,1.0
0.606038200527066,2.732080513508791,gt-order-1,"ap_fixed<16,6,AP_RND,AP_SAT>",True,False,,195.8171844482422,,0.41447657346725464,0.41447657346725464,0.9999998807907104,0.0,8.075453758239746,8.075453758239746,8.077831164364973,8.077831164364973,4.8954743619595105,4.89547436195951,4.8954743619595105,4.89547436195951,3.895474361959506,3.895474361959506,4.8954743619595105,2.0290594390417724,1.0,0.0,0.0,1.0,1.0
0.6918309709189363,2.732080513508791,gt-order-1,"ap_fixed<16,6,AP_RND,AP_SAT>",True,False,,283.4586181640625,,0.34153082966804504,0.34153082966804504,0.9999999403953552,0.0,8.076403617858887,8.076403617858887,8.077831164364973,8.077831164364973,5.588493953294868,5.588493953294864,5.588493953294868,5.588493953294864,4.588493953294865,4.588493953294865,5.588493953294868,1.9086429764636492,1.0,0.0,0.0,1.0,1.0
0.7897688493998856,2.732080513508791,gt-order-1,"ap_fixed<16,6,AP_RND,AP_SAT>",True,False,,364.8507385253906,,0.2698746919631958,0.2698746919631958,0.9999999403953552,0.0,8.077009201049805,8.077009201049805,8.077831164364973,8.077831164364973,6.379619628254718,6.379619628254718,6.379619628254718,6.379619628254718,5.379619628254716,5.379619628254716,6.379619628254717,1.7216978820175994,1.0,0.0,0.0,1.0,1.0
0.9015711376059565,2.732080513508791,gt-order-1,"ap_fixed<16,6,AP_RND,AP_SAT>",True,False,,125.47264099121094,,0.37983471155166626,0.37983471155166626,1.0,0.0,7.987891674041748,7.987891674041748,8.077831164364973,8.077831164364973,7.282739569475328,7.282739569475328,7.282739569475328,7.282739569475328,6.282739569475329,6.282739569475329,7.282739569475325,2.766237283677566,1.0,0.0,0.0,1.0,1.0
1.0292005271944276,2.732080513508791,gt-order-1,"ap_fixed<16,6,AP_RND,AP_SAT>",True,False,,169.8368682861328,,0.2778947949409485,0.2778947949409485,0.9999999403953552,0.0,7.987803936004639,7.987803936004639,8.077831164364971,8.077831164364971,8.31370830862699,8.31370830862699,8.31370830862699,8.31370830862699,7.3137083086269925,7.3137083086269925,8.313708308626989,2.310336265624757,1.0,0.0,0.0,1.0,1.0
1.174897554939529,2.732080513508791,gt-order-1,"ap_fixed<16,6,AP_RND,AP_SAT>",True,False,,228.85125732421875,,0.16150254011154175,0.16150254011154175,0.9999999403953552,0.0,7.987908840179443,7.987908840179443,8.077831164364971,8.077831164364971,9.490624056738124,9.490624056738124,9.490624056738124,9.490624056738124,8.490624056738126,8.490624056738124,9.490624056738122,1.5327598924069117,1.0,0.0,0.0,1.0,1.0
1.3412199354053709,2.732080513508791,gt-order-1,"ap_fixed<16,6,AP_RND,AP_SAT>",True,False,,306.8948669433594,,0.028636157512664795,0.028636157512664795,1.0,0.0,7.987980365753174,7.987980365753174,8.077831164364973,8.077831164364973,10.834147922953731,10.834147922953731,10.834147922953731,10.834147922953731,9.834147922953727,9.834147922953724,10.83414792295373,0.3102483664372131,1.0,0.0,0.0,1.0,1.0
1.5310874616820287,2.732080513508791,gt-order-1,"ap_fixed<16,6,AP_RND,AP_SAT>",True,False,,410.05877685546875,,0.0,0.0,1.0,0.0,7.987932205200195,7.987932205200195,8.077831164364971,8.077831164364971,12.367866466156986,12.367866466156986,12.367866466156986,12.367866466156986,11.367866466156984,11.367866466156984,12.367866466156986,0.0,1.0,0.0,0.0,1.0,1.0
1.7478332624182173,2.732080513508791,gt-order-1,"ap_fixed<16,6,AP_RND,AP_SAT>",True,False,,546.1464233398438,,0.0,0.0,1.0,0.0,7.9878950119018555,7.9878950119018555,8.07783116436497,8.07783116436497,14.118701912740322,14.118701912740322,14.118701912740322,14.118701912740322,13.118701912740324,13.118701912740324,14.118701912740322,0.0,1.0,0.0,0.0,1.0,1.0
1.9952623149688795,2.732080513508791,gt-order-1,"ap_fixed<16,6,AP_RND,AP_SAT>",True,False,,725.25,,0.0,0.0,1.0,0.0,7.987948417663574,7.987948417663574,8.077831164364973,8.077831164364973,16.117391706957495,16.117391706957495,16.117391706957495,16.117391706957495,15.117391706957486,15.117391706957486,16.117391706957488,0.0,1.0,0.0,0.0,1.0,1.0
0.01,2.8284271247461903,gt-order-1,"ap_fixed<16,6,AP_RND,AP_SAT>",False,True,1000.0,0.0147705078125,-1.8306045732859026,1.0,1.0,0.35980862379074097,0.0,8.568808555603027,8.568808555603027,8.657605080786242,8.657605080786242,0.08657604887273689,0.08657604887273689,0.08657604887273689,0.08657604887273689,0.9938560285233412,0.9938560285233412,0.08657604887273684,0.08657604887273684,1.0,0.0,0.0,1.0,1.0
0.011415633046188459,2.8284271247461903,gt-order-1,"ap_fixed<16,6,AP_RND,AP_SAT>",False,True,1000.0,0.01104736328125,-1.9567413643872402,1.0,1.0,0.35864293575286865,0.0,8.554327011108398,8.554327011108398,8.657605080786242,8.657605080786242,0.09883204549015291,0.09883204549015291,0.09883204549015291,0.09883204549015291,0.9929862672600831,0.9929862672600831,0.09883204549015287,0.09883204549015287,1.0,0.0,0.0,1.0,1.0
0.013031667784522994,2.8284271247461903,gt-order-1,"ap_fixed<16,6,AP_RND,AP_SAT>",False,True,1000.0,0.00830078125,-2.0808810308731993,1.0,1.0,0.36869725584983826,0.0,8.560662269592285,8.560662269592285,8.657605080786242,8.657605080786242,0.11282303534527156,0.11282303534527156,0.11282303534527156,0.11282303534527156,0.9919933801542459,0.9919933801542459,0.11282303534527152,0.11282303534527152,1.0,0.0,0.0,1.0,1.0
0.014876473740795015,2.8284271247461903,gt-order-1,"ap_fixed<16,6,AP_RND,AP_SAT>",False,True,1000.0,0.00616455078125,-2.2100985654426437,1.0,1.0,0.374860554933548,0.0,8.562841415405273,8.562841415405273,8.657605080786244,8.657605080786244,0.12879463424635904,0.12879463424635904,0.12879463424635904,0.12879463424635904,0.9908599367901444,0.9908599367901444,0.12879463424635892,0.12879463424635892,1.0,0.0,0.0,1.0,1.0
0.016982436524617443,2.8284271247461903,gt-order-1,"ap_fixed<16,6,AP_RND,AP_SAT>",False,True,1000.0,0.004791259765625,-2.3195502824598413,1.0,1.0,0.3568727672100067,0.0,8.5580415725708,8.5580415725708,8.657605080786244,8.657605080786244,0.14702722575708954,0.14702722575708954,0.14702722575708954,0.14702722575708954,0.989566039417302,0.989566039417302,0.1470272257570894,0.1470272257570894,1.0,0.0,0.0,1.0,1.0
0.019386526359522076,2.8284271247461903,gt-order-1,"ap_fixed<16,6,AP_RND,AP_SAT>",False,True,1000.0,0.00360107421875,-2.443567927532991,1.0,1.0,0.3548569679260254,0.0,8.560580253601074,8.560580253601074,8.657605080786244,8.657605080786244,0.1678408877036315,0.1678408877036315,0.1678408877036315,0.1678408877036315,0.9880889733350607,0.9880889733350607,0.16784088770363137,0.16784088770363137,1.0,0.0,0.0,1.0,1.0
0.022130947096056376,2.8284271247461903,gt-order-1,"ap_fixed<16,6,AP_RND,AP_SAT>",False,True,1000.0,0.0026397705078125,-2.5784338273303837,1.0,1.0,0.5295162796974182,0.0,8.557933807373047,8.557933807373047,8.657605080786244,8.657605080786244,0.1916010040386928,0.1916010040386928,0.1916010040386928,0.1916010040386928,0.9864028086400269,0.9864028086400269,0.19160100403869268,0.19160100403869268,1.0,0.0,0.0,1.0,1.0
0.025263877101318954,2.8284271247461903,gt-order-1,"ap_fixed<16,6,AP_RND,AP_SAT>",False,True,1000.0,0.002166748046875,-2.664191586040207,1.0,1.0,0.3840823173522949,0.0,8.556792259216309,8.556792259216309,8.657605080786242,8.657605080786242,0.21872467494484862,0.21872467494484862,0.21872467494484862,0.21872467494484862,0.9844779453255244,0.9844779453255244,0.21872467494484862,0.21872467494484862,1.0,0.0,0.0,1.0,1.0
0.028840315031266057,2.8284271247461903,gt-order-1,"ap_fixed<16,6,AP_RND,AP_SAT>",False,True,1000.0,0.0015106201171875,-2.820844735738655,1.0,1.0,0.40903961658477783,0.0,8.560866355895996,8.560866355895996,8.657605080786242,8.657605080786242,0.24968805418552062,0.24968805418552062,0.24968805418552062,0.24968805418552062,0.9822805925778226,0.9822805925778226,0.24968805418552054,0.24968805418552054,1.0,0.0,0.0,1.0,1.0
0.03292304533334065,2.8284271247461903,gt-order-1,"ap_fixed<16,6,AP_RND,AP_SAT>",False,True,1000.0,0.0010986328125,-2.959147433797126,1.0,1.0,0.4143819510936737,0.0,8.557930946350098,8.557930946350098,8.657605080786242,8.657605080786242,0.28503473464895274,0.28503473464895274,0.28503473464895274,0.28503473464895274,0.9797721736861134,0.9797721736861134,0.2850347346489524,0.2850347346489524,1.0,0.0,0.0,1.0,1.0
0.037583740428844416,2.8284271247461903,gt-order-1,"ap_fixed<16,6,AP_RND,AP_SAT>",False,True,1000.0,0.0009002685546875,-3.0456279184991493,1.0,1.0,0.4370534420013428,0.0,8.56344985961914,8.56344985961914,8.657605080786244,8.657605080786244,0.3253851982112303,0.3253851982112303,0.3253851982112303,0.3253851982112303,0.9769086554218297,0.9769086554218297,0.32538519821123,0.32538519821123,1.0,0.0,0.0,1.0,1.0
0.04290421892388853,2.8284271247461903,gt-order-1,"ap_fixed<16,6,AP_RND,AP_SAT>",False,True,1000.0,0.0006866455078125,-3.1632674162158683,1.0,1.0,0.4085071086883545,0.0,8.561128616333008,8.561128616333008,8.657605080786242,8.657605080786242,0.37144779757367924,0.37144779757367924,0.37144779757367924,0.37144779757367924,0.9736397686995943,0.9736397686995943,0.371447797573679,0.371447797573679,1.0,0.0,0.0,1.0,1.0
0.04897788193684462,2.8284271247461903,gt-order-1,"ap_fixed<16,6,AP_RND,AP_SAT>",False,True,1000.0,0.0005340576171875,-3.2724118854602255,1.0,1.0,0.4644585847854614,0.0,8.5615816116333,8.5615816116333,8.657605080786242,8.657605080786242,0.4240311571923235,0.4240311571923235,0.4240311571923235,0.4240311571923235,0.9699081285306285,0.9699081285306285,0.42403115719232326,0.42403115719232326,1.0,0.0,0.0,1.0,1.0
0.05591135275705602,2.8284271247461903,gt-order-1,"ap_fixed<16,6,AP_RND,AP_SAT>",False,True,1000.0,0.000396728515625,-3.4015065815581917,1.0,1.0,0.4351617991924286,0.0,8.560916900634766,8.560916900634766,8.657605080786244,8.657605080786244,0.4840583964505513,0.4840583964505513,0.4840583964505513,0.4840583964505513,0.9656482246585161,0.9656482246585161,0.48405839645055093,0.48405839645055093,1.0,0.0,0.0,1.0,1.0
0.06382634861905485,2.8284271247461903,gt-order-1,"ap_fixed<16,6,AP_RND,AP_SAT>",False,True,1000.0,0.0002899169921875,-3.5377263281728744,1.0,1.0,0.4424358010292053,0.0,8.562295913696289,8.562295913696289,8.657605080786244,8.657605080786244,0.5525832879573153,0.5525832879573153,0.5525832879573153,0.5525832879573153,0.960785274866506,0.960785274866506,0.5525832879573148,0.5525832879573148,1.0,0.0,0.0,1.0,1.0
0.07286181745132274,2.8284271247461903,gt-order-1,"ap_fixed<16,6,AP_RND,AP_SAT>",False,True,1000.0,0.000213623046875,-3.6703518929124668,1.0,1.0,0.5645501613616943,0.0,8.5619535446167,8.5619535446167,8.657605080786244,8.657605080786244,0.6308088670043408,0.6308088670043408,0.6308088670043408,0.6308088670043408,0.9552339043354188,0.9552339043354188,0.63080886700434,0.63080886700434,1.0,0.0,0.0,1.0,1.0
0.08317637711026708,2.8284271247461903,gt-order-1,"ap_fixed<16,6,AP_RND,AP_SAT>",False,True,1000.0,0.000152587890625,-3.816479927777507,1.0,1.0,0.4415031671524048,0.0,8.561689376831055,8.561689376831055,8.657605080786242,8.657605080786242,0.7201082019135127,0.7201082019135127,0.7201082019135127,0.7201082019135127,0.9488966716514337,0.9488966716514337,0.7201082019135122,0.7201082019135122,1.0,0.0,0.0,1.0,1.0
0.09495109992021983,2.8284271247461903,gt-order-1,"ap_fixed<16,6,AP_RND,AP_SAT>",False,True,1000.0,9.1552734375e-05,-4.038328675496402,1.0,1.0,0.635223388671875,0.0,8.562193870544434,8.562193870544434,8.657605080786244,8.657605080786244,0.8220491313916047,0.8220491313916047,0.8220491313916047,0.8220491313916047,0.941662313290518,0.941662313290518,0.8220491313916041,0.8220491313916041,1.0,0.0,0.0,1.0,1.0
0.10839269140212034,2.8284271247461903,gt-order-1,"ap_fixed<16,6,AP_RND,AP_SAT>",False,True,1000.0,7.62939453125e-05,-4.117509920595296,1.0,1.0,0.4585901200771332,0.0,8.56152057647705,8.56152057647705,8.657605080786244,8.657605080786244,0.938421130523094,0.938421130523094,0.938421130523094,0.938421130523094,0.9334038370415418,0.9334038370415418,0.9384211305230928,0.9384211305230928,1.0,0.0,0.0,1.0,1.0
0.12373711899353519,2.8284271247461903,gt-order-1,"ap_fixed<16,6,AP_RND,AP_SAT>",False,True,1000.0,6.103515625e-05,-4.214419932180256,1.0,0.9940606355667114,0.4337014853954315,0.0,8.561646461486816,8.561646461486816,8.657605080786244,8.657605080786244,1.0712671113330865,1.0712671113330865,1.0712671113330865,1.0712671113330865,0.9239762652418032,0.9244277979081112,1.0712671113330858,1.0712671113330858,1.0,0.0,0.0,1.0,1.0
0.1412537544622754,2.8284271247461903,gt-order-1,"ap_fixed<16,6,AP_RND,AP_SAT>",False,True,1000.0,3.0517578125e-05,-4.515449920728757,1.0,0.9766883850097656,0.5263614058494568,0.0,8.562139511108398,8.562139511108398,8.657605080786244,8.657605080786244,1.2229192226096752,1.2229192226096752,1.2229192226096752,1.2229192226096752,0.9132140942003857,0.9152372138229642,1.2229192226096743,1.2229192226096743,1.0,0.0,0.0,1.0,1.0
0.16125010273377416,2.8284271247461903,gt-order-1,"ap_fixed<16,6,AP_RND,AP_SAT>",False,True,1000.0,3.0517578125e-05,-4.515449920728757,1.0,0.9347594976425171,0.8530333638191223,0.0,8.561701774597168,8.561701774597168,8.657605080786242,8.657605080786242,1.3960396810526856,1.3960396810526856,1.3960396810526856,1.3960396810526856,0.900928396567504,0.9073918777448003,1.396039681052685,1.396039681052685,1.0,0.0,0.0,1.0,1.0
0.18407720014689555,2.8284271247461903,gt-order-1,"ap_fixed<16,6,AP_RND,AP_SAT>",False,True,1000.0,1.52587890625e-05,-4.816479902161777,1.0,0.856416642665863,0.5564866662025452,0.0,8.561683654785156,8.561683654785156,8.657605080786242,8.657605080786242,1.5936677303199407,1.5936677303199407,1.5936677303199407,1.5936677303199407,0.8869034888303688,0.9031422656068815,1.593667730319939,1.593667730319939,1.0,0.0,0.0,1.0,1.0
0.21013577690467466,2.8284271247461903,gt-order-1,"ap_fixed<16,6,AP_RND,AP_SAT>",False,True,1000.0,1.52587890625e-05,-4.816479902161777,1.0,0.7460941076278687,0.7264326810836792,0.0,8.5620756149292,8.5620756149292,8.657605080786242,8.657605080786242,1.8192725344584941,1.8192725344584941,1.8192725344584941,1.8192725344584941,0.8708931776684204,0.90367416060385,1.8192725344584924,1.8192725344584924,1.0,0.0,0.0,1.0,1.0
0.239883291901949,2.8284271247461903,gt-order-1,"ap_fixed<16,6,AP_RND,AP_SAT>",False,True,1000.0,0.0,-12.0,1.0,0.6306533217430115,0.5876425504684448,0.0,8.598616600036621,8.598616600036621,8.657605080786244,8.657605080786244,2.0768147794007628,2.0768147794007628,2.0768147794007628,2.0768147794007628,1.0768147794007614,1.0768147794007614,2.07681477940076,2.07681477940076,1.0,0.0,0.0,1.0,1.0
0.27384196342643613,2.8284271247461903,gt-order-1,"ap_fixed<16,6,AP_RND,AP_SAT>",False,True,1000.0,1.52587890625e-05,-4.816479902161777,1.0,0.5270260572433472,0.5908789038658142,0.0,8.688173294067383,8.688173294067383,8.657605080786244,8.657605080786244,2.370815692441864,2.370815692441864,2.370815692441864,2.370815692441864,1.3708156924418622,1.3708156924418622,2.370815692441863,2.370815692441863,1.0,0.0,0.0,1.0,1.0
0.3126079367123954,2.8284271247461903,gt-order-1,"ap_fixed<16,6,AP_RND,AP_SAT>",False,True,1000.0,0.0,-12.0,1.0,0.41712671518325806,0.469596266746521,0.0,8.813163757324219,8.813163757324219,8.657605080786244,8.657605080786244,2.7064361243697337,2.7064361243697337,2.7064361243697337,2.7064361243697337,1.706436124369733,1.706436124369733,2.7064361243697315,2.7064361243697315,1.0,0.0,0.0,1.0,1.0
0.35686174928348097,2.8284271247461903,gt-order-1,"ap_fixed<16,6,AP_RND,AP_SAT>",False,True,1000.0,0.0,-12.0,1.0,0.37686702609062195,0.4695962965488434,0.0,8.813163757324219,8.813163757324219,8.657605080786242,8.657605080786242,3.0895680163986423,3.0895680163986423,3.0895680163986423,3.0895680163986423,2.089568016398642,2.089568016398642,3.089568016398639,3.089568016398639,1.0,0.0,0.0,1.0,1.0
0.4073802778041126,2.8284271247461903,gt-order-1,"ap_fixed<16,6,AP_RND,AP_SAT>",False,True,1000.0,0.0,-12.0,1.0,0.3190794885158539,0.4695962965488434,0.0,8.813163757324219,8.813163757324219,8.657605080786244,8.657605080786244,3.526937606864292,3.526937606864292,3.526937606864292,3.526937606864292,2.5269376068642924,2.5269376068642924,3.526937606864289,3.526937606864289,1.0,0.0,0.0,1.0,1.0
0.46505037616660627,2.8284271247461903,gt-order-1,"ap_fixed<16,6,AP_RND,AP_SAT>",True,False,,103.42422485351562,,0.5194193720817566,0.5194193720817566,1.0,0.0,8.652541160583496,8.652541160583496,8.657605080786238,8.657605080786238,4.026222441814361,4.026222441814361,4.026222441814361,4.026222441814361,3.026222441814357,3.0262224418143555,4.02622244181436,2.091297932588692,1.0,0.0,0.0,1.0,1.0
0.5308844442309882,2.8284271247461903,gt-order-1,"ap_fixed<16,6,AP_RND,AP_SAT>",True,False,,169.24111938476562,,0.4489014744758606,0.4489014744758606,1.0,0.0,8.654472351074219,8.654472351074219,8.65760508078624,8.65760508078624,4.59618786586278,4.59618786586278,4.59618786586278,4.59618786586278,3.5961878658627797,3.5961878658627797,4.5961878658627775,2.0632355099538597,1.0,0.0,0.0,1.0,1.0
0.606038200527066,2.8284271247461903,gt-order-1,"ap_fixed<16,6,AP_RND,AP_SAT>",True,False,,255.92420959472656,,0.3762754201889038,0.3762754201889038,0.9999999403953552,0.0,8.655741691589355,8.655741691589355,8.657605080786238,8.657605080786238,5.246839510081703,5.246839510081702,5.246839510081703,5.246839510081702,4.246839510081698,4.2468395100816965,5.246839510081698,1.9742567413197332,1.0,0.0,0.0,1.0,1.0
0.6918309709189363,2.8284271247461903,gt-order-1,"ap_fixed<16,6,AP_RND,AP_SAT>",True,False,,350.36737060546875,,0.30362850427627563,0.30362850427627563,0.9999998807907104,0.0,8.656548500061035,8.656548500061035,8.657605080786237,8.657605080786237,5.989599517433386,5.989599517433383,5.989599517433386,5.989599517433383,4.989599517433387,4.989599517433387,5.989599517433386,1.8186131426922014,1.0,0.0,0.0,1.0,1.0
0.7897688493998856,2.8284271247461903,gt-order-1,"ap_fixed<16,6,AP_RND,AP_SAT>",True,False,,115.32377624511719,,0.4238148331642151,0.4238148331642151,1.0,0.0,8.561810493469238,8.561810493469238,8.657605080786237,8.657605080786237,6.837507021775399,6.837507021775398,6.837507021775399,6.837507021775398,5.837507021775396,5.837507021775396,6.837507021775399,2.89783689769289,1.0,0.0,0.0,1.0,1.0
0.9015711376059565,2.8284271247461903,gt-order-1,"ap_fixed<16,6,AP_RND,AP_SAT>",True,False,,156.62164306640625,,0.3280907869338989,0.3280907869338989,0.9999999403953552,0.0,8.561821937561035,8.561821937561035,8.657605080786237,8.657605080786237,7.8054470087069765,7.8054470087069765,7.8054470087069765,7.8054470087069765,6.805447008706978,6.805447008706972,7.8054470087069765,2.560895251457519,1.0,0.0,0.0,1.0,1.0
1.0292005271944276,2.8284271247461903,gt-order-1,"ap_fixed<16,6,AP_RND,AP_SAT>",True,False,,211.47406005859375,,0.218805193901062,0.218805193901062,0.9999999403953552,0.0,8.561934471130371,8.561934471130371,8.657605080786237,8.657605080786237,8.910411944541075,8.910411944541075,8.910411944541075,8.910411944541075,7.910411944541073,7.910411944541073,8.910411944541075,1.949644413263649,1.0,0.0,0.0,1.0,1.0
1.174897554939529,2.8284271247461903,gt-order-1,"ap_fixed<16,6,AP_RND,AP_SAT>",True,False,,284.18402099609375,,0.09405410289764404,0.09405410289764404,1.0,0.0,8.56198787689209,8.56198787689209,8.657605080786237,8.657605080786237,10.171799011586232,10.171799011586229,10.171799011586232,10.171799011586229,9.171799011586236,9.171799011586236,10.171799011586232,0.9566994308898854,1.0,0.0,0.0,1.0,1.0
1.3412199354053709,2.8284271247461903,gt-order-1,"ap_fixed<16,6,AP_RND,AP_SAT>",True,False,,380.3597106933594,,0.0,0.0,1.0,0.0,8.561944961547852,8.561944961547852,8.657605080786237,8.657605080786237,11.61175223834078,11.61175223834078,11.61175223834078,11.61175223834078,10.611752238340788,10.611752238340788,11.61175223834078,0.0,1.0,0.0,0.0,1.0,1.0
1.5310874616820287,2.8284271247461903,gt-order-1,"ap_fixed<16,6,AP_RND,AP_SAT>",True,False,,507.3215637207031,,0.0,0.0,1.0,0.0,8.561903953552246,8.561903953552246,8.657605080786238,8.657605080786238,13.255551072699863,13.255551072699863,13.255551072699863,13.255551072699863,12.255551072699866,12.255551072699857,13.255551072699863,0.0,1.0,0.0,0.0,1.0,1.0
1.7478332624182173,2.8284271247461903,gt-order-1,"ap_fixed<16,6,AP_RND,AP_SAT>",True,False,,674.6201782226562,,0.0,0.0,1.0,0.0,8.5619535446167,8.5619535446167,8.657605080786237,8.657605080786237,15.132050042476505,15.132050042476505,15.132050042476505,15.132050042476505,14.132050042476498,14.132050042476498,15.132050042476505,0.0,1.0,0.0,0.0,1.0,1.0
1.9952623149688795,2.8284271247461903,gt-order-1,"ap_fixed<16,6,AP_RND,AP_SAT>",True,False,,894.6403198242188,,0.0,0.0,1.0,0.0,8.561955451965332,8.561955451965332,8.657605080786238,8.657605080786238,17.274192724743184,17.274192724743184,17.274192724743184,17.274192724743184,16.274192724743177,16.274192724743177,17.27419272474318,0.0,1.0,0.0,0.0,1.0,1.0
0.01,2.928171391891251,gt-order-1,"ap_fixed<16,6,AP_RND,AP_SAT>",False,True,1000.0,0.013031005859375,-1.8850220599013663,1.0,1.0,0.367470383644104,0.0,9.171335220336914,9.171335220336914,9.278991397470467,9.278991397470467,0.09278991190068847,0.09278991190068847,0.09278991190068847,0.09278991190068847,0.9934150543882363,0.9934150543882363,0.09278991190068835,0.09278991190068835,1.0,0.0,0.0,1.0,1.0
0.011415633046188459,2.928171391891251,gt-order-1,"ap_fixed<16,6,AP_RND,AP_SAT>",False,True,1000.0,0.0104217529296875,-1.9820592269004946,1.0,1.0,0.3592570424079895,0.0,9.177462577819824,9.177462577819824,9.278991397470467,9.278991397470467,0.10592556386439557,0.10592556386439557,0.10592556386439557,0.10592556386439557,0.9924828673434998,0.9924828673434998,0.10592556386439551,0.10592556386439551,1.0,0.0,0.0,1.0,1.0
0.013031667784522994,2.928171391891251,gt-order-1,"ap_fixed<16,6,AP_RND,AP_SAT>",False,True,1000.0,0.0076446533203125,-2.116642204699643,1.0,1.0,0.3626773953437805,0.0,9.180205345153809,9.180205345153809,9.278991397470467,9.278991397470467,0.1209207355425143,0.1209207355425143,0.1209207355425143,0.1209207355425143,0.9914187172875631,0.9914187172875631,0.1209207355425142,0.1209207355425142,1.0,0.0,0.0,1.0,1.0
0.014876473740795015,2.928171391891251,gt-order-1,"ap_fixed<16,6,AP_RND,AP_SAT>",False,True,1000.0,0.00592041015625,-2.2276482049561364,1.0,1.0,0.355000376701355,0.0,9.179204940795898,9.179204940795898,9.278991397470467,9.278991397470467,0.1380386714409695,0.1380386714409695,0.1380386714409695,0.1380386714409695,0.9902039227633735,0.9902039227633735,0.13803867144096937,0.13803867144096937,1.0,0.0,0.0,1.0,1.0
0.016982436524617443,2.928171391891251,gt-order-1,"ap_fixed<16,6,AP_RND,AP_SAT>",False,True,1000.0,0.004547119140625,-2.342263666451934,1.0,1.0,0.38301169872283936,0.0,9.177984237670898,9.177984237670898,9.278991397470467,9.278991397470467,0.15757987922337593,0.15757987922337593,0.15757987922337593,0.15757987922337593,0.9888171578899135,0.9888171578899135,0.15757987922337582,0.15757987922337582,1.0,0.0,0.0,1.0,1.0
0.019386526359522076,2.928171391891251,gt-order-1,"ap_fixed<16,6,AP_RND,AP_SAT>",False,True,1000.0,0.0035247802734375,-2.452867950608343,1.0,1.0,0.6443996429443359,0.0,9.18053913116455,9.18053913116455,9.278991397470465,9.278991397470465,0.17988740981060872,0.17988740981060872,0.17988740981060872,0.17988740981060872,0.9872340776537031,0.9872340776537031,0.17988740981060847,0.17988740981060847,1.0,0.0,0.0,1.0,1.0
0.022130947096056376,2.928171391891251,gt-order-1,"ap_fixed<16,6,AP_RND,AP_SAT>",False,True,1000.0,0.0025177001953125,-2.598995986237296,1.0,1.0,0.34899139404296875,0.0,9.175844192504883,9.175844192504883,9.278991397470467,9.278991397470467,0.2053528720277776,0.2053528720277776,0.2053528720277776,0.2053528720277776,0.9854268910722787,0.9854268910722787,0.20535287202777736,0.20535287202777736,1.0,0.0,0.0,1.0,1.0
0.025263877101318954,2.928171391891251,gt-order-1,"ap_fixed<16,6,AP_RND,AP_SAT>",False,True,1000.0,0.0019378662109375,-2.7126762094436327,1.0,1.0,0.42418864369392395,0.0,9.179308891296387,9.179308891296387,9.278991397470467,9.278991397470467,0.23442330278288243,0.23442330278288243,0.23442330278288243,0.23442330278288243,0.983363873643856,0.983363873643856,0.23442330278288223,0.23442330278288223,1.0,0.0,0.0,1.0,1.0
0.028840315031266057,2.928171391891251,gt-order-1,"ap_fixed<16,6,AP_RND,AP_SAT>",False,True,1000.0,0.00140380859375,-2.852692102968775,1.0,1.0,0.42459219694137573,0.0,9.176264762878418,9.176264762878418,9.278991397470467,9.278991397470467,0.26760903104489725,0.26760903104489725,0.26760903104489725,0.26760903104489725,0.9810088092708449,0.9810088092708449,0.26760903104489697,0.26760903104489697,1.0,0.0,0.0,1.0,1.0
0.03292304533334065,2.928171391891251,gt-order-1,"ap_fixed<16,6,AP_RND,AP_SAT>",False,True,1000.0,0.001129150390625,-2.947248210508102,1.0,1.0,0.42691123485565186,0.0,9.176426887512207,9.176426887512207,9.278991397470467,9.278991397470467,0.30549266524729474,0.30549266524729474,0.30549266524729474,0.30549266524729474,0.9783203524581502,0.9783203524581502,0.3054926652472943,0.3054926652472943,1.0,0.0,0.0,1.0,1.0
0.037583740428844416,2.928171391891251,gt-order-1,"ap_fixed<16,6,AP_RND,AP_SAT>",False,True,1000.0,0.000762939453125,-3.117509925718442,1.0,1.0,0.3714521527290344,0.0,9.177803993225098,9.177803993225098,9.278991397470467,9.278991397470467,0.3487392214004793,0.3487392214004793,0.3487392214004793,0.3487392214004793,0.9752513095597195,0.9752513095597195,0.3487392214004789,0.3487392214004789,1.0,0.0,0.0,1.0,1.0
0.04290421892388853,2.928171391891251,gt-order-1,"ap_fixed<16,6,AP_RND,AP_SAT>",False,True,1000.0,0.000579833984375,-3.236696333257891,1.0,1.0,0.3699227273464203,0.0,9.17618465423584,9.17618465423584,9.278991397470467,9.278991397470467,0.3981078931337108,0.3981078931337108,0.3981078931337108,0.3981078931337108,0.9717478035036269,0.9717478035036269,0.3981078931337104,0.3981078931337104,1.0,0.0,0.0,1.0,1.0
0.04897788193684462,2.928171391891251,gt-order-1,"ap_fixed<16,6,AP_RND,AP_SAT>",False,True,1000.0,0.0004425048828125,-3.3540819317432975,1.0,1.0,0.3684331178665161,0.0,9.176551818847656,9.176551818847656,9.278991397470467,9.278991397470467,0.4544653426822395,0.4544653426822395,0.4544653426822395,0.4544653426822395,0.9677483305814844,0.9677483305814844,0.4544653426822389,0.4544653426822389,1.0,0.0,0.0,1.0,1.0
0.05591135275705602,2.928171391891251,gt-order-1,"ap_fixed<16,6,AP_RND,AP_SAT>",False,True,1000.0,0.000396728515625,-3.4015065815581917,1.0,1.0,0.47893282771110535,0.0,9.176193237304688,9.176193237304688,9.27899139747047,9.27899139747047,0.5188009449063611,0.5188009449063611,0.5188009449063611,0.5188009449063611,0.9631826786386379,0.9631826786386379,0.5188009449063602,0.5188009449063602,1.0,0.0,0.0,1.0,1.0
0.06382634861905485,2.928171391891251,gt-order-1,"ap_fixed<16,6,AP_RND,AP_SAT>",False,True,1000.0,0.000244140625,-3.612359946188904,1.0,1.0,0.3907323479652405,0.0,9.177597999572754,9.177597999572754,9.278991397470467,9.278991397470467,0.5922441053266692,0.5922441053266692,0.5922441053266692,0.5922441053266692,0.957970698079357,0.957970698079357,0.5922441053266686,0.5922441053266686,1.0,0.0,0.0,1.0,1.0
0.07286181745132274,2.928171391891251,gt-order-1,"ap_fixed<16,6,AP_RND,AP_SAT>",False,True,1000.0,0.0001983642578125,-3.7025365761274838,1.0,1.0,0.6716734766960144,0.0,9.176310539245605,9.176310539245605,9.278991397470467,9.278991397470467,0.6760842052464934,0.6760842052464934,0.6760842052464934,0.6760842052464934,0.9520208864376799,0.9520208864376799,0.6760842052464928,0.6760842052464928,1.0,0.0,0.0,1.0,1.0
0.08317637711026708,2.928171391891251,gt-order-1,"ap_fixed<16,6,AP_RND,AP_SAT>",False,True,1000.0,0.0001068115234375,-3.9713818865434534,1.0,1.0,0.43963316082954407,0.0,9.175895690917969,9.175895690917969,9.278991397470467,9.278991397470467,0.7717928628590892,0.7717928628590892,0.7717928628590892,0.7717928628590892,0.9452288085916699,0.9452288085916699,0.7717928628590887,0.7717928628590887,1.0,0.0,0.0,1.0,1.0
0.09495109992021983,2.928171391891251,gt-order-1,"ap_fixed<16,6,AP_RND,AP_SAT>",False,True,1000.0,9.1552734375e-05,-4.038328675496402,1.0,1.0,0.558549702167511,0.0,9.176860809326172,9.176860809326172,9.278991397470467,9.278991397470467,0.8810504460880363,0.8810504460880363,0.8810504460880363,0.8810504460880363,0.9374752152484042,0.9374752152484042,0.8810504460880356,0.8810504460880356,1.0,0.0,0.0,1.0,1.0
0.10839269140212034,2.928171391891251,gt-order-1,"ap_fixed<16,6,AP_RND,AP_SAT>",False,True,1000.0,6.103515625e-05,-4.214419932180256,1.0,1.0,0.5089865922927856,0.0,9.176761627197266,9.176761627197266,9.278991397470467,9.278991397470467,1.0057748668454527,1.0057748668454527,1.0057748668454527,1.0057748668454527,0.928623999525456,0.928623999525456,1.0057748668454516,1.0057748668454516,1.0,0.0,0.0,1.0,1.0
0.12373711899353519,2.928171391891251,gt-order-1,"ap_fixed<16,6,AP_RND,AP_SAT>",False,True,1000.0,3.0517578125e-05,-4.515449920728757,1.0,0.9864505529403687,0.6017935276031494,0.0,9.176667213439941,9.176667213439941,9.278991397470465,9.278991397470465,1.1481556640315145,1.1481556640315145,1.1481556640315145,1.1481556640315145,0.9185197782106078,0.9196237901621498,1.148155664031514,1.148155664031514,1.0,0.0,0.0,1.0,1.0
0.1412537544622754,2.928171391891251,gt-order-1,"ap_fixed<16,6,AP_RND,AP_SAT>",False,True,1000.0,3.0517578125e-05,-4.515449920728757,1.0,0.9537015557289124,0.7443873882293701,0.0,9.176630020141602,9.176630020141602,9.278991397470465,9.278991397470465,1.3106923728341189,1.3106923728341189,1.3106923728341189,1.3106923728341189,0.9069851688392164,0.911291610816098,1.3106923728341175,1.3106923728341175,1.0,0.0,0.0,1.0,1.0
0.16125010273377416,2.928171391891251,gt-order-1,"ap_fixed<16,6,AP_RND,AP_SAT>",False,True,1000.0,1.52587890625e-05,-4.816479902161777,1.0,0.8953437209129333,0.8222264051437378,0.0,9.176285743713379,9.176285743713379,9.278991397470467,9.278991397470467,1.4962382864706596,1.4962382864706596,1.4962382864706596,1.4962382864706596,0.893817684090558,0.9049303301784873,1.4962382864706583,1.4962382864706583,1.0,0.0,0.0,1.0,1.0
0.18407720014689555,2.928171391891251,gt-order-1,"ap_fixed<16,6,AP_RND,AP_SAT>",False,True,1000.0,0.0,-12.0,1.0,0.8034279942512512,0.5607231855392456,0.0,9.176827430725098,9.176827430725098,9.278991397470465,9.278991397470465,1.7080507856477636,1.7080507856477636,1.7080507856477636,1.7080507856477636,0.8787861600983181,0.9026134077322987,1.708050785647762,1.708050785647762,1.0,0.0,0.0,1.0,1.0
0.21013577690467466,2.928171391891251,gt-order-1,"ap_fixed<16,6,AP_RND,AP_SAT>",False,True,1000.0,0.0,-12.0,1.0,0.6879391670227051,0.5511782765388489,0.0,9.19589900970459,9.19589900970459,9.278991397470467,9.278991397470467,1.9498480283373711,1.9498480283373711,1.9498480283373711,1.9498480283373711,0.94984802833737,0.94984802833737,1.9498480283373694,1.9498480283373694,1.0,0.0,0.0,1.0,1.0
0.239883291901949,2.928171391891251,gt-order-1,"ap_fixed<16,6,AP_RND,AP_SAT>",False,True,1000.0,0.0,-12.0,1.0,0.5788189172744751,0.6084241271018982,0.0,9.241020202636719,9.241020202636719,9.278991397470467,9.278991397470467,2.2258749726257,2.2258749726257,2.2258749726257,2.2258749726257,1.2258749726256986,1.2258749726256986,2.225874972625698,2.225874972625698,1.0,0.0,0.0,1.0,1.0
0.27384196342643613,2.928171391891251,gt-order-1,"ap_fixed<16,6,AP_RND,AP_SAT>",False,True,1000.0,0.0,-12.0,1.0,0.4667647182941437,0.517857551574707,0.0,9.313128471374512,9.313128471374512,9.278991397470465,9.278991397470465,2.5409773499576414,2.5409773499576414,2.5409773499576414,2.5409773499576414,1.5409773499576407,1.5409773499576407,2.5409773499576396,2.5409773499576396,1.0,0.0,0.0,1.0,1.0
0.3126079367123954,2.928171391891251,gt-order-1,"ap_fixed<16,6,AP_RND,AP_SAT>",False,True,1000.0,0.0,-12.0,1.0,0.40757304430007935,0.42884501814842224,0.0,9.313128471374512,9.313128471374512,9.278991397470465,9.278991397470465,2.900686423265384,2.900686423265384,2.900686423265384,2.900686423265384,1.9006864232653833,1.9006864232653833,2.900686423265382,2.900686423265382,1.0,0.0,0.0,1.0,1.0
0.35686174928348097,2.928171391891251,gt-order-1,"ap_fixed<16,6,AP_RND,AP_SAT>",False,True,1000.0,0.0,-12.0,1.0,0.3455091118812561,0.5324139595031738,0.0,9.313128471374512,9.313128471374512,9.278991397470467,9.278991397470467,3.3113170188007004,3.3113170188007004,3.3113170188007004,3.3113170188007004,2.3113170188006977,2.3113170188006977,3.3113170188006973,3.3113170188006973,1.0,0.0,0.0,1.0,1.0
0.4073802778041126,2.928171391891251,gt-order-1,"ap_fixed<16,6,AP_RND,AP_SAT>",True,False,,100.0401611328125,,0.4433045983314514,0.4433045983314514,0.9999998807907104,0.0,9.277347564697266,9.277347564697266,9.27899139747046,9.27899139747046,3.7800781403321704,3.7800781403321695,3.7800781403321704,3.7800781403321695,2.7800781403321673,2.780078140332165,3.7800781403321704,1.6757260216614527,1.0,0.0,0.0,1.0,1.0
0.46505037616660627,2.928171391891251,gt-order-1,"ap_fixed<16,6,AP_RND,AP_SAT>",True,False,,143.72006225585938,,0.4828629493713379,0.4828629493713379,0.9999999403953552,0.0,9.274456024169922,9.274456024169922,9.27899139747046,9.27899139747046,4.315198377991295,4.315198377991295,4.315198377991295,4.315198377991295,3.3151983779912904,3.315198377991289,4.315198377991294,2.0836494159192895,1.0,0.0,0.0,1.0,1.0
0.5308844442309882,2.928171391891251,gt-order-1,"ap_fixed<16,6,AP_RND,AP_SAT>",True,False,,226.1373748779297,,0.4110393524169922,0.4110393524169922,1.0,0.0,9.276081085205078,9.276081085205078,9.278991397470458,9.278991397470458,4.926072195548306,4.926072195548305,4.926072195548306,4.926072195548305,3.926072195548305,3.9260721955483016,4.926072195548305,2.024809525217526,1.0,0.0,0.0,1.0,1.0
0.606038200527066,2.928171391891251,gt-order-1,"ap_fixed<16,6,AP_RND,AP_SAT>",True,False,,325.8738098144531,,0.33808308839797974,0.33808308839797974,0.9999999403953552,0.0,9.277144432067871,9.277144432067871,9.27899139747046,9.27899139747046,5.623423362888584,5.623423362888583,5.623423362888584,5.623423362888583,4.623423362888581,4.623423362888577,5.623423362888584,1.9011843378947257,1.0,0.0,0.0,1.0,1.0
0.6918309709189363,2.928171391891251,gt-order-1,"ap_fixed<16,6,AP_RND,AP_SAT>",True,False,,105.92080688476562,,0.4651392698287964,0.4651392698287964,1.0,0.0,9.176528930664062,9.176528930664062,9.278991397470458,9.278991397470458,6.4194938297544,6.4194938297544,6.4194938297544,6.4194938297544,5.419493829754401,5.419493829754397,6.4194938297543995,2.985958672642425,1.0,0.0,0.0,1.0,1.0
0.7897688493998856,2.928171391891251,gt-order-1,"ap_fixed<16,6,AP_RND,AP_SAT>",True,False,,144.24085998535156,,0.37525540590286255,0.37525540590286255,0.9999998807907104,0.0,9.176666259765625,9.176666259765625,9.278991397470458,9.278991397470458,7.328258593823043,7.328258593823043,7.328258593823043,7.328258593823043,6.328258593823039,6.328258593823037,7.3282585938230405,2.7499686531862055,1.0,0.0,0.0,1.0,1.0
0.9015711376059565,2.928171391891251,gt-order-1,"ap_fixed<16,6,AP_RND,AP_SAT>",True,False,,195.25131225585938,,0.2726593017578125,0.2726593017578125,1.0,0.0,9.176654815673828,9.176654815673828,9.278991397470458,9.278991397470458,8.365670987689144,8.365670987689144,8.365670987689144,8.365670987689144,7.365670987689146,7.365670987689136,8.365670987689144,2.2809780102389117,1.0,0.0,0.0,1.0,1.0
1.0292005271944276,2.928171391891251,gt-order-1,"ap_fixed<16,6,AP_RND,AP_SAT>",True,False,,262.9766845703125,,0.15553349256515503,0.15553349256515503,0.9999999403953552,0.0,9.176700592041016,9.176700592041016,9.27899139747046,9.27899139747046,9.549943085854657,9.549943085854654,9.549943085854657,9.549943085854654,8.549943085854656,8.549943085854645,9.549943085854657,1.485336001941429,1.0,0.0,0.0,1.0,1.0
1.174897554939529,2.928171391891251,gt-order-1,"ap_fixed<16,6,AP_RND,AP_SAT>",True,False,,352.6666259765625,,0.021831095218658447,0.021831095218658447,1.0,0.0,9.176705360412598,9.176705360412598,9.27899139747046,9.27899139747046,10.901864273616846,10.901864273616846,10.901864273616846,10.901864273616846,9.90186427361685,9.90186427361685,10.901864273616843,0.23799963701822,1.0,0.0,0.0,1.0,1.0
1.3412199354053709,2.928171391891251,gt-order-1,"ap_fixed<16,6,AP_RND,AP_SAT>",True,False,,471.0974426269531,,0.0,0.0,1.0,0.0,9.176589965820312,9.176589965820312,9.278991397470456,9.278991397470456,12.445167933132097,12.445167933132097,12.445167933132097,12.445167933132097,11.445167933132097,11.445167933132096,12.445167933132097,0.0,1.0,0.0,0.0,1.0,1.0
1.5310874616820287,2.928171391891251,gt-order-1,"ap_fixed<16,6,AP_RND,AP_SAT>",True,False,,627.2701416015625,,0.0,0.0,1.0,0.0,9.176669120788574,9.176669120788574,9.278991397470458,9.278991397470458,14.206947905868475,14.206947905868473,14.206947905868475,14.206947905868473,13.206947905868462,13.206947905868462,14.206947905868475,0.0,1.0,0.0,0.0,1.0,1.0
1.7478332624182173,2.928171391891251,gt-order-1,"ap_fixed<16,6,AP_RND,AP_SAT>",True,False,,832.853759765625,,0.0,0.0,1.0,0.0,9.176614761352539,9.176614761352539,9.278991397470461,9.278991397470461,16.21812970908587,16.218129709085865,16.21812970908587,16.218129709085865,15.21812970908586,15.21812970908586,16.21812970908587,0.0,1.0,0.0,0.0,1.0,1.0
1.9952623149688795,2.928171391891251,gt-order-1,"ap_fixed<16,6,AP_RND,AP_SAT>",True,False,,1103.176025390625,,0.0,0.0,1.0,0.0,9.176676750183105,9.176676750183105,9.27899139747046,9.27899139747046,18.514021394538176,18.51402139453817,18.514021394538176,18.51402139453817,17.51402139453818,17.51402139453818,18.514021394538176,0.0,1.0,0.0,0.0,1.0,1.0
0.01,3.0314331330207964,gt-order-1,"ap_fixed<16,6,AP_RND,AP_SAT>",False,True,1000.0,0.012725830078125,-1.8953138799518334,1.0,1.0,0.358329176902771,0.0,9.838892936706543,9.838892936706543,9.94497673013776,9.94497673013776,0.09944976507850209,0.09944976507850209,0.09944976507850209,0.09944976507850209,0.9929424299889908,0.9929424299889908,0.09944976507850199,0.09944976507850199,1.0,0.0,0.0,1.0,1.0
0.011415633046188459,3.0314331330207964,gt-order-1,"ap_fixed<16,6,AP_RND,AP_SAT>",False,True,1000.0,0.0096282958984375,-2.0164505713344587,1.0,1.0,0.36484295129776,0.0,9.8370943069458,9.8370943069458,9.944976730137762,9.944976730137762,0.11352820825389587,0.11352820825389587,0.11352820825389587,0.11352820825389587,0.9919433366449499,0.9919433366449499,0.11352820825389574,0.11352820825389574,1.0,0.0,0.0,1.0,1.0
0.013031667784522994,3.0314331330207964,gt-order-1,"ap_fixed<16,6,AP_RND,AP_SAT>",False,True,1000.0,0.007171630859375,-2.1443820726274243,1.0,1.0,0.36082398891448975,0.0,9.837705612182617,9.837705612182617,9.944976730137762,9.944976730137762,0.12959963531050084,0.12959963531050084,0.12959963531050084,0.12959963531050084,0.9908028088464248,0.9908028088464248,0.12959963531050073,0.12959963531050073,1.0,0.0,0.0,1.0,1.0
0.014876473740795015,3.0314331330207964,gt-order-1,"ap_fixed<16,6,AP_RND,AP_SAT>",False,True,1000.0,0.0053253173828125,-2.2736545035829665,1.0,1.0,0.3885241150856018,0.0,9.832226753234863,9.832226753234863,9.94497673013776,9.94497673013776,0.14794618472367682,0.14794618472367682,0.14794618472367682,0.14794618472367682,0.989500824303357,0.989500824303357,0.14794618472367665,0.14794618472367665,1.0,0.0,0.0,1.0,1.0
0.016982436524617443,3.0314331330207964,gt-order-1,"ap_fixed<16,6,AP_RND,AP_SAT>",False,True,1000.0,0.004180908203125,-2.3787293676994357,1.0,1.0,0.3851897716522217,0.0,9.832212448120117,9.832212448120117,9.94497673013776,9.94497673013776,0.16888993263229074,0.16888993263229074,0.16888993263229074,0.16888993263229074,0.988014526502238,0.988014526502238,0.16888993263229063,0.16888993263229063,1.0,0.0,0.0,1.0,1.0
0.019386526359522076,3.0314331330207964,gt-order-1,"ap_fixed<16,6,AP_RND,AP_SAT>",False,True,1000.0,0.003173828125,-2.4984165955241013,1.0,1.0,0.3947654068470001,0.0,9.832345008850098,9.832345008850098,9.94497673013776,9.94497673013776,0.1927985519093109,0.1927985519093109,0.1927985519093109,0.1927985519093109,0.9863178231034823,0.9863178231034823,0.19279855190931072,0.19279855190931072,1.0,0.0,0.0,1.0,1.0
0.022130947096056376,3.0314331330207964,gt-order-1,"ap_fixed<16,6,AP_RND,AP_SAT>",False,True,1000.0,0.00238037109375,-2.6233553320867893,1.0,1.0,0.40562868118286133,0.0,9.833380699157715,9.833380699157715,9.94497673013776,9.94497673013776,0.22009175850081455,0.22009175850081455,0.22009175850081455,0.22009175850081455,0.9843809284693679,0.9843809284693679,0.2200917585008144,0.2200917585008144,1.0,0.0,0.0,1.0,1.0
0.025263877101318954,3.0314331330207964,gt-order-1,"ap_fixed<16,6,AP_RND,AP_SAT>",False,True,1000.0,0.0017852783203125,-2.7482940686342734,1.0,1.0,0.413186252117157,0.0,9.834485054016113,9.834485054016113,9.94497673013776,9.94497673013776,0.2512486747011476,0.2512486747011476,0.2512486747011476,0.2512486747011476,0.9821698411205197,0.9821698411205197,0.2512486747011475,0.2512486747011475,1.0,0.0,0.0,1.0,1.0
0.028840315031266057,3.0314331330207964,gt-order-1,"ap_fixed<16,6,AP_RND,AP_SAT>",False,True,1000.0,0.0012969970703125,-2.8870610045745604,1.0,1.0,0.3721295893192291,0.0,9.835233688354492,9.835233688354492,9.944976730137762,9.944976730137762,0.2868162575559374,0.2868162575559374,0.2868162575559374,0.2868162575559374,0.979645745604337,0.979645745604337,0.2868162575559371,0.2868162575559371,1.0,0.0,0.0,1.0,1.0
0.03292304533334065,3.0314331330207964,gt-order-1,"ap_fixed<16,6,AP_RND,AP_SAT>",False,True,1000.0,0.0010223388671875,-2.990405127498068,1.0,1.0,0.3968653678894043,0.0,9.833813667297363,9.833813667297363,9.94497673013776,9.94497673013776,0.32741893132267885,0.32741893132267885,0.32741893132267885,0.32741893132267885,0.9767643289160547,0.9767643289160547,0.32741893132267863,0.32741893132267863,1.0,0.0,0.0,1.0,1.0
0.037583740428844416,3.0314331330207964,gt-order-1,"ap_fixed<16,6,AP_RND,AP_SAT>",False,True,1000.0,0.000732421875,-3.135238692655155,1.0,1.0,0.44202566146850586,0.0,9.834226608276367,9.834226608276367,9.94497673013776,9.94497673013776,0.3737694425128565,0.3737694425128565,0.3737694425128565,0.3737694425128565,0.9734750101578601,0.9734750101578601,0.37376944251285626,0.37376944251285626,1.0,0.0,0.0,1.0,1.0
0.04290421892388853,3.0314331330207964,gt-order-1,"ap_fixed<16,6,AP_RND,AP_SAT>",False,True,1000.0,0.000518798828125,-3.2850010127443285,1.0,1.0,0.38807857036590576,0.0,9.834577560424805,9.834577560424805,9.94497673013776,9.94497673013776,0.42668147471051965,0.42668147471051965,0.42668147471051965,0.42668147471051965,0.969720045313398,0.969720045313398,0.42668147471051937,0.42668147471051937,1.0,0.0,0.0,1.0,1.0
0.04897788193684462,3.0314331330207964,gt-order-1,"ap_fixed<16,6,AP_RND,AP_SAT>",False,True,1000.0,0.000396728515625,-3.4015065815581917,1.0,1.0,0.6305170059204102,0.0,9.8367280960083,9.8367280960083,9.94497673013776,9.94497673013776,0.48708389349957254,0.48708389349957254,0.48708389349957254,0.48708389349957254,0.9654335163396838,0.9654335163396838,0.4870838934995722,0.4870838934995722,1.0,0.0,0.0,1.0,1.0
0.05591135275705602,3.0314331330207964,gt-order-1,"ap_fixed<16,6,AP_RND,AP_SAT>",False,True,1000.0,0.0003509521484375,-3.4547520933686315,1.0,1.0,0.4260384738445282,0.0,9.835653305053711,9.835653305053711,9.944976730137762,9.944976730137762,0.5560370845988452,0.5560370845988452,0.5560370845988452,0.5560370845988452,0.960540171712057,0.960540171712057,0.5560370845988446,0.5560370845988446,1.0,0.0,0.0,1.0,1.0
0.06382634861905485,3.0314331330207964,gt-order-1,"ap_fixed<16,6,AP_RND,AP_SAT>",False,True,1000.0,0.000244140625,-3.612359946188904,1.0,1.0,0.40748631954193115,0.0,9.834410667419434,9.834410667419434,9.944976730137762,9.944976730137762,0.6347515148726841,0.6347515148726841,0.6347515148726841,0.6347515148726841,0.9549541092201463,0.9549541092201463,0.6347515148726838,0.6347515148726838,1.0,0.0,0.0,1.0,1.0
0.07286181745132274,3.0314331330207964,gt-order-1,"ap_fixed<16,6,AP_RND,AP_SAT>",False,True,1000.0,0.000152587890625,-3.816479927777507,1.0,1.0,0.4291665852069855,0.0,9.834383010864258,9.834383010864258,9.94497673013776,9.94497673013776,0.7246091089838688,0.7246091089838688,0.7246091089838688,0.7246091089838688,0.948577258948454,0.948577258948454,0.7246091089838682,0.7246091089838682,1.0,0.0,0.0,1.0,1.0
0.08317637711026708,3.0314331330207964,gt-order-1,"ap_fixed<16,6,AP_RND,AP_SAT>",False,True,1000.0,9.1552734375e-05,-4.038328675496402,1.0,1.0,0.5604784488677979,0.0,9.835021018981934,9.835021018981934,9.94497673013776,9.94497673013776,0.827187108257525,0.827187108257525,0.827187108257525,0.827187108257525,0.9412976901039057,0.9412976901039057,0.8271871082575243,0.8271871082575243,1.0,0.0,0.0,1.0,1.0
0.09495109992021983,3.0314331330207964,gt-order-1,"ap_fixed<16,6,AP_RND,AP_SAT>",False,True,1000.0,7.62939453125e-05,-4.117509920595296,1.0,1.0,0.44710180163383484,0.0,9.836247444152832,9.836247444152832,9.94497673013776,9.94497673013776,0.9442864864398537,0.9442864864398537,0.9442864864398537,0.9442864864398537,0.9329875944579772,0.9329875944579772,0.9442864864398525,0.9442864864398525,1.0,0.0,0.0,1.0,1.0
0.10839269140212034,3.0314331330207964,gt-order-1,"ap_fixed<16,6,AP_RND,AP_SAT>",False,True,1000.0,4.57763671875e-05,-4.339358666416729,1.0,0.9933880567550659,0.6069110035896301,0.0,9.835710525512695,9.835710525512695,9.94497673013776,9.94497673013776,1.0779628106199317,1.0779628106199317,1.0779628106199317,1.0779628106199317,0.9235010962649387,0.9240069026747341,1.0779628106199315,1.0779628106199315,1.0,0.0,0.0,1.0,1.0
0.12373711899353519,3.0314331330207964,gt-order-1,"ap_fixed<16,6,AP_RND,AP_SAT>",False,True,1000.0,3.0517578125e-05,-4.515449920728757,1.0,0.9745228886604309,0.8097369074821472,0.0,9.835599899291992,9.835599899291992,9.944976730137764,9.944976730137764,1.2305627704840891,1.2305627704840891,1.2305627704840891,1.2305627704840891,0.9126716599201833,0.9148965337634959,1.2305627704840876,1.2305627704840876,1.0,0.0,0.0,1.0,1.0
0.1412537544622754,3.0314331330207964,gt-order-1,"ap_fixed<16,6,AP_RND,AP_SAT>",False,True,1000.0,1.52587890625e-05,-4.816479902161777,1.0,0.9327722787857056,0.5299078226089478,0.0,9.835175514221191,9.835175514221191,9.944976730137762,9.944976730137762,1.4047653015130248,1.4047653015130248,1.4047653015130248,1.4047653015130248,0.9003091716039835,0.9070111588230123,1.4047653015130233,1.4047653015130233,1.0,0.0,0.0,1.0,1.0
0.16125010273377416,3.0314331330207964,gt-order-1,"ap_fixed<16,6,AP_RND,AP_SAT>",False,True,1000.0,1.52587890625e-05,-4.816479902161777,1.0,0.8508185148239136,0.5800418853759766,0.0,9.835264205932617,9.835264205932617,9.944976730137762,9.944976730137762,1.603628487655279,1.603628487655279,1.603628487655279,1.603628487655279,0.8861966107778867,0.9031739694001136,1.6036284876552782,1.6036284876552782,1.0,0.0,0.0,1.0,1.0
0.18407720014689555,3.0314331330207964,gt-order-1,"ap_fixed<16,6,AP_RND,AP_SAT>",False,True,1000.0,1.52587890625e-05,-4.816479902161777,1.0,0.7403784394264221,0.5021843910217285,0.0,9.835726737976074,9.835726737976074,9.944976730137762,9.944976730137762,1.8306435031065131,1.8306435031065131,1.8306435031065131,1.8306435031065131,0.8700862221426516,0.9038146398899851,1.830643503106511,1.830643503106511,1.0,0.0,0.0,1.0,1.0
0.21013577690467466,3.0314331330207964,gt-order-1,"ap_fixed<16,6,AP_RND,AP_SAT>",False,True,1000.0,0.0,-12.0,1.0,0.6253089308738708,0.6405126452445984,0.0,9.880623817443848,9.880623817443848,9.94497673013776,9.94497673013776,2.089795370907053,2.089795370907053,2.089795370907053,2.089795370907053,1.0897953709070531,1.0897953709070531,2.089795370907052,2.089795370907052,1.0,0.0,0.0,1.0,1.0
0.239883291901949,3.0314331330207964,gt-order-1,"ap_fixed<16,6,AP_RND,AP_SAT>",False,True,1000.0,0.0,-12.0,1.0,0.5224875807762146,0.6221709847450256,0.0,10.001561164855957,10.001561164855957,9.944976730137764,9.944976730137764,2.3856337244792747,2.3856337244792747,2.3856337244792747,2.3856337244792747,1.3856337244792727,1.3856337244792727,2.385633724479272,2.385633724479272,1.0,0.0,0.0,1.0,1.0
0.27384196342643613,3.0314331330207964,gt-order-1,"ap_fixed<16,6,AP_RND,AP_SAT>",False,True,1000.0,0.0,-12.0,1.0,0.3878505229949951,0.517036497592926,0.0,10.2515230178833,10.2515230178833,9.944976730137762,9.944976730137762,2.723352090187806,2.723352090187806,2.723352090187806,2.723352090187806,1.723352090187805,1.723352090187805,2.723352090187804,2.723352090187804,1.0,0.0,0.0,1.0,1.0
0.3126079367123954,3.0314331330207964,gt-order-1,"ap_fixed<16,6,AP_RND,AP_SAT>",False,True,1000.0,0.0,-12.0,1.0,0.37391409277915955,0.45635688304901123,0.0,9.94174575805664,9.94174575805664,9.944976730137762,9.944976730137762,3.108878728852448,3.108878728852448,3.108878728852448,3.108878728852448,2.1088787288524466,2.1088787288524466,3.1088787288524458,3.1088787288524458,1.0,0.0,0.0,1.0,1.0
0.35686174928348097,3.0314331330207964,gt-order-1,"ap_fixed<16,6,AP_RND,AP_SAT>",False,True,1000.0,0.0,-12.0,0.518264889717102,0.31656157970428467,0.5248638987541199,0.0,9.943561553955078,9.943561553955078,9.944976730137764,9.944976730137764,3.5489817036644076,3.548981703664406,3.5489817036644076,3.548981703664406,2.5489817036644076,2.5489817036644054,3.548981703664403,1.8393126112576448,1.0,0.0,0.0,1.0,1.0
0.4073802778041126,3.0314331330207964,gt-order-1,"ap_fixed<16,6,AP_RND,AP_SAT>",True,False,,120.19401550292969,,0.5161527991294861,0.5161527991294861,0.9999998807907104,0.0,9.939229011535645,9.939229011535645,9.944976730137762,9.944976730137762,4.051387433547358,4.051387433547355,4.051387433547358,4.051387433547355,3.051387433547354,3.051387433547354,4.051387433547353,2.0911349641834907,1.0,0.0,0.0,1.0,1.0
0.46505037616660627,3.0314331330207964,gt-order-1,"ap_fixed<16,6,AP_RND,AP_SAT>",True,False,,195.9695281982422,,0.4455004930496216,0.4455004930496216,1.0,0.0,9.941350936889648,9.941350936889648,9.944976730137757,9.944976730137757,4.624915103030543,4.624915103030542,4.624915103030543,4.624915103030542,3.6249151030305433,3.6249151030305407,4.624915103030543,2.0604019587127484,1.0,0.0,0.0,1.0,1.0
0.5308844442309882,3.0314331330207964,gt-order-1,"ap_fixed<16,6,AP_RND,AP_SAT>",True,False,,295.2510070800781,,0.37282294034957886,0.37282294034957886,0.9999998807907104,0.0,9.942764282226562,9.942764282226562,9.944976730137753,9.944976730137753,5.27963344906878,5.279633449068778,5.27963344906878,5.279633449068778,4.2796334490687835,4.279633449068776,5.27963344906878,1.9683684664498111,1.0,0.0,0.0,1.0,1.0
0.606038200527066,3.0314331330207964,gt-order-1,"ap_fixed<16,6,AP_RND,AP_SAT>",True,False,,401.9382019042969,,0.3002372980117798,0.3002372980117798,1.0,0.0,9.943653106689453,9.943653106689453,9.944976730137755,9.944976730137755,6.0270359236334246,6.027035923633421,6.0270359236334246,6.027035923633421,5.027035923633424,5.027035923633422,6.027035923633424,1.8095409807316305,1.0,0.0,0.0,1.0,1.0
0.6918309709189363,3.0314331330207964,gt-order-1,"ap_fixed<16,6,AP_RND,AP_SAT>",True,False,,132.70297241210938,,0.4195190668106079,0.4195190668106079,1.0,0.0,9.835941314697266,9.835941314697266,9.944976730137753,9.944976730137753,6.88024312357637,6.88024312357637,6.88024312357637,6.88024312357637,5.880243123576371,5.880243123576371,6.880243123576366,2.8863931746328593,1.0,0.0,0.0,1.0,1.0
0.7897688493998856,3.0314331330207964,gt-order-1,"ap_fixed<16,6,AP_RND,AP_SAT>",True,False,,180.1300811767578,,0.3231768012046814,0.3231768012046814,0.9999999403953552,0.0,9.836082458496094,9.836082458496094,9.944976730137752,9.944976730137752,7.854233080533922,7.854233080533922,7.854233080533922,7.854233080533922,6.854233080533924,6.854233080533921,7.8542330805339216,2.5383059228829437,1.0,0.0,0.0,1.0,1.0
0.9015711376059565,3.0314331330207964,gt-order-1,"ap_fixed<16,6,AP_RND,AP_SAT>",True,False,,243.19879150390625,,0.2132096290588379,0.2132096290588379,1.0,0.0,9.836055755615234,9.836055755615234,9.944976730137757,9.944976730137757,8.96610415300495,8.96610415300495,8.96610415300495,8.96610415300495,7.966104153004951,7.966104153004951,8.966104153004943,1.9116597405650897,1.0,0.0,0.0,1.0,1.0
1.0292005271944276,3.0314331330207964,gt-order-1,"ap_fixed<16,6,AP_RND,AP_SAT>",True,False,,326.7410583496094,,0.0876728892326355,0.0876728892326355,1.0,0.0,9.836052894592285,9.836052894592285,9.944976730137753,9.944976730137753,10.235375559121143,10.235375559121143,10.235375559121143,10.235375559121143,9.235375559121145,9.235375559121142,10.235375559121143,0.8973649476492527,1.0,0.0,0.0,1.0,1.0
1.174897554939529,3.0314331330207964,gt-order-1,"ap_fixed<16,6,AP_RND,AP_SAT>",True,False,,437.22637939453125,,0.0,0.0,1.0,0.0,9.836065292358398,9.836065292358398,9.944976730137753,9.944976730137753,11.684328810326912,11.684328810326912,11.684328810326912,11.684328810326912,10.684328810326909,10.684328810326903,11.68432881032691,0.0,1.0,0.0,0.0,1.0,1.0
1.3412199354053709,3.0314331330207964,gt-order-1,"ap_fixed<16,6,AP_RND,AP_SAT>",True,False,,583.15966796875,,0.0,0.0,0.9999998807907104,0.0,9.835980415344238,9.835980415344238,9.94497673013775,9.94497673013775,13.338400715771254,13.338400715771254,13.338400715771254,13.338400715771254,12.338400715771265,12.338400715771265,13.338400715771254,0.0,1.0,0.0,0.0,1.0,1.0
1.5310874616820287,3.0314331330207964,gt-order-1,"ap_fixed<16,6,AP_RND,AP_SAT>",True,False,,775.2048950195312,,0.0,0.0,1.0,0.0,9.836029052734375,9.836029052734375,9.944976730137759,9.944976730137759,15.226629735712198,15.22662973571219,15.226629735712198,15.22662973571219,14.226629735712189,14.226629735712189,15.226629735712198,0.0,1.0,0.0,0.0,1.0,1.0
1.7478332624182173,3.0314331330207964,gt-order-1,"ap_fixed<16,6,AP_RND,AP_SAT>",True,False,,1028.059326171875,,0.0,0.0,0.9999999403953552,0.0,9.836055755615234,9.836055755615234,9.944976730137755,9.944976730137755,17.38216101883483,17.382161018834825,17.38216101883483,17.382161018834825,16.382161018834825,16.382161018834818,17.38216101883483,0.0,1.0,0.0,0.0,1.0,1.0
1.9952623149688795,3.0314331330207964,gt-order-1,"ap_fixed<16,6,AP_RND,AP_SAT>",True,False,,1360.251220703125,,0.0,0.0,0.9999998211860657,0.0,9.836043357849121,9.836043357849121,9.944976730137755,9.944976730137755,19.842836797989484,19.842836797989484,19.842836797989484,19.842836797989484,18.842836797989488,18.842836797989488,19.842836797989474,0.0,1.0,0.0,0.0,1.0,1.0
0.01,3.1383363915870035,gt-order-1,"ap_fixed<16,6,AP_RND,AP_SAT>",False,True,1000.0,0.010986328125,-1.9591474341529003,1.0,1.0,0.39998695254325867,0.0,10.547528266906738,10.547528266906738,10.658762125854608,10.658762125854608,0.1065876188761271,0.1065876188761271,0.1065876188761271,0.1065876188761271,0.9924358837777145,0.9924358837777145,0.10658761887612697,0.10658761887612697,1.0,0.0,0.0,1.0,1.0
0.011415633046188459,3.1383363915870035,gt-order-1,"ap_fixed<16,6,AP_RND,AP_SAT>",False,True,1000.0,0.0089263916015625,-2.0493240644928656,1.0,1.0,0.3747212588787079,0.0,10.548190116882324,10.548190116882324,10.658762125854606,10.658762125854606,0.1216765206383743,0.1216765206383743,0.1216765206383743,0.1216765206383743,0.9913650820485856,0.9913650820485856,0.1216765206383742,0.1216765206383742,1.0,0.0,0.0,1.0,1.0
0.013031667784522994,3.1383363915870035,gt-order-1,"ap_fixed<16,6,AP_RND,AP_SAT>",False,True,1000.0,0.00634765625,-2.1973865999285382,1.0,1.0,0.39929866790771484,0.0,10.542413711547852,10.542413711547852,10.658762125854608,10.658762125854608,0.13890144963194906,0.13890144963194906,0.13890144963194906,0.13890144963194906,0.9901426946249633,0.9901426946249633,0.13890144963194892,0.13890144963194892,1.0,0.0,0.0,1.0,1.0
0.014876473740795015,3.1383363915870035,gt-order-1,"ap_fixed<16,6,AP_RND,AP_SAT>",False,True,1000.0,0.0048675537109375,-2.3126892474772958,1.0,1.0,0.36992716789245605,0.0,10.541401863098145,10.541401863098145,10.658762125854606,10.658762125854606,0.158564794386962,0.158564794386962,0.158564794386962,0.158564794386962,0.9887472621477762,0.9887472621477762,0.15856479438696186,0.15856479438696186,1.0,0.0,0.0,1.0,1.0
0.016982436524617443,3.1383363915870035,gt-order-1,"ap_fixed<16,6,AP_RND,AP_SAT>",False,True,1000.0,0.0037384033203125,-2.4273138461429955,1.0,1.0,0.3598596751689911,0.0,10.54215145111084,10.54215145111084,10.658762125854604,10.658762125854604,0.18101174756135,0.18101174756135,0.18101174756135,0.18101174756135,0.9871542876124824,0.9871542876124824,0.18101174756134994,0.18101174756134994,1.0,0.0,0.0,1.0,1.0
0.019386526359522076,3.1383363915870035,gt-order-1,"ap_fixed<16,6,AP_RND,AP_SAT>",False,True,1000.0,0.0026397705078125,-2.5784338273303837,1.0,1.0,0.3609541356563568,0.0,10.539982795715332,10.539982795715332,10.658762125854608,10.658762125854608,0.2066363711825508,0.2066363711825508,0.2066363711825508,0.2066363711825508,0.985335805942033,0.985335805942033,0.20663637118255063,0.20663637118255063,1.0,0.0,0.0,1.0,1.0
0.022130947096056376,3.1383363915870035,gt-order-1,"ap_fixed<16,6,AP_RND,AP_SAT>",False,True,1000.0,0.00213623046875,-2.670351894742162,1.0,1.0,0.3846074640750885,0.0,10.542696952819824,10.542696952819824,10.658762125854604,10.658762125854604,0.23588850566256922,0.23588850566256922,0.23588850566256922,0.23588850566256922,0.9832598936804601,0.9832598936804601,0.23588850566256894,0.23588850566256894,1.0,0.0,0.0,1.0,1.0
0.025263877101318954,3.1383363915870035,gt-order-1,"ap_fixed<16,6,AP_RND,AP_SAT>",False,True,1000.0,0.001708984375,-2.7672619076993934,1.0,1.0,0.3758230209350586,0.0,10.545099258422852,10.545099258422852,10.658762125854606,10.658762125854606,0.2692816615608773,0.2692816615608773,0.2692816615608773,0.2692816615608773,0.9808901089446057,0.9808901089446057,0.2692816615608771,0.2692816615608771,1.0,0.0,0.0,1.0,1.0
0.028840315031266057,3.1383363915870035,gt-order-1,"ap_fixed<16,6,AP_RND,AP_SAT>",False,True,1000.0,0.001251220703125,-2.902666077892886,1.0,1.0,0.4451856017112732,0.0,10.544443130493164,10.544443130493164,10.658762125854608,10.658762125854608,0.3074020529230779,0.3074020529230779,0.3074020529230779,0.3074020529230779,0.9781848503625763,0.9781848503625763,0.3074020529230774,0.3074020529230774,1.0,0.0,0.0,1.0,1.0
0.03292304533334065,3.1383363915870035,gt-order-1,"ap_fixed<16,6,AP_RND,AP_SAT>",False,True,1000.0,0.0009613037109375,-3.0171393807183406,1.0,1.0,0.399469792842865,0.0,10.545843124389648,10.545843124389648,10.658762125854606,10.658762125854606,0.35091892109652195,0.35091892109652195,0.35091892109652195,0.35091892109652195,0.9750966244319795,0.9750966244319795,0.35091892109652156,0.35091892109652156,1.0,0.0,0.0,1.0,1.0
0.037583740428844416,3.1383363915870035,gt-order-1,"ap_fixed<16,6,AP_RND,AP_SAT>",False,True,1000.0,0.000640869140625,-3.193230639548134,1.0,1.0,0.3869747221469879,0.0,10.542045593261719,10.542045593261719,10.658762125854604,10.658762125854604,0.4005961688763688,0.4005961688763688,0.4005961688763688,0.4005961688763688,0.9715712198890114,0.9715712198890114,0.4005961688763685,0.4005961688763685,1.0,0.0,0.0,1.0,1.0
0.04290421892388853,3.1383363915870035,gt-order-1,"ap_fixed<16,6,AP_RND,AP_SAT>",False,True,1000.0,0.00048828125,-3.311329951414358,1.0,1.0,0.40115299820899963,0.0,10.543848037719727,10.543848037719727,10.658762125854604,10.658762125854604,0.4573058807333456,0.4573058807333456,0.4573058807333456,0.4573058807333456,0.9675467482295306,0.9675467482295306,0.4573058807333454,0.4573058807333454,1.0,0.0,0.0,1.0,1.0
0.04897788193684462,3.1383363915870035,gt-order-1,"ap_fixed<16,6,AP_RND,AP_SAT>",False,True,1000.0,0.0003509521484375,-3.4547520933686315,1.0,1.0,0.40199482440948486,0.0,10.541523933410645,10.541523933410645,10.658762125854604,10.658762125854604,0.5220435901487649,0.5220435901487649,0.5220435901487649,0.5220435901487649,0.9629525602446024,0.9629525602446024,0.5220435901487646,0.5220435901487646,1.0,0.0,0.0,1.0,1.0
0.05591135275705602,3.1383363915870035,gt-order-1,"ap_fixed<16,6,AP_RND,AP_SAT>",False,True,1000.0,0.0002288818359375,-3.6403886696705565,1.0,1.0,0.46493837237358093,0.0,10.543020248413086,10.543020248413086,10.658762125854604,10.658762125854604,0.5959457903940902,0.5959457903940902,0.5959457903940902,0.5959457903940902,0.9577080033473521,0.9577080033473521,0.5959457903940899,0.5959457903940899,1.0,0.0,0.0,1.0,1.0
0.06382634861905485,3.1383363915870035,gt-order-1,"ap_fixed<16,6,AP_RND,AP_SAT>",False,True,1000.0,0.00018310546875,-3.7372986822042473,1.0,1.0,0.5710169076919556,0.0,10.541400909423828,10.541400909423828,10.658762125854606,10.658762125854606,0.6803098277294894,0.6803098277294894,0.6803098277294894,0.6803098277294894,0.9517210098286409,0.9517210098286409,0.6803098277294889,0.6803098277294889,1.0,0.0,0.0,1.0,1.0
0.07286181745132274,3.1383363915870035,gt-order-1,"ap_fixed<16,6,AP_RND,AP_SAT>",False,True,1000.0,0.0001373291015625,-3.8622374180219383,1.0,1.0,0.43204939365386963,0.0,10.543354034423828,10.543354034423828,10.658762125854606,10.658762125854606,0.776616812333107,0.776616812333107,0.776616812333107,0.776616812333107,0.94488647095592,0.94488647095592,0.7766168123331066,0.7766168123331066,1.0,0.0,0.0,1.0,1.0
0.08317637711026708,3.1383363915870035,gt-order-1,"ap_fixed<16,6,AP_RND,AP_SAT>",False,True,1000.0,0.0001068115234375,-3.9713818865434534,1.0,1.0,0.41845858097076416,0.0,10.543450355529785,10.543450355529785,10.658762125854606,10.658762125854606,0.8865571895982072,0.8865571895982072,0.8865571895982072,0.8865571895982072,0.9370844222759356,0.9370844222759356,0.8865571895982065,0.8865571895982065,1.0,0.0,0.0,1.0,1.0
0.09495109992021983,3.1383363915870035,gt-order-1,"ap_fixed<16,6,AP_RND,AP_SAT>",False,True,1000.0,7.62939453125e-05,-4.117509920595296,1.0,0.9998863935470581,0.45300304889678955,0.0,10.543702125549316,10.543702125549316,10.658762125854608,10.658762125854608,1.0120611953892436,1.0120611953892436,1.0120611953892436,1.0120611953892436,0.9281778823215241,0.9281860417775555,1.0120611953892427,1.0120611953892427,1.0,0.0,0.0,1.0,1.0
0.10839269140212034,3.1383363915870035,gt-order-1,"ap_fixed<16,6,AP_RND,AP_SAT>",False,True,1000.0,6.103515625e-05,-4.214419932180256,1.0,0.9857309460639954,0.7991265058517456,0.0,10.542136192321777,10.542136192321777,10.658762125854606,10.658762125854606,1.1553319319588142,1.1553319319588142,1.1553319319588142,1.1553319319588142,0.918010505340111,0.9191804178615983,1.1553319319588133,1.1553319319588133,1.0,0.0,0.0,1.0,1.0
0.12373711899353519,3.1383363915870035,gt-order-1,"ap_fixed<16,6,AP_RND,AP_SAT>",False,True,1000.0,3.0517578125e-05,-4.515449920728757,1.0,0.9516135454177856,0.5057116150856018,0.0,10.541956901550293,10.541956901550293,10.658762125854604,10.658762125854604,1.31888451903304,1.31888451903304,1.31888451903304,1.31888451903304,0.9064038028907138,0.9109325910312096,1.3188845190330387,1.3188845190330387,1.0,0.0,0.0,1.0,1.0
0.1412537544622754,3.1383363915870035,gt-order-1,"ap_fixed<16,6,AP_RND,AP_SAT>",False,True,1000.0,1.52587890625e-05,-4.816479902161777,1.0,0.8917344808578491,0.7051507830619812,0.0,10.542437553405762,10.542437553405762,10.658762125854606,10.658762125854606,1.505590168562852,1.505590168562852,1.505590168562852,1.505590168562852,0.8931540160271741,0.9047217519502455,1.5055901685628508,1.5055901685628508,1.0,0.0,0.0,1.0,1.0
0.16125010273377416,3.1383363915870035,gt-order-1,"ap_fixed<16,6,AP_RND,AP_SAT>",False,True,1000.0,1.52587890625e-05,-4.816479902161777,1.0,0.798929750919342,0.45291078090667725,0.0,10.542574882507324,10.542574882507324,10.658762125854604,10.658762125854604,1.7187264537646445,1.7187264537646445,1.7187264537646445,1.7187264537646445,0.8780285478963374,0.9025533781515499,1.7187264537646436,1.7187264537646436,1.0,0.0,0.0,1.0,1.0
0.18407720014689555,3.1383363915870035,gt-order-1,"ap_fixed<16,6,AP_RND,AP_SAT>",False,True,1000.0,1.52587890625e-05,-4.816479902161777,1.0,0.6810490489006042,0.5495480895042419,0.0,10.567384719848633,10.567384719848633,10.658762125854606,10.658762125854606,1.9620351224877333,1.9620351224877333,1.9620351224877333,1.9620351224877333,0.9620351224877327,0.9620351224877327,1.9620351224877315,1.9620351224877315,1.0,0.0,0.0,1.0,1.0
0.21013577690467466,3.1383363915870035,gt-order-1,"ap_fixed<16,6,AP_RND,AP_SAT>",False,True,1000.0,0.0,-12.0,1.0,0.5730941891670227,0.5786914229393005,0.0,10.617238998413086,10.617238998413086,10.658762125854606,10.658762125854606,2.239787216666702,2.239787216666702,2.239787216666702,2.239787216666702,1.2397872166667008,1.2397872166667008,2.2397872166667008,2.2397872166667008,1.0,0.0,0.0,1.0,1.0
0.239883291901949,3.1383363915870035,gt-order-1,"ap_fixed<16,6,AP_RND,AP_SAT>",False,True,1000.0,0.0,-12.0,1.0,0.4769503176212311,0.5750861167907715,0.0,10.688047409057617,10.688047409057617,10.658762125854606,10.658762125854606,2.5568589126592065,2.5568589126592065,2.5568589126592065,2.5568589126592065,1.556858912659206,1.556858912659206,2.5568589126592047,2.5568589126592047,1.0,0.0,0.0,1.0,1.0
0.27384196342643613,3.1383363915870035,gt-order-1,"ap_fixed<16,6,AP_RND,AP_SAT>",False,True,1000.0,0.0,-12.0,1.0,0.40442517399787903,0.5415524244308472,0.0,10.688047409057617,10.688047409057617,10.658762125854606,10.658762125854606,2.9188164941898926,2.9188164941898926,2.9188164941898926,2.9188164941898926,1.9188164941898918,1.9188164941898918,2.9188164941898904,2.9188164941898904,1.0,0.0,0.0,1.0,1.0
0.3126079367123954,3.1383363915870035,gt-order-1,"ap_fixed<16,6,AP_RND,AP_SAT>",False,True,1000.0,0.0,-12.0,0.7323383092880249,0.3427821397781372,0.48087793588638306,0.0,10.749999046325684,10.749999046325684,10.658762125854608,10.658762125854608,3.33201371387306,3.3320137138730597,3.33201371387306,3.3320137138730597,2.332013713873059,2.332013713873057,3.332013713873058,2.440161289742308,1.0,0.0,0.0,1.0,1.0
0.35686174928348097,3.1383363915870035,gt-order-1,"ap_fixed<16,6,AP_RND,AP_SAT>",True,False,,116.81454467773438,,0.4400022029876709,0.4400022029876709,0.9999998807907104,0.0,10.65713882446289,10.65713882446289,10.6587621258546,10.6587621258546,3.8037044022168476,3.803704402216846,3.8037044022168476,3.803704402216846,2.803704402216848,2.8037044022168445,3.803704402216846,1.673638316489314,1.0,0.0,0.0,1.0,1.0
0.4073802778041126,3.1383363915870035,gt-order-1,"ap_fixed<16,6,AP_RND,AP_SAT>",True,False,,166.92938232421875,,0.4794972836971283,0.4794972836971283,0.9999999403953552,0.0,10.653912544250488,10.653912544250488,10.658762125854597,10.658762125854597,4.342169529969293,4.342169529969291,4.342169529969293,4.342169529969291,3.342169529969293,3.3421695299692926,4.342169529969293,2.082058494972712,1.0,0.0,0.0,1.0,1.0
0.46505037616660627,3.1383363915870035,gt-order-1,"ap_fixed<16,6,AP_RND,AP_SAT>",True,False,,261.590087890625,,0.4075714349746704,0.4075714349746704,1.0,0.0,10.655750274658203,10.655750274658203,10.658762125854599,10.658762125854599,4.95686126505316,4.95686126505316,4.95686126505316,4.95686126505316,3.9568612650531594,3.9568612650531567,4.956861265053159,2.020275058768076,1.0,0.0,0.0,1.0,1.0
0.5308844442309882,3.1383363915870035,gt-order-1,"ap_fixed<16,6,AP_RND,AP_SAT>",True,False,,375.20416259765625,,0.33462366461753845,0.33462366461753845,1.0,0.0,10.656943321228027,10.656943321228027,10.658762125854597,10.658762125854597,5.658571012518589,5.658571012518589,5.658571012518589,5.658571012518589,4.658571012518588,4.658571012518586,5.658571012518589,1.8934917687075452,1.0,0.0,0.0,1.0,1.0
0.606038200527066,3.1383363915870035,gt-order-1,"ap_fixed<16,6,AP_RND,AP_SAT>",True,False,,121.99356079101562,,0.4610825181007385,0.4610825181007385,1.0,0.0,10.542527198791504,10.542527198791504,10.658762125854597,10.658762125854597,6.459617149159401,6.459617149159401,6.459617149159401,6.459617149159401,5.459617149159401,5.459617149159401,6.459617149159401,2.9784165411011303,1.0,0.0,0.0,1.0,1.0
0.6918309709189363,3.1383363915870035,gt-order-1,"ap_fixed<16,6,AP_RND,AP_SAT>",True,False,,166.10592651367188,,0.37063074111938477,0.37063074111938477,0.9999998807907104,0.0,10.542593002319336,10.542593002319336,10.6587621258546,10.6587621258546,7.374061982468969,7.374061982468969,7.374061982468969,7.374061982468969,6.374061982468965,6.374061982468965,7.374061982468963,2.7330540576227516,1.0,0.0,0.0,1.0,1.0
0.7897688493998856,3.1383363915870035,gt-order-1,"ap_fixed<16,6,AP_RND,AP_SAT>",True,False,,224.77728271484375,,0.267372190952301,0.267372190952301,0.9999999403953552,0.0,10.542675971984863,10.542675971984863,10.658762125854603,10.658762125854603,8.417958569247423,8.417958569247423,8.417958569247423,8.417958569247423,7.417958569247412,7.417958569247411,8.41795856924742,2.2507280260053797,1.0,0.0,0.0,1.0,1.0
0.9015711376059565,3.1383363915870035,gt-order-1,"ap_fixed<16,6,AP_RND,AP_SAT>",True,False,,302.7034912109375,,0.14951282739639282,0.14951282739639282,0.9999998807907104,0.0,10.542563438415527,10.542563438415527,10.658762125854597,10.658762125854597,9.609632476354019,9.609632476354019,9.609632476354019,9.609632476354019,8.609632476354015,8.609632476354015,9.609632476354019,1.4367633217798894,1.0,0.0,0.0,1.0,1.0
1.0292005271944276,3.1383363915870035,gt-order-1,"ap_fixed<16,6,AP_RND,AP_SAT>",True,False,,405.77545166015625,,0.0149458646774292,0.0149458646774292,1.0,0.0,10.542688369750977,10.542688369750977,10.658762125854597,10.658762125854597,10.970003883754398,10.970003883754396,10.970003883754398,10.970003883754396,9.970003883754401,9.970003883754401,10.970003883754398,0.163956193557466,1.0,0.0,0.0,1.0,1.0
1.174897554939529,3.1383363915870035,gt-order-1,"ap_fixed<16,6,AP_RND,AP_SAT>",True,False,,542.0098266601562,,0.0,0.0,1.0,0.0,10.542543411254883,10.542543411254883,10.658762125854597,10.658762125854597,12.522953524077186,12.522953524077186,12.522953524077186,12.522953524077186,11.52295352407718,11.52295352407718,12.522953524077183,0.0,1.0,0.0,0.0,1.0,1.0
1.3412199354053709,3.1383363915870035,gt-order-1,"ap_fixed<16,6,AP_RND,AP_SAT>",True,False,,721.6636352539062,,0.0,0.0,1.0,0.0,10.542623519897461,10.542623519897461,10.658762125854603,10.658762125854603,14.295743894291174,14.295743894291167,14.295743894291174,14.295743894291167,13.295743894291165,13.295743894291165,14.295743894291174,0.0,1.0,0.0,0.0,1.0,1.0
1.5310874616820287,3.1383363915870035,gt-order-1,"ap_fixed<16,6,AP_RND,AP_SAT>",True,False,,958.0128784179688,,0.0,0.0,1.0,0.0,10.542574882507324,10.542574882507324,10.658762125854597,10.658762125854597,16.319497645438172,16.319497645438165,16.319497645438172,16.319497645438165,15.319497645438158,15.319497645438158,16.319497645438172,0.0,1.0,0.0,0.0,1.0,1.0
1.7478332624182173,3.1383363915870035,gt-order-1,"ap_fixed<16,6,AP_RND,AP_SAT>",True,False,,1269.0205078125,,0.0,0.0,1.0,0.0,10.542601585388184,10.542601585388184,10.658762125854597,10.658762125854597,18.629738868227246,18.629738868227246,18.629738868227246,18.629738868227246,17.62973886822724,17.62973886822724,18.629738868227246,0.0,1.0,0.0,0.0,1.0,1.0
1.9952623149688795,3.1383363915870035,gt-order-1,"ap_fixed<16,6,AP_RND,AP_SAT>",True,False,,1677.1529541015625,,0.0,0.0,1.0,0.0,10.54262638092041,10.54262638092041,10.6587621258546,10.6587621258546,21.267025863517997,21.267025863517997,21.267025863517997,21.267025863517997,20.267025863517986,20.267025863517986,21.267025863517993,0.0,1.0,0.0,0.0,1.0,1.0
0.01,3.249009585424943,gt-order-1,"ap_fixed<16,6,AP_RND,AP_SAT>",False,True,1000.0,0.01104736328125,-1.9567413643872402,1.0,1.0,0.358722060918808,0.0,11.303021430969238,11.303021430969238,11.423778391242102,11.423778391242102,0.11423778135900757,0.11423778135900757,0.11423778135900757,0.11423778135900757,0.9918929809516697,0.9918929809516697,0.1142377813590075,0.1142377813590075,1.0,0.0,0.0,1.0,1.0
0.011415633046188459,3.249009585424943,gt-order-1,"ap_fixed<16,6,AP_RND,AP_SAT>",False,True,1000.0,0.008331298828125,-2.079287287866834,1.0,1.0,0.3877438008785248,0.0,11.296660423278809,11.296660423278809,11.423778391242102,11.423778391242102,0.13040966584839092,0.13040966584839092,0.13040966584839092,0.13040966584839092,0.9907453240728056,0.9907453240728056,0.13040966584839087,0.13040966584839087,1.0,0.0,0.0,1.0,1.0
0.013031667784522994,3.249009585424943,gt-order-1,"ap_fixed<16,6,AP_RND,AP_SAT>",False,True,1000.0,0.0061798095703125,-2.2090249073387542,1.0,1.0,0.5491505265235901,0.0,11.302885055541992,11.302885055541992,11.423778391242102,11.423778391242102,0.1488708876398193,0.1488708876398193,0.1488708876398193,0.1488708876398193,0.989435201669008,0.989435201669008,0.1488708876398192,0.1488708876398192,1.0,0.0,0.0,1.0,1.0
0.014876473740795015,3.249009585424943,gt-order-1,"ap_fixed<16,6,AP_RND,AP_SAT>",False,True,1000.0,0.0046234130859375,-2.33503730202746,1.0,1.0,0.40370461344718933,0.0,11.302355766296387,11.302355766296387,11.423778391242102,11.423778391242102,0.16994553873527662,0.16994553873527662,0.16994553873527662,0.16994553873527662,0.9879396141686618,0.9879396141686618,0.1699455387352765,0.1699455387352765,1.0,0.0,0.0,1.0,1.0
0.016982436524617443,3.249009585424943,gt-order-1,"ap_fixed<16,6,AP_RND,AP_SAT>",False,True,1000.0,0.0034637451171875,-2.4604540733051934,1.0,1.0,0.40239834785461426,0.0,11.306679725646973,11.306679725646973,11.423778391242102,11.423778391242102,0.1940035874650429,0.1940035874650429,0.1940035874650429,0.1940035874650429,0.9862323063323434,0.9862323063323434,0.19400358746504276,0.19400358746504276,1.0,0.0,0.0,1.0,1.0
0.019386526359522076,3.249009585424943,gt-order-1,"ap_fixed<16,6,AP_RND,AP_SAT>",False,True,1000.0,0.002685546875,-2.5709672626478337,1.0,1.0,0.3581423759460449,0.0,11.301581382751465,11.301581382751465,11.423778391242102,11.423778391242102,0.22146737905276578,0.22146737905276578,0.22146737905276578,0.22146737905276578,0.9842833059325427,0.9842833059325427,0.22146737905276564,0.22146737905276564,1.0,0.0,0.0,1.0,1.0
0.022130947096056376,3.249009585424943,gt-order-1,"ap_fixed<16,6,AP_RND,AP_SAT>",False,True,1000.0,0.001983642578125,-2.7025365780979245,1.0,1.0,0.36126652359962463,0.0,11.297819137573242,11.297819137573242,11.423778391242102,11.423778391242102,0.252819040514462,0.252819040514462,0.252819040514462,0.252819040514462,0.9820583982562631,0.9820583982562631,0.2528190405144618,0.2528190405144618,1.0,0.0,0.0,1.0,1.0
0.025263877101318954,3.249009585424943,gt-order-1,"ap_fixed<16,6,AP_RND,AP_SAT>",False,True,1000.0,0.00152587890625,-2.8164799303390797,1.0,1.0,0.6568694114685059,0.0,11.304357528686523,11.304357528686523,11.423778391242102,11.423778391242102,0.28860893884056654,0.28860893884056654,0.28860893884056654,0.28860893884056654,0.9795185258601448,0.9795185258601448,0.2886089388405663,0.2886089388405663,1.0,0.0,0.0,1.0,1.0
0.028840315031266057,3.249009585424943,gt-order-1,"ap_fixed<16,6,AP_RND,AP_SAT>",False,True,1000.0,0.0011138916015625,-2.953157070113354,1.0,1.0,0.4113397002220154,0.0,11.298336029052734,11.298336029052734,11.423778391242102,11.423778391242102,0.32946536268859217,0.32946536268859217,0.32946536268859217,0.32946536268859217,0.9766191014977115,0.9766191014977115,0.32946536268859195,0.32946536268859195,1.0,0.0,0.0,1.0,1.0
0.03292304533334065,3.249009585424943,gt-order-1,"ap_fixed<16,6,AP_RND,AP_SAT>",False,True,1000.0,0.00079345703125,-3.1004765864415553,1.0,1.0,0.572148323059082,0.0,11.299338340759277,11.299338340759277,11.423778391242102,11.423778391242102,0.37610558717474124,0.37610558717474124,0.37610558717474124,0.37610558717474124,0.97330922289337,0.97330922289337,0.37610558717474096,0.37610558717474096,1.0,0.0,0.0,1.0,1.0
0.037583740428844416,3.249009585424943,gt-order-1,"ap_fixed<16,6,AP_RND,AP_SAT>",False,True,1000.0,0.0006103515625,-3.2144199385841885,1.0,1.0,0.6158161163330078,0.0,11.300466537475586,11.300466537475586,11.423778391242102,11.423778391242102,0.42934834304291325,0.42934834304291325,0.42934834304291325,0.42934834304291325,0.969530787853106,0.969530787853106,0.42934834304291297,0.42934834304291297,1.0,0.0,0.0,1.0,1.0
0.04290421892388853,3.249009585424943,gt-order-1,"ap_fixed<16,6,AP_RND,AP_SAT>",False,True,1000.0,0.0004425048828125,-3.3540819317432975,1.0,1.0,0.4021187722682953,0.0,11.300663948059082,11.300663948059082,11.423778391242102,11.423778391242102,0.49012830728602697,0.49012830728602697,0.49012830728602697,0.49012830728602697,0.9652174659204323,0.9652174659204323,0.4901283072860266,0.4901283072860266,1.0,0.0,0.0,1.0,1.0
0.04897788193684462,3.249009585424943,gt-order-1,"ap_fixed<16,6,AP_RND,AP_SAT>",False,True,1000.0,0.0003204345703125,-3.49426063453445,1.0,1.0,0.4038344621658325,0.0,11.298258781433105,11.298258781433105,11.423778391242102,11.423778391242102,0.5595124662705377,0.5595124662705377,0.5595124662705377,0.5595124662705377,0.9602935371479353,0.9602935371479353,0.5595124662705374,0.5595124662705374,1.0,0.0,0.0,1.0,1.0
0.05591135275705602,3.249009585424943,gt-order-1,"ap_fixed<16,6,AP_RND,AP_SAT>",False,True,1000.0,0.000244140625,-3.612359946188904,1.0,1.0,0.41423115134239197,0.0,11.298478126525879,11.298478126525879,11.423778391242102,11.423778391242102,0.6387188833252859,0.6387188833252859,0.6387188833252859,0.6387188833252859,0.9546725602331709,0.9546725602331709,0.6387188833252857,0.6387188833252857,1.0,0.0,0.0,1.0,1.0
0.06382634861905485,3.249009585424943,gt-order-1,"ap_fixed<16,6,AP_RND,AP_SAT>",False,True,1000.0,0.000152587890625,-3.816479927777507,1.0,1.0,0.5358073711395264,0.0,11.299776077270508,11.299776077270508,11.423778391242102,11.423778391242102,0.7291380197437939,0.7291380197437939,0.7291380197437939,0.7291380197437939,0.9482558594485608,0.9482558594485608,0.7291380197437933,0.7291380197437933,1.0,0.0,0.0,1.0,1.0
0.07286181745132274,3.249009585424943,gt-order-1,"ap_fixed<16,6,AP_RND,AP_SAT>",False,True,1000.0,0.0001373291015625,-3.8622374180219383,1.0,1.0,0.7178283929824829,0.0,11.300091743469238,11.300091743469238,11.423778391242102,11.423778391242102,0.8323572901102653,0.8323572901102653,0.8323572901102653,0.8323572901102653,0.9409307820436871,0.9409307820436871,0.8323572901102652,0.8323572901102652,1.0,0.0,0.0,1.0,1.0
0.08317637711026708,3.249009585424943,gt-order-1,"ap_fixed<16,6,AP_RND,AP_SAT>",False,True,1000.0,7.62939453125e-05,-4.117509920595296,1.0,1.0,0.5184469819068909,0.0,11.301057815551758,11.301057815551758,11.423778391242102,11.423778391242102,0.9501884689372679,0.9501884689372679,0.9501884689372679,0.9501884689372679,0.9325687533008867,0.9325687533008867,0.9501884689372672,0.9501884689372672,1.0,0.0,0.0,1.0,1.0
0.09495109992021983,3.249009585424943,gt-order-1,"ap_fixed<16,6,AP_RND,AP_SAT>",False,True,1000.0,4.57763671875e-05,-4.339358666416729,1.0,0.9927060604095459,0.589027464389801,0.0,11.299918174743652,11.299918174743652,11.423778391242102,11.423778391242102,1.0847003318009876,1.0847003318009876,1.0847003318009876,1.0847003318009876,0.9230229601185451,0.9235844259972917,1.0847003318009867,1.0847003318009867,1.0,0.0,0.0,1.0,1.0
0.10839269140212034,3.249009585424943,gt-order-1,"ap_fixed<16,6,AP_RND,AP_SAT>",False,True,1000.0,3.0517578125e-05,-4.515449920728757,1.0,0.9722931981086731,0.6289300322532654,0.0,11.299833297729492,11.299833297729492,11.423778391242102,11.423778391242102,1.2382541052312743,1.2382541052312743,1.2382541052312743,1.2382541052312743,0.9121258352677899,0.9145605473413903,1.2382541052312737,1.2382541052312737,1.0,0.0,0.0,1.0,1.0
0.12373711899353519,3.249009585424943,gt-order-1,"ap_fixed<16,6,AP_RND,AP_SAT>",False,True,1000.0,1.52587890625e-05,-4.816479902161777,1.0,0.9284791946411133,0.6113120913505554,0.0,11.299813270568848,11.299813270568848,11.423778391242102,11.423778391242102,1.413545427805985,1.413545427805985,1.413545427805985,1.413545427805985,0.8996860795738806,0.906860611951464,1.4135454278059845,1.4135454278059845,1.0,0.0,0.0,1.0,1.0
0.1412537544622754,3.249009585424943,gt-order-1,"ap_fixed<16,6,AP_RND,AP_SAT>",False,True,1000.0,1.52587890625e-05,-4.816479902161777,1.0,0.8455600738525391,0.5678187608718872,0.0,11.299802780151367,11.299802780151367,11.423778391242102,11.423778391242102,1.6136515882997835,1.6136515882997835,1.6136515882997835,1.6136515882997835,0.8854853096052013,0.9031709499325727,1.6136515882997824,1.6136515882997824,1.0,0.0,0.0,1.0,1.0
0.16125010273377416,3.249009585424943,gt-order-1,"ap_fixed<16,6,AP_RND,AP_SAT>",False,True,1000.0,1.52587890625e-05,-4.816479902161777,1.0,0.7349599599838257,0.5110827684402466,0.0,11.300171852111816,11.300171852111816,11.423778391242102,11.423778391242102,1.8420854027079114,1.8420854027079114,1.8420854027079114,1.8420854027079114,0.8692742342266481,0.9039217964183619,1.8420854027079099,1.8420854027079099,1.0,0.0,0.0,1.0,1.0
0.18407720014689555,3.249009585424943,gt-order-1,"ap_fixed<16,6,AP_RND,AP_SAT>",False,True,1000.0,0.0,-12.0,1.0,0.6203739047050476,0.4986168444156647,0.0,11.375685691833496,11.375685691833496,11.423778391242102,11.423778391242102,2.10285717707921,2.10285717707921,2.10285717707921,2.10285717707921,1.1028571770792097,1.1028571770792097,2.1028571770792084,2.1028571770792084,1.0,0.0,0.0,1.0,1.0
0.21013577690467466,3.249009585424943,gt-order-1,"ap_fixed<16,6,AP_RND,AP_SAT>",False,True,1000.0,0.0,-12.0,1.0,0.49356046319007874,0.49490150809288025,0.0,11.397353172302246,11.397353172302246,11.423778391242104,11.423778391242104,2.4005445008170545,2.4005445008170545,2.4005445008170545,2.4005445008170545,1.4005445008170532,1.4005445008170532,2.4005445008170514,2.4005445008170514,1.0,0.0,0.0,1.0,1.0
0.239883291901949,3.249009585424943,gt-order-1,"ap_fixed<16,6,AP_RND,AP_SAT>",False,True,1000.0,0.0,-12.0,1.0,0.4176637530326843,0.494901567697525,0.0,11.414502143859863,11.414502143859863,11.423778391242102,11.423778391242102,2.7403735303408023,2.7403735303408023,2.7403735303408023,2.7403735303408023,1.7403735303408014,1.7403735303408014,2.740373530340801,2.740373530340801,1.0,0.0,0.0,1.0,1.0
0.27384196342643613,3.249009585424943,gt-order-1,"ap_fixed<16,6,AP_RND,AP_SAT>",False,True,1000.0,0.0,-12.0,1.0,0.3540742099285126,0.6469966173171997,0.0,11.42058277130127,11.42058277130127,11.423778391242102,11.423778391242102,3.1283100608321392,3.1283100608321392,3.1283100608321392,3.1283100608321392,2.128310060832139,2.128310060832139,3.128310060832136,3.128310060832136,1.0,0.0,0.0,1.0,1.0
0.3126079367123954,3.249009585424943,gt-order-1,"ap_fixed<16,6,AP_RND,AP_SAT>",False,True,1000.0,0.0,-12.0,1.0,0.3140467405319214,0.49490153789520264,0.0,11.422586441040039,11.422586441040039,11.423778391242102,11.423778391242102,3.571163875731345,3.571163875731345,3.571163875731345,3.571163875731345,2.571163875731343,2.571163875731343,3.571163875731342,3.571163875731342,1.0,0.0,0.0,1.0,1.0
0.35686174928348097,3.249009585424943,gt-order-1,"ap_fixed<16,6,AP_RND,AP_SAT>",True,False,,139.90968322753906,,0.5128492712974548,0.5128492712974548,0.9999999403953552,0.0,11.417619705200195,11.417619705200195,11.423778391242097,11.423778391242097,4.07670943807964,4.076709438079638,4.07670943807964,4.076709438079638,3.076709438079638,3.0767094380796354,4.076709438079639,2.0907374646105996,1.0,0.0,0.0,1.0,1.0
0.4073802778041126,3.249009585424943,gt-order-1,"ap_fixed<16,6,AP_RND,AP_SAT>",True,False,,227.3448486328125,,0.44206738471984863,0.44206738471984863,0.9999998807907104,0.0,11.420044898986816,11.420044898986816,11.4237783912421,11.4237783912421,4.6538220725697945,4.6538220725697945,4.6538220725697945,4.6538220725697945,3.653822072569795,3.653822072569795,4.653822072569792,2.0573029525724333,1.0,0.0,0.0,1.0,1.0
0.46505037616660627,3.249009585424943,gt-order-1,"ap_fixed<16,6,AP_RND,AP_SAT>",True,False,,341.0828857421875,,0.3693438172340393,0.3693438172340393,1.0,0.0,11.421560287475586,11.421560287475586,11.423778391242097,11.423778391242097,5.312632361945978,5.312632361945977,5.312632361945978,5.312632361945977,4.312632361945976,4.312632361945976,5.312632361945976,1.962187916122217,1.0,0.0,0.0,1.0,1.0
0.5308844442309882,3.249009585424943,gt-order-1,"ap_fixed<16,6,AP_RND,AP_SAT>",True,False,,112.00325012207031,,0.5000914931297302,0.5000914931297302,1.0,0.0,11.3001708984375,11.3001708984375,11.423778391242093,11.423778391242093,6.064706247765696,6.064706247765695,6.064706247765696,6.064706247765695,5.064706247765695,5.064706247765694,6.064706247765696,3.0329080028383504,1.0,0.0,0.0,1.0,1.0
0.606038200527066,3.249009585424943,gt-order-1,"ap_fixed<16,6,AP_RND,AP_SAT>",True,False,,152.9647674560547,,0.4151749610900879,0.4151749610900879,1.0,0.0,11.300030708312988,11.300030708312988,11.423778391242097,11.423778391242097,6.9232462393795515,6.9232462393795515,6.9232462393795515,6.9232462393795515,5.923246239379553,5.923246239379547,6.923246239379549,2.8743584880515014,1.0,0.0,0.0,1.0,1.0
0.6918309709189363,3.249009585424943,gt-order-1,"ap_fixed<16,6,AP_RND,AP_SAT>",True,False,,207.6031494140625,,0.3182196021080017,0.3182196021080017,1.0,0.0,11.300164222717285,11.300164222717285,11.423778391242095,11.423778391242095,7.903323944782628,7.903323944782628,7.903323944782628,7.903323944782628,6.903323944782622,6.903323944782621,7.903323944782627,2.5149926010393697,1.0,0.0,0.0,1.0,1.0
0.7897688493998856,3.249009585424943,gt-order-1,"ap_fixed<16,6,AP_RND,AP_SAT>",True,False,,280.159423828125,,0.20755422115325928,0.20755422115325928,1.0,0.0,11.300087928771973,11.300087928771973,11.423778391242099,11.423778391242099,9.022144604247805,9.022144604247805,9.022144604247805,9.022144604247805,8.022144604247796,8.022144604247796,9.022144604247794,1.8725841964667316,1.0,0.0,0.0,1.0,1.0
0.9015711376059565,3.249009585424943,gt-order-1,"ap_fixed<16,6,AP_RND,AP_SAT>",True,False,,376.3719482421875,,0.0812147855758667,0.0812147855758667,0.9999998807907104,0.0,11.300108909606934,11.300108909606934,11.423778391242093,11.423778391242093,10.299349074022937,10.299349074022937,10.299349074022937,10.299349074022937,9.299349074022935,9.299349074022928,10.299349074022937,0.836459426617774,1.0,0.0,0.0,1.0,1.0
1.0292005271944276,3.249009585424943,gt-order-1,"ap_fixed<16,6,AP_RND,AP_SAT>",True,False,,503.5586853027344,,0.0,0.0,0.9999999403953552,0.0,11.300146102905273,11.300146102905273,11.423778391242097,11.423778391242097,11.757359047829166,11.757359047829166,11.757359047829166,11.757359047829166,10.757359047829162,10.757359047829162,11.757359047829162,0.0,1.0,0.0,0.0,1.0,1.0
1.174897554939529,3.249009585424943,gt-order-1,"ap_fixed<16,6,AP_RND,AP_SAT>",True,False,,671.4088745117188,,0.0,0.0,1.0,0.0,11.300155639648438,11.300155639648438,11.423778391242093,11.423778391242093,13.421769261166599,13.421769261166599,13.421769261166599,13.421769261166599,12.421769261166602,12.421769261166599,13.421769261166597,0.0,1.0,0.0,0.0,1.0,1.0
1.3412199354053709,3.249009585424943,gt-order-1,"ap_fixed<16,6,AP_RND,AP_SAT>",True,False,,892.6071166992188,,0.0,0.0,1.0,0.0,11.300145149230957,11.300145149230957,11.423778391242097,11.423778391242097,15.321798934812106,15.321798934812106,15.321798934812106,15.321798934812106,14.321798934812106,14.321798934812096,15.321798934812104,0.0,1.0,0.0,0.0,1.0,1.0
1.5310874616820287,3.249009585424943,gt-order-1,"ap_fixed<16,6,AP_RND,AP_SAT>",True,False,,1183.4649658203125,,0.0,0.0,1.0,0.0,11.30012035369873,11.30012035369873,11.423778391242097,11.423778391242097,17.490804500239776,17.49080450023977,17.490804500239776,17.49080450023977,16.490804500239772,16.49080450023977,17.490804500239776,0.0,1.0,0.0,0.0,1.0,1.0
1.7478332624182173,3.249009585424943,gt-order-1,"ap_fixed<16,6,AP_RND,AP_SAT>",True,False,,1565.62939453125,,0.0,0.0,1.0,0.0,11.300143241882324,11.300143241882324,11.423778391242095,11.423778391242095,19.96685973515651,19.96685973515651,19.96685973515651,19.96685973515651,18.966859735156497,18.966859735156497,19.96685973515651,0.0,1.0,0.0,0.0,1.0,1.0
1.9952623149688795,3.249009585424943,gt-order-1,"ap_fixed<16,6,AP_RND,AP_SAT>",True,False,,2067.321044921875,,0.0,0.0,1.0,0.0,11.300153732299805,11.300153732299805,11.423778391242095,11.423778391242095,22.79343395011401,22.79343395011401,22.79343395011401,22.79343395011401,21.79343395011402,21.79343395011402,22.79343395011401,0.0,1.0,0.0,0.0,1.0,1.0
0.01,3.363585661014858,gt-order-1,"ap_fixed<16,6,AP_RND,AP_SAT>",False,True,1000.0,0.009613037109375,-2.01713938112494,1.0,1.0,0.36955639719963074,0.0,12.105266571044922,12.105266571044922,12.24370253431659,12.24370253431659,0.12243702260648512,0.12243702260648512,0.12243702260648512,0.12243702260648512,0.9913111120780914,0.9913111120780914,0.12243702260648502,0.12243702260648502,1.0,0.0,0.0,1.0,1.0
0.011415633046188459,3.363585661014858,gt-order-1,"ap_fixed<16,6,AP_RND,AP_SAT>",False,True,1000.0,0.007568359375,-2.1209982540761185,1.0,1.0,0.41216740012168884,0.0,12.105908393859863,12.105908393859863,12.243702534316592,12.243702534316592,0.1397696192593697,0.1397696192593697,0.1397696192593697,0.1397696192593697,0.9900810838847679,0.9900810838847679,0.13976961925936957,0.13976961925936957,1.0,0.0,0.0,1.0,1.0
0.013031667784522994,3.363585661014858,gt-order-1,"ap_fixed<16,6,AP_RND,AP_SAT>",False,True,1000.0,0.0057373046875,-2.2412920856203415,1.0,1.0,0.3435324430465698,0.0,12.10645580291748,12.10645580291748,12.243702534316592,12.243702534316592,0.15955586688192325,0.15955586688192325,0.15955586688192325,0.15955586688192325,0.9886769294523291,0.9886769294523291,0.15955586688192322,0.15955586688192322,1.0,0.0,0.0,1.0,1.0
0.014876473740795015,3.363585661014858,gt-order-1,"ap_fixed<16,6,AP_RND,AP_SAT>",False,True,1000.0,0.004119873046875,-2.385116166359297,1.0,1.0,0.36049696803092957,0.0,12.109675407409668,12.109675407409668,12.243702534316593,12.243702534316593,0.1821431186816523,0.1821431186816523,0.1821431186816523,0.1821431186816523,0.9870739984501391,0.9870739984501391,0.18214311868165214,0.18214311868165214,1.0,0.0,0.0,1.0,1.0
0.016982436524617443,3.363585661014858,gt-order-1,"ap_fixed<16,6,AP_RND,AP_SAT>",False,True,1000.0,0.0030670166015625,-2.5132838730616087,1.0,1.0,0.4137795865535736,0.0,12.107062339782715,12.107062339782715,12.243702534316593,12.243702534316593,0.20792789689734073,0.20792789689734073,0.20792789689734073,0.20792789689734073,0.9852441512091826,0.9852441512091826,0.2079278968973405,0.2079278968973405,1.0,0.0,0.0,1.0,1.0
0.019386526359522076,3.363585661014858,gt-order-1,"ap_fixed<16,6,AP_RND,AP_SAT>",False,True,1000.0,0.0023193359375,-2.634636342491677,1.0,1.0,0.41555914282798767,0.0,12.11281967163086,12.11281967163086,12.243702534316593,12.243702534316593,0.2373628599321921,0.2373628599321921,0.2373628599321921,0.2373628599321921,0.9831552642912332,0.9831552642912332,0.23736285993219186,0.23736285993219186,1.0,0.0,0.0,1.0,1.0
0.022130947096056376,3.363585661014858,gt-order-1,"ap_fixed<16,6,AP_RND,AP_SAT>",False,True,1000.0,0.0017242431640625,-2.763401486888404,1.0,1.0,0.39432385563850403,0.0,12.110214233398438,12.110214233398438,12.243702534316592,12.243702534316592,0.27096473872808047,0.27096473872808047,0.27096473872808047,0.27096473872808047,0.9807706672746805,0.9807706672746805,0.27096473872808025,0.27096473872808025,1.0,0.0,0.0,1.0,1.0
0.025263877101318954,3.363585661014858,gt-order-1,"ap_fixed<16,6,AP_RND,AP_SAT>",False,True,1000.0,0.001312255859375,-2.8819814790491787,1.0,1.0,0.3769310712814331,0.0,12.110713958740234,12.110713958740234,12.243702534316592,12.243702534316592,0.30932340202062125,0.30932340202062125,0.30932340202062125,0.30932340202062125,0.9780484994279961,0.9780484994279961,0.30932340202062114,0.30932340202062114,1.0,0.0,0.0,1.0,1.0
0.028840315031266057,3.363585661014858,gt-order-1,"ap_fixed<16,6,AP_RND,AP_SAT>",False,True,1000.0,0.0011138916015625,-2.953157070113354,1.0,1.0,0.4264791011810303,0.0,12.10997486114502,12.10997486114502,12.243702534316593,12.243702534316593,0.35311223292044713,0.35311223292044713,0.35311223292044713,0.35311223292044713,0.9749409733233891,0.9749409733233891,0.3531122329204468,0.3531122329204468,1.0,0.0,0.0,1.0,1.0
0.03292304533334065,3.363585661014858,gt-order-1,"ap_fixed<16,6,AP_RND,AP_SAT>",False,True,1000.0,0.000762939453125,-3.117509925718442,1.0,1.0,0.40180402994155884,0.0,12.1127347946167,12.1127347946167,12.243702534316592,12.243702534316592,0.40309998786323775,0.40309998786323775,0.40309998786323775,0.40309998786323775,0.971393533252409,0.971393533252409,0.4030999878632373,0.4030999878632373,1.0,0.0,0.0,1.0,1.0
0.037583740428844416,3.363585661014858,gt-order-1,"ap_fixed<16,6,AP_RND,AP_SAT>",False,True,1000.0,0.00054931640625,-3.260177429065803,1.0,1.0,0.40765613317489624,0.0,12.112655639648438,12.112655639648438,12.24370253431659,12.24370253431659,0.4601641607341767,0.4601641607341767,0.4601641607341767,0.4601641607341767,0.9673439068250693,0.9673439068250693,0.46016416073417643,0.46016416073417643,1.0,0.0,0.0,1.0,1.0
0.04290421892388853,3.363585661014858,gt-order-1,"ap_fixed<16,6,AP_RND,AP_SAT>",False,True,1000.0,0.0003814697265625,-3.418539920813185,1.0,1.0,0.4315924048423767,0.0,12.112545013427734,12.112545013427734,12.243702534316592,12.243702534316592,0.5253065135313558,0.5253065135313558,0.5253065135313558,0.5253065135313558,0.9627210028179755,0.9627210028179755,0.5253065135313557,0.5253065135313557,1.0,0.0,0.0,1.0,1.0
0.04897788193684462,3.363585661014858,gt-order-1,"ap_fixed<16,6,AP_RND,AP_SAT>",False,True,1000.0,0.0002899169921875,-3.5377263281728744,1.0,1.0,0.4088236093521118,0.0,12.111148834228516,12.111148834228516,12.243702534316592,12.243702534316592,0.5996706139284147,0.5996706139284147,0.5996706139284147,0.5996706139284147,0.9574436666004791,0.9574436666004791,0.5996706139284143,0.5996706139284143,1.0,0.0,0.0,1.0,1.0
0.05591135275705602,3.363585661014858,gt-order-1,"ap_fixed<16,6,AP_RND,AP_SAT>",False,True,1000.0,0.0001983642578125,-3.7025365761274838,1.0,1.0,0.4366140067577362,0.0,12.111109733581543,12.111109733581543,12.24370253431659,12.24370253431659,0.6845619498782459,0.6845619498782459,0.6845619498782459,0.6845619498782459,0.9514192526780669,0.9514192526780669,0.6845619498782456,0.6845619498782456,1.0,0.0,0.0,1.0,1.0
0.06382634861905485,3.363585661014858,gt-order-1,"ap_fixed<16,6,AP_RND,AP_SAT>",False,True,1000.0,0.000152587890625,-3.816479927777507,1.0,1.0,0.4665694832801819,0.0,12.110003471374512,12.110003471374512,12.243702534316592,12.243702534316592,0.7814707808974753,0.7814707808974753,0.7814707808974753,0.7814707808974753,0.9445420030239686,0.9445420030239686,0.7814707808974748,0.7814707808974748,1.0,0.0,0.0,1.0,1.0
0.07286181745132274,3.363585661014858,gt-order-1,"ap_fixed<16,6,AP_RND,AP_SAT>",False,True,1000.0,0.0001068115234375,-3.9713818865434534,1.0,1.0,0.4890509843826294,0.0,12.110109329223633,12.110109329223633,12.243702534316592,12.243702534316592,0.8920984558132581,0.8920984558132581,0.8920984558132581,0.8920984558132581,0.93669117940917,0.93669117940917,0.8920984558132574,0.8920984558132574,1.0,0.0,0.0,1.0,1.0
0.08317637711026708,3.363585661014858,gt-order-1,"ap_fixed<16,6,AP_RND,AP_SAT>",False,True,1000.0,6.103515625e-05,-4.214419932180256,1.0,0.9992645382881165,0.6825660467147827,0.0,12.111067771911621,12.111067771911621,12.243702534316592,12.243702534316592,1.0183867864702765,1.0183867864702765,1.0183867864702765,1.0183867864702765,0.9277289788626036,0.9277821314315284,1.0183867864702758,1.0183867864702758,1.0,0.0,0.0,1.0,1.0
0.09495109992021983,3.363585661014858,gt-order-1,"ap_fixed<16,6,AP_RND,AP_SAT>",False,True,1000.0,4.57763671875e-05,-4.339358666416729,1.0,0.9850044846534729,0.5065022110939026,0.0,12.111023902893066,12.111023902893066,12.243702534316593,12.243702534316593,1.1625530316333272,1.1625530316333272,1.1625530316333272,1.1625530316333272,0.91749805099718,0.9187352102395694,1.1625530316333264,1.1625530316333264,1.0,0.0,0.0,1.0,1.0
0.10839269140212034,3.363585661014858,gt-order-1,"ap_fixed<16,6,AP_RND,AP_SAT>",False,True,1000.0,3.0517578125e-05,-4.515449920728757,1.0,0.949678897857666,0.5265603065490723,0.0,12.110621452331543,12.110621452331543,12.243702534316593,12.243702534316593,1.3271278912387632,1.3271278912387632,1.3271278912387632,1.3271278912387632,0.9058188017028593,0.9105581034022566,1.3271278912387627,1.3271278912387627,1.0,0.0,0.0,1.0,1.0
0.12373711899353519,3.363585661014858,gt-order-1,"ap_fixed<16,6,AP_RND,AP_SAT>",False,True,1000.0,1.52587890625e-05,-4.816479902161777,1.0,0.8882306218147278,0.5279095768928528,0.0,12.112082481384277,12.112082481384277,12.24370253431659,12.24370253431659,1.515000479181913,1.515000479181913,1.515000479181913,1.515000479181913,0.8924862015996734,0.904502951993214,1.5150004791819116,1.5150004791819116,1.0,0.0,0.0,1.0,1.0
0.1412537544622754,3.363585661014858,gt-order-1,"ap_fixed<16,6,AP_RND,AP_SAT>",False,True,1000.0,1.52587890625e-05,-4.816479902161777,1.0,0.7944586277008057,0.5351842641830444,0.0,12.111138343811035,12.111138343811035,12.24370253431659,12.24370253431659,1.7294689519114415,1.7294689519114415,1.7294689519114415,1.7294689519114415,0.877266193119729,0.9024930682134038,1.72946895191144,1.72946895191144,1.0,0.0,0.0,1.0,1.0
0.16125010273377416,3.363585661014858,gt-order-1,"ap_fixed<16,6,AP_RND,AP_SAT>",False,True,1000.0,1.52587890625e-05,-4.816479902161777,1.0,0.6744229793548584,0.5318906307220459,0.0,12.142182350158691,12.142182350158691,12.24370253431659,12.24370253431659,1.9742982523937225,1.9742982523937225,1.9742982523937225,1.9742982523937225,0.9742982523937227,0.9742982523937227,1.9742982523937218,1.9742982523937218,1.0,0.0,0.0,1.0,1.0
0.18407720014689555,3.363585661014858,gt-order-1,"ap_fixed<16,6,AP_RND,AP_SAT>",False,True,1000.0,0.0,-12.0,1.0,0.5668075680732727,0.5318906307220459,0.0,12.199305534362793,12.199305534362793,12.243702534316592,12.243702534316592,2.253786520233007,2.253786520233007,2.253786520233007,2.253786520233007,1.253786520233007,1.253786520233007,2.2537865202330063,2.2537865202330063,1.0,0.0,0.0,1.0,1.0
0.21013577690467466,3.363585661014858,gt-order-1,"ap_fixed<16,6,AP_RND,AP_SAT>",False,True,1000.0,0.0,-12.0,1.0,0.47307437658309937,0.4906533658504486,0.0,12.226338386535645,12.226338386535645,12.243702534316592,12.243702534316592,2.5728398942793036,2.5728398942793036,2.5728398942793036,2.5728398942793036,1.5728398942793034,1.5728398942793034,2.572839894279302,2.572839894279302,1.0,0.0,0.0,1.0,1.0
0.239883291901949,3.363585661014858,gt-order-1,"ap_fixed<16,6,AP_RND,AP_SAT>",False,True,1000.0,0.0,-12.0,1.0,0.40129992365837097,0.49656355381011963,0.0,12.237801551818848,12.237801551818848,12.243702534316592,12.243702534316592,2.937059630299749,2.937059630299749,2.937059630299749,2.937059630299749,1.937059630299749,1.937059630299749,2.9370596302997463,2.9370596302997463,1.0,0.0,0.0,1.0,1.0
0.27384196342643613,3.363585661014858,gt-order-1,"ap_fixed<16,6,AP_RND,AP_SAT>",False,True,1000.0,0.0,-12.0,1.0,0.34008049964904785,0.49656352400779724,0.0,12.241395950317383,12.241395950317383,12.243702534316593,12.243702534316593,3.352839709259625,3.352839709259625,3.352839709259625,3.352839709259625,2.352839709259626,2.352839709259626,3.3528397092596216,3.3528397092596216,1.0,0.0,0.0,1.0,1.0
0.3126079367123954,3.363585661014858,gt-order-1,"ap_fixed<16,6,AP_RND,AP_SAT>",True,False,,115.50033569335938,,0.5454740524291992,0.5454740524291992,0.9999998807907104,0.0,12.235151290893555,12.235151290893555,12.243702534316585,12.243702534316585,3.827478676343404,3.8274786763434037,3.827478676343404,3.8274786763434037,2.8274786763434037,2.8274786763434037,3.827478676343404,2.087790304171384,1.0,0.0,0.0,1.0,1.0
0.35686174928348097,3.363585661014858,gt-order-1,"ap_fixed<16,6,AP_RND,AP_SAT>",True,False,,194.0305633544922,,0.4761446416378021,0.4761446416378021,0.9999998807907104,0.0,12.238306045532227,12.238306045532227,12.243702534316585,12.243702534316585,4.369308994732777,4.369308994732777,4.369308994732777,4.369308994732777,3.3693089947327772,3.3693089947327772,4.369308994732777,2.0804230655018636,1.0,0.0,0.0,1.0,1.0
0.4073802778041126,3.363585661014858,gt-order-1,"ap_fixed<16,6,AP_RND,AP_SAT>",True,False,,303.0457458496094,,0.4041209816932678,0.4041209816932678,1.0,0.0,12.240386009216309,12.240386009216309,12.243702534316586,12.243702534316586,4.987843001914698,4.987843001914697,4.987843001914698,4.987843001914697,3.9878430019147006,3.9878430019146953,4.987843001914698,2.015692010465664,1.0,0.0,0.0,1.0,1.0
0.46505037616660627,3.363585661014858,gt-order-1,"ap_fixed<16,6,AP_RND,AP_SAT>",True,False,,102.63862609863281,,0.5367562174797058,0.5367562174797058,0.9999998807907104,0.0,12.111457824707031,12.111457824707031,12.243702534316586,12.243702534316586,5.6939383876456535,5.6939383876456535,5.6939383876456535,5.6939383876456535,4.6939383876456535,4.6939383876456535,5.693938387645652,3.056256831515175,1.0,0.0,0.0,1.0,1.0
0.5308844442309882,3.363585661014858,gt-order-1,"ap_fixed<16,6,AP_RND,AP_SAT>",True,False,,140.6923370361328,,0.45702534914016724,0.45702534914016724,0.9999999403953552,0.0,12.111385345458984,12.111385345458984,12.243702534316586,12.243702534316586,6.499991221169067,6.499991221169066,6.499991221169067,6.499991221169066,5.49999122116907,5.499991221169062,6.499991221169067,2.9706607572628148,1.0,0.0,0.0,1.0,1.0
0.606038200527066,3.363585661014858,gt-order-1,"ap_fixed<16,6,AP_RND,AP_SAT>",True,False,,191.53518676757812,,0.36599570512771606,0.36599570512771606,1.0,0.0,12.111518859863281,12.111518859863281,12.243702534316586,12.243702534316586,7.42015160166046,7.42015160166046,7.42015160166046,7.42015160166046,6.420151601660453,6.420151601660453,7.420151601660459,2.715743617604271,1.0,0.0,0.0,1.0,1.0
0.6918309709189363,3.363585661014858,gt-order-1,"ap_fixed<16,6,AP_RND,AP_SAT>",True,False,,259.11187744140625,,0.2620924711227417,0.2620924711227417,1.0,0.0,12.11144733428955,12.11144733428955,12.243702534316586,12.243702534316586,8.470572878623459,8.470572878623459,8.470572878623459,8.470572878623459,7.4705728786234555,7.470572878623455,8.470572878623456,2.2200733775836974,1.0,0.0,0.0,1.0,1.0
0.7897688493998856,3.363585661014858,gt-order-1,"ap_fixed<16,6,AP_RND,AP_SAT>",True,False,,348.83721923828125,,0.14347314834594727,0.14347314834594727,0.9999999403953552,0.0,12.111478805541992,12.111478805541992,12.243702534316586,12.243702534316586,9.6696951720182,9.6696951720182,9.6696951720182,9.6696951720182,8.669695172018196,8.669695172018193,9.669695172018196,1.3873416098750568,1.0,0.0,0.0,1.0,1.0
0.9015711376059565,3.363585661014858,gt-order-1,"ap_fixed<16,6,AP_RND,AP_SAT>",True,False,,467.55322265625,,0.008062422275543213,0.008062422275543213,0.999999463558197,0.0,12.111495971679688,12.111495971679688,12.243702534316588,12.243702534316588,11.03856903037445,11.038569030374445,11.03856903037445,11.038569030374445,10.038569030374449,10.038569030374443,11.03856903037445,0.08899760484061241,1.0,0.0,0.0,1.0,1.0
1.0292005271944276,3.363585661014858,gt-order-1,"ap_fixed<16,6,AP_RND,AP_SAT>",True,False,,624.4132690429688,,0.0,0.0,1.0,0.0,12.11147403717041,12.11147403717041,12.243702534316586,12.243702534316586,12.601225430032528,12.601225430032525,12.601225430032528,12.601225430032525,11.601225430032526,11.601225430032526,12.601225430032528,0.0,1.0,0.0,0.0,1.0,1.0
1.174897554939529,3.363585661014858,gt-order-1,"ap_fixed<16,6,AP_RND,AP_SAT>",True,False,,831.1871337890625,,0.0,0.0,1.0,0.0,12.111533164978027,12.111533164978027,12.243702534316588,12.243702534316588,14.385096129310535,14.385096129310524,14.385096129310535,14.385096129310524,13.385096129310538,13.385096129310526,14.385096129310535,0.0,1.0,0.0,0.0,1.0,1.0
1.3412199354053709,3.363585661014858,gt-order-1,"ap_fixed<16,6,AP_RND,AP_SAT>",True,False,,1103.435546875,,0.0,0.0,0.9999998807907104,0.0,12.111488342285156,12.111488342285156,12.243702534316583,12.243702534316583,16.421497513665532,16.421497513665532,16.421497513665532,16.421497513665532,15.421497513665537,15.421497513665537,16.42149751366552,0.0,1.0,0.0,0.0,1.0,1.0
1.5310874616820287,3.363585661014858,gt-order-1,"ap_fixed<16,6,AP_RND,AP_SAT>",True,False,,1461.290283203125,,0.0,0.0,1.0,0.0,12.111468315124512,12.111468315124512,12.243702534316586,12.243702534316586,18.746180121193433,18.746180121193433,18.746180121193433,18.746180121193433,17.746180121193436,17.746180121193436,18.74618012119342,0.0,1.0,0.0,0.0,1.0,1.0
1.7478332624182173,3.363585661014858,gt-order-1,"ap_fixed<16,6,AP_RND,AP_SAT>",True,False,,1931.15087890625,,0.0,0.0,1.0,0.0,12.111506462097168,12.111506462097168,12.243702534316585,12.243702534316585,21.399950416501273,21.39995041650127,21.399950416501273,21.39995041650127,20.39995041650129,20.399950416501287,21.399950416501273,0.0,1.0,0.0,0.0,1.0,1.0
1.9952623149688795,3.363585661014858,gt-order-1,"ap_fixed<16,6,AP_RND,AP_SAT>",True,False,,2547.6689453125,,0.0,0.0,1.0,0.0,12.111467361450195,12.111467361450195,12.243702534316586,12.243702534316586,24.429397653121406,24.429397653121406,24.429397653121406,24.429397653121406,23.429397653121402,23.429397653121402,24.4293976531214,0.0,1.0,0.0,0.0,1.0,1.0
0.01,3.4822022531844965,gt-order-1,"ap_fixed<16,6,AP_RND,AP_SAT>",False,True,1000.0,0.0089569091796875,-2.0478418293275977,1.0,1.0,0.5088080763816833,0.0,12.98271656036377,12.98271656036377,13.122475445912183,13.122475445912183,0.13122475152602,0.13122475152602,0.13122475152602,0.13122475152602,0.9906874805522949,0.9906874805522949,0.13122475152601998,0.13122475152601998,1.0,0.0,0.0,1.0,1.0
0.011415633046188459,3.4822022531844965,gt-order-1,"ap_fixed<16,6,AP_RND,AP_SAT>",False,True,1000.0,0.0069580078125,-2.1575150878968476,1.0,1.0,0.35840708017349243,0.0,12.983634948730469,12.983634948730469,13.122475445912183,13.122475445912183,0.14980136863623575,0.14980136863623575,0.14980136863623575,0.14980136863623575,0.9893691689830239,0.9893691689830239,0.14980136863623564,0.14980136863623564,1.0,0.0,0.0,1.0,1.0
0.013031667784522994,3.4822022531844965,gt-order-1,"ap_fixed<16,6,AP_RND,AP_SAT>",False,True,1000.0,0.0053863525390625,-2.268705225155248,1.0,1.0,0.3720988929271698,0.0,12.982454299926758,12.982454299926758,13.122475445912183,13.122475445912183,0.17100774373935235,0.17100774373935235,0.17100774373935235,0.17100774373935235,0.9878642335324588,0.9878642335324588,0.1710077437393522,0.1710077437393522,1.0,0.0,0.0,1.0,1.0
0.014876473740795015,3.4822022531844965,gt-order-1,"ap_fixed<16,6,AP_RND,AP_SAT>",False,True,1000.0,0.0040435791015625,-2.393234056579488,1.0,1.0,0.3919515013694763,0.0,12.976768493652344,12.976768493652344,13.122475445912183,13.122475445912183,0.1952161607849176,0.1952161607849176,0.1952161607849176,0.1952161607849176,0.9861462546305114,0.9861462546305114,0.1952161607849175,0.1952161607849175,1.0,0.0,0.0,1.0,1.0
0.016982436524617443,3.4822022531844965,gt-order-1,"ap_fixed<16,6,AP_RND,AP_SAT>",False,True,1000.0,0.0030059814453125,-2.5220137043176294,1.0,1.0,0.3918926417827606,0.0,12.98312759399414,12.98312759399414,13.122475445912183,13.122475445912183,0.22285160178532645,0.22285160178532645,0.22285160178532645,0.22285160178532645,0.9841850729268357,0.9841850729268357,0.22285160178532626,0.22285160178532626,1.0,0.0,0.0,1.0,1.0
0.019386526359522076,3.4822022531844965,gt-order-1,"ap_fixed<16,6,AP_RND,AP_SAT>",False,True,1000.0,0.0021514892578125,-2.6672608177664614,1.0,1.0,0.35876500606536865,0.0,12.979636192321777,12.979636192321777,13.122475445912183,13.122475445912183,0.2543992140042254,0.2543992140042254,0.2543992140042254,0.2543992140042254,0.9819462593729847,0.9819462593729847,0.25439921400422527,0.25439921400422527,1.0,0.0,0.0,1.0,1.0
0.022130947096056376,3.4822022531844965,gt-order-1,"ap_fixed<16,6,AP_RND,AP_SAT>",False,True,1000.0,0.001708984375,-2.7672619076993934,1.0,1.0,0.38098999857902527,0.0,12.984582901000977,12.984582901000977,13.122475445912183,13.122475445912183,0.29041281595181423,0.29041281595181423,0.29041281595181423,0.29041281595181423,0.9793905115844103,0.9793905115844103,0.29041281595181395,0.29041281595181395,1.0,0.0,0.0,1.0,1.0
0.025263877101318954,3.4822022531844965,gt-order-1,"ap_fixed<16,6,AP_RND,AP_SAT>",False,True,1000.0,0.00128173828125,-2.892200644222985,1.0,1.0,0.3575444221496582,0.0,12.980254173278809,12.980254173278809,13.122475445912183,13.122475445912183,0.33152461328465227,0.33152461328465227,0.33152461328465227,0.33152461328465227,0.9764729643401598,0.9764729643401598,0.3315246132846521,0.3315246132846521,1.0,0.0,0.0,1.0,1.0
0.028840315031266057,3.4822022531844965,gt-order-1,"ap_fixed<16,6,AP_RND,AP_SAT>",False,True,1000.0,0.0008697509765625,-3.0606050744518756,1.0,1.0,0.39270293712615967,0.0,12.982454299926758,12.982454299926758,13.122475445912185,13.122475445912185,0.37845632015009023,0.37845632015009023,0.37845632015009023,0.37845632015009023,0.9731424003435366,0.9731424003435366,0.3784563201500899,0.3784563201500899,1.0,0.0,0.0,1.0,1.0
0.03292304533334065,3.4822022531844965,gt-order-1,"ap_fixed<16,6,AP_RND,AP_SAT>",False,True,1000.0,0.0006561279296875,-3.1830114743822073,1.0,1.0,0.395688533782959,0.0,12.98031234741211,12.98031234741211,13.122475445912185,13.122475445912185,0.43203186929419235,0.43203186929419235,0.43203186929419235,0.43203186929419235,0.9693403482342818,0.9693403482342818,0.4320318692941919,0.4320318692941919,1.0,0.0,0.0,1.0,1.0
0.037583740428844416,3.4822022531844965,gt-order-1,"ap_fixed<16,6,AP_RND,AP_SAT>",False,True,1000.0,0.0005035400390625,-3.297965989883329,1.0,1.0,0.4010574221611023,0.0,12.981841087341309,12.981841087341309,13.122475445912185,13.122475445912185,0.49319173537566463,0.49319173537566463,0.49319173537566463,0.49319173537566463,0.9650000661176885,0.9650000661176885,0.4931917353756642,0.4931917353756642,1.0,0.0,0.0,1.0,1.0
0.04290421892388853,3.4822022531844965,gt-order-1,"ap_fixed<16,6,AP_RND,AP_SAT>",False,True,1000.0,0.0003509521484375,-3.4547520933686315,1.0,1.0,0.536206066608429,0.0,12.981919288635254,12.981919288635254,13.122475445912183,13.122475445912183,0.5630095803187298,0.5630095803187298,0.5630095803187298,0.5630095803187298,0.9600453603074797,0.9600453603074797,0.5630095803187296,0.5630095803187296,1.0,0.0,0.0,1.0,1.0
0.04897788193684462,3.4822022531844965,gt-order-1,"ap_fixed<16,6,AP_RND,AP_SAT>",False,True,1000.0,0.0002899169921875,-3.5377263281728744,1.0,1.0,0.5216677188873291,0.0,12.981402397155762,12.981402397155762,13.122475445912183,13.122475445912183,0.6427110496073434,0.6427110496073434,0.6427110496073434,0.6427110496073434,0.9543892514245931,0.9543892514245931,0.6427110496073428,0.6427110496073428,1.0,0.0,0.0,1.0,1.0
0.05591135275705602,3.4822022531844965,gt-order-1,"ap_fixed<16,6,AP_RND,AP_SAT>",False,True,1000.0,0.00018310546875,-3.7372986822042473,1.0,1.0,0.7654980421066284,0.0,12.979415893554688,12.979415893554688,13.122475445912185,13.122475445912185,0.7336953305836309,0.7336953305836309,0.7336953305836309,0.7336953305836309,0.9479324444870758,0.9479324444870758,0.7336953305836305,0.7336953305836305,1.0,0.0,0.0,1.0,1.0
0.06382634861905485,3.4822022531844965,gt-order-1,"ap_fixed<16,6,AP_RND,AP_SAT>",False,True,1000.0,0.00018310546875,-3.7372986822042473,1.0,1.0,0.5824710726737976,0.0,12.981419563293457,12.981419563293457,13.122475445912183,13.122475445912183,0.8375596438481536,0.8375596438481536,0.8375596438481536,0.8375596438481536,0.9405615908489444,0.9405615908489444,0.837559643848153,0.837559643848153,1.0,0.0,0.0,1.0,1.0
0.07286181745132274,3.4822022531844965,gt-order-1,"ap_fixed<16,6,AP_RND,AP_SAT>",False,True,1000.0,0.0001220703125,-3.913389940074015,1.0,1.0,0.5908606648445129,0.0,12.981518745422363,12.981518745422363,13.122475445912183,13.122475445912183,0.9561274499224902,0.9561274499224902,0.9561274499224902,0.9561274499224902,0.9321472864810668,0.9321472864810668,0.9561274499224898,0.9561274499224898,1.0,0.0,0.0,1.0,1.0
0.08317637711026708,3.4822022531844965,gt-order-1,"ap_fixed<16,6,AP_RND,AP_SAT>",False,True,1000.0,7.62939453125e-05,-4.117509920595296,1.0,0.9920205473899841,0.5807375311851501,0.0,12.981988906860352,12.981988906860352,13.122475445912183,13.122475445912183,1.0914799312088599,1.0914799312088599,1.0914799312088599,1.0914799312088599,0.9225418378167227,0.9231599115511225,1.091479931208859,1.091479931208859,1.0,0.0,0.0,1.0,1.0
0.09495109992021983,3.4822022531844965,gt-order-1,"ap_fixed<16,6,AP_RND,AP_SAT>",False,True,1000.0,6.103515625e-05,-4.214419932180256,1.0,0.9698965549468994,0.6056141257286072,0.0,12.981300354003906,12.981300354003906,13.122475445912183,13.122475445912183,1.2459934868084923,1.2459934868084923,1.2459934868084923,1.2459934868084923,0.9115766008875419,0.9142384498241315,1.2459934868084919,1.2459934868084919,1.0,0.0,0.0,1.0,1.0
0.10839269140212034,3.4822022531844965,gt-order-1,"ap_fixed<16,6,AP_RND,AP_SAT>",False,True,1000.0,3.0517578125e-05,-4.515449920728757,1.0,0.9243711829185486,0.5928648710250854,0.0,12.982488632202148,12.982488632202148,13.122475445912185,13.122475445912185,1.4223804537520113,1.4223804537520113,1.4223804537520113,1.4223804537520113,0.8990590914933052,0.9066931329987931,1.422380453752009,1.422380453752009,1.0,0.0,0.0,1.0,1.0
0.12373711899353519,3.4822022531844965,gt-order-1,"ap_fixed<16,6,AP_RND,AP_SAT>",False,True,1000.0,1.52587890625e-05,-4.816479902161777,1.0,0.8399743437767029,0.6939683556556702,0.0,12.981518745422363,12.981518745422363,13.122475445912185,13.122475445912185,1.6237373076394759,1.6237373076394759,1.6237373076394759,1.6237373076394759,0.8847695645866075,0.9032093906305313,1.6237373076394752,1.6237373076394752,1.0,0.0,0.0,1.0,1.0
0.1412537544622754,3.4822022531844965,gt-order-1,"ap_fixed<16,6,AP_RND,AP_SAT>",False,True,1000.0,1.52587890625e-05,-4.816479902161777,1.0,0.7296175956726074,0.7059781551361084,0.0,12.981961250305176,12.981961250305176,13.122475445912183,13.122475445912183,1.8535989250242053,1.8535989250242053,1.8535989250242053,1.8535989250242053,0.8684571634787123,0.9040240318893826,1.8535989250242042,1.8535989250242042,1.0,0.0,0.0,1.0,1.0
0.16125010273377416,3.4822022531844965,gt-order-1,"ap_fixed<16,6,AP_RND,AP_SAT>",False,True,1000.0,1.52587890625e-05,-4.816479902161777,1.0,0.6155074834823608,0.6939683556556702,0.0,13.047125816345215,13.047125816345215,13.122475445912183,13.122475445912183,2.1160004718613536,2.1160004718613536,2.1160004718613536,2.1160004718613536,1.1160004718613534,1.1160004718613534,2.1160004718613523,2.1160004718613523,1.0,0.0,0.0,1.0,1.0
0.18407720014689555,3.4822022531844965,gt-order-1,"ap_fixed<16,6,AP_RND,AP_SAT>",False,True,1000.0,0.0,-12.0,1.0,0.5136165618896484,0.5756497383117676,0.0,13.093562126159668,13.093562126159668,13.122475445912183,13.122475445912183,2.4155485801122745,2.4155485801122745,2.4155485801122745,2.4155485801122745,1.415548580112275,1.415548580112275,2.415548580112273,2.415548580112273,1.0,0.0,0.0,1.0,1.0
0.21013577690467466,3.4822022531844965,gt-order-1,"ap_fixed<16,6,AP_RND,AP_SAT>",False,True,1000.0,0.0,-12.0,1.0,0.43380534648895264,0.514674961566925,0.0,13.112434387207031,13.112434387207031,13.122475445912185,13.122475445912185,2.7575015191944927,2.7575015191944927,2.7575015191944927,2.7575015191944927,1.7575015191944925,1.7575015191944925,2.7575015191944905,2.7575015191944905,1.0,0.0,0.0,1.0,1.0
0.239883291901949,3.4822022531844965,gt-order-1,"ap_fixed<16,6,AP_RND,AP_SAT>",False,True,1000.0,0.0,-12.0,1.0,0.368085116147995,0.556890070438385,0.0,13.251176834106445,13.251176834106445,13.122475445912183,13.122475445912183,3.1478625663899016,3.1478625663899016,3.1478625663899016,3.1478625663899016,2.1478625663899025,2.1478625663899025,3.147862566389899,3.147862566389899,1.0,0.0,0.0,1.0,1.0
0.27384196342643613,3.4822022531844965,gt-order-1,"ap_fixed<16,6,AP_RND,AP_SAT>",True,False,,108.18682861328125,,0.4698190689086914,0.4698190689086914,0.9999999403953552,0.0,13.120047569274902,13.120047569274902,13.122475445912178,13.122475445912178,3.593484620809972,3.5934846208099693,3.593484620809972,3.5934846208099693,2.5934846208099716,2.593484620809969,3.593484620809969,1.6882875986866417,1.0,0.0,0.0,1.0,1.0
0.3126079367123954,3.4822022531844965,gt-order-1,"ap_fixed<16,6,AP_RND,AP_SAT>",True,False,,163.04544067382812,,0.5095691084861755,0.5095691084861755,0.9999999403953552,0.0,13.11556339263916,13.11556339263916,13.12247544591218,13.12247544591218,4.102190069490468,4.102190069490468,4.102190069490468,4.102190069490468,3.1021900694904674,3.1021900694904674,4.102190069490467,2.0903493365510997,1.0,0.0,0.0,1.0,1.0
0.35686174928348097,3.4822022531844965,gt-order-1,"ap_fixed<16,6,AP_RND,AP_SAT>",True,False,,264.1044921875,,0.4386526346206665,0.4386526346206665,0.9999998807907104,0.0,13.118266105651855,13.118266105651855,13.122475445912178,13.122475445912178,4.682909425337853,4.682909425337853,4.682909425337853,4.682909425337853,3.682909425337851,3.6829094253378494,4.682909425337852,2.0541705571144,1.0,0.0,0.0,1.0,1.0
0.4073802778041126,3.4822022531844965,gt-order-1,"ap_fixed<16,6,AP_RND,AP_SAT>",True,False,,394.4013366699219,,0.36588335037231445,0.36588335037231445,1.0,0.0,13.119935035705566,13.119935035705566,13.12247544591218,13.12247544591218,5.3458377592268045,5.3458377592268,5.3458377592268045,5.3458377592268,4.3458377592268045,4.3458377592268045,5.345837759226804,1.9559530298927288,1.0,0.0,0.0,1.0,1.0
0.46505037616660627,3.4822022531844965,gt-order-1,"ap_fixed<16,6,AP_RND,AP_SAT>",True,False,,129.29928588867188,,0.4962843060493469,0.4962843060493469,0.9999999403953552,0.0,12.981727600097656,12.981727600097656,13.122475445912174,13.122475445912174,6.102612054890751,6.10261205489075,6.102612054890751,6.10261205489075,5.102612054890754,5.102612054890754,6.102612054890751,3.0286305887498353,1.0,0.0,0.0,1.0,1.0
0.5308844442309882,3.4822022531844965,gt-order-1,"ap_fixed<16,6,AP_RND,AP_SAT>",True,False,,176.5535430908203,,0.41082483530044556,0.41082483530044556,0.9999998807907104,0.0,12.981640815734863,12.981640815734863,13.122475445912176,13.122475445912176,6.966518090370839,6.966518090370839,6.966518090370839,6.966518090370839,5.966518090370833,5.966518090370833,6.966518090370839,2.862018647094174,1.0,0.0,0.0,1.0,1.0
0.606038200527066,3.4822022531844965,gt-order-1,"ap_fixed<16,6,AP_RND,AP_SAT>",True,False,,239.46881103515625,,0.3132625222206116,0.3132625222206116,1.0,0.0,12.981647491455078,12.981647491455078,13.12247544591218,13.12247544591218,7.952721566439977,7.952721566439973,7.952721566439977,7.952721566439973,6.952721566439973,6.952721566439966,7.952721566439977,2.49128961642124,1.0,0.0,0.0,1.0,1.0
0.6918309709189363,3.4822022531844965,gt-order-1,"ap_fixed<16,6,AP_RND,AP_SAT>",True,False,,323.12542724609375,,0.2018938660621643,0.2018938660621643,1.0,0.0,12.981581687927246,12.981581687927246,13.122475445912176,13.122475445912176,9.078535214409335,9.078535214409335,9.078535214409335,9.078535214409335,8.078535214409333,8.078535214409333,9.078535214409335,1.8329005726186005,1.0,0.0,0.0,1.0,1.0
0.7897688493998856,3.4822022531844965,gt-order-1,"ap_fixed<16,6,AP_RND,AP_SAT>",True,False,,434.0428771972656,,0.0747559666633606,0.0747559666633606,0.9999998807907104,0.0,12.981571197509766,12.981571197509766,13.122475445912176,13.122475445912176,10.363722665477763,10.363722665477761,10.363722665477763,10.363722665477761,9.363722665477761,9.363722665477754,10.363722665477763,0.7747501060887703,1.0,0.0,0.0,1.0,1.0
0.9015711376059565,3.4822022531844965,gt-order-1,"ap_fixed<16,6,AP_RND,AP_SAT>",True,False,,580.5628662109375,,0.0,0.0,0.9999999403953552,0.0,12.981666564941406,12.981666564941406,13.122475445912178,13.122475445912178,11.830845338907986,11.830845338907986,11.830845338907986,11.830845338907986,10.830845338907984,10.830845338907983,11.830845338907986,0.0,1.0,0.0,0.0,1.0,1.0
1.0292005271944276,3.4822022531844965,gt-order-1,"ap_fixed<16,6,AP_RND,AP_SAT>",True,False,,773.9777221679688,,0.0,0.0,1.0,0.0,12.98153018951416,12.98153018951416,13.122475445912176,13.122475445912176,13.505658997393791,13.505658997393791,13.505658997393791,13.505658997393791,12.505658997393788,12.505658997393788,13.50565899739379,0.0,1.0,0.0,0.0,1.0,1.0
1.174897554939529,3.4822022531844965,gt-order-1,"ap_fixed<16,6,AP_RND,AP_SAT>",True,False,,1028.894775390625,,0.0,0.0,1.0,0.0,12.981579780578613,12.981579780578613,13.122475445912174,13.122475445912174,15.417564271500844,15.417564271500835,15.417564271500844,15.417564271500835,14.41756427150084,14.41756427150084,15.417564271500844,0.0,1.0,0.0,0.0,1.0,1.0
1.3412199354053709,3.4822022531844965,gt-order-1,"ap_fixed<16,6,AP_RND,AP_SAT>",True,False,,1364.0042724609375,,0.0,0.0,1.0,0.0,12.981595993041992,12.981595993041992,13.122475445912176,13.122475445912176,17.600125232069924,17.60012523206992,17.600125232069924,17.60012523206992,16.600125232069924,16.600125232069924,17.600125232069924,0.0,1.0,0.0,0.0,1.0,1.0
1.5310874616820287,3.4822022531844965,gt-order-1,"ap_fixed<16,6,AP_RND,AP_SAT>",True,False,,1804.3748779296875,,0.0,0.0,1.0,0.0,12.981640815734863,12.981640815734863,13.12247544591217,13.12247544591217,20.091658357064013,20.091658357064013,20.091658357064013,20.091658357064013,19.091658357064023,19.091658357064023,20.09165835706401,0.0,1.0,0.0,0.0,1.0,1.0
1.7478332624182173,3.4822022531844965,gt-order-1,"ap_fixed<16,6,AP_RND,AP_SAT>",True,False,,2382.1298828125,,0.0,0.0,1.0,0.0,12.981612205505371,12.981612205505371,13.122475445912176,13.122475445912176,22.93589893230371,22.93589893230371,22.93589893230371,22.93589893230371,21.935898932303708,21.935898932303697,22.93589893230371,0.0,1.0,0.0,0.0,1.0,1.0
1.9952623149688795,3.4822022531844965,gt-order-1,"ap_fixed<16,6,AP_RND,AP_SAT>",True,False,,3139.9658203125,,0.0,0.0,1.0,0.0,12.981648445129395,12.981648445129395,13.122475445912176,13.122475445912176,26.18278008331275,26.18278008331275,26.18278008331275,26.18278008331275,25.18278008331274,25.18278008331273,26.182780083312746,0.0,1.0,0.0,0.0,1.0,1.0
0.01,3.605001850443321,gt-order-1,"ap_fixed<16,6,AP_RND,AP_SAT>",False,True,1000.0,0.008697509765625,-2.0606050749012743,1.0,1.0,0.3545597791671753,0.0,13.913919448852539,13.913919448852539,14.064320953335383,14.064320953335383,0.14064320638973313,0.14064320638973313,0.14064320638973313,0.14064320638973313,0.9900190888178512,0.9900190888178512,0.14064320638973296,0.14064320638973296,1.0,0.0,0.0,1.0,1.0
0.011415633046188459,3.605001850443321,gt-order-1,"ap_fixed<16,6,AP_RND,AP_SAT>",False,True,1000.0,0.006622314453125,-2.178990201045608,1.0,1.0,0.35055792331695557,0.0,13.921346664428711,13.921346664428711,14.064320953335383,14.064320953335383,0.1605531316429508,0.1605531316429508,0.1605531316429508,0.1605531316429508,0.9886061574669763,0.9886061574669763,0.1605531316429508,0.1605531316429508,1.0,0.0,0.0,1.0,1.0
0.013031667784522994,3.605001850443321,gt-order-1,"ap_fixed<16,6,AP_RND,AP_SAT>",False,True,1000.0,0.00482177734375,-2.316792847915226,1.0,1.0,0.35095447301864624,0.0,13.910408973693848,13.910408973693848,14.064320953335383,14.064320953335383,0.1832815617273799,0.1832815617273799,0.1832815617273799,0.1832815617273799,0.9869932075932815,0.9869932075932815,0.18328156172737983,0.18328156172737983,1.0,0.0,0.0,1.0,1.0
0.014876473740795015,3.605001850443321,gt-order-1,"ap_fixed<16,6,AP_RND,AP_SAT>",False,True,1000.0,0.003662109375,-2.436268688793502,1.0,1.0,0.3500376343727112,0.0,13.910442352294922,13.910442352294922,14.064320953335383,14.064320953335383,0.2092275007008902,0.2092275007008902,0.2092275007008902,0.2092275007008902,0.9851519234027428,0.9851519234027428,0.20922750070089005,0.20922750070089005,1.0,0.0,0.0,1.0,1.0
0.016982436524617443,3.605001850443321,gt-order-1,"ap_fixed<16,6,AP_RND,AP_SAT>",False,True,1000.0,0.002838134765625,-2.5469669862527615,1.0,1.0,0.3890608847141266,0.0,13.91163158416748,13.91163158416748,14.06432095333538,14.06432095333538,0.2388464330066687,0.2388464330066687,0.2388464330066687,0.2388464330066687,0.9830499809041134,0.9830499809041134,0.2388464330066685,0.2388464330066685,1.0,0.0,0.0,1.0,1.0
0.019386526359522076,3.605001850443321,gt-order-1,"ap_fixed<16,6,AP_RND,AP_SAT>",False,True,1000.0,0.0020599365234375,-2.686146161917864,1.0,1.0,0.39075836539268494,0.0,13.90788745880127,13.90788745880127,14.064320953335383,14.064320953335383,0.2726583266075957,0.2726583266075957,0.2726583266075957,0.2726583266075957,0.9806504799570436,0.9806504799570436,0.2726583266075955,0.2726583266075955,1.0,0.0,0.0,1.0,1.0
0.022130947096056376,3.605001850443321,gt-order-1,"ap_fixed<16,6,AP_RND,AP_SAT>",False,True,1000.0,0.001495361328125,-2.8252538546407764,1.0,1.0,0.3890494108200073,0.0,13.913203239440918,13.913203239440918,14.064320953335383,14.064320953335383,0.3112567494862864,0.3112567494862864,0.3112567494862864,0.3112567494862864,0.9779112973088913,0.9779112973088913,0.3112567494862863,0.3112567494862863,1.0,0.0,0.0,1.0,1.0
0.025263877101318954,3.605001850443321,gt-order-1,"ap_fixed<16,6,AP_RND,AP_SAT>",False,True,1000.0,0.0010833740234375,-2.9652215815037515,1.0,1.0,0.41024884581565857,0.0,13.91279411315918,13.91279411315918,14.064320953335384,14.064320953335384,0.3553192828886737,0.3553192828886737,0.3553192828886737,0.3553192828886737,0.9747843476065996,0.9747843476065996,0.35531928288867354,0.35531928288867354,1.0,0.0,0.0,1.0,1.0
0.028840315031266057,3.605001850443321,gt-order-1,"ap_fixed<16,6,AP_RND,AP_SAT>",False,True,1000.0,0.000885009765625,-3.053051936570039,1.0,1.0,0.6779248714447021,0.0,13.915153503417969,13.915153503417969,14.064320953335383,14.064320953335383,0.40561944088584406,0.40561944088584406,0.40561944088584406,0.40561944088584406,0.9712147375109179,0.9712147375109179,0.4056194408858437,0.4056194408858437,1.0,0.0,0.0,1.0,1.0
0.03292304533334065,3.605001850443321,gt-order-1,"ap_fixed<16,6,AP_RND,AP_SAT>",False,True,1000.0,0.0006256103515625,-3.2036960732097706,1.0,1.0,0.48067939281463623,0.0,13.913588523864746,13.913588523864746,14.064320953335383,14.064320953335383,0.4630402927304227,0.4630402927304227,0.4630402927304227,0.4630402927304227,0.9671397989697988,0.9671397989697988,0.46304029273042224,0.46304029273042224,1.0,0.0,0.0,1.0,1.0
0.037583740428844416,3.605001850443321,gt-order-1,"ap_fixed<16,6,AP_RND,AP_SAT>",False,True,1000.0,0.00048828125,-3.311329951414358,1.0,1.0,0.5600709915161133,0.0,13.91450023651123,13.91450023651123,14.064320953335383,14.064320953335383,0.5285898142043448,0.5285898142043448,0.5285898142043448,0.5285898142043448,0.96248799979188,0.96248799979188,0.5285898142043445,0.5285898142043445,1.0,0.0,0.0,1.0,1.0
0.04290421892388853,3.605001850443321,gt-order-1,"ap_fixed<16,6,AP_RND,AP_SAT>",False,True,1000.0,0.0003662109375,-3.4362686877261797,1.0,1.0,0.3981621265411377,0.0,13.910508155822754,13.910508155822754,14.064320953335383,14.064320953335383,0.6034187276663517,0.6034187276663517,0.6034187276663517,0.6034187276663517,0.9571776776064529,0.9571776776064529,0.6034187276663516,0.6034187276663516,1.0,0.0,0.0,1.0,1.0
0.04897788193684462,3.605001850443321,gt-order-1,"ap_fixed<16,6,AP_RND,AP_SAT>",False,True,1000.0,0.00030517578125,-3.5154499335366216,1.0,1.0,0.5591860413551331,0.0,13.912946701049805,13.912946701049805,14.064320953335383,14.064320953335383,0.6888406474213362,0.6888406474213362,0.6888406474213362,0.6888406474213362,0.9511156102235421,0.9511156102235421,0.688840647421336,0.688840647421336,1.0,0.0,0.0,1.0,1.0
0.05591135275705602,3.605001850443321,gt-order-1,"ap_fixed<16,6,AP_RND,AP_SAT>",False,True,1000.0,0.0002288818359375,-3.6403886696705565,1.0,1.0,0.38242799043655396,0.0,13.914360046386719,13.914360046386719,14.06432095333538,14.06432095333538,0.7863551853325177,0.7863551853325177,0.7863551853325177,0.7863551853325177,0.9441953759168613,0.9441953759168613,0.7863551853325174,0.7863551853325174,1.0,0.0,0.0,1.0,1.0
0.06382634861905485,3.605001850443321,gt-order-1,"ap_fixed<16,6,AP_RND,AP_SAT>",False,True,1000.0,0.0001220703125,-3.913389940074015,1.0,1.0,0.6104050278663635,0.0,13.914031982421875,13.914031982421875,14.064320953335383,14.064320953335383,0.8976742000543224,0.8976742000543224,0.8976742000543224,0.8976742000543224,0.9362954906160109,0.9362954906160109,0.8976742000543217,0.8976742000543217,1.0,0.0,0.0,1.0,1.0
0.07286181745132274,3.605001850443321,gt-order-1,"ap_fixed<16,6,AP_RND,AP_SAT>",False,True,1000.0,9.1552734375e-05,-4.038328675496402,1.0,0.9986194968223572,0.5540222525596619,0.0,13.914078712463379,13.914078712463379,14.06432095333538,14.06432095333538,1.0247520281848197,1.0247520281848197,1.0247520281848197,1.0247520281848197,0.9272772625170566,0.9273776564872381,1.024752028184819,1.024752028184819,1.0,0.0,0.0,1.0,1.0
0.08317637711026708,3.605001850443321,gt-order-1,"ap_fixed<16,6,AP_RND,AP_SAT>",False,True,1000.0,7.62939453125e-05,-4.117509920595296,1.0,0.9842786192893982,0.628112256526947,0.0,13.912773132324219,13.912773132324219,14.064320953335383,14.064320953335383,1.1698192257946145,1.1698192257946145,1.1698192257946145,1.1698192257946145,0.9169823975750955,0.9182875489084982,1.1698192257946136,1.1698192257946136,1.0,0.0,0.0,1.0,1.0
0.09495109992021983,3.605001850443321,gt-order-1,"ap_fixed<16,6,AP_RND,AP_SAT>",False,True,1000.0,6.103515625e-05,-4.214419932180256,1.0,0.9476876854896545,0.6189427971839905,0.0,13.913139343261719,13.913139343261719,14.06432095333538,14.06432095333538,1.3354227543781805,1.3354227543781805,1.3354227543781805,1.3354227543781805,0.9052301476607779,0.9101877779824454,1.33542275437818,1.33542275437818,1.0,0.0,0.0,1.0,1.0
0.10839269140212034,3.605001850443321,gt-order-1,"ap_fixed<16,6,AP_RND,AP_SAT>",False,True,1000.0,3.0517578125e-05,-4.515449920728757,1.0,0.8846284747123718,0.7874007821083069,0.0,13.913370132446289,13.913370132446289,14.064320953335383,14.064320953335383,1.52446962478797,1.52446962478797,1.52446962478797,1.52446962478797,0.8918142133169976,0.904295772541057,1.5244696247879692,1.5244696247879692,1.0,0.0,0.0,1.0,1.0
0.12373711899353519,3.605001850443321,gt-order-1,"ap_fixed<16,6,AP_RND,AP_SAT>",False,True,1000.0,0.0,-12.0,1.0,0.7881613969802856,0.7555619478225708,0.0,13.913339614868164,13.913339614868164,14.064320953335384,14.064320953335384,1.740278557401317,1.740278557401317,1.740278557401317,1.740278557401317,0.8764990776341589,0.9026613404997841,1.7402785574013158,1.7402785574013158,1.0,0.0,0.0,1.0,1.0
0.1412537544622754,3.605001850443321,gt-order-1,"ap_fixed<16,6,AP_RND,AP_SAT>",False,True,1000.0,1.52587890625e-05,-4.816479902161777,1.0,0.6683254241943359,0.697931706905365,0.0,13.951528549194336,13.951528549194336,14.064320953335384,14.064320953335384,1.9866381391034635,1.9866381391034635,1.9866381391034635,1.9866381391034635,0.9866381391034624,0.9866381391034624,1.9866381391034624,1.9866381391034624,1.0,0.0,0.0,1.0,1.0
0.16125010273377416,3.605001850443321,gt-order-1,"ap_fixed<16,6,AP_RND,AP_SAT>",False,True,1000.0,1.52587890625e-05,-4.816479902161777,1.0,0.5619913935661316,0.7411878108978271,0.0,14.016217231750488,14.016217231750488,14.064320953335383,14.064320953335383,2.2678731536844174,2.2678731536844174,2.2678731536844174,2.2678731536844174,1.2678731536844163,1.2678731536844163,2.2678731536844157,2.2678731536844157,1.0,0.0,0.0,1.0,1.0
0.18407720014689555,3.605001850443321,gt-order-1,"ap_fixed<16,6,AP_RND,AP_SAT>",False,True,1000.0,1.52587890625e-05,-4.816479902161777,1.0,0.4693719446659088,0.7707452178001404,0.0,14.046059608459473,14.046059608459473,14.064320953335384,14.064320953335384,2.5889208670347053,2.5889208670347053,2.5889208670347053,2.5889208670347053,1.588920867034703,1.588920867034703,2.588920867034704,2.588920867034704,1.0,0.0,0.0,1.0,1.0
0.21013577690467466,3.605001850443321,gt-order-1,"ap_fixed<16,6,AP_RND,AP_SAT>",False,True,1000.0,0.0,-12.0,1.0,0.39818695187568665,0.6104289889335632,0.0,14.058063507080078,14.058063507080078,14.064320953335383,14.064320953335383,2.9554169527779495,2.9554169527779495,2.9554169527779495,2.9554169527779495,1.9554169527779475,1.9554169527779475,2.955416952777947,2.955416952777947,1.0,0.0,0.0,1.0,1.0
0.239883291901949,3.605001850443321,gt-order-1,"ap_fixed<16,6,AP_RND,AP_SAT>",False,True,1000.0,0.0,-12.0,1.0,0.33742615580558777,0.6467616558074951,0.0,14.125551223754883,14.125551223754883,14.064320953335383,14.064320953335383,3.3737955641966195,3.3737955641966195,3.3737955641966195,3.3737955641966195,2.3737955641966186,2.3737955641966186,3.3737955641966186,3.3737955641966186,1.0,0.0,0.0,1.0,1.0
0.27384196342643613,3.605001850443321,gt-order-1,"ap_fixed<16,6,AP_RND,AP_SAT>",True,False,,134.86593627929688,,0.542251467704773,0.542251467704773,1.0,0.0,14.054983139038086,14.054983139038086,14.064320953335374,14.064320953335374,3.8514014567038077,3.8514014567038077,3.8514014567038077,3.8514014567038077,2.8514014567038064,2.8514014567038064,3.8514014567038064,2.0884280926179395,1.0,0.0,0.0,1.0,1.0
0.3126079367123954,3.605001850443321,gt-order-1,"ap_fixed<16,6,AP_RND,AP_SAT>",True,False,,225.9826202392578,,0.47276389598846436,0.47276389598846436,0.9999999403953552,0.0,14.058588981628418,14.058588981628418,14.064320953335377,14.064320953335377,4.396618457142679,4.396618457142678,4.396618457142679,4.396618457142678,3.3966184571426745,3.3966184571426745,4.396618457142678,2.0785624709735635,1.0,0.0,0.0,1.0,1.0
0.35686174928348097,3.605001850443321,gt-order-1,"ap_fixed<16,6,AP_RND,AP_SAT>",True,False,,351.5060729980469,,0.4006633162498474,0.4006633162498474,0.9999999403953552,0.0,14.060815811157227,14.060815811157227,14.064320953335375,14.064320953335375,5.019018052258406,5.019018052258402,5.019018052258406,5.019018052258402,4.019018052258401,4.019018052258401,5.019018052258404,2.010936417135702,1.0,0.0,0.0,1.0,1.0
0.4073802778041126,3.605001850443321,gt-order-1,"ap_fixed<16,6,AP_RND,AP_SAT>",True,False,,118.61520385742188,,0.5331789255142212,0.5331789255142212,1.0,0.0,13.913806915283203,13.913806915283203,14.064320953335375,14.064320953335375,5.729527048469064,5.729527048469064,5.729527048469064,5.729527048469064,4.729527048469059,4.729527048469059,5.7295270484690635,3.0548630754074027,1.0,0.0,0.0,1.0,1.0
0.46505037616660627,3.605001850443321,gt-order-1,"ap_fixed<16,6,AP_RND,AP_SAT>",True,False,,162.4772186279297,,0.4529438614845276,0.4529438614845276,0.9999998807907104,0.0,13.913679122924805,13.913679122924805,14.064320953335379,14.064320953335379,6.540617656130876,6.540617656130876,6.540617656130876,6.540617656130876,5.54061765613087,5.54061765613087,6.540617656130873,2.9625326176617977,1.0,0.0,0.0,1.0,1.0
0.5308844442309882,3.605001850443321,gt-order-1,"ap_fixed<16,6,AP_RND,AP_SAT>",True,False,,221.1226043701172,,0.3613327145576477,0.3613327145576477,0.9999999403953552,0.0,13.913898468017578,13.913898468017578,14.064320953335374,14.064320953335374,7.466529219585194,7.466529219585194,7.466529219585194,7.466529219585194,6.466529219585191,6.466529219585188,7.466529219585193,2.6979012712367125,1.0,0.0,0.0,1.0,1.0
0.606038200527066,3.605001850443321,gt-order-1,"ap_fixed<16,6,AP_RND,AP_SAT>",True,False,,299.1141357421875,,0.25677192211151123,0.25677192211151123,0.9999999403953552,0.0,13.913776397705078,13.913776397705078,14.064320953335377,14.064320953335377,8.523515934470009,8.523515934470009,8.523515934470009,8.523515934470009,7.523515934470002,7.523515934470002,8.523515934470005,2.188599569641957,1.0,0.0,0.0,1.0,1.0
0.6918309709189363,3.605001850443321,gt-order-1,"ap_fixed<16,6,AP_RND,AP_SAT>",True,False,,402.6121826171875,,0.13740289211273193,0.13740289211273193,0.9999999403953552,0.0,13.9137601852417,13.9137601852417,14.064320953335377,14.064320953335377,9.73013312677871,9.730133126778705,9.73013312677871,9.730133126778705,8.730133126778695,8.730133126778695,9.73013312677871,1.3369484322612943,1.0,0.0,0.0,1.0,1.0
0.7897688493998856,3.605001850443321,gt-order-1,"ap_fixed<16,6,AP_RND,AP_SAT>",True,False,,539.5235595703125,,0.001132667064666748,0.001132667064666748,0.9999805688858032,0.0,13.91378402709961,13.91378402709961,14.064320953335375,14.064320953335375,11.107562931965052,11.107562931965052,11.107562931965052,11.107562931965052,10.107562931965049,10.107562931965049,11.107562931965049,0.012581170701750029,1.0,0.0,0.0,1.0,1.0
0.9015711376059565,3.605001850443321,gt-order-1,"ap_fixed<16,6,AP_RND,AP_SAT>",True,False,,720.3204345703125,,0.0,0.0,1.0,0.0,13.913891792297363,13.913891792297363,14.064320953335372,14.064320953335372,12.679986080485085,12.679986080485085,12.679986080485085,12.679986080485085,11.679986080485078,11.679986080485078,12.679986080485081,0.0,1.0,0.0,0.0,1.0,1.0
1.0292005271944276,3.605001850443321,gt-order-1,"ap_fixed<16,6,AP_RND,AP_SAT>",True,False,,958.87255859375,,0.0,0.0,1.0,0.0,13.913809776306152,13.913809776306152,14.064320953335375,14.064320953335375,14.475006915316364,14.475006915316364,14.475006915316364,14.475006915316364,13.475006915316358,13.475006915316358,14.475006915316364,0.0,1.0,0.0,0.0,1.0,1.0
1.174897554939529,3.605001850443321,gt-order-1,"ap_fixed<16,6,AP_RND,AP_SAT>",True,False,,1272.754638671875,,0.0,0.0,1.0,0.0,13.91387939453125,13.91387939453125,14.064320953335372,14.064320953335372,16.524136252098067,16.524136252098067,16.524136252098067,16.524136252098067,15.524136252098065,15.524136252098065,16.524136252098064,0.0,1.0,0.0,0.0,1.0,1.0
1.3412199354053709,3.605001850443321,gt-order-1,"ap_fixed<16,6,AP_RND,AP_SAT>",True,False,,1685.2650146484375,,0.0,0.0,1.0,0.0,13.913823127746582,13.913823127746582,14.064320953335372,14.064320953335372,18.863347171271535,18.863347171271535,18.863347171271535,18.863347171271535,17.863347171271524,17.863347171271524,18.86334717127153,0.0,1.0,0.0,0.0,1.0,1.0
1.5310874616820287,3.605001850443321,gt-order-1,"ap_fixed<16,6,AP_RND,AP_SAT>",True,False,,2227.044189453125,,0.0,0.0,1.0,0.0,13.913918495178223,13.913918495178223,14.064320953335375,14.064320953335375,21.533706257117615,21.533706257117615,21.533706257117615,21.533706257117615,20.533706257117586,20.533706257117576,21.533706257117615,0.0,1.0,0.0,0.0,1.0,1.0
1.7478332624182173,3.605001850443321,gt-order-1,"ap_fixed<16,6,AP_RND,AP_SAT>",True,False,,2937.949951171875,,0.0,0.0,1.0,0.0,13.913867950439453,13.913867950439453,14.064320953335374,14.064320953335374,24.58208782838064,24.58208782838064,24.58208782838064,24.58208782838064,23.582087828380633,23.582087828380633,24.58208782838063,0.0,1.0,0.0,0.0,1.0,1.0
1.9952623149688795,3.605001850443321,gt-order-1,"ap_fixed<16,6,AP_RND,AP_SAT>",True,False,,3868.447998046875,,0.0,0.0,1.0,0.5,13.447526931762695,13.447526931762695,14.06432095333538,14.06432095333538,28.062008883927486,28.062008883927486,28.062008883927486,28.062008883927486,27.062008883927454,27.062008883927454,28.06200888392746,0.0,1.0,0.0,0.0,1.0,1.0
0.01,3.73213196614723,gt-order-1,"ap_fixed<16,6,AP_RND,AP_SAT>",False,True,1000.0,0.00823974609375,-2.0840861707480234,1.0,1.0,0.3520411550998688,0.0,14.906685829162598,14.906685829162598,15.073765956573334,15.073765956573334,0.1507376561964841,0.1507376561964841,0.1507376561964841,0.1507376561964841,0.9893027242793205,0.9893027242793205,0.15073765619648397,0.15073765619648397,1.0,0.0,0.0,1.0,1.0
0.011415633046188459,3.73213196614723,gt-order-1,"ap_fixed<16,6,AP_RND,AP_SAT>",False,True,1000.0,0.0063018798828125,-2.200529878898383,1.0,1.0,0.5495412349700928,0.0,14.910401344299316,14.910401344299316,15.073765956573336,15.073765956573336,0.1720765857100842,0.1720765857100842,0.1720765857100842,0.1720765857100842,0.9877883819553721,0.9877883819553721,0.17207658571008408,0.17207658571008408,1.0,0.0,0.0,1.0,1.0
0.013031667784522994,3.73213196614723,gt-order-1,"ap_fixed<16,6,AP_RND,AP_SAT>",False,True,1000.0,0.0045623779296875,-2.340808742204079,1.0,1.0,0.3938179314136505,0.0,14.916898727416992,14.916898727416992,15.073765956573334,15.073765956573334,0.1964363139038421,0.1964363139038421,0.1964363139038421,0.1964363139038421,0.9860596650869754,0.9860596650869754,0.19643631390384195,0.19643631390384195,1.0,0.0,0.0,1.0,1.0
0.014876473740795015,3.73213196614723,gt-order-1,"ap_fixed<16,6,AP_RND,AP_SAT>",False,True,1000.0,0.0032501220703125,-2.4881003270513373,1.0,1.0,0.3903086185455322,0.0,14.91569709777832,14.91569709777832,15.073765956573336,15.073765956573336,0.22424448273814893,0.22424448273814893,0.22424448273814893,0.22424448273814893,0.9840862255575719,0.9840862255575719,0.22424448273814876,0.22424448273814876,1.0,0.0,0.0,1.0,1.0
0.016982436524617443,3.73213196614723,gt-order-1,"ap_fixed<16,6,AP_RND,AP_SAT>",False,True,1000.0,0.0023956298828125,-2.620580278033179,1.0,1.0,0.36223578453063965,0.0,14.909906387329102,14.909906387329102,15.073765956573336,15.073765956573336,0.255989268351493,0.255989268351493,0.255989268351493,0.255989268351493,0.9818334193711921,0.9818334193711921,0.2559892683514929,0.2559892683514929,1.0,0.0,0.0,1.0,1.0
0.019386526359522076,3.73213196614723,gt-order-1,"ap_fixed<16,6,AP_RND,AP_SAT>",False,True,1000.0,0.0018463134765625,-2.7336945600720264,1.0,1.0,0.4184302091598511,0.0,14.912092208862305,14.912092208862305,15.073765956573336,15.073765956573336,0.29222795860749595,0.29222795860749595,0.29222795860749595,0.29222795860749595,0.9792616979367056,0.9792616979367056,0.29222795860749584,0.29222795860749584,1.0,0.0,0.0,1.0,1.0
0.022130947096056376,3.73213196614723,gt-order-1,"ap_fixed<16,6,AP_RND,AP_SAT>",False,True,1000.0,0.0014190673828125,-2.8479969817637216,1.0,1.0,0.4062134921550751,0.0,14.914958953857422,14.914958953857422,15.073765956573336,15.073765956573336,0.3335967239177222,0.3335967239177222,0.3335967239177222,0.3335967239177222,0.9763259146698439,0.9763259146698439,0.333596723917722,0.333596723917722,1.0,0.0,0.0,1.0,1.0
0.025263877101318954,3.73213196614723,gt-order-1,"ap_fixed<16,6,AP_RND,AP_SAT>",False,True,1000.0,0.0010528564453125,-2.977630839473952,1.0,1.0,0.40805584192276,0.0,14.915520668029785,14.915520668029785,15.073765956573336,15.073765956573336,0.38082177787980254,0.38082177787980254,0.38082177787980254,0.38082177787980254,0.9729745329653422,0.9729745329653422,0.3808217778798021,0.3808217778798021,1.0,0.0,0.0,1.0,1.0
0.028840315031266057,3.73213196614723,gt-order-1,"ap_fixed<16,6,AP_RND,AP_SAT>",False,True,1000.0,0.00079345703125,-3.1004765864415553,1.0,1.0,0.5836005806922913,0.0,14.913810729980469,14.913810729980469,15.073765956573336,15.073765956573336,0.4347321523474867,0.4347321523474867,0.4347321523474867,0.4347321523474867,0.9691487195990113,0.9691487195990113,0.43473215234748636,0.43473215234748636,1.0,0.0,0.0,1.0,1.0
0.03292304533334065,3.73213196614723,gt-order-1,"ap_fixed<16,6,AP_RND,AP_SAT>",False,True,1000.0,0.00054931640625,-3.260177429065803,1.0,1.0,0.663642942905426,0.0,14.911890029907227,14.911890029907227,15.073765956573336,15.073765956573336,0.4962742975107044,0.4962742975107044,0.4962742975107044,0.4962742975107044,0.9647813086158199,0.9647813086158199,0.49627429751070384,0.49627429751070384,1.0,0.0,0.0,1.0,1.0
0.037583740428844416,3.73213196614723,gt-order-1,"ap_fixed<16,6,AP_RND,AP_SAT>",False,True,1000.0,0.0003662109375,-3.4362686877261797,1.0,1.0,0.4405665993690491,0.0,14.911684036254883,14.911684036254883,15.073765956573336,15.073765956573336,0.5665285350627105,0.5665285350627105,0.5665285350627105,0.5665285350627105,0.959795633711466,0.959795633711466,0.56652853506271,0.56652853506271,1.0,0.0,0.0,1.0,1.0
0.04290421892388853,3.73213196614723,gt-order-1,"ap_fixed<16,6,AP_RND,AP_SAT>",False,True,1000.0,0.0002593994140625,-3.5860310075711945,1.0,1.0,0.6285199522972107,0.0,14.9128999710083,14.9128999710083,15.073765956573336,15.073765956573336,0.6467281786895488,0.6467281786895488,0.6467281786895488,0.6467281786895488,0.9541041713242688,0.9541041713242688,0.6467281786895481,0.6467281786895481,1.0,0.0,0.0,1.0,1.0
0.04897788193684462,3.73213196614723,gt-order-1,"ap_fixed<16,6,AP_RND,AP_SAT>",False,True,1000.0,0.00018310546875,-3.7372986822042473,1.0,1.0,0.44519856572151184,0.0,14.913355827331543,14.913355827331543,15.073765956573336,15.073765956573336,0.7382811253422956,0.7382811253422956,0.7382811253422956,0.7382811253422956,0.947607008385046,0.947607008385046,0.7382811253422951,0.7382811253422951,1.0,0.0,0.0,1.0,1.0
0.05591135275705602,3.73213196614723,gt-order-1,"ap_fixed<16,6,AP_RND,AP_SAT>",False,True,1000.0,0.000152587890625,-3.816479927777507,1.0,1.0,0.46774768829345703,0.0,14.91378116607666,14.91378116607666,15.073765956573336,15.073765956573336,0.842794619219009,0.842794619219009,0.842794619219009,0.842794619219009,0.9401900849118996,0.9401900849118996,0.8427946192190082,0.8427946192190082,1.0,0.0,0.0,1.0,1.0
0.06382634861905485,3.73213196614723,gt-order-1,"ap_fixed<16,6,AP_RND,AP_SAT>",False,True,1000.0,0.0001068115234375,-3.9713818865434534,1.0,1.0,0.6421727538108826,0.0,14.912489891052246,14.912489891052246,15.073765956573336,15.073765956573336,0.9621033849959222,0.9621033849959222,0.9621033849959222,0.9621033849959222,0.931723197502253,0.931723197502253,0.9621033849959211,0.9621033849959211,1.0,0.0,0.0,1.0,1.0
0.07286181745132274,3.73213196614723,gt-order-1,"ap_fixed<16,6,AP_RND,AP_SAT>",False,True,1000.0,6.103515625e-05,-4.214419932180256,1.0,0.9913422465324402,0.49903666973114014,0.0,14.912849426269531,14.912849426269531,15.073765956573334,15.073765956573334,1.0983020287743472,1.0983020287743472,1.0983020287743472,1.0983020287743472,0.922057699961404,0.9227325051798324,1.0983020287743461,1.0983020287743461,1.0,0.0,0.0,1.0,1.0
0.08317637711026708,3.73213196614723,gt-order-1,"ap_fixed<16,6,AP_RND,AP_SAT>",False,True,1000.0,4.57763671875e-05,-4.339358666416729,1.0,0.9676815271377563,0.5235075950622559,0.0,14.913521766662598,14.913521766662598,15.073765956573334,15.073765956573334,1.253781201355903,1.253781201355903,1.253781201355903,1.253781201355903,0.9110239369330064,0.9138995074126257,1.2537812013559013,1.2537812013559013,1.0,0.0,0.0,1.0,1.0
0.09495109992021983,3.73213196614723,gt-order-1,"ap_fixed<16,6,AP_RND,AP_SAT>",False,True,1000.0,1.52587890625e-05,-4.816479902161777,1.0,0.9202536344528198,0.7211562991142273,0.0,14.913522720336914,14.913522720336914,15.073765956573336,15.073765956573336,1.4312706684786927,1.4312706684786927,1.4312706684786927,1.4312706684786927,0.8984281873689154,0.9065281702682828,1.4312706684786909,1.4312706684786909,1.0,0.0,0.0,1.0,1.0
0.10839269140212034,3.73213196614723,gt-order-1,"ap_fixed<16,6,AP_RND,AP_SAT>",False,True,1000.0,1.52587890625e-05,-4.816479902161777,1.0,0.8350725769996643,0.5681909918785095,0.0,14.913805961608887,14.913805961608887,15.073765956573334,15.073765956573334,1.633886087227652,1.633886087227652,1.633886087227652,1.633886087227652,0.8840493449860048,0.9031727877126635,1.6338860872276517,1.6338860872276517,1.0,0.0,0.0,1.0,1.0
0.12373711899353519,3.73213196614723,gt-order-1,"ap_fixed<16,6,AP_RND,AP_SAT>",False,True,1000.0,1.52587890625e-05,-4.816479902161777,1.0,0.724444568157196,0.749268651008606,0.0,14.915637969970703,14.915637969970703,15.073765956573336,15.073765956573336,1.8651843740304734,1.8651843740304734,1.8651843740304734,1.8651843740304734,0.8676349890109758,0.9041088867749333,1.865184374030472,1.865184374030472,1.0,0.0,0.0,1.0,1.0
0.1412537544622754,3.73213196614723,gt-order-1,"ap_fixed<16,6,AP_RND,AP_SAT>",False,True,1000.0,1.52587890625e-05,-4.816479902161777,1.0,0.6108635067939758,0.5586608648300171,0.0,14.990578651428223,14.990578651428223,15.073765956573336,15.073765956573336,2.129226035768631,2.129226035768631,2.129226035768631,2.129226035768631,1.12922603576863,1.12922603576863,2.1292260357686295,2.1292260357686295,1.0,0.0,0.0,1.0,1.0
0.16125010273377416,3.73213196614723,gt-order-1,"ap_fixed<16,6,AP_RND,AP_SAT>",False,True,1000.0,1.52587890625e-05,-4.816479902161777,1.0,0.5091659426689148,0.5586608052253723,0.0,15.042328834533691,15.042328834533691,15.073765956573336,15.073765956573336,2.4306462609364474,2.4306462609364474,2.4306462609364474,2.4306462609364474,1.4306462609364465,1.4306462609364465,2.4306462609364456,2.4306462609364456,1.0,0.0,0.0,1.0,1.0
0.18407720014689555,3.73213196614723,gt-order-1,"ap_fixed<16,6,AP_RND,AP_SAT>",False,True,1000.0,0.0,-12.0,1.0,0.4305058419704437,0.5420821905136108,0.0,15.063924789428711,15.063924789428711,15.073765956573336,15.073765956573336,2.774736680089432,2.774736680089432,2.774736680089432,2.774736680089432,1.7747366800894304,1.7747366800894304,2.7747366800894304,2.7747366800894304,1.0,0.0,0.0,1.0,1.0
0.21013577690467466,3.73213196614723,gt-order-1,"ap_fixed<16,6,AP_RND,AP_SAT>",False,True,1000.0,0.0,-12.0,1.0,0.36521270871162415,0.529338538646698,0.0,15.069791793823242,15.069791793823242,15.073765956573336,15.073765956573336,3.167537458656972,3.167537458656972,3.167537458656972,3.167537458656972,2.1675374586569696,2.1675374586569696,3.1675374586569696,3.1675374586569696,1.0,0.0,0.0,1.0,1.0
0.239883291901949,3.73213196614723,gt-order-1,"ap_fixed<16,6,AP_RND,AP_SAT>",True,False,,109.88507080078125,,0.5740824341773987,0.5740824341773987,0.9999998807907104,0.0,15.06120491027832,15.06120491027832,15.073765956573325,15.073765956573325,3.6159445513766197,3.615944551376619,3.6159445513766197,3.615944551376619,2.6159445513766197,2.6159445513766184,3.6159445513766184,2.075850249904791,1.0,0.0,0.0,1.0,1.0
0.27384196342643613,3.73213196614723,gt-order-1,"ap_fixed<16,6,AP_RND,AP_SAT>",True,False,,190.17015075683594,,0.5062732100486755,0.5062732100486755,1.0,0.0,15.065967559814453,15.065967559814453,15.073765956573325,15.073765956573325,4.127829872183834,4.127829872183834,4.127829872183834,4.127829872183834,3.127829872183832,3.12782987218383,4.127829872183832,2.0898096799253225,1.0,0.0,0.0,1.0,1.0
0.3126079367123954,3.73213196614723,gt-order-1,"ap_fixed<16,6,AP_RND,AP_SAT>",True,False,,306.85443115234375,,0.4352378249168396,0.4352378249168396,1.0,0.0,15.06896686553955,15.06896686553955,15.073765956573329,15.073765956573329,4.7121789841977675,4.712178984197767,4.7121789841977675,4.712178984197767,3.712178984197766,3.7121789841977653,4.712178984197765,2.050918531701078,1.0,0.0,0.0,1.0,1.0
0.35686174928348097,3.73213196614723,gt-order-1,"ap_fixed<16,6,AP_RND,AP_SAT>",True,False,,108.66339111328125,,0.5678122043609619,0.5678122043609619,0.9999999403953552,0.0,14.912997245788574,14.912997245788574,15.073765956573322,15.073765956573322,5.379250352902241,5.379250352902241,5.379250352902241,5.379250352902241,4.379250352902239,4.379250352902239,5.379250352902241,3.0544040006909037,1.0,0.0,0.0,1.0,1.0
0.4073802778041126,3.73213196614723,gt-order-1,"ap_fixed<16,6,AP_RND,AP_SAT>",True,False,,149.3784942626953,,0.49247312545776367,0.49247312545776367,1.0,0.0,14.913016319274902,14.913016319274902,15.073765956573325,15.073765956573325,6.140755039438808,6.140755039438808,6.140755039438808,6.140755039438808,5.140755039438806,5.140755039438806,6.140755039438808,3.0241568269429426,1.0,0.0,0.0,1.0,1.0
0.46505037616660627,3.73213196614723,gt-order-1,"ap_fixed<16,6,AP_RND,AP_SAT>",True,False,,203.95761108398438,,0.40647268295288086,0.40647268295288086,1.0,0.0,14.91295051574707,14.91295051574707,15.073765956573322,15.073765956573322,7.010060427877735,7.010060427877735,7.010060427877735,7.010060427877735,6.010060427877731,6.010060427877728,7.010060427877733,2.849398069781282,1.0,0.0,0.0,1.0,1.0
0.5308844442309882,3.73213196614723,gt-order-1,"ap_fixed<16,6,AP_RND,AP_SAT>",True,False,,276.57708740234375,,0.3082885146141052,0.3082885146141052,0.9999999403953552,0.0,14.913065910339355,14.913065910339355,15.073765956573329,15.073765956573329,8.002427869598087,8.002427869598087,8.002427869598087,8.002427869598087,7.002427869598086,7.002427869598083,8.002427869598087,2.467056601224913,1.0,0.0,0.0,1.0,1.0
0.606038200527066,3.73213196614723,gt-order-1,"ap_fixed<16,6,AP_RND,AP_SAT>",True,False,,373.1648864746094,,0.19620418548583984,0.19620418548583984,1.0,0.0,14.91318130493164,14.91318130493164,15.073765956573322,15.073765956573322,9.135278180128182,9.135278180128182,9.135278180128182,9.135278180128182,8.135278180128179,8.135278180128179,9.13527818012818,1.7923798145186147,1.0,0.0,0.0,1.0,1.0
0.6918309709189363,3.73213196614723,gt-order-1,"ap_fixed<16,6,AP_RND,AP_SAT>",True,False,,501.0516357421875,,0.06826740503311157,0.06826740503311157,0.9999999403953552,0.0,14.913071632385254,14.913071632385254,15.073765956573327,15.073765956573327,10.428498465443534,10.428498465443534,10.428498465443534,10.428498465443534,9.428498465443534,9.428498465443534,10.42849846544353,0.711926528627616,1.0,0.0,0.0,1.0,1.0
0.7897688493998856,3.73213196614723,gt-order-1,"ap_fixed<16,6,AP_RND,AP_SAT>",True,False,,670.1868896484375,,0.0,0.0,1.0,0.0,14.913068771362305,14.913068771362305,15.073765956573324,15.073765956573324,11.90479117618854,11.90479117618854,11.90479117618854,11.90479117618854,10.904791176188535,10.904791176188535,11.904791176188539,0.0,1.0,0.0,0.0,1.0,1.0
0.9015711376059565,3.73213196614723,gt-order-1,"ap_fixed<16,6,AP_RND,AP_SAT>",True,False,,893.28076171875,,0.0,0.0,1.0,0.0,14.91303539276123,14.91303539276123,15.073765956573327,15.073765956573327,13.590072577553897,13.590072577553897,13.590072577553897,13.590072577553897,12.59007257755389,12.590072577553887,13.590072577553896,0.0,1.0,0.0,0.0,1.0,1.0
1.0292005271944276,3.73213196614723,gt-order-1,"ap_fixed<16,6,AP_RND,AP_SAT>",True,False,,1187.2626953125,,0.0,0.0,1.0,0.0,14.9130220413208,14.9130220413208,15.073765956573324,15.073765956573324,15.513928271774432,15.513928271774432,15.513928271774432,15.513928271774432,14.513928271774427,14.513928271774427,15.51392827177443,0.0,1.0,0.0,0.0,1.0,1.0
1.174897554939529,3.73213196614723,gt-order-1,"ap_fixed<16,6,AP_RND,AP_SAT>",True,False,,1573.8597412109375,,0.0,0.0,1.0,0.0,14.913084030151367,14.913084030151367,15.073765956573324,15.073765956573324,17.71013071481315,17.710130714813143,17.71013071481315,17.710130714813143,16.710130714813143,16.710130714813143,17.71013071481315,0.0,1.0,0.0,0.0,1.0,1.0
1.3412199354053709,3.73213196614723,gt-order-1,"ap_fixed<16,6,AP_RND,AP_SAT>",True,False,,2081.671142578125,,0.0,0.0,1.0,0.0,14.913176536560059,14.913176536560059,15.073765956573327,15.073765956573327,20.217234899627673,20.217234899627666,20.217234899627673,20.217234899627666,19.217234899627673,19.217234899627666,20.217234899627673,0.0,1.0,0.0,0.0,1.0,1.0
1.5310874616820287,3.73213196614723,gt-order-1,"ap_fixed<16,6,AP_RND,AP_SAT>",True,False,,2748.325439453125,,0.0,0.0,0.9999999403953552,0.0,14.913116455078125,14.913116455078125,15.073765956573322,15.073765956573322,23.079254901418576,23.079254901418576,23.079254901418576,23.079254901418576,22.079254901418576,22.079254901418548,23.079254901418576,0.0,1.0,0.0,0.0,1.0,1.0
1.7478332624182173,3.73213196614723,gt-order-1,"ap_fixed<16,6,AP_RND,AP_SAT>",True,False,,3622.096435546875,,0.0,0.0,1.0,0.5,14.45801830291748,14.45801830291748,15.073765956573329,15.073765956573329,26.34642937105787,26.34642937105787,26.34642937105787,26.34642937105787,25.346429371057862,25.346429371057848,26.346429371057862,0.0,1.0,0.0,0.0,1.0,1.0
1.9952623149688795,3.73213196614723,gt-order-1,"ap_fixed<16,6,AP_RND,AP_SAT>",True,False,,4756.83203125,,0.0,0.0,1.0,0.5,13.336003303527832,13.336003303527832,15.073765956573325,15.073765956573325,30.076116407688286,30.07611640768828,30.076116407688286,30.07611640768828,29.076116407688264,29.07611640768826,30.076116407688286,0.0,1.0,0.0,0.0,1.0,1.0
0.01,3.863745315699382,gt-order-1,"ap_fixed<16,6,AP_RND,AP_SAT>",False,True,1000.0,0.0074462890625,-2.1280601085626647,1.0,1.0,0.5446589589118958,0.0,15.994904518127441,15.994904518127441,16.155662332341954,16.155662332341954,0.1615566197123476,0.1615566197123476,0.1615566197123476,0.1615566197123476,0.9885349437798273,0.9885349437798273,0.16155661971234755,0.16155661971234755,1.0,0.0,0.0,1.0,1.0
0.011415633046188459,3.863745315699382,gt-order-1,"ap_fixed<16,6,AP_RND,AP_SAT>",False,True,1000.0,0.0057373046875,-2.2412920856203415,1.0,1.0,0.3469896912574768,0.0,15.991734504699707,15.991734504699707,16.155662332341954,16.155662332341954,0.1844271180833956,0.1844271180833956,0.1844271180833956,0.1844271180833956,0.9869119118664691,0.9869119118664691,0.1844271180833955,0.1844271180833955,1.0,0.0,0.0,1.0,1.0
0.013031667784522994,3.863745315699382,gt-order-1,"ap_fixed<16,6,AP_RND,AP_SAT>",False,True,1000.0,0.0041046142578125,-2.3867276505154846,1.0,1.0,0.37116649746894836,0.0,15.982969284057617,15.982969284057617,16.155662332341958,16.155662332341958,0.21053522831542204,0.21053522831542204,0.21053522831542204,0.21053522831542204,0.9850591190057022,0.9850591190057022,0.2105352283154219,0.2105352283154219,1.0,0.0,0.0,1.0,1.0
0.014876473740795015,3.863745315699382,gt-order-1,"ap_fixed<16,6,AP_RND,AP_SAT>",False,True,1000.0,0.003173828125,-2.4984165955241013,1.0,1.0,0.5456815958023071,0.0,15.985021591186523,15.985021591186523,16.155662332341954,16.155662332341954,0.2403392857130296,0.2403392857130296,0.2403392857130296,0.2403392857130296,0.9829440388916144,0.9829440388916144,0.2403392857130294,0.2403392857130294,1.0,0.0,0.0,1.0,1.0
0.016982436524617443,3.863745315699382,gt-order-1,"ap_fixed<16,6,AP_RND,AP_SAT>",False,True,1000.0,0.0023040771484375,-2.6375029831420402,1.0,1.0,0.3735814392566681,0.0,15.983296394348145,15.983296394348145,16.155662332341958,16.155662332341958,0.27436250450648103,0.27436250450648103,0.27436250450648103,0.27436250450648103,0.9805295410087501,0.9805295410087501,0.2743625045064808,0.2743625045064808,1.0,0.0,0.0,1.0,1.0
0.019386526359522076,3.863745315699382,gt-order-1,"ap_fixed<16,6,AP_RND,AP_SAT>",False,True,1000.0,0.001708984375,-2.7672619076993934,1.0,1.0,0.45317715406417847,0.0,15.985451698303223,15.985451698303223,16.155662332341958,16.155662332341958,0.3132021710389847,0.3132021710389847,0.3132021710389847,0.3132021710389847,0.9777732382267237,0.9777732382267237,0.3132021710389845,0.3132021710389845,1.0,0.0,0.0,1.0,1.0
0.022130947096056376,3.863745315699382,gt-order-1,"ap_fixed<16,6,AP_RND,AP_SAT>",False,True,1000.0,0.0013885498046875,-2.8574385379898373,1.0,1.0,0.40287086367607117,0.0,15.986742973327637,15.986742973327637,16.155662332341958,16.155662332341958,0.3575401158752895,0.3575401158752895,0.3575401158752895,0.3575401158752895,0.9746267436346714,0.9746267436346714,0.35754011587528933,0.35754011587528933,1.0,0.0,0.0,1.0,1.0
0.025263877101318954,3.863745315699382,gt-order-1,"ap_fixed<16,6,AP_RND,AP_SAT>",False,True,1000.0,0.000885009765625,-3.053051936570039,1.0,1.0,0.40173426270484924,0.0,15.982330322265625,15.982330322265625,16.155662332341954,16.155662332341954,0.40815467547744977,0.40815467547744977,0.40815467547744977,0.40815467547744977,0.9710348216668109,0.9710348216668109,0.4081546754774494,0.4081546754774494,1.0,0.0,0.0,1.0,1.0
0.028840315031266057,3.863745315699382,gt-order-1,"ap_fixed<16,6,AP_RND,AP_SAT>",False,True,1000.0,0.000823974609375,-3.084086170273658,1.0,1.0,0.42576298117637634,0.0,15.985733032226562,15.985733032226562,16.155662332341954,16.155662332341954,0.4659343841858903,0.4659343841858903,0.4659343841858903,0.4659343841858903,0.9669344164348435,0.9669344164348435,0.46593438418589006,0.46593438418589006,1.0,0.0,0.0,1.0,1.0
0.03292304533334065,3.863745315699382,gt-order-1,"ap_fixed<16,6,AP_RND,AP_SAT>",False,True,1000.0,0.0005035400390625,-3.297965989883329,1.0,1.0,0.39506247639656067,0.0,15.986435890197754,15.986435890197754,16.155662332341954,16.155662332341954,0.5318936221977651,0.5318936221977651,0.5318936221977651,0.5318936221977651,0.9622535412506983,0.9622535412506983,0.5318936221977649,0.5318936221977649,1.0,0.0,0.0,1.0,1.0
0.037583740428844416,3.863745315699382,gt-order-1,"ap_fixed<16,6,AP_RND,AP_SAT>",False,True,1000.0,0.000396728515625,-3.4015065815581917,1.0,1.0,0.6306533217430115,0.0,15.983626365661621,15.983626365661621,16.155662332341958,16.155662332341958,0.6071902496348789,0.6071902496348789,0.6071902496348789,0.6071902496348789,0.9569100272040872,0.9569100272040872,0.6071902496348782,0.6071902496348782,1.0,0.0,0.0,1.0,1.0
0.04290421892388853,3.863745315699382,gt-order-1,"ap_fixed<16,6,AP_RND,AP_SAT>",False,True,1000.0,0.0002899169921875,-3.5377263281728744,1.0,1.0,0.5510016679763794,0.0,15.986258506774902,15.986258506774902,16.155662332341954,16.155662332341954,0.6931460993768831,0.6931460993768831,0.6931460993768831,0.6931460993768831,0.9508100688644073,0.9508100688644073,0.6931460993768827,0.6931460993768827,1.0,0.0,0.0,1.0,1.0
0.04897788193684462,3.863745315699382,gt-order-1,"ap_fixed<16,6,AP_RND,AP_SAT>",False,True,1000.0,0.00018310546875,-3.7372986822042473,1.0,1.0,0.46960222721099854,0.0,15.984761238098145,15.984761238098145,16.155662332341958,16.155662332341958,0.791270118013891,0.791270118013891,0.791270118013891,0.791270118013891,0.9438465820557228,0.9438465820557228,0.7912701180138907,0.7912701180138907,1.0,0.0,0.0,1.0,1.0
0.05591135275705602,3.863745315699382,gt-order-1,"ap_fixed<16,6,AP_RND,AP_SAT>",False,True,1000.0,0.0001373291015625,-3.8622374180219383,1.0,1.0,0.6946154236793518,0.0,15.987238883972168,15.987238883972168,16.155662332341954,16.155662332341954,0.9032849072251536,0.9032849072251536,0.9032849072251536,0.9032849072251536,0.9358973203164973,0.9358973203164973,0.9032849072251528,0.9032849072251528,1.0,0.0,0.0,1.0,1.0
0.06382634861905485,3.863745315699382,gt-order-1,"ap_fixed<16,6,AP_RND,AP_SAT>",False,True,1000.0,0.0001220703125,-3.913389940074015,1.0,0.9979736804962158,0.6379797458648682,0.0,15.9849853515625,15.9849853515625,16.155662332341954,16.155662332341954,1.0311568762296703,1.0311568762296703,1.0311568762296703,1.0311568762296703,0.9268227350953451,0.9269710156144545,1.0311568762296695,1.0311568762296695,1.0,0.0,0.0,1.0,1.0
0.07286181745132274,3.863745315699382,gt-order-1,"ap_fixed<16,6,AP_RND,AP_SAT>",False,True,1000.0,9.1552734375e-05,-4.038328675496402,1.0,0.9835425615310669,0.5215361714363098,0.0,15.983327865600586,15.983327865600586,16.155662332341954,16.155662332341954,1.1771309682612392,1.1771309682612392,1.1771309682612392,1.1771309682612392,0.9164635113457364,0.917838307967674,1.177130968261238,1.177130968261238,1.0,0.0,0.0,1.0,1.0
0.08317637711026708,3.863745315699382,gt-order-1,"ap_fixed<16,6,AP_RND,AP_SAT>",False,True,1000.0,3.0517578125e-05,-4.515449920728757,1.0,0.9457012414932251,0.7310560345649719,0.0,15.983660697937012,15.983660697937012,16.155662332341958,16.155662332341958,1.3437694194071632,1.3437694194071632,1.3437694194071632,1.3437694194071632,0.904637816959259,0.9098158651068666,1.3437694194071623,1.3437694194071623,1.0,0.0,0.0,1.0,1.0
0.09495109992021983,3.863745315699382,gt-order-1,"ap_fixed<16,6,AP_RND,AP_SAT>",False,True,1000.0,3.0517578125e-05,-4.515449920728757,1.0,0.881230890750885,0.7031640410423279,0.0,15.984930038452148,15.984930038452148,16.155662332341954,16.155662332341954,1.5339979201444096,1.5339979201444096,1.5339979201444096,1.5339979201444096,0.8911380268577145,0.9040674664389247,1.5339979201444083,1.5339979201444083,1.0,0.0,0.0,1.0,1.0
0.10839269140212034,3.863745315699382,gt-order-1,"ap_fixed<16,6,AP_RND,AP_SAT>",False,True,1000.0,1.52587890625e-05,-4.816479902161777,1.0,0.7809951901435852,0.5428697466850281,0.0,15.984896659851074,15.984896659851074,16.155662332341958,16.155662332341958,1.7511557490548957,1.7511557490548957,1.7511557490548957,1.7511557490548957,0.8757271651948351,0.9029435137516568,1.7511557490548946,1.7511557490548946,1.0,0.0,0.0,1.0,1.0
0.12373711899353519,3.863745315699382,gt-order-1,"ap_fixed<16,6,AP_RND,AP_SAT>",False,True,1000.0,0.0,-12.0,1.0,0.6622450947761536,0.6707935333251953,0.0,16.03143310546875,16.03143310546875,16.155662332341958,16.155662332341958,1.9990551147741864,1.9990551147741864,1.9990551147741864,1.9990551147741864,0.9990551147741851,0.9990551147741851,1.999055114774185,1.999055114774185,1.0,0.0,0.0,1.0,1.0
0.1412537544622754,3.863745315699382,gt-order-1,"ap_fixed<16,6,AP_RND,AP_SAT>",False,True,1000.0,0.0,-12.0,1.0,0.5012502074241638,0.5116482377052307,0.0,16.1254825592041,16.1254825592041,16.155662332341958,16.155662332341958,2.2820479608221853,2.2820479608221853,2.2820479608221853,2.2820479608221853,1.2820479608221849,1.2820479608221849,2.2820479608221835,2.2820479608221835,1.0,0.0,0.0,1.0,1.0
0.16125010273377416,3.863745315699382,gt-order-1,"ap_fixed<16,6,AP_RND,AP_SAT>",False,True,1000.0,0.0,-12.0,0.6691060662269592,0.4655652344226837,0.5147987008094788,0.0,16.136093139648438,16.136093139648438,16.155662332341958,16.155662332341958,2.6051021592208397,2.605102159220838,2.6051021592208397,2.605102159220838,1.6051021592208385,1.6051021592208377,2.605102159220838,1.7430896578756125,1.0,0.0,0.0,1.0,1.0
0.18407720014689555,3.863745315699382,gt-order-1,"ap_fixed<16,6,AP_RND,AP_SAT>",False,True,1000.0,1.52587890625e-05,-4.816479902161777,1.0,0.3950604200363159,0.5629717111587524,0.0,16.149158477783203,16.149158477783203,16.155662332341958,16.155662332341958,2.973889139172951,2.973889139172951,2.973889139172951,2.973889139172951,1.9738891391729503,1.9738891391729503,2.97388913917295,2.97388913917295,1.0,0.0,0.0,1.0,1.0
0.21013577690467466,3.863745315699382,gt-order-1,"ap_fixed<16,6,AP_RND,AP_SAT>",False,True,1000.0,0.0,-12.0,0.5689020752906799,0.3036304712295532,0.4905433654785156,0.0,16.312856674194336,16.312856674194336,16.155662332341958,16.155662332341958,3.394882589694907,3.394882589694903,3.394882589694907,3.394882589694903,2.3948825896949053,2.3948825896949013,3.394882589694903,1.9313557506456283,1.0,0.0,0.0,1.0,1.0
0.239883291901949,3.863745315699382,gt-order-1,"ap_fixed<16,6,AP_RND,AP_SAT>",True,False,,157.6121826171875,,0.539031445980072,0.539031445980072,0.9999999403953552,0.0,16.145570755004883,16.145570755004883,16.155662332341947,16.155662332341947,3.8754734120730863,3.8754734120730863,3.8754734120730863,3.8754734120730863,2.8754734120730854,2.875473412073083,3.8754734120730863,2.0890020371670794,1.0,0.0,0.0,1.0,1.0
0.27384196342643613,3.863745315699382,gt-order-1,"ap_fixed<16,6,AP_RND,AP_SAT>",True,False,,263.35711669921875,,0.469390332698822,0.469390332698822,0.9999998807907104,0.0,16.14951515197754,16.14951515197754,16.155662332341947,16.155662332341947,4.424098514762676,4.424098514762676,4.424098514762676,4.424098514762676,3.424098514762674,3.4240985147626732,4.424098514762674,2.076629073736816,1.0,0.0,0.0,1.0,1.0
0.3126079367123954,3.863745315699382,gt-order-1,"ap_fixed<16,6,AP_RND,AP_SAT>",True,False,,407.8789978027344,,0.39719945192337036,0.39719945192337036,1.0,0.0,16.152008056640625,16.152008056640625,16.15566233234195,16.15566233234195,5.050388385860493,5.050388385860493,5.050388385860493,5.050388385860493,4.050388385860489,4.050388385860488,5.050388385860493,2.006011498863943,1.0,0.0,0.0,1.0,1.0
0.35686174928348097,3.863745315699382,gt-order-1,"ap_fixed<16,6,AP_RND,AP_SAT>",True,False,,137.20318603515625,,0.5295835733413696,0.5295835733413696,1.0,0.0,15.98424243927002,15.98424243927002,16.15566233234195,16.15566233234195,5.765337776438174,5.765337776438174,5.765337776438174,5.765337776438174,4.765337776438172,4.765337776438168,5.765337776438174,3.0532281811661144,1.0,0.0,0.0,1.0,1.0
0.4073802778041126,3.863745315699382,gt-order-1,"ap_fixed<16,6,AP_RND,AP_SAT>",True,False,,187.9151611328125,,0.4488268494606018,0.4488268494606018,0.9999998807907104,0.0,15.984404563903809,15.984404563903809,16.155662332341954,16.155662332341954,6.581498291045063,6.581498291045063,6.581498291045063,6.581498291045063,5.5814982910450555,5.581498291045053,6.58149829104506,2.953953142700089,1.0,0.0,0.0,1.0,1.0
0.46505037616660627,3.863745315699382,gt-order-1,"ap_fixed<16,6,AP_RND,AP_SAT>",True,False,,255.59579467773438,,0.3566422462463379,0.3566422462463379,0.9999999403953552,0.0,15.984457015991211,15.984457015991211,16.15566233234195,16.15566233234195,7.513196737190852,7.51319673719085,7.513196737190852,7.51319673719085,6.513196737190847,6.513196737190847,7.513196737190852,2.6795233608424023,1.0,0.0,0.0,1.0,1.0
0.5308844442309882,3.863745315699382,gt-order-1,"ap_fixed<16,6,AP_RND,AP_SAT>",True,False,,345.6600646972656,,0.2514137029647827,0.2514137029647827,1.0,0.0,15.98438835144043,15.98438835144043,16.15566233234195,16.15566233234195,8.57678982628566,8.576789826285657,8.57678982628566,8.576789826285657,7.576789826285657,7.576789826285657,8.57678982628566,2.1563224897771534,1.0,0.0,0.0,1.0,1.0
0.606038200527066,3.863745315699382,gt-order-1,"ap_fixed<16,6,AP_RND,AP_SAT>",True,False,,465.1497497558594,,0.13127952814102173,0.13127952814102173,1.0,0.0,15.984477996826172,15.984477996826172,16.155662332341944,16.155662332341944,9.790948726108029,9.790948726108029,9.790948726108029,9.790948726108029,8.790948726108025,8.790948726108025,9.790948726108029,1.2853511288164,1.0,0.0,0.0,1.0,1.0
0.6918309709189363,3.863745315699382,gt-order-1,"ap_fixed<16,6,AP_RND,AP_SAT>",True,False,,623.3590087890625,,0.0,0.0,1.0,0.0,15.984402656555176,15.984402656555176,16.15566233234195,16.15566233234195,11.176987909088632,11.176987909088632,11.176987909088632,11.176987909088632,10.176987909088623,10.17698790908862,11.17698790908863,0.0,1.0,0.0,0.0,1.0,1.0
0.7897688493998856,3.863745315699382,gt-order-1,"ap_fixed<16,6,AP_RND,AP_SAT>",True,False,,832.1017456054688,,0.0,0.0,1.0,0.0,15.984383583068848,15.984383583068848,16.155662332341947,16.155662332341947,12.759239259362083,12.75923925936208,12.759239259362083,12.75923925936208,11.75923925936208,11.759239259362065,12.759239259362083,0.0,1.0,0.0,0.0,1.0,1.0
0.9015711376059565,3.863745315699382,gt-order-1,"ap_fixed<16,6,AP_RND,AP_SAT>",True,False,,1107.3629150390625,,0.0,0.0,1.0,0.0,15.984477043151855,15.984477043151855,16.155662332341947,16.155662332341947,14.565479142207131,14.56547914220713,14.565479142207131,14.56547914220713,13.565479142207128,13.56547914220712,14.565479142207131,0.0,1.0,0.0,0.0,1.0,1.0
1.0292005271944276,3.863745315699382,gt-order-1,"ap_fixed<16,6,AP_RND,AP_SAT>",True,False,,1469.7410888671875,,0.0,0.0,0.9999999403953552,0.0,15.984413146972656,15.984413146972656,16.155662332341947,16.155662332341947,16.62741662097146,16.62741662097146,16.62741662097146,16.62741662097146,15.627416620971454,15.627416620971442,16.62741662097146,0.0,1.0,0.0,0.0,1.0,1.0
1.174897554939529,3.863745315699382,gt-order-1,"ap_fixed<16,6,AP_RND,AP_SAT>",True,False,,1945.8399658203125,,0.0,0.0,1.0,0.0,15.98434066772461,15.98434066772461,16.155662332341947,16.155662332341947,18.981248117719986,18.981248117719986,18.981248117719986,18.981248117719986,17.98124811771998,17.98124811771998,18.98124811771997,0.0,1.0,0.0,0.0,1.0,1.0
1.3412199354053709,3.863745315699382,gt-order-1,"ap_fixed<16,6,AP_RND,AP_SAT>",True,False,,2571.160888671875,,0.0,0.0,1.0,0.0,15.984432220458984,15.984432220458984,16.15566233234195,16.15566233234195,21.668295850751957,21.668295850751957,21.668295850751957,21.668295850751957,20.66829585075193,20.66829585075193,21.668295850751946,0.0,1.0,0.0,0.0,1.0,1.0
1.5310874616820287,3.863745315699382,gt-order-1,"ap_fixed<16,6,AP_RND,AP_SAT>",True,False,,3391.56494140625,,0.0,0.0,0.9999999403953552,0.5,15.541366577148438,15.541366577148438,16.155662332341947,16.155662332341947,24.73573293784427,24.735732937844254,24.73573293784427,24.735732937844254,23.73573293784426,23.73573293784426,24.73573293784427,0.0,1.0,0.0,0.0,1.0,1.0
1.7478332624182173,3.863745315699382,gt-order-1,"ap_fixed<16,6,AP_RND,AP_SAT>",True,False,,4461.7412109375,,0.0,0.0,1.0,0.5,14.347185134887695,14.347185134887695,16.15566233234195,16.15566233234195,28.23740383179384,28.237403831793827,28.23740383179384,28.237403831793827,27.237403831793838,27.237403831793838,28.23740383179384,0.0,1.0,0.0,0.0,1.0,1.0
1.9952623149688795,3.863745315699382,gt-order-1,"ap_fixed<16,6,AP_RND,AP_SAT>",True,False,,5822.69482421875,,0.0,0.0,1.0,0.75,13.349103927612305,13.349103927612305,16.155662332341944,16.155662332341944,32.234783421121875,32.234783421121875,32.234783421121875,32.234783421121875,31.234783421121854,31.234783421121843,32.23478342112187,0.0,1.0,0.0,0.0,1.0,1.0
0.01,4.0,gt-order-1,"ap_fixed<16,6,AP_RND,AP_SAT>",False,True,1000.0,0.0068206787109375,-2.1661724074280895,1.0,1.0,0.3891303837299347,0.0,17.138328552246094,17.138328552246094,17.315210154516382,17.315210154516382,0.17315209767491277,0.17315209767491277,0.17315209767491277,0.17315209767491277,0.987712056931053,0.987712056931053,0.17315209767491263,0.17315209767491263,1.0,0.0,0.0,1.0,1.0
0.011415633046188459,4.0,gt-order-1,"ap_fixed<16,6,AP_RND,AP_SAT>",False,True,1000.0,0.005279541015625,-2.2774038317486625,1.0,1.0,0.3413048982620239,0.0,17.130151748657227,17.130151748657227,17.31521015451638,17.31521015451638,0.1976640908997559,0.1976640908997559,0.1976640908997559,0.1976640908997559,0.9859725343881683,0.9859725343881683,0.19766409089975587,0.19766409089975587,1.0,0.0,0.0,1.0,1.0
0.013031667784522994,4.0,gt-order-1,"ap_fixed<16,6,AP_RND,AP_SAT>",False,True,1000.0,0.0040435791015625,-2.393234056579488,1.0,1.0,0.3802478611469269,0.0,17.129426956176758,17.129426956176758,17.315210154516382,17.315210154516382,0.22564607059859038,0.22564607059859038,0.22564607059859038,0.22564607059859038,0.9839867601578077,0.9839867601578077,0.22564607059859024,0.22564607059859024,1.0,0.0,0.0,1.0,1.0
0.014876473740795015,4.0,gt-order-1,"ap_fixed<16,6,AP_RND,AP_SAT>",False,True,1000.0,0.0029449462890625,-2.5309226214684544,1.0,1.0,0.4048081934452057,0.0,17.13071060180664,17.13071060180664,17.315210154516382,17.315210154516382,0.2575892683877481,0.2575892683877481,0.2575892683877481,0.2575892683877481,0.9817198734082736,0.9817198734082736,0.2575892683877479,0.2575892683877479,1.0,0.0,0.0,1.0,1.0
0.016982436524617443,4.0,gt-order-1,"ap_fixed<16,6,AP_RND,AP_SAT>",False,True,1000.0,0.002349853515625,-2.6289592096024186,1.0,1.0,0.39997851848602295,0.0,17.131057739257812,17.131057739257812,17.315210154516382,17.315210154516382,0.29405445139434927,0.29405445139434927,0.29405445139434927,0.29405445139434927,0.9791320786382378,0.9791320786382378,0.29405445139434916,0.29405445139434916,1.0,0.0,0.0,1.0,1.0
0.019386526359522076,4.0,gt-order-1,"ap_fixed<16,6,AP_RND,AP_SAT>",False,True,1000.0,0.0015716552734375,-2.8036427056421975,1.0,1.0,0.6337860822677612,0.0,17.127328872680664,17.127328872680664,17.315210154516382,17.315210154516382,0.33568177527046966,0.33568177527046966,0.33568177527046966,0.33568177527046966,0.9761779464459571,0.9761779464459571,0.33568177527046944,0.33568177527046944,1.0,0.0,0.0,1.0,1.0
0.022130947096056376,4.0,gt-order-1,"ap_fixed<16,6,AP_RND,AP_SAT>",False,True,1000.0,0.0012359619140625,-2.9079949113936676,1.0,1.0,0.41652771830558777,0.0,17.13022804260254,17.13022804260254,17.31521015451638,17.31521015451638,0.3832020079212272,0.3832020079212272,0.3832020079212272,0.3832020079212272,0.9728056170241561,0.9728056170241561,0.38320200792122716,0.38320200792122716,1.0,0.0,0.0,1.0,1.0
0.025263877101318954,4.0,gt-order-1,"ap_fixed<16,6,AP_RND,AP_SAT>",False,True,1000.0,0.0009307861328125,-3.031150095146343,1.0,1.0,0.4161320626735687,0.0,17.132843017578125,17.132843017578125,17.315210154516382,17.315210154516382,0.43744934971143273,0.43744934971143273,0.43744934971143273,0.43744934971143273,0.9689558903589253,0.9689558903589253,0.4374493497114324,0.4374493497114324,1.0,0.0,0.0,1.0,1.0
0.028840315031266057,4.0,gt-order-1,"ap_fixed<16,6,AP_RND,AP_SAT>",False,True,1000.0,0.0006866455078125,-3.1632674162158683,1.0,1.0,0.42953330278396606,0.0,17.13330841064453,17.13330841064453,17.31521015451638,17.31521015451638,0.49937610816754097,0.49937610816754097,0.49937610816754097,0.49937610816754097,0.9645611848221679,0.9645611848221679,0.49937610816754063,0.49937610816754063,1.0,0.0,0.0,1.0,1.0
0.03292304533334065,4.0,gt-order-1,"ap_fixed<16,6,AP_RND,AP_SAT>",False,True,1000.0,0.00048828125,-3.311329951414358,1.0,1.0,0.44959378242492676,0.0,17.132068634033203,17.132068634033203,17.315210154516382,17.315210154516382,0.5700694690655971,0.5700694690655971,0.5700694690655971,0.5700694690655971,0.9595443469915411,0.9595443469915411,0.5700694690655966,0.5700694690655966,1.0,0.0,0.0,1.0,1.0
0.037583740428844416,4.0,gt-order-1,"ap_fixed<16,6,AP_RND,AP_SAT>",False,True,1000.0,0.0003509521484375,-3.4547520933686315,1.0,1.0,0.4405651390552521,0.0,17.132911682128906,17.132911682128906,17.31521015451638,17.31521015451638,0.6507703961572656,0.6507703961572656,0.6507703961572656,0.6507703961572656,0.9538173104090825,0.9538173104090825,0.6507703961572654,0.6507703961572654,1.0,0.0,0.0,1.0,1.0
0.04290421892388853,4.0,gt-order-1,"ap_fixed<16,6,AP_RND,AP_SAT>",False,True,1000.0,0.000244140625,-3.612359946188904,1.0,1.0,0.4380868375301361,0.0,17.131969451904297,17.131969451904297,17.315210154516386,17.315210154516386,0.7428955948446221,0.7428955948446221,0.7428955948446221,0.7428955948446221,0.9472795369030921,0.9472795369030921,0.7428955948446215,0.7428955948446215,1.0,0.0,0.0,1.0,1.0
0.04897788193684462,4.0,gt-order-1,"ap_fixed<16,6,AP_RND,AP_SAT>",False,True,1000.0,0.00018310546875,-3.7372986822042473,1.0,1.0,0.47143158316612244,0.0,17.130027770996094,17.130027770996094,17.315210154516382,17.315210154516382,0.8480623140390541,0.8480623140390541,0.8480623140390541,0.8480623140390541,0.9398162564949312,0.9398162564949312,0.8480623140390532,0.8480623140390532,1.0,0.0,0.0,1.0,1.0
0.05591135275705602,4.0,gt-order-1,"ap_fixed<16,6,AP_RND,AP_SAT>",False,True,1000.0,0.0001220703125,-3.913389940074015,1.0,1.0,0.6426846385002136,0.0,17.131675720214844,17.131675720214844,17.315210154516382,17.315210154516382,0.9681167925065863,0.9681167925065863,0.9681167925065863,0.9681167925065863,0.9312964486705358,0.9312964486705358,0.9681167925065853,0.9681167925065853,1.0,0.0,0.0,1.0,1.0
0.06382634861905485,4.0,gt-order-1,"ap_fixed<16,6,AP_RND,AP_SAT>",False,True,1000.0,0.0001068115234375,-3.9713818865434534,1.0,0.9906569123268127,0.6923985481262207,0.0,17.13134002685547,17.13134002685547,17.315210154516382,17.315210154516382,1.1051665754642652,1.1051665754642652,1.1051665754642652,1.1051665754642652,0.9215705489949954,0.9223033222318949,1.1051665754642646,1.1051665754642646,1.0,0.0,0.0,1.0,1.0
0.07286181745132274,4.0,gt-order-1,"ap_fixed<16,6,AP_RND,AP_SAT>",False,True,1000.0,3.0517578125e-05,-4.515449920728757,1.0,0.965373158454895,0.7516460418701172,0.0,17.132783889770508,17.132783889770508,17.315210154516382,17.315210154516382,1.261617733494561,1.261617733494561,1.261617733494561,1.261617733494561,0.9104678078283448,0.9135680248598581,1.2616177334945597,1.2616177334945597,1.0,0.0,0.0,1.0,1.0
0.08317637711026708,4.0,gt-order-1,"ap_fixed<16,6,AP_RND,AP_SAT>",False,True,1000.0,4.57763671875e-05,-4.339358666416729,1.0,0.9162585735321045,0.5499905347824097,0.0,17.13149642944336,17.13149642944336,17.315210154516382,17.315210154516382,1.4402164032401243,1.4402164032401243,1.4402164032401243,1.4402164032401243,0.8977933423411087,0.9063522736479794,1.4402164032401235,1.4402164032401235,1.0,0.0,0.0,1.0,1.0
0.09495109992021983,4.0,gt-order-1,"ap_fixed<16,6,AP_RND,AP_SAT>",False,True,1000.0,3.0517578125e-05,-4.515449920728757,1.0,0.8298223614692688,0.5048438310623169,0.0,17.13245964050293,17.13245964050293,17.315210154516382,17.315210154516382,1.6440982621132245,1.6440982621132245,1.6440982621132245,1.6440982621132245,0.8833246254831275,0.903180165193097,1.6440982621132232,1.6440982621132232,1.0,0.0,0.0,1.0,1.0
0.10839269140212034,4.0,gt-order-1,"ap_fixed<16,6,AP_RND,AP_SAT>",False,True,1000.0,3.0517578125e-05,-4.515449920728757,1.0,0.7193782329559326,0.5671049952507019,0.0,17.138063430786133,17.138063430786133,17.315210154516382,17.315210154516382,1.8768422602813577,1.8768422602813577,1.8768422602813577,1.8768422602813577,0.8768422602813575,0.9041843390369783,1.8768422602813561,1.8768422602813561,1.0,0.0,0.0,1.0,1.0
0.12373711899353519,4.0,gt-order-1,"ap_fixed<16,6,AP_RND,AP_SAT>",False,True,1000.0,1.52587890625e-05,-4.816479902161777,1.0,0.6061175465583801,0.5722401142120361,0.0,17.22498893737793,17.22498893737793,17.315210154516382,17.315210154516382,2.142534221793071,2.142534221793071,2.142534221793071,2.142534221793071,1.14253422179307,1.14253422179307,2.14253422179307,2.14253422179307,1.0,0.0,0.0,1.0,1.0
0.1412537544622754,4.0,gt-order-1,"ap_fixed<16,6,AP_RND,AP_SAT>",False,True,1000.0,0.0,-12.0,1.0,0.4764941334724426,0.5062175989151001,0.0,17.37544822692871,17.37544822692871,17.315210154516382,17.315210154516382,2.445838444222649,2.445838444222649,2.445838444222649,2.445838444222649,1.4458384442226484,1.4458384442226482,2.445838444222648,2.445838444222648,1.0,0.0,0.0,1.0,1.0
0.16125010273377416,4.0,gt-order-1,"ap_fixed<16,6,AP_RND,AP_SAT>",False,True,1000.0,0.0,-12.0,1.0,0.41222167015075684,0.5376033186912537,0.0,17.31554412841797,17.31554412841797,17.315210154516382,17.315210154516382,2.792079360967574,2.792079360967574,2.792079360967574,2.792079360967574,1.7920793609675738,1.7920793609675738,2.792079360967571,2.792079360967571,1.0,0.0,0.0,1.0,1.0
0.18407720014689555,4.0,gt-order-1,"ap_fixed<16,6,AP_RND,AP_SAT>",False,True,1000.0,0.0,-12.0,1.0,0.36241021752357483,0.5801416635513306,0.0,17.437833786010742,17.437833786010742,17.315210154516382,17.315210154516382,3.1873354593410137,3.1873354593410137,3.1873354593410137,3.1873354593410137,2.187335459341014,2.187335459341014,3.187335459341011,3.187335459341011,1.0,0.0,0.0,1.0,1.0
0.21013577690467466,4.0,gt-order-1,"ap_fixed<16,6,AP_RND,AP_SAT>",True,False,,128.77989196777344,,0.5709694623947144,0.5709694623947144,0.9999998807907104,0.0,17.300865173339844,17.300865173339844,17.315210154516375,17.315210154516375,3.6385450674342477,3.6385450674342463,3.6385450674342477,3.6385450674342463,2.6385450674342485,2.6385450674342463,3.6385450674342468,2.0774981210518715,1.0,0.0,0.0,1.0,1.0
0.239883291901949,4.0,gt-order-1,"ap_fixed<16,6,AP_RND,AP_SAT>",True,False,,222.04322814941406,,0.5029877424240112,0.5029877424240112,0.9999999403953552,0.0,17.306140899658203,17.306140899658203,17.31521015451637,17.31521015451637,4.153629557108881,4.1536295571088795,4.153629557108881,4.1536295571088795,3.1536295571088835,3.1536295571088835,4.1536295571088795,2.089224753795841,1.0,0.0,0.0,1.0,1.0
0.27384196342643613,4.0,gt-order-1,"ap_fixed<16,6,AP_RND,AP_SAT>",True,False,,357.08978271484375,,0.4318300187587738,0.4318300187587738,0.9999999403953552,0.0,17.309473037719727,17.309473037719727,17.31521015451638,17.31521015451638,4.74163138295147,4.741631382951467,4.74163138295147,4.741631382951467,3.741631382951468,3.741631382951468,4.741631382951469,2.0475787690471234,1.0,0.0,0.0,1.0,1.0
0.3126079367123954,4.0,gt-order-1,"ap_fixed<16,6,AP_RND,AP_SAT>",True,False,,125.73954772949219,,0.5644537210464478,0.5644537210464478,1.0,0.0,17.131563186645508,17.131563186645508,17.315210154516368,17.315210154516368,5.412872246533668,5.412872246533668,5.412872246533668,5.412872246533668,4.412872246533671,4.412872246533671,5.412872246533667,3.0553158811049737,1.0,0.0,0.0,1.0,1.0
0.35686174928348097,4.0,gt-order-1,"ap_fixed<16,6,AP_RND,AP_SAT>",True,False,,172.8927001953125,,0.48863375186920166,0.48863375186920166,1.0,0.0,17.131738662719727,17.131738662719727,17.315210154516365,17.315210154516365,6.179136030279226,6.179136030279226,6.179136030279226,6.179136030279226,5.179136030279228,5.179136030279227,6.179136030279226,3.019334421785503,1.0,0.0,0.0,1.0,1.0
0.4073802778041126,4.0,gt-order-1,"ap_fixed<16,6,AP_RND,AP_SAT>",True,False,,235.86712646484375,,0.4020872712135315,0.4020872712135315,0.9999998807907104,0.0,17.131725311279297,17.131725311279297,17.31521015451637,17.31521015451637,7.053875210854061,7.053875210854058,7.053875210854061,7.053875210854058,6.05387521085406,6.053875210854058,7.053875210854061,2.8362734350130836,1.0,0.0,0.0,1.0,1.0
0.46505037616660627,4.0,gt-order-1,"ap_fixed<16,6,AP_RND,AP_SAT>",True,False,,319.8348083496094,,0.3032906651496887,0.3032906651496887,0.9999999403953552,0.0,17.131677627563477,17.131677627563477,17.315210154516368,17.315210154516368,8.052444880347277,8.052444880347277,8.052444880347277,8.052444880347277,7.052444880347277,7.052444880347273,8.052444880347277,2.442231363841731,1.0,0.0,0.0,1.0,1.0
0.5308844442309882,4.0,gt-order-1,"ap_fixed<16,6,AP_RND,AP_SAT>",True,False,,431.4249572753906,,0.19050204753875732,0.19050204753875732,1.0,0.0,17.131750106811523,17.131750106811523,17.31521015451637,17.31521015451637,9.192375727979583,9.19237572797958,9.192375727979583,9.19237572797958,8.192375727979583,8.192375727979574,9.192375727979583,1.7511663979256855,1.0,0.0,0.0,1.0,1.0
0.606038200527066,4.0,gt-order-1,"ap_fixed<16,6,AP_RND,AP_SAT>",True,False,,579.1605224609375,,0.06175333261489868,0.06175333261489868,0.9999999403953552,0.0,17.131702423095703,17.131702423095703,17.315210154516368,17.315210154516368,10.493679015887134,10.493679015887132,10.493679015887134,10.493679015887132,9.493679015887137,9.49367901588713,10.493679015887134,0.6480196506220609,1.0,0.0,0.0,1.0,1.0
0.6918309709189363,4.0,gt-order-1,"ap_fixed<16,6,AP_RND,AP_SAT>",True,False,,774.458984375,,0.0,0.0,1.0,0.0,17.13165855407715,17.13165855407715,17.315210154516375,17.315210154516375,11.979199029985145,11.979199029985137,11.979199029985145,11.979199029985137,10.979199029985141,10.979199029985137,11.979199029985145,0.0,1.0,0.0,0.0,1.0,1.0
0.7897688493998856,4.0,gt-order-1,"ap_fixed<16,6,AP_RND,AP_SAT>",True,False,,1032.20556640625,,0.0,0.0,1.0,0.0,17.13174057006836,17.13174057006836,17.31521015451637,17.31521015451637,13.675014037978109,13.675014037978109,13.675014037978109,13.675014037978109,12.675014037978103,12.675014037978094,13.675014037978105,0.0,1.0,0.0,0.0,1.0,1.0
0.9015711376059565,4.0,gt-order-1,"ap_fixed<16,6,AP_RND,AP_SAT>",True,False,,1371.658203125,,0.0,0.0,1.0,0.0,17.131608963012695,17.131608963012695,17.31521015451636,17.31521015451636,15.610894011052364,15.610894011052364,15.610894011052364,15.610894011052364,14.610894011052386,14.61089401105236,15.610894011052364,0.0,1.0,0.0,0.0,1.0,1.0
1.0292005271944276,4.0,gt-order-1,"ap_fixed<16,6,AP_RND,AP_SAT>",True,False,,1818.11279296875,,0.0,0.0,1.0,0.0,17.131683349609375,17.131683349609375,17.315210154516375,17.315210154516375,17.82082388182001,17.820823881820004,17.82082388182001,17.820823881820004,16.820823881819997,16.820823881819997,17.82082388182001,0.0,1.0,0.0,0.0,1.0,1.0
1.174897554939529,4.0,gt-order-1,"ap_fixed<16,6,AP_RND,AP_SAT>",True,False,,2404.535888671875,,0.0,0.0,1.0,0.0,17.131505966186523,17.131505966186523,17.315210154516368,17.315210154516368,20.343598014882264,20.343598014882264,20.343598014882264,20.343598014882264,19.34359801488227,19.34359801488227,20.34359801488225,0.0,1.0,0.0,0.0,1.0,1.0
1.3412199354053709,4.0,gt-order-1,"ap_fixed<16,6,AP_RND,AP_SAT>",True,False,,3174.161865234375,,0.0,0.0,1.0,0.5,16.705162048339844,16.705162048339844,17.31521015451637,17.31521015451637,23.223504467217772,23.223504467217765,23.223504467217772,23.223504467217765,22.223504467217783,22.223504467217783,23.223504467217772,0.0,1.0,0.0,0.0,1.0,1.0
1.5310874616820287,4.0,gt-order-1,"ap_fixed<16,6,AP_RND,AP_SAT>",True,False,,4181.7880859375,,0.0,0.0,1.0,0.5,15.433911323547363,15.433911323547363,17.315210154516368,17.315210154516368,26.511102134596204,26.5111021345962,26.511102134596204,26.5111021345962,25.51110213459622,25.51110213459622,26.511102134596204,0.0,1.0,0.0,0.0,1.0,1.0
1.7478332624182173,4.0,gt-order-1,"ap_fixed<16,6,AP_RND,AP_SAT>",True,False,,5475.634765625,,0.0,0.0,1.0,1.0,14.29851245880127,14.29851245880127,17.315210154516368,17.315210154516368,30.264100072620117,30.264100072620096,30.264100072620117,30.264100072620096,29.26410007262013,29.264100072620128,30.264100072620117,0.0,1.0,0.0,0.0,1.0,1.0
1.9952623149688795,4.0,gt-order-1,"ap_fixed<16,6,AP_RND,AP_SAT>",True,False,,7048.41845703125,,0.0,0.0,0.9999999403953552,1.0,12.525450706481934,12.525450706481934,17.315210154516365,17.315210154516365,34.548385435407575,34.54838543540756,34.548385435407575,34.54838543540756,33.548385435407596,33.54838543540759,34.548385435407575,0.0,1.0,0.0,0.0,1.0,1.0
