eta,gamma,controller,precision,diverged,converged,converged_step,final_loss,log_final_loss,final_alpha,min_alpha,min_update_cosine,max_grad_sat,max_curvature_proxy,max_curvature_for_control,max_hessian_lambda,max_hessian_spectral_norm,max_margin_lambda_raw,max_margin_lambda_ctrl,max_margin_norm_raw,max_margin_norm_ctrl,max_spectral_radius_raw,max_spectral_radius_ctrl,final_margin_lambda_raw,final_margin_lambda_ctrl,min_controller_feasible,min_alpha_min_bound,max_alpha_min_bound,min_alpha_max_bound,max_alpha_max_bound
0.01,1.0,gt-order-0,"ap_fixed<16,6,AP_RND,AP_SAT>",False,True,500.0,0.06390380859375,-1.1944732576100983,1.0,1.0,0.5483537316322327,0.0,1.107502818107605,1.107502818107605,1.0822006346572737,1.0822006346572737,0.010822006104682045,0.010822006104682045,0.010822006104682045,0.010822006104682045,0.9992320035581912,0.9992320035581912,0.010822006104682036,0.010822006104682036,1.0,0.0,0.0,1.0,1.0
0.012469049049711741,1.0,gt-order-0,"ap_fixed<16,6,AP_RND,AP_SAT>",False,True,500.0,0.0562286376953125,-1.2500424384209052,1.0,1.0,0.7136367559432983,0.0,1.0920498371124268,1.0920498371124268,1.082200634657274,1.082200634657274,0.013494012321283727,0.013494012321283727,0.013494012321283727,0.013494012321283727,0.9990423814819336,0.9990423814819336,0.013494012321283718,0.013494012321283718,1.0,0.0,0.0,1.0,1.0
0.015547718420411735,1.0,gt-order-0,"ap_fixed<16,6,AP_RND,AP_SAT>",False,True,500.0,0.0518341064453125,-1.2853843837452927,1.0,1.0,0.752888023853302,0.0,1.0846688747406006,1.0846688747406006,1.082200634657274,1.082200634657274,0.016825751209928012,0.016825751209928012,0.016825751209928012,0.016825751209928012,0.9988059406975942,0.9988059406975942,0.016825751209928002,0.016825751209928002,1.0,0.0,0.0,1.0,1.0
0.019386526359522076,1.0,gt-order-0,"ap_fixed<16,6,AP_RND,AP_SAT>",False,True,500.0,0.0429840087890625,-1.3666930836278222,1.0,1.0,0.7687081098556519,0.0,1.0834944248199463,1.0834944248199463,1.082200634657274,1.082200634657274,0.020980110954404354,0.020980110954404354,0.020980110954404354,0.020980110954404354,0.9985111216528726,0.9985111216528726,0.020980110954404343,0.020980110954404343,1.0,0.0,0.0,1.0,1.0
0.024173154808041036,1.0,gt-order-0,"ap_fixed<16,6,AP_RND,AP_SAT>",False,True,500.0,0.0301055908203125,-1.5213528453570822,1.0,1.0,0.7706966996192932,0.0,1.0810250043869019,1.0810250043869019,1.082200634657274,1.082200634657274,0.02616020414474567,0.02616020414474567,0.02616020414474567,0.02616020414474567,0.9981435102229825,0.9981435102229825,0.02616020414474565,0.02616020414474565,1.0,0.0,0.0,1.0,1.0
0.03014162529877389,1.0,gt-order-0,"ap_fixed<16,6,AP_RND,AP_SAT>",False,True,500.0,0.0207366943359375,-1.6832604738702615,1.0,1.0,0.7726426720619202,0.0,1.0797189474105835,1.0797189474105835,1.0822006346572737,1.0822006346572737,0.032619286303458395,0.032619286303458395,0.032619286303458395,0.032619286303458395,0.9976851338307257,0.9976851338307257,0.03261928630345838,0.03261928630345838,1.0,0.0,0.0,1.0,1.0
0.037583740428844416,1.0,gt-order-0,"ap_fixed<16,6,AP_RND,AP_SAT>",False,True,500.0,0.012176513671875,-1.9144770392373032,1.0,1.0,0.7420991659164429,0.0,1.0800092220306396,1.0800092220306396,1.082200634657274,1.082200634657274,0.04067314975982911,0.04067314975982911,0.04067314975982911,0.04067314975982911,0.997113581900568,0.997113581900568,0.040673149759829066,0.040673149759829066,1.0,0.0,0.0,1.0,1.0
0.046863350287889544,1.0,gt-order-0,"ap_fixed<16,6,AP_RND,AP_SAT>",False,True,500.0,0.006561279296875,-2.183011474977922,1.0,1.0,0.6813313364982605,0.0,1.0803874731063843,1.0803874731063843,1.082200634657274,1.082200634657274,0.05071554821302017,0.05071554821302017,0.05071554821302017,0.05071554821302017,0.996400911236305,0.996400911236305,0.050715548213020115,0.050715548213020115,1.0,0.0,0.0,1.0,1.0
0.05843414133735175,1.0,gt-order-0,"ap_fixed<16,6,AP_RND,AP_SAT>",False,True,500.0,0.00323486328125,-2.490144069560693,1.0,1.0,0.3928186595439911,0.0,1.0803347826004028,1.0803347826004028,1.0822006346572737,1.0822006346572737,0.06323746332564908,0.06323746332564908,0.06323746332564908,0.06323746332564908,0.9955122787444998,0.9955122787444998,0.06323746332564906,0.06323746332564906,1.0,0.0,0.0,1.0,1.0
0.07286181745132274,1.0,gt-order-0,"ap_fixed<16,6,AP_RND,AP_SAT>",False,True,500.0,0.0020294189453125,-2.692628289442614,1.0,1.0,0.3849635720252991,0.0,1.07907235622406,1.07907235622406,1.082200634657274,1.082200634657274,0.07885110834341007,0.07885110834341007,0.07885110834341007,0.07885110834341007,0.994404237989272,0.994404237989272,0.07885110834341001,0.07885110834341001,1.0,0.0,0.0,1.0,1.0
0.09085175756516867,1.0,gt-order-0,"ap_fixed<16,6,AP_RND,AP_SAT>",False,True,500.0,0.0012054443359375,-2.91885283897298,1.0,1.0,0.36600640416145325,0.0,1.0782456398010254,1.0782456398010254,1.082200634657274,1.082200634657274,0.09831982578454529,0.09831982578454529,0.09831982578454529,0.09831982578454529,0.993022617467462,0.993022617467462,0.09831982578454523,0.09831982578454523,1.0,0.0,0.0,1.0,1.0
0.11328350213326084,1.0,gt-order-0,"ap_fixed<16,6,AP_RND,AP_SAT>",False,True,500.0,0.0007476806640625,-3.12628385001433,1.0,1.0,0.378131240606308,0.0,1.0785858631134033,1.0785858631134033,1.082200634657274,1.082200634657274,0.12259547567773058,0.12259547567773058,0.12259547567773058,0.12259547567773058,0.991299867308182,0.991299867308182,0.1225954756777304,0.1225954756777304,1.0,0.0,0.0,1.0,1.0
0.1412537544622754,1.0,gt-order-0,"ap_fixed<16,6,AP_RND,AP_SAT>",False,True,500.0,0.000518798828125,-3.2850010127443285,1.0,1.0,0.3565216064453125,0.0,1.078517198562622,1.078517198562622,1.082200634657274,1.082200634657274,0.15286490276391557,0.15286490276391557,0.15286490276391557,0.15286490276391557,0.9891517616729673,0.9891517616729673,0.15286490276391548,0.15286490276391548,1.0,0.0,0.0,1.0,1.0
0.17612999928460507,1.0,gt-order-0,"ap_fixed<16,6,AP_RND,AP_SAT>",False,True,500.0,0.0003509521484375,-3.4547520933686315,1.0,1.0,0.42560088634490967,0.0,1.077743649482727,1.077743649482727,1.082200634657274,1.082200634657274,0.19060799429379935,0.19060799429379935,0.19060799429379935,0.19060799429379935,0.9864732786156264,0.9864732786156264,0.19060799429379924,0.19060799429379924,1.0,0.0,0.0,1.0,1.0
0.21961736002054355,1.0,gt-order-0,"ap_fixed<16,6,AP_RND,AP_SAT>",False,True,500.0,0.0001678466796875,-3.7750872428780267,1.0,1.0,0.4057513475418091,0.0,1.0777745246887207,1.0777745246887207,1.082200634657274,1.082200634657274,0.2376700537227322,0.2376700537227322,0.2376700537227322,0.2376700537227322,0.983133463997522,0.983133463997522,0.237670053722732,0.237670053722732,1.0,0.0,0.0,1.0,1.0
0.27384196342643613,1.0,gt-order-0,"ap_fixed<16,6,AP_RND,AP_SAT>",False,True,500.0,0.0001220703125,-3.913389940074015,1.0,1.0,0.4319594204425812,0.0,1.0776349306106567,1.0776349306106567,1.0822006346572737,1.0822006346572737,0.29635196143446685,0.29635196143446685,0.29635196143446685,0.29635196143446685,0.9789690331253482,0.9789690331253482,0.29635196143446674,0.29635196143446674,1.0,0.0,0.0,1.0,1.0
0.34145488738336005,1.0,gt-order-0,"ap_fixed<16,6,AP_RND,AP_SAT>",False,True,500.0,7.62939453125e-05,-4.117509920595296,1.0,1.0,0.45566117763519287,0.0,1.0776658058166504,1.0776658058166504,1.082200634657274,1.082200634657274,0.3695227022908524,0.3695227022908524,0.3695227022908524,0.3695227022908524,0.9737763851006964,0.9737763851006964,0.3695227022908521,0.3695227022908521,1.0,0.0,0.0,1.0,1.0
0.42576177390469155,1.0,gt-order-0,"ap_fixed<16,6,AP_RND,AP_SAT>",False,True,500.0,4.57763671875e-05,-4.339358666416729,1.0,1.0,0.48336824774742126,0.0,1.0776792764663696,1.0776792764663696,1.082200634657274,1.082200634657274,0.46075964610686715,0.46075964610686715,0.46075964610686715,0.46075964610686715,0.9673016476504993,0.9673016476504993,0.460759646106867,0.460759646106867,1.0,0.0,0.0,1.0,1.0
0.5308844442309882,1.0,gt-order-0,"ap_fixed<16,6,AP_RND,AP_SAT>",False,True,500.0,4.57763671875e-05,-4.339358666416729,1.0,1.0,0.6363961100578308,0.0,1.077420711517334,1.077420711517334,1.0822006346572737,1.0822006346572737,0.5745234829987241,0.5745234829987241,0.5745234829987241,0.5745234829987241,0.9592282626334913,0.9592282626334913,0.5745234829987237,0.5745234829987237,1.0,0.0,0.0,1.0,1.0
0.6619624174845152,1.0,gt-order-0,"ap_fixed<16,6,AP_RND,AP_SAT>",False,True,500.0,3.0517578125e-05,-4.515449920728757,1.0,1.0,0.6674237847328186,0.0,1.0774168968200684,1.0774168968200684,1.082200634657274,1.082200634657274,0.7163761185187896,0.7163761185187896,0.7163761185187896,0.7163761185187896,0.9491615228546683,0.9491615228546683,0.716376118518789,0.716376118518789,1.0,0.0,0.0,1.0,1.0
0.8254041852680182,1.0,gt-order-0,"ap_fixed<16,6,AP_RND,AP_SAT>",False,True,500.0,1.52587890625e-05,-4.816479902161777,1.0,1.0,0.5773503184318542,0.0,1.0774235725402832,1.0774235725402832,1.0822006346572737,1.0822006346572737,0.8932529135658605,0.8932529135658605,0.8932529135658605,0.8932529135658605,0.9366092522385948,0.9366092522385948,0.8932529135658603,0.8932529135658603,1.0,0.0,0.0,1.0,1.0
1.0292005271944276,1.0,gt-order-0,"ap_fixed<16,6,AP_RND,AP_SAT>",False,True,500.0,1.52587890625e-05,-4.816479902161777,0.9716289639472961,0.901784360408783,0.6030226945877075,0.0,1.0774503946304321,1.0774503946304321,1.082200634657274,1.082200634657274,1.1138014926137512,1.1138014926137507,1.1138014926137512,1.1138014926137507,0.9209577619033994,0.928720945872778,1.1138014926137505,1.0822017903112504,1.0,0.0,0.0,1.0,1.0
1.2833151855576512,1.0,gt-order-0,"ap_fixed<16,6,AP_RND,AP_SAT>",False,True,500.0,1.52587890625e-05,-4.816479902161777,0.7792326211929321,0.7232037782669067,0.6324555277824402,0.0,1.0774719715118408,1.0774719715118408,1.082200634657274,1.082200634657274,1.3888045041358776,1.3888045041358772,1.3888045041358776,1.3888045041358772,0.9014418484680488,0.92872237243309,1.388804504135876,1.082201774082349,1.0,0.0,0.0,1.0,1.0
1.600171999495828,1.0,gt-order-0,"ap_fixed<16,6,AP_RND,AP_SAT>",False,True,500.0,0.0,-12.0,0.6249334812164307,0.5800120830535889,0.6324555277824402,0.0,1.0774478912353516,1.0774478912353516,1.0822006346572737,1.0822006346572737,1.7317072003295029,1.7317072003295029,1.7317072003295029,1.7317072003295029,0.8771073537342533,0.9287207802474358,1.7317072003295015,1.0822018091494743,1.0,0.0,0.0,1.0,1.0
1.9952623149688795,1.0,gt-order-0,"ap_fixed<16,6,AP_RND,AP_SAT>",False,True,500.0,0.0,-12.0,0.5011877417564392,0.4641886353492737,0.40824830532073975,0.0,1.0797059535980225,1.0797059535980225,1.082200634657274,1.082200634657274,2.1592740897129756,2.1592740897129747,2.1592740897129756,2.1592740897129747,1.1592740897129754,1.1592740897129752,2.1592740897129747,1.0822017048564367,1.0,0.0,0.0,1.0,1.0
0.01,1.0594630943592953,gt-order-0,"ap_fixed<16,6,AP_RND,AP_SAT>",False,True,500.0,0.0605621337890625,-1.2177988317093646,1.0,1.0,0.5843244791030884,0.0,1.2261937856674194,1.2261937856674194,1.2147291416517958,1.2147291416517958,0.012147291145004837,0.012147291145004837,0.012147291145004837,0.012147291145004837,0.9991379531460766,0.9991379531460766,0.012147291145004823,0.012147291145004823,1.0,0.0,0.0,1.0,1.0
0.012469049049711741,1.0594630943592953,gt-order-0,"ap_fixed<16,6,AP_RND,AP_SAT>",False,True,500.0,0.05377197265625,-1.2694440308756123,1.0,1.0,0.7297236323356628,0.0,1.2363156080245972,1.2363156080245972,1.2147291416517956,1.2147291416517956,0.015146516717450311,0.015146516717450311,0.015146516717450311,0.015146516717450311,0.9989251095632504,0.9989251095632504,0.015146516717450305,0.015146516717450305,1.0,0.0,0.0,1.0,1.0
0.015547718420411735,1.0594630943592953,gt-order-0,"ap_fixed<16,6,AP_RND,AP_SAT>",False,True,500.0,0.049591064453125,-1.3045965696360673,1.0,1.0,0.7672343850135803,0.0,1.2200037240982056,1.2200037240982056,1.2147291416517958,1.2147291416517958,0.018886267176654665,0.018886267176654665,0.018886267176654665,0.018886267176654665,0.9986597137577715,0.9986597137577715,0.018886267176654647,0.018886267176654647,1.0,0.0,0.0,1.0,1.0
0.019386526359522076,1.0594630943592953,gt-order-0,"ap_fixed<16,6,AP_RND,AP_SAT>",False,True,500.0,0.0380706787109375,-1.419409380652883,1.0,1.0,0.7699520587921143,0.0,1.2178003787994385,1.2178003787994385,1.2147291416517956,1.2147291416517956,0.023549378327128796,0.023549378327128796,0.023549378327128796,0.023549378327128796,0.9983287905709656,0.9983287905709656,0.023549378327128778,0.023549378327128778,1.0,0.0,0.0,1.0,1.0
0.024173154808041036,1.0594630943592953,gt-order-0,"ap_fixed<16,6,AP_RND,AP_SAT>",False,True,500.0,0.02593994140625,-1.586031009228683,1.0,1.0,0.7604275345802307,0.0,1.2165430784225464,1.2165430784225464,1.2147291416517958,1.2147291416517958,0.029363836342829727,0.029363836342829727,0.029363836342829727,0.029363836342829727,0.9979161606948991,0.9979161606948991,0.029363836342829696,0.029363836342829696,1.0,0.0,0.0,1.0,1.0
0.03014162529877389,1.0594630943592953,gt-order-0,"ap_fixed<16,6,AP_RND,AP_SAT>",False,True,500.0,0.0167694091796875,-1.7754822381743105,1.0,1.0,0.7517637610435486,0.0,1.2141759395599365,1.2141759395599365,1.2147291416517956,1.2147291416517956,0.03661391093643439,0.03661391093643439,0.03661391093643439,0.03661391093643439,0.9974016505938798,0.9974016505938798,0.03661391093643437,0.03661391093643437,1.0,0.0,0.0,1.0,1.0
0.037583740428844416,1.0594630943592953,gt-order-0,"ap_fixed<16,6,AP_RND,AP_SAT>",False,True,500.0,0.0093994140625,-2.026899218413069,1.0,1.0,0.7098111510276794,0.0,1.211695909500122,1.211695909500122,1.2147291416517954,1.2147291416517954,0.04565406701288711,0.04565406701288711,0.04565406701288711,0.04565406701288711,0.996760105247542,0.996760105247542,0.04565406701288707,0.04565406701288707,1.0,0.0,0.0,1.0,1.0
0.046863350287889544,1.0594630943592953,gt-order-0,"ap_fixed<16,6,AP_RND,AP_SAT>",False,True,500.0,0.004913330078125,-2.3086240588394773,1.0,1.0,0.615397036075592,0.0,1.2132514715194702,1.2132514715194702,1.2147291416517958,1.2147291416517958,0.05692627815609476,0.05692627815609476,0.05692627815609476,0.05692627815609476,0.9959601594788295,0.9959601594788295,0.05692627815609472,0.05692627815609472,1.0,0.0,0.0,1.0,1.0
0.05843414133735175,1.0594630943592953,gt-order-0,"ap_fixed<16,6,AP_RND,AP_SAT>",False,True,500.0,0.0026397705078125,-2.5784338273303837,1.0,1.0,0.37651827931404114,0.0,1.2117499113082886,1.2117499113082886,1.2147291416517956,1.2147291416517956,0.07098165264903018,0.07098165264903018,0.07098165264903018,0.07098165264903018,0.9949627032379508,0.9949627032379508,0.07098165264903014,0.07098165264903014,1.0,0.0,0.0,1.0,1.0
0.07286181745132274,1.0594630943592953,gt-order-0,"ap_fixed<16,6,AP_RND,AP_SAT>",False,True,500.0,0.001739501953125,-2.7595750790375604,1.0,1.0,0.3802645206451416,0.0,1.2108023166656494,1.2108023166656494,1.2147291416517956,1.2147291416517956,0.08850737662579271,0.08850737662579271,0.08850737662579271,0.08850737662579271,0.993718969549793,0.993718969549793,0.08850737662579267,0.08850737662579267,1.0,0.0,0.0,1.0,1.0
0.09085175756516867,1.0594630943592953,gt-order-0,"ap_fixed<16,6,AP_RND,AP_SAT>",False,True,500.0,0.0011138916015625,-2.953157070113354,1.0,1.0,0.3910849094390869,0.0,1.210868239402771,1.210868239402771,1.2147291416517956,1.2147291416517956,0.11036027309338821,0.11036027309338821,0.11036027309338821,0.11036027309338821,0.9921681529583293,0.9921681529583293,0.11036027309338806,0.11036027309338806,1.0,0.0,0.0,1.0,1.0
0.11328350213326084,1.0594630943592953,gt-order-0,"ap_fixed<16,6,AP_RND,AP_SAT>",False,True,500.0,0.0006256103515625,-3.2036960732097706,1.0,1.0,0.37035369873046875,0.0,1.2097208499908447,1.2097208499908447,1.2147291416517958,1.2147291416517958,0.13760876880982922,0.13760876880982922,0.13760876880982922,0.13760876880982922,0.9902344312975808,0.9902344312975808,0.13760876880982914,0.13760876880982914,1.0,0.0,0.0,1.0,1.0
0.1412537544622754,1.0594630943592953,gt-order-0,"ap_fixed<16,6,AP_RND,AP_SAT>",False,True,500.0,0.0004425048828125,-3.3540819317432975,1.0,1.0,0.3694458603858948,0.0,1.2093710899353027,1.2093710899353027,1.2147291416517958,1.2147291416517958,0.17158505195471732,0.17158505195471732,0.17158505195471732,0.17158505195471732,0.9878232642609599,0.9878232642609599,0.1715850519547171,0.1715850519547171,1.0,0.0,0.0,1.0,1.0
0.17612999928460507,1.0594630943592953,gt-order-0,"ap_fixed<16,6,AP_RND,AP_SAT>",False,True,500.0,0.0002899169921875,-3.5377263281728744,1.0,1.0,0.458585262298584,0.0,1.2096869945526123,1.2096869945526123,1.2147291416517956,1.2147291416517956,0.21395023980354952,0.21395023980354952,0.21395023980354952,0.21395023980354952,0.9848167687003432,0.9848167687003432,0.2139502398035494,0.2139502398035494,1.0,0.0,0.0,1.0,1.0
0.21961736002054355,1.0594630943592953,gt-order-0,"ap_fixed<16,6,AP_RND,AP_SAT>",False,True,500.0,0.0001678466796875,-3.7750872428780267,1.0,1.0,0.4847179353237152,0.0,1.2103456258773804,1.2103456258773804,1.2147291416517954,1.2147291416517954,0.26677561545358136,0.26677561545358136,0.26677561545358136,0.26677561545358136,0.9810679535659355,0.9810679535659355,0.2667756154535812,0.2667756154535812,1.0,0.0,0.0,1.0,1.0
0.27384196342643613,1.0594630943592953,gt-order-0,"ap_fixed<16,6,AP_RND,AP_SAT>",False,True,500.0,9.1552734375e-05,-4.038328675496402,1.0,1.0,0.42058926820755005,0.0,1.2098822593688965,1.2098822593688965,1.2147291416517954,1.2147291416517954,0.332643829814535,0.332643829814535,0.332643829814535,0.332643829814535,0.9763935379875465,0.9763935379875465,0.33264382981453466,0.33264382981453466,1.0,0.0,0.0,1.0,1.0
0.34145488738336005,1.0594630943592953,gt-order-0,"ap_fixed<16,6,AP_RND,AP_SAT>",False,True,500.0,7.62939453125e-05,-4.117509920595296,1.0,1.0,0.4656330645084381,0.0,1.209410309791565,1.209410309791565,1.2147291416517956,1.2147291416517956,0.4147752095125812,0.4147752095125812,0.4147752095125812,0.4147752095125812,0.9705649876851004,0.9705649876851004,0.4147752095125808,0.4147752095125808,1.0,0.0,0.0,1.0,1.0
0.42576177390469155,1.0594630943592953,gt-order-0,"ap_fixed<16,6,AP_RND,AP_SAT>",False,True,500.0,4.57763671875e-05,-4.339358666416729,1.0,1.0,0.4662523865699768,0.0,1.2095563411712646,1.2095563411712646,1.2147291416517954,1.2147291416517954,0.5171852163997599,0.5171852163997599,0.5171852163997599,0.5171852163997599,0.9632973406686949,0.9632973406686949,0.5171852163997597,0.5171852163997597,1.0,0.0,0.0,1.0,1.0
0.5308844442309882,1.0594630943592953,gt-order-0,"ap_fixed<16,6,AP_RND,AP_SAT>",False,True,500.0,3.0517578125e-05,-4.515449920728757,1.0,1.0,0.423999160528183,0.0,1.2095699310302734,1.2095699310302734,1.2147291416517956,1.2147291416517956,0.6448808058432324,0.6448808058432324,0.6448808058432324,0.6448808058432324,0.954235272440837,0.954235272440837,0.644880805843232,0.644880805843232,1.0,0.0,0.0,1.0,1.0
0.6619624174845152,1.0594630943592953,gt-order-0,"ap_fixed<16,6,AP_RND,AP_SAT>",False,True,500.0,1.52587890625e-05,-4.816479902161777,1.0,1.0,0.4923659861087799,0.0,1.209477424621582,1.209477424621582,1.2147291416517956,1.2147291416517956,0.8041050057448562,0.8041050057448562,0.8041050057448562,0.8041050057448562,0.9429357391576352,0.9429357391576352,0.8041050057448557,0.8041050057448557,1.0,0.0,0.0,1.0,1.0
0.8254041852680182,1.0594630943592953,gt-order-0,"ap_fixed<16,6,AP_RND,AP_SAT>",False,True,500.0,1.52587890625e-05,-4.816479902161777,1.0,1.0,0.5388159155845642,0.0,1.2094157934188843,1.2094157934188843,1.2147291416517956,1.2147291416517956,1.0026424955086588,1.0026424955086588,1.0026424955086588,1.0026424955086588,0.9288462918566879,0.9288462918566879,1.0026424955086584,1.0026424955086584,1.0,0.0,0.0,1.0,1.0
1.0292005271944276,1.0594630943592953,gt-order-0,"ap_fixed<16,6,AP_RND,AP_SAT>",False,True,500.0,1.52587890625e-05,-4.816479902161777,0.9716289639472961,0.8033240437507629,0.6000000238418579,0.0,1.209509253501892,1.209509253501892,1.2147291416517956,1.2147291416517956,1.2501999054192634,1.2501999054192632,1.2501999054192634,1.2501999054192632,0.9112780880628151,0.9287275549333207,1.2501999054192623,1.2147304388295255,1.0,0.0,0.0,1.0,1.0
1.2833151855576512,1.0594630943592953,gt-order-0,"ap_fixed<16,6,AP_RND,AP_SAT>",False,True,500.0,0.0,-12.0,0.7792326211929321,0.6443000435829163,0.6666666865348816,0.0,1.2094237804412842,1.2094237804412842,1.2147291416517956,1.2147291416517956,1.5588803491742462,1.558880349174246,1.5588803491742462,1.558880349174246,0.8893722160267931,0.9287225139645809,1.558880349174245,1.2147304206132001,1.0,0.0,0.0,1.0,1.0
1.600171999495828,1.0594630943592953,gt-order-0,"ap_fixed<16,6,AP_RND,AP_SAT>",False,True,500.0,0.0,-12.0,0.6249334812164307,0.5163785219192505,0.7071067690849304,0.0,1.2102222442626953,1.2102222442626953,1.2147291416517956,1.2147291416517956,1.9437756121023475,1.9437756121023475,1.9437756121023475,1.9437756121023475,0.9437756121023472,0.9437756121023468,1.943775612102347,1.2147304599747182,1.0,0.0,0.0,1.0,1.0
1.9952623149688795,1.0594630943592953,gt-order-0,"ap_fixed<16,6,AP_RND,AP_SAT>",False,True,500.0,0.0,-12.0,0.5011877417564392,0.41327205300331116,0.7559289336204529,0.0,1.212729573249817,1.212729573249817,1.2147291416517956,1.2147291416517956,2.4237032187831526,2.423703218783152,2.4237032187831526,2.423703218783152,1.4237032187831515,1.4237032187831513,2.423703218783151,1.2147303429097402,1.0,0.0,0.0,1.0,1.0
0.01,1.122462048309373,gt-order-0,"ap_fixed<16,6,AP_RND,AP_SAT>",False,True,500.0,0.057525634765625,-1.2401385804103566,1.0,1.0,0.617704451084137,0.0,1.3650308847427368,1.3650308847427368,1.363487359952976,1.363487359952976,0.013634873294766587,0.013634873294766587,0.013634873294766587,0.013634873294766587,0.9990323851184628,0.9990323851184628,0.01363487329476658,0.01363487329476658,1.0,0.0,0.0,1.0,1.0
0.012469049049711741,1.122462048309373,gt-order-0,"ap_fixed<16,6,AP_RND,AP_SAT>",False,True,500.0,0.0510406494140625,-1.2920838085113484,1.0,1.0,0.7475075125694275,0.0,1.3667045831680298,1.3667045831680298,1.363487359952976,1.363487359952976,0.017001390172855423,0.017001390172855423,0.017001390172855423,0.017001390172855423,0.9987934762734914,0.9987934762734914,0.017001390172855416,0.017001390172855416,1.0,0.0,0.0,1.0,1.0
0.015547718420411735,1.122462048309373,gt-order-0,"ap_fixed<16,6,AP_RND,AP_SAT>",False,True,500.0,0.0473175048828125,-1.3249781643771945,1.0,1.0,0.7842426896095276,0.0,1.3660356998443604,1.3660356998443604,1.3634873599529758,1.3634873599529758,0.02119911813183867,0.02119911813183867,0.02119911813183867,0.02119911813183867,0.9984955795527851,0.9984955795527851,0.021199118131838668,0.021199118131838668,1.0,0.0,0.0,1.0,1.0
0.019386526359522076,1.122462048309373,gt-order-0,"ap_fixed<16,6,AP_RND,AP_SAT>",False,True,500.0,0.031951904296875,-1.4955032532672834,1.0,1.0,0.764510452747345,0.0,1.3622856140136719,1.3622856140136719,1.363487359952976,1.363487359952976,0.02643328342327269,0.02643328342327269,0.02643328342327269,0.02643328342327269,0.9981241308330991,0.9981241308330991,0.026433283423272683,0.026433283423272683,1.0,0.0,0.0,1.0,1.0
0.024173154808041036,1.122462048309373,gt-order-0,"ap_fixed<16,6,AP_RND,AP_SAT>",False,True,500.0,0.0217132568359375,-1.6632750305194135,1.0,1.0,0.753360390663147,0.0,1.360334873199463,1.360334873199463,1.363487359952976,1.363487359952976,0.03295979187486464,0.03295979187486464,0.03295979187486464,0.03295979187486464,0.9976609694552325,0.9976609694552325,0.0329597918748646,0.0329597918748646,1.0,0.0,0.0,1.0,1.0
0.03014162529877389,1.122462048309373,gt-order-0,"ap_fixed<16,6,AP_RND,AP_SAT>",False,True,500.0,0.013092041015625,-1.8829926427418213,1.0,1.0,0.7243638634681702,0.0,1.3605839014053345,1.3605839014053345,1.363487359952976,1.363487359952976,0.04109772545045497,0.04109772545045497,0.04109772545045497,0.04109772545045497,0.9970834513908933,0.9970834513908933,0.04109772545045493,0.04109772545045493,1.0,0.0,0.0,1.0,1.0
0.037583740428844416,1.122462048309373,gt-order-0,"ap_fixed<16,6,AP_RND,AP_SAT>",False,True,500.0,0.0074005126953125,-2.130738191962751,1.0,1.0,0.6579161286354065,0.0,1.3607162237167358,1.3607162237167358,1.363487359952976,1.363487359952976,0.05124495755314761,0.05124495755314761,0.05124495755314761,0.05124495755314761,0.9963633410842763,0.9963633410842763,0.05124495755314759,0.05124495755314759,1.0,0.0,0.0,1.0,1.0
0.046863350287889544,1.122462048309373,gt-order-0,"ap_fixed<16,6,AP_RND,AP_SAT>",False,True,500.0,0.0037078857421875,-2.43087365690826,1.0,1.0,0.37663280963897705,0.0,1.358124852180481,1.358124852180481,1.363487359952976,1.363487359952976,0.0638975867570417,0.0638975867570417,0.0638975867570417,0.0638975867570417,0.9954654323143457,0.9954654323143457,0.06389758675704166,0.06389758675704166,1.0,0.0,0.0,1.0,1.0
0.05843414133735175,1.122462048309373,gt-order-0,"ap_fixed<16,6,AP_RND,AP_SAT>",False,True,500.0,0.00244140625,-2.612359947789887,1.0,1.0,0.38805732131004333,0.0,1.358816146850586,1.358816146850586,1.363487359952976,1.363487359952976,0.07967421119404432,0.07967421119404432,0.07967421119404432,0.07967421119404432,0.9943458255343155,0.9943458255343155,0.07967421119404428,0.07967421119404428,1.0,0.0,0.0,1.0,1.0
0.07286181745132274,1.122462048309373,gt-order-0,"ap_fixed<16,6,AP_RND,AP_SAT>",False,True,500.0,0.0015411376953125,-2.8121585565592553,1.0,1.0,0.39514753222465515,0.0,1.358543038368225,1.358543038368225,1.3634873599529762,1.3634873599529762,0.09934617121950848,0.09934617121950848,0.09934617121950848,0.09934617121950848,0.9929497816651762,0.9929497816651762,0.09934617121950838,0.09934617121950838,1.0,0.0,0.0,1.0,1.0
0.09085175756516867,1.122462048309373,gt-order-0,"ap_fixed<16,6,AP_RND,AP_SAT>",False,True,500.0,0.0009002685546875,-3.0456279184991493,1.0,1.0,0.3764122426509857,0.0,1.3586108684539795,1.3586108684539795,1.363487359952976,1.363487359952976,0.12387521814054514,0.12387521814054514,0.12387521814054514,0.12387521814054514,0.9912090488899155,0.9912090488899155,0.12387521814054507,0.12387521814054507,1.0,0.0,0.0,1.0,1.0
0.11328350213326084,1.122462048309373,gt-order-0,"ap_fixed<16,6,AP_RND,AP_SAT>",False,True,500.0,0.0005645751953125,-3.248278205787463,1.0,1.0,0.372213214635849,0.0,1.35895836353302,1.35895836353302,1.363487359952976,1.363487359952976,0.15446062044395847,0.15446062044395847,0.15446062044395847,0.15446062044395847,0.989038519704437,0.989038519704437,0.1544606204439583,0.1544606204439583,1.0,0.0,0.0,1.0,1.0
0.1412537544622754,1.122462048309373,gt-order-0,"ap_fixed<16,6,AP_RND,AP_SAT>",False,True,500.0,0.00042724609375,-3.3693218982649826,1.0,1.0,0.5374307632446289,0.0,1.3581182956695557,1.3581182956695557,1.363487359952976,1.363487359952976,0.19259770880198004,0.19259770880198004,0.19259770880198004,0.19259770880198004,0.9863320762021057,0.9863320762021057,0.19259770880197985,0.19259770880197985,1.0,0.0,0.0,1.0,1.0
0.17612999928460507,1.122462048309373,gt-order-0,"ap_fixed<16,6,AP_RND,AP_SAT>",False,True,500.0,0.000244140625,-3.612359946188904,1.0,1.0,0.3607042133808136,0.0,1.357839584350586,1.357839584350586,1.363487359952976,1.363487359952976,0.24015102431342633,0.24015102431342633,0.24015102431342633,0.24015102431342633,0.9829573990224517,0.9829573990224517,0.2401510243134262,0.2401510243134262,1.0,0.0,0.0,1.0,1.0
0.21961736002054355,1.122462048309373,gt-order-0,"ap_fixed<16,6,AP_RND,AP_SAT>",False,True,500.0,0.0001373291015625,-3.8622374180219383,1.0,1.0,0.4228568971157074,0.0,1.3578698635101318,1.3578698635101318,1.363487359952976,1.363487359952976,0.29944550364537337,0.29944550364537337,0.29944550364537337,0.29944550364537337,0.978749496289932,0.978749496289932,0.2994455036453732,0.2994455036453732,1.0,0.0,0.0,1.0,1.0
0.27384196342643613,1.122462048309373,gt-order-0,"ap_fixed<16,6,AP_RND,AP_SAT>",False,True,500.0,7.62939453125e-05,-4.117509920595296,1.0,1.0,0.41758501529693604,0.0,1.3583228588104248,1.3583228588104248,1.363487359952976,1.363487359952976,0.3733800744268964,0.3733800744268964,0.3733800744268964,0.3733800744268964,0.9735026421826959,0.9735026421826959,0.37338007442689625,0.37338007442689625,1.0,0.0,0.0,1.0,1.0
0.34145488738336005,1.122462048309373,gt-order-0,"ap_fixed<16,6,AP_RND,AP_SAT>",False,True,500.0,6.103515625e-05,-4.214419932180256,1.0,1.0,0.46666666865348816,0.0,1.3579808473587036,1.3579808473587036,1.363487359952976,1.363487359952976,0.4655694310776362,0.4655694310776362,0.4655694310776362,0.4655694310776362,0.9669603156435224,0.9669603156435224,0.46556943107763576,0.46556943107763576,1.0,0.0,0.0,1.0,1.0
0.42576177390469155,1.122462048309373,gt-order-0,"ap_fixed<16,6,AP_RND,AP_SAT>",False,True,500.0,3.0517578125e-05,-4.515449920728757,1.0,1.0,0.46028730273246765,0.0,1.3577862977981567,1.3577862977981567,1.363487359952976,1.363487359952976,0.5805207771312012,0.5805207771312012,0.5805207771312012,0.5805207771312012,0.958802657652165,0.958802657652165,0.580520777131201,0.580520777131201,1.0,0.0,0.0,1.0,1.0
0.5308844442309882,1.122462048309373,gt-order-0,"ap_fixed<16,6,AP_RND,AP_SAT>",False,True,500.0,3.0517578125e-05,-4.515449920728757,1.0,1.0,0.6187184453010559,0.0,1.3578213453292847,1.3578213453292847,1.363487359952976,1.363487359952976,0.7238542299626379,0.7238542299626379,0.7238542299626379,0.7238542299626379,0.9486308299436463,0.9486308299436463,0.723854229962637,0.723854229962637,1.0,0.0,0.0,1.0,1.0
0.6619624174845152,1.122462048309373,gt-order-0,"ap_fixed<16,6,AP_RND,AP_SAT>",False,True,500.0,1.52587890625e-05,-4.816479902161777,1.0,1.0,0.4423258602619171,0.0,1.3576936721801758,1.3576936721801758,1.3634873599529758,1.3634873599529758,0.9025773514556118,0.9025773514556118,0.9025773514556118,0.9025773514556118,0.9359475326153309,0.9359475326153309,0.9025773514556114,0.9025773514556114,1.0,0.0,0.0,1.0,1.0
0.8254041852680182,1.122462048309373,gt-order-0,"ap_fixed<16,6,AP_RND,AP_SAT>",False,True,500.0,1.52587890625e-05,-4.816479902161777,1.0,0.8923123478889465,0.5669467449188232,0.0,1.3577394485473633,1.3577394485473633,1.363487359952976,1.363487359952976,1.1254281487960252,1.1254281487960252,1.1254281487960252,1.1254281487960252,0.9201326626706396,0.9287333887079995,1.1254281487960238,1.1254281487960238,1.0,0.0,0.0,1.0,1.0
1.0292005271944276,1.122462048309373,gt-order-0,"ap_fixed<16,6,AP_RND,AP_SAT>",False,True,500.0,1.52587890625e-05,-4.816479902161777,0.9716289639472961,0.7156068682670593,0.5773502588272095,0.0,1.3577677011489868,1.3577677011489868,1.3634873599529758,1.3634873599529758,1.403301946091129,1.403301946091129,1.403301946091129,1.403301946091129,0.9004130205706085,0.9287348735303568,1.4033019460911287,1.363488815985748,1.0,0.0,0.0,1.0,1.0
1.2833151855576512,1.122462048309373,gt-order-0,"ap_fixed<16,6,AP_RND,AP_SAT>",False,True,500.0,0.0,-12.0,0.7792326211929321,0.573878824710846,0.7071067690849304,0.0,1.3578333854675293,1.3578333854675293,1.363487359952976,1.363487359952976,1.7497840291275806,1.7497840291275801,1.7497840291275806,1.7497840291275801,0.8758245104697585,0.9287383160104907,1.7497840291275788,1.3634887955386132,1.0,0.0,0.0,1.0,1.0
1.600171999495828,1.122462048309373,gt-order-0,"ap_fixed<16,6,AP_RND,AP_SAT>",False,True,500.0,0.0,-12.0,0.6249334812164307,0.4593725800514221,0.7071067690849304,0.0,1.3604050874710083,1.3604050874710083,1.363487359952976,1.363487359952976,2.1818143541715798,2.1818143541715793,2.1818143541715798,2.1818143541715793,1.1818143541715782,1.1818143541715778,2.1818143541715775,1.3634888397204223,1.0,0.0,0.0,1.0,1.0
1.9952623149688795,1.122462048309373,gt-order-0,"ap_fixed<16,6,AP_RND,AP_SAT>",False,True,500.0,0.0,-12.0,0.5011877417564392,0.36792707443237305,0.6396021842956543,0.0,1.3621917963027954,1.3621917963027954,1.363487359952976,1.363487359952976,2.720514878398683,2.7205148783986823,2.720514878398683,2.7205148783986823,1.7205148783986814,1.7205148783986812,2.7205148783986806,1.3634887083194285,1.0,0.0,0.0,1.0,1.0
0.01,1.189207115002721,gt-order-0,"ap_fixed<16,6,AP_RND,AP_SAT>",False,True,500.0,0.0550384521484375,-1.2593337882974454,1.0,1.0,0.6515886783599854,0.0,1.5389872789382935,1.5389872789382935,1.5304628124678654,1.5304628124678654,0.015304627782593559,0.015304627782593559,0.015304627782593559,0.015304627782593559,0.9989138890238176,0.9989138890238176,0.015304627782593543,0.015304627782593543,1.0,0.0,0.0,1.0,1.0
0.012469049049711741,1.189207115002721,gt-order-0,"ap_fixed<16,6,AP_RND,AP_SAT>",False,True,500.0,0.04833984375,-1.315694757697259,1.0,1.0,0.7644768357276917,0.0,1.533003330230713,1.533003330230713,1.5304628124678654,1.5304628124678654,0.01908341520724418,0.01908341520724418,0.01908341520724418,0.01908341520724418,0.9986457229137444,0.9986457229137444,0.01908341520724417,0.01908341520724417,1.0,0.0,0.0,1.0,1.0
0.015547718420411735,1.189207115002721,gt-order-0,"ap_fixed<16,6,AP_RND,AP_SAT>",False,True,500.0,0.0404510498046875,-1.3930702028798694,1.0,1.0,0.7903178334236145,0.0,1.5296194553375244,1.5296194553375244,1.5304628124678654,1.5304628124678654,0.023795205522852286,0.023795205522852286,0.023795205522852286,0.023795205522852286,0.9983113451521974,0.9983113451521974,0.023795205522852268,0.023795205522852268,1.0,0.0,0.0,1.0,1.0
0.019386526359522076,1.189207115002721,gt-order-0,"ap_fixed<16,6,AP_RND,AP_SAT>",False,True,500.0,0.0270233154296875,-1.5682613694175533,1.0,1.0,0.7593207359313965,0.0,1.5292866230010986,1.5292866230010986,1.5304628124678654,1.5304628124678654,0.029670357407741092,0.029670357407741092,0.029670357407741092,0.029670357407741092,0.9978944080636538,0.9978944080636538,0.029670357407741068,0.029670357407741068,1.0,0.0,0.0,1.0,1.0
0.024173154808041036,1.189207115002721,gt-order-0,"ap_fixed<16,6,AP_RND,AP_SAT>",False,True,500.0,0.018035888671875,-1.7438624540543832,1.0,1.0,0.7419595718383789,0.0,1.5249650478363037,1.5249650478363037,1.5304628124678654,1.5304628124678654,0.03699611544099722,0.03699611544099722,0.03699611544099722,0.03699611544099722,0.9973745269974948,0.9973745269974948,0.0369961154409972,0.0369961154409972,1.0,0.0,0.0,1.0,1.0
0.03014162529877389,1.189207115002721,gt-order-0,"ap_fixed<16,6,AP_RND,AP_SAT>",False,True,500.0,0.01007080078125,-1.9969359950387062,1.0,1.0,0.6812849640846252,0.0,1.5260303020477295,1.5260303020477295,1.5304628124678652,1.5304628124678652,0.04613063701676319,0.04613063701676319,0.04613063701676319,0.04613063701676319,0.9967262848914765,0.9967262848914765,0.04613063701676316,0.04613063701676316,1.0,0.0,0.0,1.0,1.0
0.037583740428844416,1.189207115002721,gt-order-0,"ap_fixed<16,6,AP_RND,AP_SAT>",False,True,500.0,0.005126953125,-2.290140653149147,1.0,1.0,0.42586591839790344,0.0,1.5242714881896973,1.5242714881896973,1.5304628124678656,1.5304628124678656,0.05752051992934613,0.05752051992934613,0.05752051992934613,0.05752051992934613,0.9959179884059608,0.9959179884059608,0.05752051992934605,0.05752051992934605,1.0,0.0,0.0,1.0,1.0
0.046863350287889544,1.189207115002721,gt-order-0,"ap_fixed<16,6,AP_RND,AP_SAT>",False,True,500.0,0.003204345703125,-2.4942606357542467,1.0,1.0,0.3824063539505005,0.0,1.5248464345932007,1.5248464345932007,1.5304628124678654,1.5304628124678654,0.0717226159995089,0.0717226159995089,0.0717226159995089,0.0717226159995089,0.9949101198941797,0.9949101198941797,0.07172261599950884,0.07172261599950884,1.0,0.0,0.0,1.0,1.0
0.05843414133735175,1.189207115002721,gt-order-0,"ap_fixed<16,6,AP_RND,AP_SAT>",False,True,500.0,0.00213623046875,-2.670351894742162,1.0,1.0,0.5482940077781677,0.0,1.5240099430084229,1.5240099430084229,1.5304628124678656,1.5304628124678656,0.0894312781523704,0.0894312781523704,0.0894312781523704,0.0894312781523704,0.9936534037811873,0.9936534037811873,0.08943127815237031,0.08943127815237031,1.0,0.0,0.0,1.0,1.0
0.07286181745132274,1.189207115002721,gt-order-0,"ap_fixed<16,6,AP_RND,AP_SAT>",False,True,500.0,0.00140380859375,-2.852692102968775,1.0,1.0,0.3816450238227844,0.0,1.5247114896774292,1.5247114896774292,1.5304628124678656,1.5304628124678656,0.11151230666176973,0.11151230666176973,0.11151230666176973,0.11151230666176973,0.9920863975285595,0.9920863975285595,0.11151230666176962,0.11151230666176962,1.0,0.0,0.0,1.0,1.0
0.09085175756516867,1.189207115002721,gt-order-0,"ap_fixed<16,6,AP_RND,AP_SAT>",False,True,500.0,0.000823974609375,-3.084086170273658,1.0,1.0,0.3895508348941803,0.0,1.5248302221298218,1.5248302221298218,1.5304628124678654,1.5304628124678654,0.13904523086813766,0.13904523086813766,0.13904523086813766,0.13904523086813766,0.9901324910623758,0.9901324910623758,0.1390452308681376,0.1390452308681376,1.0,0.0,0.0,1.0,1.0
0.11328350213326084,1.189207115002721,gt-order-0,"ap_fixed<16,6,AP_RND,AP_SAT>",False,True,500.0,0.0005035400390625,-3.297965989883329,1.0,1.0,0.3963949978351593,0.0,1.524699330329895,1.524699330329895,1.5304628124678654,1.5304628124678654,0.1733761841315089,0.1733761841315089,0.1733761841315089,0.1733761841315089,0.9876961544397646,0.9876961544397646,0.1733761841315087,0.1733761841315087,1.0,0.0,0.0,1.0,1.0
0.1412537544622754,1.189207115002721,gt-order-0,"ap_fixed<16,6,AP_RND,AP_SAT>",False,True,500.0,0.000335693359375,-3.474057248507769,1.0,1.0,0.37416577339172363,0.0,1.5246652364730835,1.5246652364730835,1.5304628124678654,1.5304628124678654,0.21618361837847266,0.21618361837847266,0.21618361837847266,0.21618361837847266,0.9846582743385098,0.9846582743385098,0.21618361837847247,0.21618361837847247,1.0,0.0,0.0,1.0,1.0
0.17612999928460507,1.189207115002721,gt-order-0,"ap_fixed<16,6,AP_RND,AP_SAT>",False,True,500.0,0.0002288818359375,-3.6403886696705565,1.0,1.0,0.40383216738700867,0.0,1.524643898010254,1.524643898010254,1.5304628124678652,1.5304628124678652,0.2695604102266419,0.2695604102266419,0.2695604102266419,0.2695604102266419,0.9808703272990098,0.9808703272990098,0.2695604102266417,0.2695604102266417,1.0,0.0,0.0,1.0,1.0
0.21961736002054355,1.189207115002721,gt-order-0,"ap_fixed<16,6,AP_RND,AP_SAT>",False,True,500.0,0.0001220703125,-3.913389940074015,1.0,1.0,0.4276029169559479,0.0,1.524674415588379,1.524674415588379,1.5304628124678654,1.5304628124678654,0.3361162128453909,0.3361162128453909,0.3361162128453909,0.3361162128453909,0.9761471162036641,0.9761471162036641,0.3361162128453907,0.3361162128453907,1.0,0.0,0.0,1.0,1.0
0.27384196342643613,1.189207115002721,gt-order-0,"ap_fixed<16,6,AP_RND,AP_SAT>",False,True,500.0,7.62939453125e-05,-4.117509920595296,1.0,1.0,0.40549907088279724,0.0,1.52445387840271,1.52445387840271,1.5304628124678654,1.5304628124678654,0.4191049624739879,0.4191049624739879,0.4191049624739879,0.4191049624739879,0.970257721626305,0.970257721626305,0.4191049624739875,0.4191049624739875,1.0,0.0,0.0,1.0,1.0
0.34145488738336005,1.189207115002721,gt-order-0,"ap_fixed<16,6,AP_RND,AP_SAT>",False,True,500.0,4.57763671875e-05,-4.339358666416729,1.0,1.0,0.42966896295547485,0.0,1.524497389793396,1.524497389793396,1.5304628124678654,1.5304628124678654,0.5225840164082761,0.5225840164082761,0.5225840164082761,0.5225840164082761,0.9629142084171259,0.9629142084171259,0.5225840164082759,0.5225840164082759,1.0,0.0,0.0,1.0,1.0
0.42576177390469155,1.189207115002721,gt-order-0,"ap_fixed<16,6,AP_RND,AP_SAT>",False,True,500.0,3.0517578125e-05,-4.515449920728757,1.0,1.0,0.4975185990333557,0.0,1.5245417356491089,1.5245417356491089,1.5304628124678654,1.5304628124678654,0.6516125395507081,0.6516125395507081,0.6516125395507081,0.6516125395507081,0.9537575469669833,0.9537575469669833,0.6516125395507076,0.6516125395507076,1.0,0.0,0.0,1.0,1.0
0.5308844442309882,1.189207115002721,gt-order-0,"ap_fixed<16,6,AP_RND,AP_SAT>",False,True,500.0,1.52587890625e-05,-4.816479902161777,1.0,1.0,0.44172611832618713,0.0,1.524398922920227,1.524398922920227,1.5304628124678654,1.5304628124678654,0.8124989003518058,0.8124989003518058,0.8124989003518058,0.8124989003518058,0.9423400564623846,0.9423400564623846,0.8124989003518053,0.8124989003518053,1.0,0.0,0.0,1.0,1.0
0.6619624174845152,1.189207115002721,gt-order-0,"ap_fixed<16,6,AP_RND,AP_SAT>",False,True,500.0,1.52587890625e-05,-4.816479902161777,1.0,0.9909446239471436,0.4574957489967346,0.0,1.5244643688201904,1.5244643688201904,1.5304628124678654,1.5304628124678654,1.0131088210646804,1.0131088210646804,1.0131088210646804,1.0131088210646804,0.9281035366389342,0.9287545861515384,1.0131088210646793,1.0131088210646793,1.0,0.0,0.0,1.0,1.0
0.8254041852680182,1.189207115002721,gt-order-0,"ap_fixed<16,6,AP_RND,AP_SAT>",False,True,500.0,1.52587890625e-05,-4.816479902161777,1.0,0.7946987748146057,0.5883484482765198,0.0,1.5245119333267212,1.5245119333267212,1.5304628124678656,1.5304628124678656,1.2632503831177953,1.2632503831177953,1.2632503831177953,1.2632503831177953,0.9103519454205974,0.928756800861235,1.2632503831177944,1.2632503831177944,1.0,0.0,0.0,1.0,1.0
1.0292005271944276,1.189207115002721,gt-order-0,"ap_fixed<16,6,AP_RND,AP_SAT>",False,True,500.0,0.0,-12.0,0.9716289639472961,0.6373181343078613,0.6255432367324829,0.0,1.5245572328567505,1.5245572328567505,1.5304628124678654,1.5304628124678654,1.575153174306162,1.5751531743061618,1.575153174306162,1.5751531743061618,0.8882173956736881,0.9287589191626806,1.5751531743061609,1.5304644468093898,1.0,0.0,0.0,1.0,1.0
1.2833151855576512,1.189207115002721,gt-order-0,"ap_fixed<16,6,AP_RND,AP_SAT>",False,True,500.0,0.0,-12.0,0.7792326211929321,0.5107246041297913,0.6708203554153442,0.0,1.5257376432418823,1.5257376432418823,1.5304628124678654,1.5304628124678654,1.9640661623165385,1.9640661623165383,1.9640661623165385,1.9640661623165383,0.9640661623165375,0.9640661623165374,1.9640661623165374,1.5304644238582583,1.0,0.0,0.0,1.0,1.0
1.600171999495828,1.189207115002721,gt-order-0,"ap_fixed<16,6,AP_RND,AP_SAT>",False,True,500.0,0.0,-12.0,0.6249334812164307,0.4088002145290375,0.6255432367324829,0.0,1.5286998748779297,1.5286998748779297,1.5304628124678652,1.5304628124678652,2.4490038051275786,2.449003805127578,2.4490038051275786,2.449003805127578,1.4490038051275775,1.449003805127577,2.449003805127577,1.5304644734506618,1.0,0.0,0.0,1.0,1.0
1.9952623149688795,1.189207115002721,gt-order-0,"ap_fixed<16,6,AP_RND,AP_SAT>",False,True,500.0,0.0,-12.0,0.5011877417564392,0.32760655879974365,0.6882472038269043,0.0,1.5298449993133545,1.5298449993133545,1.5304628124678654,1.5304628124678654,3.0536746980172347,3.0536746980172342,3.0536746980172347,3.0536746980172342,2.0536746980172342,2.0536746980172325,3.053674698017233,1.5304643259580333,1.0,0.0,0.0,1.0,1.0
0.01,1.2599210498948732,gt-order-0,"ap_fixed<16,6,AP_RND,AP_SAT>",False,True,500.0,0.0523834228515625,-1.2808061271896583,1.0,1.0,0.6812990307807922,0.0,1.721704125404358,1.721704125404358,1.7178864276879033,1.7178864276879033,0.017178863892901495,0.017178863892901495,0.017178863892901495,0.017178863892901495,0.9987808816462169,0.9987808816462169,0.01717886389290148,0.01717886389290148,1.0,0.0,0.0,1.0,1.0
0.012469049049711741,1.2599210498948732,gt-order-0,"ap_fixed<16,6,AP_RND,AP_SAT>",False,True,500.0,0.0453338623046875,-1.3435772788104552,1.0,1.0,0.8204841017723083,0.0,1.7196356058120728,1.7196356058120728,1.7178864276879033,1.7178864276879033,0.02142040937642583,0.02142040937642583,0.02142040937642583,0.02142040937642583,0.9984798753643341,0.9984798753643341,0.02142040937642582,0.02142040937642582,1.0,0.0,0.0,1.0,1.0
0.015547718420411735,1.2599210498948732,gt-order-0,"ap_fixed<16,6,AP_RND,AP_SAT>",False,True,500.0,0.03399658203125,-1.468564744109233,1.0,1.0,0.8027419447898865,0.0,1.7224111557006836,1.7224111557006836,1.7178864276879033,1.7178864276879033,0.02670921519866101,0.02670921519866101,0.02670921519866101,0.02670921519866101,0.9981045490163475,0.9981045490163475,0.026709215198660995,0.026709215198660995,1.0,0.0,0.0,1.0,1.0
0.019386526359522076,1.2599210498948732,gt-order-0,"ap_fixed<16,6,AP_RND,AP_SAT>",False,True,500.0,0.02252197265625,-1.6473935731173932,1.0,1.0,0.7636858820915222,0.0,1.7165405750274658,1.7165405750274658,1.7178864276879033,1.7178864276879033,0.03330385023417736,0.03330385023417736,0.03330385023417736,0.03330385023417736,0.9976365529568627,0.9976365529568627,0.03330385023417735,0.03330385023417735,1.0,0.0,0.0,1.0,1.0
0.024173154808041036,1.2599210498948732,gt-order-0,"ap_fixed<16,6,AP_RND,AP_SAT>",False,True,500.0,0.0139923095703125,-1.85411059492264,1.0,1.0,0.7104957699775696,0.0,1.7176741361618042,1.7176741361618042,1.7178864276879033,1.7178864276879033,0.04152673562239752,0.04152673562239752,0.04152673562239752,0.04152673562239752,0.997053006189141,0.997053006189141,0.04152673562239749,0.04152673562239749,1.0,0.0,0.0,1.0,1.0
0.03014162529877389,1.2599210498948732,gt-order-0,"ap_fixed<16,6,AP_RND,AP_SAT>",False,True,500.0,0.0074615478515625,-2.1271710714418743,1.0,1.0,0.6374533176422119,0.0,1.7140522003173828,1.7140522003173828,1.7178864276879033,1.7178864276879033,0.05177988944658439,0.05177988944658439,0.05177988944658439,0.05177988944658439,0.9963253790253681,0.9963253790253681,0.05177988944658439,0.05177988944658439,1.0,0.0,0.0,1.0,1.0
0.037583740428844416,1.2599210498948732,gt-order-0,"ap_fixed<16,6,AP_RND,AP_SAT>",False,True,500.0,0.00421142578125,-2.3755708484553586,1.0,1.0,0.3942069709300995,0.0,1.714896321296692,1.714896321296692,1.7178864276879033,1.7178864276879033,0.06456460078297395,0.06456460078297395,0.06456460078297395,0.06456460078297395,0.9954180968945366,0.9954180968945366,0.06456460078297388,0.06456460078297388,1.0,0.0,0.0,1.0,1.0
0.046863350287889544,1.2599210498948732,gt-order-0,"ap_fixed<16,6,AP_RND,AP_SAT>",False,True,500.0,0.002838134765625,-2.5469669862527615,1.0,1.0,0.3924037516117096,0.0,1.7141860723495483,1.7141860723495483,1.7178864276879033,1.7178864276879033,0.08050591466848504,0.08050591466848504,0.08050591466848504,0.08050591466848504,0.9942868027378096,0.9942868027378096,0.08050591466848495,0.08050591466848495,1.0,0.0,0.0,1.0,1.0
0.05843414133735175,1.2599210498948732,gt-order-0,"ap_fixed<16,6,AP_RND,AP_SAT>",False,True,500.0,0.00189208984375,-2.7230582452319325,1.0,1.0,0.3769984841346741,0.0,1.7134308815002441,1.7134308815002441,1.7178864276879033,1.7178864276879033,0.10038321591166696,0.10038321591166696,0.10038321591166696,0.10038321591166696,0.9928761865922763,0.9928761865922763,0.10038321591166685,0.10038321591166685,1.0,0.0,0.0,1.0,1.0
0.07286181745132274,1.2599210498948732,gt-order-0,"ap_fixed<16,6,AP_RND,AP_SAT>",False,True,500.0,0.0011444091796875,-2.9414186668525066,1.0,1.0,0.3874342739582062,0.0,1.7127305269241333,1.7127305269241333,1.7178864276879036,1.7178864276879036,0.1251683324637774,0.1251683324637774,0.1251683324637774,0.1251683324637774,0.9911172815402476,0.9911172815402476,0.12516833246377732,0.12516833246377732,1.0,0.0,0.0,1.0,1.0
0.09085175756516867,1.2599210498948732,gt-order-0,"ap_fixed<16,6,AP_RND,AP_SAT>",False,True,500.0,0.000701904296875,-3.153722098323388,1.0,1.0,0.3747014105319977,0.0,1.7122116088867188,1.7122116088867188,1.7178864276879033,1.7178864276879033,0.15607299504255032,0.15607299504255032,0.15607299504255032,0.15607299504255032,0.9889240956810339,0.9889240956810339,0.1560729950425503,0.1560729950425503,1.0,0.0,0.0,1.0,1.0
0.11328350213326084,1.2599210498948732,gt-order-0,"ap_fixed<16,6,AP_RND,AP_SAT>",False,True,500.0,0.0004425048828125,-3.3540819317432975,1.0,1.0,0.3846783936023712,0.0,1.7115734815597534,1.7115734815597534,1.7178864276879038,1.7178864276879038,0.19460818726040868,0.19460818726040868,0.19460818726040868,0.19460818726040868,0.9861894002790421,0.9861894002790421,0.19460818726040857,0.19460818726040857,1.0,0.0,0.0,1.0,1.0
0.1412537544622754,1.2599210498948732,gt-order-0,"ap_fixed<16,6,AP_RND,AP_SAT>",False,True,500.0,0.0003204345703125,-3.49426063453445,1.0,1.0,0.4196022152900696,0.0,1.7118432521820068,1.7118432521820068,1.7178864276879038,1.7178864276879038,0.24265790770962437,0.24265790770962437,0.24265790770962437,0.24265790770962437,0.9827794951503327,0.9827794951503327,0.24265790770962423,0.24265790770962423,1.0,0.0,0.0,1.0,1.0
0.17612999928460507,1.2599210498948732,gt-order-0,"ap_fixed<16,6,AP_RND,AP_SAT>",False,True,500.0,0.0001983642578125,-3.7025365761274838,1.0,1.0,0.4040610194206238,0.0,1.7118010520935059,1.7118010520935059,1.7178864276879036,1.7178864276879036,0.30257133097120237,0.30257133097120237,0.30257133097120237,0.30257133097120237,0.9785276683478417,0.9785276683478417,0.3025713309712019,0.3025713309712019,1.0,0.0,0.0,1.0,1.0
0.21961736002054355,1.2599210498948732,gt-order-0,"ap_fixed<16,6,AP_RND,AP_SAT>",False,True,500.0,0.0001068115234375,-3.9713818865434534,1.0,1.0,0.6299408078193665,0.0,1.7119498252868652,1.7119498252868652,1.7178864276879033,1.7178864276879033,0.3772776936944224,0.3772776936944224,0.3772776936944224,0.3772776936944224,0.973226043135134,0.973226043135134,0.3772776936944222,0.3772776936944222,1.0,0.0,0.0,1.0,1.0
0.27384196342643613,1.2599210498948732,gt-order-0,"ap_fixed<16,6,AP_RND,AP_SAT>",False,True,500.0,6.103515625e-05,-4.214419932180256,1.0,1.0,0.44450047612190247,0.0,1.711469292640686,1.711469292640686,1.7178864276879033,1.7178864276879033,0.4704294158247173,0.4704294158247173,0.4704294158247173,0.4704294158247173,0.9666154212195308,0.9666154212195308,0.47042941582471687,0.47042941582471687,1.0,0.0,0.0,1.0,1.0
0.34145488738336005,1.2599210498948732,gt-order-0,"ap_fixed<16,6,AP_RND,AP_SAT>",False,True,500.0,4.57763671875e-05,-4.339358666416729,1.0,1.0,0.4656330645084381,0.0,1.711664080619812,1.711664080619812,1.7178864276879033,1.7178864276879033,0.5865807269546183,0.5865807269546183,0.5865807269546183,0.5865807269546183,0.9583726063222672,0.9583726063222672,0.586580726954618,0.586580726954618,1.0,0.0,0.0,1.0,1.0
0.42576177390469155,1.2599210498948732,gt-order-0,"ap_fixed<16,6,AP_RND,AP_SAT>",False,True,500.0,3.0517578125e-05,-4.515449920728757,1.0,1.0,0.5076730847358704,0.0,1.7114970684051514,1.7114970684051514,1.7178864276879036,1.7178864276879036,0.7314103476976264,0.7314103476976264,0.7314103476976264,0.7314103476976264,0.9480946013319457,0.9480946013319457,0.7314103476976259,0.7314103476976259,1.0,0.0,0.0,1.0,1.0
0.5308844442309882,1.2599210498948732,gt-order-0,"ap_fixed<16,6,AP_RND,AP_SAT>",False,True,500.0,1.52587890625e-05,-4.816479902161777,1.0,1.0,0.4649905562400818,0.0,1.7112704515457153,1.7112704515457153,1.7178864276879036,1.7178864276879036,0.9119991822441098,0.9119991822441098,0.9119991822441098,0.9119991822441098,0.9352789015245241,0.9352789015245241,0.9119991822441093,0.9119991822441093,1.0,0.0,0.0,1.0,1.0
0.6619624174845152,1.2599210498948732,gt-order-0,"ap_fixed<16,6,AP_RND,AP_SAT>",False,True,500.0,1.52587890625e-05,-4.816479902161777,1.0,0.8827284574508667,0.4629100561141968,0.0,1.7113529443740845,1.7113529443740845,1.7178864276879033,1.7178864276879033,1.1371762053280532,1.1371762053280532,1.1371762053280532,1.1371762053280532,0.9192989482864415,0.9287628851062272,1.1371762053280519,1.1371762053280519,1.0,0.0,0.0,1.0,1.0
0.8254041852680182,1.2599210498948732,gt-order-0,"ap_fixed<16,6,AP_RND,AP_SAT>",False,True,500.0,1.52587890625e-05,-4.816479902161777,1.0,0.7079734802246094,0.5773503184318542,0.0,1.7112613916397095,1.7112613916397095,1.7178864276879033,1.7178864276879033,1.417950616147473,1.417950616147473,1.417950616147473,1.417950616147473,0.8993734608015487,0.928759078840714,1.417950616147472,1.417950616147472,1.0,0.0,0.0,1.0,1.0
1.0292005271944276,1.2599210498948732,gt-order-0,"ap_fixed<16,6,AP_RND,AP_SAT>",False,True,500.0,0.0,-12.0,0.9716289639472961,0.5677889585494995,0.5773502588272095,0.0,1.7112482786178589,1.7112482786178589,1.7178864276879033,1.7178864276879033,1.768049662903449,1.768049662903449,1.768049662903449,1.768049662903449,0.8745282686978578,0.9287585363565537,1.7680496629034486,1.7178882621742437,1.0,0.0,0.0,1.0,1.0
1.2833151855576512,1.2599210498948732,gt-order-0,"ap_fixed<16,6,AP_RND,AP_SAT>",False,True,500.0,0.0,-12.0,0.7792326211929321,0.4544772207736969,0.6324555277824402,0.0,1.7145673036575317,1.7145673036575317,1.7178864276879033,1.7178864276879033,2.204589733143543,2.2045897331435427,2.204589733143543,2.2045897331435427,1.2045897331435422,1.204589733143542,2.204589733143542,1.7178882364124686,1.0,0.0,0.0,1.0,1.0
1.600171999495828,1.2599210498948732,gt-order-0,"ap_fixed<16,6,AP_RND,AP_SAT>",False,True,500.0,0.0,-12.0,0.6249334812164307,0.3641231060028076,0.6546536684036255,0.0,1.7162678241729736,1.7162678241729736,1.7178864276879033,1.7178864276879033,2.7489138343719373,2.748913834371937,2.7489138343719373,2.748913834371937,1.7489138343719375,1.7489138343719357,2.748913834371934,1.7178882920780596,1.0,0.0,0.0,1.0,1.0
1.9952623149688795,1.2599210498948732,gt-order-0,"ap_fixed<16,6,AP_RND,AP_SAT>",False,True,500.0,0.0,-12.0,0.5011877417564392,0.29186585545539856,0.6546536684036255,0.0,1.7171835899353027,1.7171835899353027,1.7178864276879038,1.7178864276879038,3.427633965074151,3.427633965074149,3.427633965074151,3.427633965074149,2.4276339650741505,2.4276339650741483,3.4276339650741483,1.717888126523182,1.0,0.0,0.0,1.0,1.0
0.01,1.3348398541700344,gt-order-0,"ap_fixed<16,6,AP_RND,AP_SAT>",False,True,500.0,0.0478515625,-1.3201038766022224,1.0,1.0,0.7101588249206543,0.0,1.9307599067687988,1.9307599067687988,1.9282623165016353,1.9282623165016353,0.01928262273401614,0.01928262273401614,0.01928262273401614,0.01928262273401614,0.9986315859179283,0.9986315859179283,0.019282622734016125,0.019282622734016125,1.0,0.0,0.0,1.0,1.0
0.012469049049711741,1.3348398541700344,gt-order-0,"ap_fixed<16,6,AP_RND,AP_SAT>",False,True,500.0,0.0412445068359375,-1.384633884914444,1.0,1.0,0.8579045534133911,0.0,1.9253724813461304,1.9253724813461304,1.9282623165016357,1.9282623165016357,0.024043596560799047,0.024043596560799047,0.024043596560799047,0.024043596560799047,0.9982937177908165,0.9982937177908165,0.02404359656079903,0.02404359656079903,1.0,0.0,0.0,1.0,1.0
0.015547718420411735,1.3348398541700344,gt-order-0,"ap_fixed<16,6,AP_RND,AP_SAT>",False,True,500.0,0.0287017822265625,-1.542091135058189,1.0,1.0,0.8066978454589844,0.0,1.9262783527374268,1.9262783527374268,1.9282623165016355,1.9282623165016355,0.02998008037133608,0.02998008037133608,0.02998008037133608,0.02998008037133608,0.9978724282102245,0.9978724282102245,0.029980080371336062,0.029980080371336062,1.0,0.0,0.0,1.0,1.0
0.019386526359522076,1.3348398541700344,gt-order-0,"ap_fixed<16,6,AP_RND,AP_SAT>",False,True,500.0,0.018646240234375,-1.7294087246938725,1.0,1.0,0.7641951441764832,0.0,1.924058198928833,1.924058198928833,1.9282623165016353,1.9282623165016353,0.03738230791392297,0.03738230791392297,0.03738230791392297,0.03738230791392297,0.9973471203956339,0.9973471203956339,0.03738230791392296,0.03738230791392296,1.0,0.0,0.0,1.0,1.0
0.024173154808041036,1.3348398541700344,gt-order-0,"ap_fixed<16,6,AP_RND,AP_SAT>",False,True,500.0,0.0105438232421875,-1.9770018832083112,1.0,1.0,0.6831618547439575,0.0,1.9234166145324707,1.9234166145324707,1.9282623165016355,1.9282623165016355,0.04661218468078073,0.04661218468078073,0.04661218468078073,0.04661218468078073,0.996692111296624,0.996692111296624,0.0466121846807807,0.0466121846807807,1.0,0.0,0.0,1.0,1.0
0.03014162529877389,1.3348398541700344,gt-order-0,"ap_fixed<16,6,AP_RND,AP_SAT>",False,True,500.0,0.00543212890625,-2.2650299325708745,1.0,1.0,0.4138174057006836,0.0,1.9220623970031738,1.9220623970031738,1.9282623165016357,1.9282623165016357,0.05812096071266521,0.05812096071266521,0.05812096071266521,0.05812096071266521,0.9958753774214307,0.9958753774214307,0.05812096071266517,0.05812096071266517,1.0,0.0,0.0,1.0,1.0
0.037583740428844416,1.3348398541700344,gt-order-0,"ap_fixed<16,6,AP_RND,AP_SAT>",False,True,500.0,0.0035552978515625,-2.449124009475526,1.0,1.0,0.5863633751869202,0.0,1.9230140447616577,1.9230140447616577,1.9282623165016357,1.9282623165016357,0.07247131397233364,0.07247131397233364,0.07247131397233364,0.07247131397233364,0.9948569876642845,0.9948569876642845,0.07247131397233357,0.07247131397233357,1.0,0.0,0.0,1.0,1.0
0.046863350287889544,1.3348398541700344,gt-order-0,"ap_fixed<16,6,AP_RND,AP_SAT>",False,True,500.0,0.0023956298828125,-2.620580278033179,1.0,1.0,0.5850741267204285,0.0,1.9231830835342407,1.9231830835342407,1.9282623165016357,1.9282623165016357,0.09036483379152614,0.09036483379152614,0.09036483379152614,0.09036483379152614,0.9935871529101553,0.9935871529101553,0.09036483379152609,0.09036483379152609,1.0,0.0,0.0,1.0,1.0
0.05843414133735175,1.3348398541700344,gt-order-0,"ap_fixed<16,6,AP_RND,AP_SAT>",False,True,500.0,0.001556396484375,-2.807879758582743,1.0,1.0,0.4162561595439911,0.0,1.9216737747192383,1.9216737747192383,1.9282623165016353,1.9282623165016353,0.11267635003801349,0.11267635003801349,0.11267635003801349,0.11267635003801349,0.9920037898248935,0.9920037898248935,0.11267635003801343,0.11267635003801343,1.0,0.0,0.0,1.0,1.0
0.07286181745132274,1.3348398541700344,gt-order-0,"ap_fixed<16,6,AP_RND,AP_SAT>",False,True,500.0,0.00103759765625,-2.983971017498905,1.0,1.0,0.41522741317749023,0.0,1.9225465059280396,1.9225465059280396,1.9282623165016353,1.9282623165016353,0.14049670270350303,0.14049670270350303,0.14049670270350303,0.14049670270350303,0.9900294856609425,0.9900294856609425,0.14049670270350292,0.14049670270350292,1.0,0.0,0.0,1.0,1.0
0.09085175756516867,1.3348398541700344,gt-order-0,"ap_fixed<16,6,AP_RND,AP_SAT>",False,True,500.0,0.0006256103515625,-3.2036960732097706,1.0,1.0,0.3978358805179596,0.0,1.9209542274475098,1.9209542274475098,1.9282623165016353,1.9282623165016353,0.17518601353009308,0.17518601353009308,0.17518601353009308,0.17518601353009308,0.9875677177734892,0.9875677177734892,0.17518601353009303,0.17518601353009303,1.0,0.0,0.0,1.0,1.0
0.11328350213326084,1.3348398541700344,gt-order-0,"ap_fixed<16,6,AP_RND,AP_SAT>",False,True,500.0,0.0004119873046875,-3.3851161654105666,1.0,1.0,0.5931710004806519,0.0,1.9208134412765503,1.9208134412765503,1.9282623165016355,1.9282623165016355,0.21844030427668884,0.21844030427668884,0.21844030427668884,0.21844030427668884,0.9844981259765568,0.9844981259765568,0.21844030427668878,0.21844030427668878,1.0,0.0,0.0,1.0,1.0
0.1412537544622754,1.3348398541700344,gt-order-0,"ap_fixed<16,6,AP_RND,AP_SAT>",False,True,500.0,0.000274658203125,-3.561207423939175,1.0,1.0,0.428999125957489,0.0,1.9214050769805908,1.9214050769805908,1.9282623165016353,1.9282623165016353,0.27237429186011786,0.27237429186011786,0.27237429186011786,0.27237429186011786,0.9806706368880906,0.9806706368880906,0.27237429186011763,0.27237429186011763,1.0,0.0,0.0,1.0,1.0
0.17612999928460507,1.3348398541700344,gt-order-0,"ap_fixed<16,6,AP_RND,AP_SAT>",False,True,500.0,0.0001678466796875,-3.7750872428780267,1.0,1.0,0.3898846507072449,0.0,1.9216004610061646,1.9216004610061646,1.9282623165016357,1.9282623165016357,0.33962483558983536,0.33962483558983536,0.33962483558983536,0.33962483558983536,0.9758981226748452,0.9758981226748452,0.3396248355898352,0.3396248355898352,1.0,0.0,0.0,1.0,1.0
0.21961736002054355,1.3348398541700344,gt-order-0,"ap_fixed<16,6,AP_RND,AP_SAT>",False,True,500.0,0.0001068115234375,-3.9713818865434534,1.0,1.0,0.428352952003479,0.0,1.9210460186004639,1.9210460186004639,1.9282623165016357,1.9282623165016357,0.42347989243196243,0.42347989243196243,0.42347989243196243,0.42347989243196243,0.9699472495898636,0.9699472495898636,0.42347989243196194,0.42347989243196194,1.0,0.0,0.0,1.0,1.0
0.27384196342643613,1.3348398541700344,gt-order-0,"ap_fixed<16,6,AP_RND,AP_SAT>",False,True,500.0,6.103515625e-05,-4.214419932180256,1.0,1.0,0.4244373142719269,0.0,1.9210888147354126,1.9210888147354126,1.9282623165016355,1.9282623165016355,0.5280391651557305,0.5280391651557305,0.5280391651557305,0.5280391651557305,0.9625270773871476,0.9625270773871476,0.5280391651557304,0.5280391651557304,1.0,0.0,0.0,1.0,1.0
0.34145488738336005,1.3348398541700344,gt-order-0,"ap_fixed<16,6,AP_RND,AP_SAT>",False,True,500.0,4.57763671875e-05,-4.339358666416729,1.0,1.0,0.39911404252052307,0.0,1.9211163520812988,1.9211163520812988,1.9282623165016357,1.9282623165016357,0.6584146036330493,0.6584146036330493,0.6584146036330493,0.6584146036330493,0.9532748305102773,0.9532748305102773,0.6584146036330486,0.6584146036330486,1.0,0.0,0.0,1.0,1.0
0.42576177390469155,1.3348398541700344,gt-order-0,"ap_fixed<16,6,AP_RND,AP_SAT>",False,True,500.0,1.52587890625e-05,-4.816479902161777,1.0,1.0,0.5299988985061646,0.0,1.9211286306381226,1.9211286306381226,1.9282623165016353,1.9282623165016353,0.8209803562292982,0.8209803562292982,0.8209803562292982,0.8209803562292982,0.9417381599969398,0.9417381599969398,0.8209803562292978,0.8209803562292978,1.0,0.0,0.0,1.0,1.0
0.5308844442309882,1.3348398541700344,gt-order-0,"ap_fixed<16,6,AP_RND,AP_SAT>",False,True,500.0,1.52587890625e-05,-4.816479902161777,1.0,0.9805718660354614,0.45291081070899963,0.0,1.920969843864441,1.920969843864441,1.9282623165016357,1.9282623165016357,1.0236844691581164,1.0236844691581164,1.0236844691581164,1.0236844691581164,0.9273530233663105,0.9287644185604684,1.0236844691581157,1.0236844691581157,1.0,0.0,0.0,1.0,1.0
0.6619624174845152,1.3348398541700344,gt-order-0,"ap_fixed<16,6,AP_RND,AP_SAT>",False,True,500.0,1.52587890625e-05,-4.816479902161777,1.0,0.7863572239875793,0.5144957900047302,0.0,1.9210859537124634,1.9210859537124634,1.9282623165016357,1.9282623165016357,1.276437131474202,1.276437131474202,1.276437131474202,1.276437131474202,0.9094161323548836,0.9287687213005277,1.2764371314742013,1.2764371314742013,1.0,0.0,0.0,1.0,1.0
0.8254041852680182,1.3348398541700344,gt-order-0,"ap_fixed<16,6,AP_RND,AP_SAT>",False,True,500.0,0.0,-12.0,1.0,0.6306768655776978,0.75,0.0,1.920995831489563,1.920995831489563,1.9282623165016357,1.9282623165016357,1.5915957514475338,1.5915957514475338,1.5915957514475338,1.5915957514475338,0.887050528899028,0.9287653815973796,1.5915957514475332,1.5915957514475332,1.0,0.0,0.0,1.0,1.0
1.0292005271944276,1.3348398541700344,gt-order-0,"ap_fixed<16,6,AP_RND,AP_SAT>",False,True,500.0,0.0,-12.0,0.9716289639472961,0.5053445100784302,0.6030226945877075,0.0,1.9227039813995361,1.9227039813995361,1.9282623165016355,1.9282623165016355,1.9845686441964936,1.9845686441964934,1.9845686441964936,1.9845686441964934,0.9845686441964927,0.9845686441964927,1.9845686441964925,1.9282643756429283,1.0,0.0,0.0,1.0,1.0
1.2833151855576512,1.3348398541700344,gt-order-0,"ap_fixed<16,6,AP_RND,AP_SAT>",False,True,500.0,0.0,-12.0,0.7792326211929321,0.4046034514904022,0.6666666865348816,0.0,1.9259147644042969,1.9259147644042969,1.9282623165016353,1.9282623165016353,2.474568305128606,2.4745683051286056,2.474568305128606,2.4745683051286056,1.4745683051286043,1.4745683051286043,2.474568305128605,1.9282643467263143,1.0,0.0,0.0,1.0,1.0
1.600171999495828,1.3348398541700344,gt-order-0,"ap_fixed<16,6,AP_RND,AP_SAT>",False,True,500.0,0.0,-12.0,0.6249334812164307,0.32425740361213684,0.6666666865348816,0.0,1.9272737503051758,1.9272737503051758,1.9282623165016357,1.9282623165016357,3.0855514501406933,3.085551450140692,3.0855514501406933,3.085551450140692,2.085551450140692,2.085551450140692,3.085551450140691,1.928264409208828,1.0,0.0,0.0,1.0,1.0
1.9952623149688795,1.3348398541700344,gt-order-0,"ap_fixed<16,6,AP_RND,AP_SAT>",False,True,500.0,0.0,-12.0,0.5011877417564392,0.2599695026874542,0.6761234402656555,0.0,1.9278693199157715,1.9278693199157715,1.9282623165016357,1.9282623165016357,3.8473890375332336,3.8473890375332314,3.8473890375332336,3.8473890375332314,2.8473890375332314,2.84738903753323,3.8473890375332305,1.9282642233797598,1.0,0.0,0.0,1.0,1.0
0.01,1.4142135623730951,gt-order-0,"ap_fixed<16,6,AP_RND,AP_SAT>",False,True,500.0,0.0446929931640625,-1.3497605589323831,1.0,1.0,0.8438906073570251,0.0,2.1660220623016357,2.1660220623016357,2.1644012701965605,2.1644012701965605,0.02164401221818422,0.02164401221818422,0.02164401221818422,0.02164401221818422,0.9984640071308356,0.9984640071308356,0.02164401221818422,0.02164401221818422,1.0,0.0,0.0,1.0,1.0
0.012469049049711741,1.4142135623730951,gt-order-0,"ap_fixed<16,6,AP_RND,AP_SAT>",False,True,500.0,0.0349273681640625,-1.456834137936722,1.0,1.0,0.866420328617096,0.0,2.1615002155303955,2.1615002155303955,2.1644012701965605,2.1644012701965605,0.026988024653565312,0.026988024653565312,0.026988024653565312,0.026988024653565312,0.9980847629818891,0.9980847629818891,0.026988024653565295,0.026988024653565295,1.0,0.0,0.0,1.0,1.0
0.015547718420411735,1.4142135623730951,gt-order-0,"ap_fixed<16,6,AP_RND,AP_SAT>",False,True,500.0,0.023590087890625,-1.627270441022983,1.0,1.0,0.8148732781410217,0.0,2.162363052368164,2.162363052368164,2.1644012701965605,2.1644012701965605,0.033651502433569305,0.033651502433569305,0.033651502433569305,0.033651502433569305,0.9976118814176601,0.9976118814176601,0.033651502433569284,0.033651502433569284,1.0,0.0,0.0,1.0,1.0
0.019386526359522076,1.4142135623730951,gt-order-0,"ap_fixed<16,6,AP_RND,AP_SAT>",False,True,500.0,0.014495849609375,-1.8387563253048915,1.0,1.0,0.7585046887397766,0.0,2.1617486476898193,2.1617486476898193,2.1644012701965605,2.1644012701965605,0.04196022192590787,0.04196022192590787,0.04196022192590787,0.04196022192590787,0.9970222433337654,0.9970222433337654,0.04196022192590785,0.04196022192590785,1.0,0.0,0.0,1.0,1.0
0.024173154808041036,1.4142135623730951,gt-order-0,"ap_fixed<16,6,AP_RND,AP_SAT>",False,True,500.0,0.007598876953125,-2.119250587806829,1.0,1.0,0.6525857448577881,0.0,2.159639596939087,2.159639596939087,2.1644012701965605,2.1644012701965605,0.05232040831081237,0.05232040831081237,0.05232040831081237,0.05232040831081237,0.9962870204809035,0.9962870204809035,0.052320408310812305,0.052320408310812305,1.0,0.0,0.0,1.0,1.0
0.03014162529877389,1.4142135623730951,gt-order-0,"ap_fixed<16,6,AP_RND,AP_SAT>",False,True,500.0,0.0044708251953125,-2.34961231017245,1.0,1.0,0.431427001953125,0.0,2.1592583656311035,2.1592583656311035,2.1644012701965605,2.1644012701965605,0.06523857263350209,0.06523857263350209,0.06523857263350209,0.06523857263350209,0.9953702677050166,0.9953702677050166,0.06523857263350204,0.06523857263350204,1.0,0.0,0.0,1.0,1.0
0.037583740428844416,1.4142135623730951,gt-order-0,"ap_fixed<16,6,AP_RND,AP_SAT>",False,True,500.0,0.002899169921875,-2.5377263295210706,1.0,1.0,0.45949026942253113,0.0,2.158276319503784,2.158276319503784,2.1644012701965605,2.1644012701965605,0.08134629955280755,0.08134629955280755,0.08134629955280755,0.08134629955280755,0.9942271638554578,0.9942271638554578,0.08134629955280753,0.08134629955280753,1.0,0.0,0.0,1.0,1.0
0.046863350287889544,1.4142135623730951,gt-order-0,"ap_fixed<16,6,AP_RND,AP_SAT>",False,True,500.0,0.0019989013671875,-2.699208634750668,1.0,1.0,0.4328464865684509,0.0,2.1575510501861572,2.1575510501861572,2.164401270196561,2.164401270196561,0.10143109646737443,0.10143109646737443,0.10143109646737443,0.10143109646737443,0.9928018225403441,0.9928018225403441,0.10143109646737435,0.10143109646737435,1.0,0.0,0.0,1.0,1.0
0.05843414133735175,1.4142135623730951,gt-order-0,"ap_fixed<16,6,AP_RND,AP_SAT>",False,True,500.0,0.0012969970703125,-2.8870610045745604,1.0,1.0,0.4295072555541992,0.0,2.1580023765563965,2.1580023765563965,2.1644012701965605,2.1644012701965605,0.12647492670283786,0.12647492670283786,0.12647492670283786,0.12647492670283786,0.9910245575734574,0.9910245575734574,0.12647492670283778,0.12647492670283778,1.0,0.0,0.0,1.0,1.0
0.07286181745132274,1.4142135623730951,gt-order-0,"ap_fixed<16,6,AP_RND,AP_SAT>",False,True,500.0,0.000823974609375,-3.084086170273658,1.0,1.0,0.4090316593647003,0.0,2.156735897064209,2.156735897064209,2.1644012701965605,2.1644012701965605,0.15770221675108517,0.15770221675108517,0.15770221675108517,0.15770221675108517,0.988808476083855,0.988808476083855,0.15770221675108512,0.15770221675108512,1.0,0.0,0.0,1.0,1.0
0.09085175756516867,1.4142135623730951,gt-order-0,"ap_fixed<16,6,AP_RND,AP_SAT>",False,True,500.0,0.00054931640625,-3.260177429065803,1.0,1.0,0.3951953947544098,0.0,2.157207727432251,2.157207727432251,2.164401270196561,2.164401270196561,0.19663965164922304,0.19663965164922304,0.19663965164922304,0.19663965164922304,0.986045235066237,0.986045235066237,0.19663965164922287,0.19663965164922287,1.0,0.0,0.0,1.0,1.0
0.11328350213326084,1.4142135623730951,gt-order-0,"ap_fixed<16,6,AP_RND,AP_SAT>",False,True,500.0,0.000335693359375,-3.474057248507769,1.0,1.0,0.4298246204853058,0.0,2.1567435264587402,2.1567435264587402,2.1644012701965605,2.1644012701965605,0.24519095145537864,0.24519095145537864,0.24519095145537864,0.24519095145537864,0.9825997347800985,0.9825997347800985,0.24519095145537848,0.24519095145537848,1.0,0.0,0.0,1.0,1.0
0.1412537544622754,1.4142135623730951,gt-order-0,"ap_fixed<16,6,AP_RND,AP_SAT>",False,True,500.0,0.0002288818359375,-3.6403886696705565,1.0,1.0,0.44427308440208435,0.0,2.156465530395508,2.156465530395508,2.164401270196561,2.164401270196561,0.3057298056524188,0.3057298056524188,0.3057298056524188,0.3057298056524188,0.9783035235500966,0.9783035235500966,0.3057298056524184,0.3057298056524184,1.0,0.0,0.0,1.0,1.0
0.17612999928460507,1.4142135623730951,gt-order-0,"ap_fixed<16,6,AP_RND,AP_SAT>",False,True,500.0,0.0001678466796875,-3.7750872428780267,1.0,1.0,0.3932841420173645,0.0,2.156325578689575,2.156325578689575,2.1644012701965605,2.1644012701965605,0.3812159887429476,0.3812159887429476,0.3812159887429476,0.3812159887429476,0.9729465574858236,0.9729465574858236,0.3812159887429474,0.3812159887429474,1.0,0.0,0.0,1.0,1.0
0.21961736002054355,1.4142135623730951,gt-order-0,"ap_fixed<16,6,AP_RND,AP_SAT>",False,True,500.0,9.1552734375e-05,-4.038328675496402,1.0,1.0,0.4178145229816437,0.0,2.156663179397583,2.156663179397583,2.164401270196561,2.164401270196561,0.47534010763916984,0.47534010763916984,0.47534010763916984,0.47534010763916984,0.9662669283124695,0.9662669283124695,0.47534010763916923,0.47534010763916923,1.0,0.0,0.0,1.0,1.0
0.27384196342643613,1.4142135623730951,gt-order-0,"ap_fixed<16,6,AP_RND,AP_SAT>",False,True,500.0,6.103515625e-05,-4.214419932180256,1.0,1.0,0.4714045226573944,0.0,2.1562533378601074,2.1562533378601074,2.164401270196561,2.164401270196561,0.592703923110466,0.592703923110466,0.592703923110466,0.592703923110466,0.9579380666464963,0.9579380666464963,0.5927039231104656,0.5927039231104656,1.0,0.0,0.0,1.0,1.0
0.34145488738336005,1.4142135623730951,gt-order-0,"ap_fixed<16,6,AP_RND,AP_SAT>",False,True,500.0,4.57763671875e-05,-4.339358666416729,1.0,1.0,0.46460628509521484,0.0,2.156525135040283,2.156525135040283,2.164401270196561,2.164401270196561,0.7390454048828725,0.7390454048828725,0.7390454048828725,0.7390454048828725,0.9475527706949176,0.9475527706949176,0.7390454048828722,0.7390454048828722,1.0,0.0,0.0,1.0,1.0
0.42576177390469155,1.4142135623730951,gt-order-0,"ap_fixed<16,6,AP_RND,AP_SAT>",False,True,500.0,1.52587890625e-05,-4.816479902161777,1.0,1.0,0.49507376551628113,0.0,2.1564106941223145,2.1564106941223145,2.1644012701965605,2.1644012701965605,0.9215192925892616,0.9215192925892616,0.9215192925892616,0.9215192925892616,0.9346032959163774,0.9346032959163774,0.9215192925892614,0.9215192925892614,1.0,0.0,0.0,1.0,1.0
0.5308844442309882,1.4142135623730951,gt-order-0,"ap_fixed<16,6,AP_RND,AP_SAT>",False,True,500.0,1.52587890625e-05,-4.816479902161777,1.0,0.8734919428825378,0.43905705213546753,0.0,2.1564583778381348,2.1564583778381348,2.164401270196561,2.164401270196561,1.1490469664656955,1.1490469664656955,1.1490469664656955,1.1490469664656955,0.9184565260343013,0.9287724324963096,1.1490469664656946,1.1490469664656946,1.0,0.0,0.0,1.0,1.0
0.6619624174845152,1.4142135623730951,gt-order-0,"ap_fixed<16,6,AP_RND,AP_SAT>",False,True,500.0,0.0,-12.0,1.0,0.700589120388031,0.5477225184440613,0.0,2.156270742416382,2.156270742416382,2.164401270196561,2.164401270196561,1.4327522376214388,1.4327522376214388,1.4327522376214388,1.4327522376214388,0.8983230466661098,0.9287662327000749,1.4327522376214374,1.4327522376214374,1.0,0.0,0.0,1.0,1.0
0.8254041852680182,1.4142135623730951,gt-order-0,"ap_fixed<16,6,AP_RND,AP_SAT>",False,True,500.0,0.0,-12.0,1.0,0.5618730187416077,0.6859943270683289,0.0,2.1562304496765137,2.1562304496765137,2.1644012701965605,2.1644012701965605,1.7865058278597383,1.7865058278597383,1.7865058278597383,1.7865058278597383,0.8732185056701952,0.9287648990603403,1.7865058278597368,1.7865058278597368,1.0,0.0,0.0,1.0,1.0
1.0292005271944276,1.4142135623730951,gt-order-0,"ap_fixed<16,6,AP_RND,AP_SAT>",False,True,500.0,0.0,-12.0,0.9716289639472961,0.44977298378944397,0.771516740322113,0.0,2.1602630615234375,2.1602630615234375,2.164401270196561,2.164401270196561,2.227602986135271,2.2276029861352695,2.227602986135271,2.2276029861352695,1.2276029861352695,1.2276029861352693,2.227602986135269,2.164403581504515,1.0,0.0,0.0,1.0,1.0
1.2833151855576512,1.4142135623730951,gt-order-0,"ap_fixed<16,6,AP_RND,AP_SAT>",False,True,500.0,0.0,-12.0,0.7792326211929321,0.36033499240875244,0.693375289440155,0.0,2.162520408630371,2.162520408630371,2.164401270196561,2.164401270196561,2.777609009403656,2.7776090094036543,2.777609009403656,2.7776090094036543,1.7776090094036554,1.7776090094036545,2.7776090094036525,2.1644035490467117,1.0,0.0,0.0,1.0,1.0
1.600171999495828,1.4142135623730951,gt-order-0,"ap_fixed<16,6,AP_RND,AP_SAT>",False,True,500.0,0.0,-12.0,0.6249334812164307,0.28886592388153076,0.8528028726577759,0.0,2.163400888442993,2.163400888442993,2.164401270196561,2.164401270196561,3.4634144020703794,3.463414402070377,3.4634144020703794,3.463414402070377,2.4634144020703777,2.463414402070376,3.4634144020703763,2.164403619180963,1.0,0.0,0.0,1.0,1.0
1.9952623149688795,1.4142135623730951,gt-order-0,"ap_fixed<16,6,AP_RND,AP_SAT>",False,True,500.0,0.0,-12.0,0.5011877417564392,0.2316148281097412,0.7071067690849304,0.0,2.1638824939727783,2.1638824939727783,2.164401270196561,2.164401270196561,4.318548181185799,4.318548181185795,4.318548181185799,4.318548181185795,3.318548181185796,3.318548181185795,4.318548181185795,2.1644034105948866,1.0,0.0,0.0,1.0,1.0
0.01,1.4983070768766815,gt-order-0,"ap_fixed<16,6,AP_RND,AP_SAT>",False,True,500.0,0.0425567626953125,-1.3710314163474442,1.0,1.0,0.8913199305534363,0.0,2.4288485050201416,2.4288485050201416,2.429458284496637,2.429458284496637,0.024294582301940124,0.024294582301940124,0.024294582301940124,0.024294582301940124,0.9982759062798022,0.9982759062798022,0.02429458230194011,0.02429458230194011,1.0,0.0,0.0,1.0,1.0
0.012469049049711741,1.4983070768766815,gt-order-0,"ap_fixed<16,6,AP_RND,AP_SAT>",False,True,500.0,0.0292816162109375,-1.533404955873396,1.0,1.0,0.8757174015045166,0.0,2.425595283508301,2.425595283508301,2.429458284496637,2.429458284496637,0.030293033449776765,0.030293033449776765,0.030293033449776765,0.030293033449776765,0.9978502191111007,0.9978502191111007,0.03029303344977675,0.03029303344977675,1.0,0.0,0.0,1.0,1.0
0.015547718420411735,1.4983070768766815,gt-order-0,"ap_fixed<16,6,AP_RND,AP_SAT>",False,True,500.0,0.018646240234375,-1.7294087246938725,1.0,1.0,0.8139589428901672,0.0,2.4265730381011963,2.4265730381011963,2.429458284496637,2.429458284496637,0.03777253437185846,0.03777253437185846,0.03777253437185846,0.03777253437185846,0.9973194274963405,0.9973194274963405,0.03777253437185842,0.03777253437185842,1.0,0.0,0.0,1.0,1.0
0.019386526359522076,1.4983070768766815,gt-order-0,"ap_fixed<16,6,AP_RND,AP_SAT>",False,True,500.0,0.0107879638671875,-1.9670605167865425,1.0,1.0,0.7340089082717896,0.0,2.423234224319458,2.423234224319458,2.4294582844966364,2.4294582844966364,0.04709875667738659,0.04709875667738659,0.04709875667738659,0.04709875667738659,0.9966575811179879,0.9966575811179879,0.04709875667738657,0.04709875667738657,1.0,0.0,0.0,1.0,1.0
0.024173154808041036,1.4983070768766815,gt-order-0,"ap_fixed<16,6,AP_RND,AP_SAT>",False,True,500.0,0.0056610107421875,-2.2471060209319362,1.0,1.0,0.44743141531944275,0.0,2.4211716651916504,2.4211716651916504,2.4294582844966373,2.4294582844966373,0.058727672714499135,0.058727672714499135,0.058727672714499135,0.058727672714499135,0.9958323213599429,0.9958323213599429,0.05872767271449906,0.05872767271449906,1.0,0.0,0.0,1.0,1.0
0.03014162529877389,1.4983070768766815,gt-order-0,"ap_fixed<16,6,AP_RND,AP_SAT>",False,True,500.0,0.0036163330078125,-2.441731584493503,1.0,1.0,0.44519633054733276,0.0,2.4203264713287354,2.4203264713287354,2.4294582844966373,2.4294582844966373,0.07322782190882912,0.07322782190882912,0.07322782190882912,0.07322782190882912,0.9948033011505327,0.9948033011505327,0.07322782190882907,0.07322782190882907,1.0,0.0,0.0,1.0,1.0
0.037583740428844416,1.4983070768766815,gt-order-0,"ap_fixed<16,6,AP_RND,AP_SAT>",False,True,500.0,0.00244140625,-2.612359947789887,1.0,1.0,0.4846264719963074,0.0,2.4211652278900146,2.4211652278900146,2.4294582844966373,2.4294582844966373,0.09130813407061336,0.09130813407061336,0.09130813407061336,0.09130813407061336,0.9935202104486661,0.9935202104486661,0.09130813407061326,0.09130813407061326,1.0,0.0,0.0,1.0,1.0
0.046863350287889544,1.4983070768766815,gt-order-0,"ap_fixed<16,6,AP_RND,AP_SAT>",False,True,500.0,0.0015411376953125,-2.8121585565592553,1.0,1.0,0.4747717082500458,0.0,2.4204936027526855,2.4204936027526855,2.429458284496637,2.429458284496637,0.11385255636809961,0.11385255636809961,0.11385255636809961,0.11385255636809961,0.9919203188997803,0.9919203188997803,0.11385255636809956,0.11385255636809956,1.0,0.0,0.0,1.0,1.0
0.05843414133735175,1.4983070768766815,gt-order-0,"ap_fixed<16,6,AP_RND,AP_SAT>",False,True,500.0,0.0009613037109375,-3.0171393807183406,1.0,1.0,0.4460136890411377,0.0,2.4207096099853516,2.4207096099853516,2.4294582844966373,2.4294582844966373,0.141963305367775,0.141963305367775,0.141963305367775,0.141963305367775,0.9899254064037324,0.9899254064037324,0.14196330536777488,0.14196330536777488,1.0,0.0,0.0,1.0,1.0
0.07286181745132274,1.4983070768766815,gt-order-0,"ap_fixed<16,6,AP_RND,AP_SAT>",False,True,500.0,0.0006561279296875,-3.1830114743822073,1.0,1.0,0.41382041573524475,0.0,2.4206478595733643,2.4206478595733643,2.429458284496637,2.429458284496637,0.1770147533385129,0.1770147533385129,0.1770147533385129,0.1770147533385129,0.9874379390095978,0.9874379390095978,0.17701475333851274,0.17701475333851274,1.0,0.0,0.0,1.0,1.0
0.09085175756516867,1.4983070768766815,gt-order-0,"ap_fixed<16,6,AP_RND,AP_SAT>",False,True,500.0,0.0004119873046875,-3.3851161654105666,1.0,1.0,0.41105416417121887,0.0,2.4214115142822266,2.4214115142822266,2.429458284496637,2.429458284496637,0.2207205462951667,0.2207205462951667,0.2207205462951667,0.2207205462951667,0.9843363058044522,0.9843363058044522,0.2207205462951665,0.2207205462951665,1.0,0.0,0.0,1.0,1.0
0.11328350213326084,1.4983070768766815,gt-order-0,"ap_fixed<16,6,AP_RND,AP_SAT>",False,True,500.0,0.00030517578125,-3.5154499335366216,1.0,1.0,0.43192970752716064,0.0,2.420639991760254,2.420639991760254,2.4294582844966364,2.4294582844966364,0.2752175377548107,0.2752175377548107,0.2752175377548107,0.2752175377548107,0.9804688624552512,0.9804688624552512,0.2752175377548106,0.2752175377548106,1.0,0.0,0.0,1.0,1.0
0.1412537544622754,1.4983070768766815,gt-order-0,"ap_fixed<16,6,AP_RND,AP_SAT>",False,True,500.0,0.0001983642578125,-3.7025365761274838,1.0,1.0,0.44686463475227356,0.0,2.420776844024658,2.420776844024658,2.429458284496637,2.429458284496637,0.34317010407795673,0.34317010407795673,0.34317010407795673,0.34317010407795673,0.9756465283474647,0.9756465283474647,0.3431701040779564,0.3431701040779564,1.0,0.0,0.0,1.0,1.0
0.17612999928460507,1.4983070768766815,gt-order-0,"ap_fixed<16,6,AP_RND,AP_SAT>",False,True,500.0,0.000152587890625,-3.816479927777507,1.0,1.0,0.4269760251045227,0.0,2.4208085536956787,2.4208085536956787,2.4294582844966373,2.4294582844966373,0.4279004798172303,0.4279004798172303,0.4279004798172303,0.4279004798172303,0.9696335371831576,0.9696335371831576,0.4279004798172299,0.4279004798172299,1.0,0.0,0.0,1.0,1.0
0.21961736002054355,1.4983070768766815,gt-order-0,"ap_fixed<16,6,AP_RND,AP_SAT>",False,True,500.0,7.62939453125e-05,-4.117509920595296,1.0,1.0,0.5471528768539429,0.0,2.4209418296813965,2.4209418296813965,2.4294582844966373,2.4294582844966373,0.5335512311691765,0.5335512311691765,0.5335512311691765,0.5335512311691765,0.9621359068606333,0.9621359068606333,0.5335512311691761,0.5335512311691761,1.0,0.0,0.0,1.0,1.0
0.27384196342643613,1.4983070768766815,gt-order-0,"ap_fixed<16,6,AP_RND,AP_SAT>",False,True,500.0,4.57763671875e-05,-4.339358666416729,1.0,1.0,0.42135047912597656,0.0,2.420783281326294,2.420783281326294,2.429458284496637,2.429458284496637,0.6652876599557761,0.6652876599557761,0.6652876599557761,0.6652876599557761,0.9527870756368857,0.9527870756368857,0.6652876599557755,0.6652876599557755,1.0,0.0,0.0,1.0,1.0
0.34145488738336005,1.4983070768766815,gt-order-0,"ap_fixed<16,6,AP_RND,AP_SAT>",False,True,500.0,3.0517578125e-05,-4.515449920728757,1.0,1.0,0.4435327649116516,0.0,2.4209039211273193,2.4209039211273193,2.429458284496637,2.429458284496637,0.8295504194325337,0.8295504194325337,0.8295504194325337,0.8295504194325337,0.9411299749484884,0.9411299749484884,0.829550419432533,0.829550419432533,1.0,0.0,0.0,1.0,1.0
0.42576177390469155,1.4983070768766815,gt-order-0,"ap_fixed<16,6,AP_RND,AP_SAT>",False,True,500.0,1.52587890625e-05,-4.816479902161777,1.0,0.9702293872833252,0.4856429100036621,0.0,2.420799970626831,2.420799970626831,2.429458284496637,2.429458284496637,1.0343704333074732,1.0343704333074732,1.0343704333074732,1.0343704333074732,0.9265946808115545,0.9287800021404566,1.0343704333074726,1.0343704333074726,1.0,0.0,0.0,1.0,1.0
0.5308844442309882,1.4983070768766815,gt-order-0,"ap_fixed<16,6,AP_RND,AP_SAT>",False,True,500.0,1.52587890625e-05,-4.816479902161777,1.0,0.7781062126159668,0.5488213300704956,0.0,2.4208123683929443,2.4208123683929443,2.429458284496637,2.429458284496637,1.289761612319834,1.289761612319834,1.289761612319834,1.289761612319834,0.9084705442260078,0.9287803618248974,1.2897616123198334,1.2897616123198334,1.0,0.0,0.0,1.0,1.0
0.6619624174845152,1.4983070768766815,gt-order-0,"ap_fixed<16,6,AP_RND,AP_SAT>",False,True,500.0,0.0,-12.0,1.0,0.6240572929382324,0.8528029322624207,0.0,2.4207069873809814,2.4207069873809814,2.4294582844966373,2.4294582844966373,1.608210012279464,1.608210012279464,1.608210012279464,1.608210012279464,0.8858714774977172,0.9287772632001846,1.6082100122794631,1.6082100122794631,1.0,0.0,0.0,1.0,1.0
0.8254041852680182,1.4983070768766815,gt-order-0,"ap_fixed<16,6,AP_RND,AP_SAT>",False,True,500.0,0.0,-12.0,1.0,0.49999111890792847,0.6882472038269043,0.0,2.42309832572937,2.42309832572937,2.4294582844966373,2.4294582844966373,2.005284992002063,2.005284992002063,2.005284992002063,2.005284992002063,1.0052849920020617,1.0052849920020617,2.005284992002062,2.005284992002062,1.0,0.0,0.0,1.0,1.0
1.0292005271944276,1.4983070768766815,gt-order-0,"ap_fixed<16,6,AP_RND,AP_SAT>",False,True,500.0,0.0,-12.0,0.9716284871101379,0.4003541171550751,0.6546536684036255,0.0,2.4269211292266846,2.4269211292266846,2.429458284496637,2.429458284496637,2.50039981206641,2.500399812066409,2.50039981206641,2.500399812066409,1.5003998120664097,1.5003998120664093,2.5003998120664086,2.429459686568558,1.0,0.0,0.0,1.0,1.0
1.2833151855576512,1.4983070768766815,gt-order-0,"ap_fixed<16,6,AP_RND,AP_SAT>",False,True,500.0,0.0,-12.0,0.7792322635650635,0.3208719491958618,0.6644105911254883,0.0,2.4284820556640625,2.4284820556640625,2.4294582844966373,2.4294582844966373,3.117760699879547,3.1177606998795446,3.117760699879547,3.1177606998795446,2.117760699879545,2.1177606998795437,3.1177606998795433,2.429459727421333,1.0,0.0,0.0,1.0,1.0
1.600171999495828,1.4983070768766815,gt-order-0,"ap_fixed<16,6,AP_RND,AP_SAT>",False,True,500.0,0.0,-12.0,0.6249331831932068,0.25613024830818176,0.5,0.0,2.4399025440216064,2.4399025440216064,2.429458284496637,2.429458284496637,3.8875512261137732,3.887551226113771,3.8875512261137732,3.887551226113771,2.8875512261137724,2.8875512261137715,3.8875512261137706,2.4294597625619327,1.0,0.0,0.0,1.0,1.0
1.9952623149688795,1.4983070768766815,gt-order-0,"ap_fixed<16,6,AP_RND,AP_SAT>",False,True,500.0,0.0,-12.0,0.5011877417564392,0.20631293952465057,0.4588314890861511,0.0,2.429257392883301,2.429257392883301,2.4294582844966364,2.4294582844966364,4.847406439946743,4.8474064399467425,4.847406439946743,4.8474064399467425,3.8474064399467425,3.8474064399467394,4.847406439946741,2.4294606870125275,1.0,0.0,0.0,1.0,1.0
0.01,1.5874010519681994,gt-order-0,"ap_fixed<16,6,AP_RND,AP_SAT>",False,True,500.0,0.0367431640625,-1.4348234480260924,1.0,1.0,0.9003052711486816,0.0,2.725741386413574,2.725741386413574,2.7269747199217207,2.7269747199217207,0.02726974658969086,0.02726974658969086,0.02726974658969086,0.02726974658969086,0.9980647702326785,0.9980647702326785,0.02726974658969085,0.02726974658969085,1.0,0.0,0.0,1.0,1.0
0.012469049049711741,1.5874010519681994,gt-order-0,"ap_fixed<16,6,AP_RND,AP_SAT>",False,True,500.0,0.023284912109375,-1.632925396986186,1.0,1.0,0.8756550550460815,0.0,2.726424217224121,2.726424217224121,2.726974719921721,2.726974719921721,0.03400278034590747,0.03400278034590747,0.03400278034590747,0.03400278034590747,0.9975869525416867,0.9975869525416867,0.03400278034590744,0.03400278034590744,1.0,0.0,0.0,1.0,1.0
0.015547718420411735,1.5874010519681994,gt-order-0,"ap_fixed<16,6,AP_RND,AP_SAT>",False,True,500.0,0.0146331787109375,-1.8346613234233569,1.0,1.0,0.7969021201133728,0.0,2.7240102291107178,2.7240102291107178,2.7269747199217216,2.7269747199217216,0.04239823626392253,0.04239823626392253,0.04239823626392253,0.04239823626392253,0.9969911590989665,0.9969911590989665,0.0423982362639225,0.0423982362639225,1.0,0.0,0.0,1.0,1.0
0.019386526359522076,1.5874010519681994,gt-order-0,"ap_fixed<16,6,AP_RND,AP_SAT>",False,True,500.0,0.007781982421875,-2.108909754469955,1.0,1.0,0.5014317035675049,0.0,2.7210609912872314,2.7210609912872314,2.7269747199217207,2.7269747199217207,0.05286656684685108,0.05286656684685108,0.05286656684685108,0.05286656684685108,0.9962482616579647,0.9962482616579647,0.05286656684685104,0.05286656684685104,1.0,0.0,0.0,1.0,1.0
0.024173154808041036,1.5874010519681994,gt-order-0,"ap_fixed<16,6,AP_RND,AP_SAT>",False,True,500.0,0.0049896240234375,-2.3019321778763735,1.0,1.0,0.45535385608673096,0.0,2.7195160388946533,2.7195160388946533,2.726974719921721,2.726974719921721,0.06591958375011046,0.06591958375011046,0.06591958375011046,0.06591958375011046,0.9953219389001986,0.9953219389001986,0.06591958375011042,0.06591958375011042,1.0,0.0,0.0,1.0,1.0
0.03014162529877389,1.5874010519681994,gt-order-0,"ap_fixed<16,6,AP_RND,AP_SAT>",False,True,500.0,0.003265380859375,-2.486066157141509,1.0,1.0,0.43075090646743774,0.0,2.7201085090637207,2.7201085090637207,2.726974719921721,2.726974719921721,0.08219545090138525,0.08219545090138525,0.08219545090138525,0.08219545090138525,0.9941669027689853,0.9941669027689853,0.0821954509013852,0.0821954509013852,1.0,0.0,0.0,1.0,1.0
0.037583740428844416,1.5874010519681994,gt-order-0,"ap_fixed<16,6,AP_RND,AP_SAT>",False,True,500.0,0.0021514892578125,-2.6672608177664614,1.0,1.0,0.41898250579833984,0.0,2.7194745540618896,2.7194745540618896,2.726974719921721,2.726974719921721,0.10248991510688789,0.10248991510688789,0.10248991510688789,0.10248991510688789,0.9927266821525904,0.9927266821525904,0.10248991510688785,0.10248991510688785,1.0,0.0,0.0,1.0,1.0
0.046863350287889544,1.5874010519681994,gt-order-0,"ap_fixed<16,6,AP_RND,AP_SAT>",False,True,500.0,0.00140380859375,-2.852692102968775,1.0,1.0,0.4430809020996094,0.0,2.7192599773406982,2.7192599773406982,2.726974719921721,2.726974719921721,0.1277951735148224,0.1277951735148224,0.1277951735148224,0.1277951735148224,0.9909308646087881,0.9909308646087881,0.1277951735148223,0.1277951735148223,1.0,0.0,0.0,1.0,1.0
0.05843414133735175,1.5874010519681994,gt-order-0,"ap_fixed<16,6,AP_RND,AP_SAT>",False,True,500.0,0.000885009765625,-3.053051936570039,1.0,1.0,0.3894179165363312,0.0,2.718679904937744,2.718679904937744,2.726974719921721,2.726974719921721,0.1593484223890101,0.1593484223890101,0.1593484223890101,0.1593484223890101,0.9886916510438138,0.9886916510438138,0.15934842238900995,0.15934842238900995,1.0,0.0,0.0,1.0,1.0
0.07286181745132274,1.5874010519681994,gt-order-0,"ap_fixed<16,6,AP_RND,AP_SAT>",False,True,500.0,0.0006256103515625,-3.2036960732097706,1.0,1.0,0.3989376127719879,0.0,2.71821665763855,2.71821665763855,2.726974719921721,2.726974719921721,0.1986923424401659,0.1986923424401659,0.1986923424401659,0.1986923424401659,0.9858995632994081,0.9858995632994081,0.19869234244016581,0.19869234244016581,1.0,0.0,0.0,1.0,1.0
0.09085175756516867,1.5874010519681994,gt-order-0,"ap_fixed<16,6,AP_RND,AP_SAT>",False,True,500.0,0.000396728515625,-3.4015065815581917,1.0,1.0,0.3901021182537079,0.0,2.718224287033081,2.718224287033081,2.726974719921721,2.726974719921721,0.24775043628252294,0.24775043628252294,0.24775043628252294,0.24775043628252294,0.9824180977412464,0.9824180977412464,0.2477504362825228,0.2477504362825228,1.0,0.0,0.0,1.0,1.0
0.11328350213326084,1.5874010519681994,gt-order-0,"ap_fixed<16,6,AP_RND,AP_SAT>",False,True,500.0,0.000213623046875,-3.6703518929124668,1.0,1.0,0.4265625774860382,0.0,2.718202829360962,2.718202829360962,2.726974719921721,2.726974719921721,0.3089212408897033,0.3089212408897033,0.3089212408897033,0.3089212408897033,0.9780770393607626,0.9780770393607626,0.3089212408897032,0.3089212408897032,1.0,0.0,0.0,1.0,1.0
0.1412537544622754,1.5874010519681994,gt-order-0,"ap_fixed<16,6,AP_RND,AP_SAT>",False,True,500.0,0.000152587890625,-3.816479927777507,1.0,1.0,0.42163699865341187,0.0,2.7181642055511475,2.7181642055511475,2.726974719921721,2.726974719921721,0.38519541760618753,0.38519541760618753,0.38519541760618753,0.38519541760618753,0.972664152344221,0.972664152344221,0.38519541760618736,0.38519541760618736,1.0,0.0,0.0,1.0,1.0
0.17612999928460507,1.5874010519681994,gt-order-0,"ap_fixed<16,6,AP_RND,AP_SAT>",False,True,500.0,9.1552734375e-05,-4.038328675496402,1.0,1.0,0.5103104114532471,0.0,2.717968702316284,2.717968702316284,2.726974719921721,2.726974719921721,0.4803020486296301,0.4803020486296301,0.4803020486296301,0.4803020486296301,0.9659147979701012,0.9659147979701012,0.4803020486296299,0.4803020486296299,1.0,0.0,0.0,1.0,1.0
0.21961736002054355,1.5874010519681994,gt-order-0,"ap_fixed<16,6,AP_RND,AP_SAT>",False,True,500.0,6.103515625e-05,-4.214419932180256,1.0,1.0,0.6340382695198059,0.0,2.717554807662964,2.717554807662964,2.7269747199217207,2.7269747199217207,0.5988910072942099,0.5988910072942099,0.5988910072942099,0.5988910072942099,0.9574989924865929,0.9574989924865929,0.5988910072942095,0.5988910072942095,1.0,0.0,0.0,1.0,1.0
0.27384196342643613,1.5874010519681994,gt-order-0,"ap_fixed<16,6,AP_RND,AP_SAT>",False,True,500.0,3.0517578125e-05,-4.515449920728757,1.0,1.0,0.4970957934856415,0.0,2.7177646160125732,2.7177646160125732,2.7269747199217207,2.7269747199217207,0.7467601488581109,0.7467601488581109,0.7467601488581109,0.7467601488581109,0.9470052842490919,0.9470052842490919,0.7467601488581106,0.7467601488581106,1.0,0.0,0.0,1.0,1.0
0.34145488738336005,1.5874010519681994,gt-order-0,"ap_fixed<16,6,AP_RND,AP_SAT>",False,True,500.0,1.52587890625e-05,-4.816479902161777,1.0,1.0,0.44721361994743347,0.0,2.717674493789673,2.717674493789673,2.7269747199217207,2.7269747199217207,0.9311388621606567,0.9311388621606567,0.9311388621606567,0.9311388621606567,0.9339206311420296,0.9339206311420296,0.9311388621606562,0.9311388621606562,1.0,0.0,0.0,1.0,1.0
0.42576177390469155,1.5874010519681994,gt-order-0,"ap_fixed<16,6,AP_RND,AP_SAT>",False,True,500.0,1.52587890625e-05,-4.816479902161777,1.0,0.8642860054969788,0.5812381505966187,0.0,2.7175395488739014,2.7175395488739014,2.726974719921721,2.726974719921721,1.1610415542691164,1.1610415542691164,1.1610415542691164,1.1610415542691164,0.9176053151235104,0.9287874269339162,1.161041554269116,1.161041554269116,1.0,0.0,0.0,1.0,1.0
0.5308844442309882,1.5874010519681994,gt-order-0,"ap_fixed<16,6,AP_RND,AP_SAT>",False,True,500.0,1.52587890625e-05,-4.816479902161777,1.0,0.6931942105293274,0.7442083954811096,0.0,2.7173469066619873,2.7173469066619873,2.7269747199217207,2.7269747199217207,1.4477084599336472,1.4477084599336472,1.4477084599336472,1.4477084599336472,0.8972616596618276,0.9287823772781869,1.4477084599336472,1.4477084599336472,1.0,0.0,0.0,1.0,1.0
0.6619624174845152,1.5874010519681994,gt-order-0,"ap_fixed<16,6,AP_RND,AP_SAT>",False,True,500.0,1.52587890625e-05,-4.816479902161777,1.0,0.5559290051460266,0.5207556486129761,0.0,2.7173612117767334,2.7173612117767334,2.726974719921721,2.726974719921721,1.8051547029216626,1.8051547029216626,1.8051547029216626,1.8051547029216626,0.8718950649495284,0.9287827509030946,1.805154702921661,1.805154702921661,1.0,0.0,0.0,1.0,1.0
0.8254041852680182,1.5874010519681994,gt-order-0,"ap_fixed<16,6,AP_RND,AP_SAT>",False,True,500.0,0.0,-12.0,1.0,0.4449770152568817,0.670820415019989,0.0,2.722674608230591,2.722674608230591,2.7269747199217216,2.7269747199217216,2.2508562976050666,2.2508562976050666,2.2508562976050666,2.2508562976050666,1.250856297605066,1.250856297605066,2.250856297605065,2.250856297605065,1.0,0.0,0.0,1.0,1.0
1.0292005271944276,1.5874010519681994,gt-order-0,"ap_fixed<16,6,AP_RND,AP_SAT>",False,True,500.0,0.0,-12.0,0.6928415298461914,0.34521210193634033,0.5625439286231995,0.0,2.814582347869873,2.814582347869873,2.7269747199217216,2.7269747199217216,2.8066038921984884,2.806603892198488,2.8066038921984884,2.806603892198488,1.8066038921984886,1.8066038921984868,2.806603892198487,1.944531734343075,1.0,0.0,0.0,1.0,1.0
1.2833151855576512,1.5874010519681994,gt-order-0,"ap_fixed<16,6,AP_RND,AP_SAT>",False,True,500.0,0.0,-12.0,0.7792322635650635,0.2858332097530365,0.6859943270683289,0.0,2.7261765003204346,2.7261765003204346,2.726974719921721,2.726974719921721,3.499568058275398,3.499568058275397,3.499568058275398,3.499568058275397,2.4995680582753987,2.499568058275397,3.4995680582753947,2.7269763395499296,1.0,0.0,0.0,1.0,1.0
1.600171999495828,1.5874010519681994,gt-order-0,"ap_fixed<16,6,AP_RND,AP_SAT>",False,True,500.0,0.0,-12.0,0.6249331831932068,0.22919896245002747,0.6575959920883179,0.0,2.726595163345337,2.726595163345337,2.726974719921721,2.726974719921721,4.363628708368393,4.363628708368392,4.363628708368393,4.363628708368392,3.363628708368392,3.3636287083683896,4.36362870836839,2.7269763789939194,1.0,0.0,0.0,1.0,1.0
1.9952623149688795,1.5874010519681994,gt-order-0,"ap_fixed<16,6,AP_RND,AP_SAT>",False,True,500.0,0.0,-12.0,0.5011875629425049,0.1837986260652542,0.6585856080055237,0.0,2.726828098297119,2.726828098297119,2.7269747199217216,2.7269747199217216,5.44102975682883,5.4410297568288275,5.44102975682883,5.4410297568288275,4.4410297568288275,4.441029756828827,5.441029756828827,2.7269764437226893,1.0,0.0,0.0,1.0,1.0
0.01,1.681792830507429,gt-order-0,"ap_fixed<16,6,AP_RND,AP_SAT>",False,True,500.0,0.030670166015625,-1.51328387318905,1.0,1.0,0.8969776034355164,0.0,3.05918550491333,3.05918550491333,3.060925633579148,3.060925633579148,0.030609255651621287,0.030609255651621287,0.030609255651621287,0.030609255651621287,0.9978277780195232,0.9978277780195232,0.030609255651621255,0.030609255651621255,1.0,0.0,0.0,1.0,1.0
0.012469049049711741,1.681792830507429,gt-order-0,"ap_fixed<16,6,AP_RND,AP_SAT>",False,True,500.0,0.0185394287109375,-1.7319036526659428,1.0,1.0,0.8577587604522705,0.0,3.0562124252319336,3.0562124252319336,3.0609256335791475,3.0609256335791475,0.03816683052226354,0.03816683052226354,0.03816683052226354,0.03816683052226354,0.9972914457924361,0.9972914457924361,0.03816683052226351,0.03816683052226351,1.0,0.0,0.0,1.0,1.0
0.015547718420411735,1.681792830507429,gt-order-0,"ap_fixed<16,6,AP_RND,AP_SAT>",False,True,500.0,0.011138916015625,-1.9531570704642542,1.0,1.0,0.7532967329025269,0.0,3.056140422821045,3.056140422821045,3.060925633579148,3.060925633579148,0.04759041118008999,0.04759041118008999,0.04759041118008999,0.04759041118008999,0.9966226902606874,0.9966226902606874,0.04759041118008994,0.04759041118008994,1.0,0.0,0.0,1.0,1.0
0.019386526359522076,1.681792830507429,gt-order-0,"ap_fixed<16,6,AP_RND,AP_SAT>",False,True,500.0,0.007049560546875,-2.1518379550059676,1.0,1.0,0.4471433758735657,0.0,3.05533766746521,3.05533766746521,3.060925633579148,3.060925633579148,0.05934071498304802,0.05934071498304802,0.05934071498304802,0.05934071498304802,0.9957888160728086,0.9957888160728086,0.05934071498304797,0.05934071498304797,1.0,0.0,0.0,1.0,1.0
0.024173154808041036,1.681792830507429,gt-order-0,"ap_fixed<16,6,AP_RND,AP_SAT>",False,True,500.0,0.0048065185546875,-2.3181693767437435,1.0,1.0,0.4203507602214813,0.0,3.0541257858276367,3.0541257858276367,3.060925633579148,3.060925633579148,0.07399223109093311,0.07399223109093311,0.07399223109093311,0.07399223109093311,0.9947490539270349,0.9947490539270349,0.07399223109093309,0.07399223109093309,1.0,0.0,0.0,1.0,1.0
0.03014162529877389,1.681792830507429,gt-order-0,"ap_fixed<16,6,AP_RND,AP_SAT>",False,True,500.0,0.00323486328125,-2.490144069560693,1.0,1.0,0.38585948944091797,0.0,3.0524284839630127,3.0524284839630127,3.0609256335791475,3.0609256335791475,0.09226127429405302,0.09226127429405302,0.09226127429405302,0.09226127429405302,0.9934525696982196,0.9934525696982196,0.09226127429405295,0.09226127429405295,1.0,0.0,0.0,1.0,1.0
0.037583740428844416,1.681792830507429,gt-order-0,"ap_fixed<16,6,AP_RND,AP_SAT>",False,True,500.0,0.002227783203125,-2.6521270746443175,1.0,1.0,0.4159488379955292,0.0,3.0500147342681885,3.0500147342681885,3.060925633579148,3.060925633579148,0.11504104018354419,0.11504104018354419,0.11504104018354419,0.11504104018354419,0.9918359767062674,0.9918359767062674,0.1150410401835441,0.1150410401835441,1.0,0.0,0.0,1.0,1.0
0.046863350287889544,1.681792830507429,gt-order-0,"ap_fixed<16,6,AP_RND,AP_SAT>",False,True,500.0,0.0012969970703125,-2.8870610045745604,1.0,1.0,0.3615320324897766,0.0,3.0512983798980713,3.0512983798980713,3.0609256335791475,3.0609256335791475,0.14344523240407725,0.14344523240407725,0.14344523240407725,0.14344523240407725,0.9898202396566188,0.9898202396566188,0.1434452324040772,0.1434452324040772,1.0,0.0,0.0,1.0,1.0
0.05843414133735175,1.681792830507429,gt-order-0,"ap_fixed<16,6,AP_RND,AP_SAT>",False,True,500.0,0.0008697509765625,-3.0606050744518756,1.0,1.0,0.3474646806716919,0.0,3.0513598918914795,3.0513598918914795,3.0609256335791475,3.0609256335791475,0.1788625568098114,0.1788625568098114,0.1788625568098114,0.1788625568098114,0.9873068073981068,0.9873068073981068,0.1788625568098112,0.1788625568098112,1.0,0.0,0.0,1.0,1.0
0.07286181745132274,1.681792830507429,gt-order-0,"ap_fixed<16,6,AP_RND,AP_SAT>",False,True,500.0,0.0005645751953125,-3.248278205787463,1.0,1.0,0.41681650280952454,0.0,3.0509302616119385,3.0509302616119385,3.060925633579148,3.060925633579148,0.22302461395331452,0.22302461395331452,0.22302461395331452,0.22302461395331452,0.9841727948522927,0.9841727948522927,0.22302461395331427,0.22302461395331427,1.0,0.0,0.0,1.0,1.0
0.09085175756516867,1.681792830507429,gt-order-0,"ap_fixed<16,6,AP_RND,AP_SAT>",False,True,500.0,0.000335693359375,-3.474057248507769,1.0,1.0,0.41091087460517883,0.0,3.0513391494750977,3.0513391494750977,3.0609256335791475,3.0609256335791475,0.27809046252154485,0.27809046252154485,0.27809046252154485,0.27809046252154485,0.9802649818693526,0.9802649818693526,0.2780904625215448,0.2780904625215448,1.0,0.0,0.0,1.0,1.0
0.11328350213326084,1.681792830507429,gt-order-0,"ap_fixed<16,6,AP_RND,AP_SAT>",False,True,500.0,0.00018310546875,-3.7372986822042473,1.0,1.0,0.39000675082206726,0.0,3.0509164333343506,3.0509164333343506,3.0609256335791475,3.0609256335791475,0.34675236924217434,0.34675236924217434,0.34675236924217434,0.34675236924217434,0.975392308561071,0.975392308561071,0.3467523692421742,0.3467523692421742,1.0,0.0,0.0,1.0,1.0
0.1412537544622754,1.681792830507429,gt-order-0,"ap_fixed<16,6,AP_RND,AP_SAT>",False,True,500.0,0.0001373291015625,-3.8622374180219383,1.0,1.0,0.46080783009529114,0.0,3.0507233142852783,3.0507233142852783,3.0609256335791484,3.0609256335791484,0.4323672379778605,0.4323672379778605,0.4323672379778605,0.4323672379778605,0.9693165482799324,0.9693165482799324,0.43236723797786014,0.43236723797786014,1.0,0.0,0.0,1.0,1.0
0.17612999928460507,1.681792830507429,gt-order-0,"ap_fixed<16,6,AP_RND,AP_SAT>",False,True,500.0,7.62939453125e-05,-4.117509920595296,1.0,1.0,0.6234292387962341,0.0,3.0505361557006836,3.0505361557006836,3.060925633579148,3.060925633579148,0.5391208219756489,0.5391208219756489,0.5391208219756489,0.5391208219756489,0.9617406541028901,0.9617406541028901,0.5391208219756486,0.5391208219756486,1.0,0.0,0.0,1.0,1.0
0.21961736002054355,1.681792830507429,gt-order-0,"ap_fixed<16,6,AP_RND,AP_SAT>",False,True,500.0,4.57763671875e-05,-4.339358666416729,1.0,1.0,0.5310850143432617,0.0,3.05066180229187,3.05066180229187,3.0609256335791475,3.0609256335791475,0.6722324275890262,0.6722324275890262,0.6722324275890262,0.6722324275890262,0.952294231789949,0.952294231789949,0.672232427589026,0.672232427589026,1.0,0.0,0.0,1.0,1.0
0.27384196342643613,1.681792830507429,gt-order-0,"ap_fixed<16,6,AP_RND,AP_SAT>",False,True,500.0,3.0517578125e-05,-4.515449920728757,1.0,1.0,0.5222329497337341,0.0,3.050518274307251,3.050518274307251,3.0609256335791475,3.0609256335791475,0.8382099273149061,0.8382099273149061,0.8382099273149061,0.8382099273149061,0.9405154424827966,0.9405154424827966,0.8382099273149058,0.8382099273149058,1.0,0.0,0.0,1.0,1.0
0.34145488738336005,1.681792830507429,gt-order-0,"ap_fixed<16,6,AP_RND,AP_SAT>",False,True,500.0,1.52587890625e-05,-4.816479902161777,1.0,0.9600826501846313,0.4073065221309662,0.0,3.0504088401794434,3.0504088401794434,3.0609256335791475,3.0609256335791475,1.0451680357678892,1.0451680357678892,1.0451680357678892,1.0451680357678892,0.925828415874368,0.9287891489442703,1.045168035767889,1.045168035767889,1.0,0.0,0.0,1.0,1.0
0.42576177390469155,1.681792830507429,gt-order-0,"ap_fixed<16,6,AP_RND,AP_SAT>",False,True,500.0,1.52587890625e-05,-4.816479902161777,1.0,0.7700141668319702,0.753778338432312,0.0,3.0502445697784424,3.0502445697784424,3.060925633579148,3.060925633579148,1.3032250827814527,1.3032250827814527,1.3032250827814527,1.3032250827814527,0.907515092737083,0.9287853111894125,1.3032250827814518,1.3032250827814518,1.0,0.0,0.0,1.0,1.0
0.5308844442309882,1.681792830507429,gt-order-0,"ap_fixed<16,6,AP_RND,AP_SAT>",False,True,500.0,0.0,-12.0,1.0,0.6175341010093689,0.596284806728363,0.0,3.0502753257751465,3.0502753257751465,3.0609256335791475,3.0609256335791475,1.6249978052922671,1.6249978052922671,1.6249978052922671,1.6249978052922671,0.8846801114323687,0.9287860362848869,1.6249978052922665,1.6249978052922665,1.0,0.0,0.0,1.0,1.0
0.6619624174845152,1.681792830507429,gt-order-0,"ap_fixed<16,6,AP_RND,AP_SAT>",False,True,500.0,0.0,-12.0,1.0,0.49470028281211853,0.7698003649711609,0.0,3.0536868572235107,3.0536868572235107,3.0609256335791475,3.0609256335791475,2.0262176478509772,2.0262176478509772,2.0262176478509772,2.0262176478509772,1.026217647850978,1.026217647850978,2.0262176478509764,2.0262176478509764,1.0,0.0,0.0,1.0,1.0
0.8254041852680182,1.681792830507429,gt-order-0,"ap_fixed<16,6,AP_RND,AP_SAT>",False,True,500.0,0.0,-12.0,1.0,0.39620241522789,0.6708203554153442,0.0,3.0578503608703613,3.0578503608703613,3.0609256335791475,3.0609256335791475,2.5265007733699023,2.5265007733699023,2.5265007733699023,2.5265007733699023,1.526500773369902,1.526500773369902,2.5265007733699005,2.5265007733699005,1.0,0.0,0.0,1.0,1.0
1.0292005271944276,1.681792830507429,gt-order-0,"ap_fixed<16,6,AP_RND,AP_SAT>",False,True,500.0,0.0,-12.0,0.6925470232963562,0.3106725215911865,0.7016464471817017,0.0,3.1274986267089844,3.1274986267089844,3.0609256335791484,3.0609256335791484,3.150306357508134,3.1503063575081316,3.150306357508134,3.1503063575081316,2.150306357508134,2.1503063575081316,3.1503063575081307,2.1817352903638425,1.0,0.0,0.0,1.0,1.0
1.2833151855576512,1.681792830507429,gt-order-0,"ap_fixed<16,6,AP_RND,AP_SAT>",False,True,500.0,0.0,-12.0,0.7792322635650635,0.25462043285369873,0.5,0.0,3.060366153717041,3.060366153717041,3.0609256335791475,3.0609256335791475,3.928132335725305,3.928132335725305,3.928132335725305,3.928132335725305,2.9281323357253064,2.9281323357253046,3.9281323357253015,3.0609274515503464,1.0,0.0,0.0,1.0,1.0
1.600171999495828,1.681792830507429,gt-order-0,"ap_fixed<16,6,AP_RND,AP_SAT>",False,True,500.0,0.0,-12.0,0.6249331831932068,0.2041800618171692,0.6063390970230103,0.0,3.060694694519043,3.060694694519043,3.0609256335791475,3.0609256335791475,4.8980076240861115,4.89800762408611,4.8980076240861115,4.89800762408611,3.8980076240861132,3.8980076240861115,4.898007624086109,3.060927495824728,1.0,0.0,0.0,1.0,1.0
1.9952623149688795,1.681792830507429,gt-order-0,"ap_fixed<16,6,AP_RND,AP_SAT>",False,True,500.0,0.0,-12.0,0.5011875629425049,0.16374121606349945,0.5,0.0,3.060849666595459,3.060849666595459,3.0609256335791475,3.0609256335791475,6.107349413280353,6.107349413280351,6.107349413280353,6.107349413280351,5.107349413280354,5.107349413280351,6.1073494132803505,3.0609275684803157,1.0,0.0,0.0,1.0,1.0
0.01,1.7817974362806785,gt-order-0,"ap_fixed<16,6,AP_RND,AP_SAT>",False,True,500.0,0.0251007080078125,-1.600314028320404,1.0,1.0,0.8616968989372253,0.0,3.4330954551696777,3.4330954551696777,3.435772853299207,3.435772853299207,0.03435772776503699,0.03435772776503699,0.03435772776503699,0.03435772776503699,0.9975617632922104,0.9975617632922104,0.03435772776503697,0.03435772776503697,1.0,0.0,0.0,1.0,1.0
0.012469049049711741,1.7817974362806785,gt-order-0,"ap_fixed<16,6,AP_RND,AP_SAT>",False,True,500.0,0.0152435302734375,-1.8169144423692263,1.0,1.0,0.8035861253738403,0.0,3.4301090240478516,3.4301090240478516,3.4357728532992073,3.4357728532992073,0.04284081872695844,0.04284081872695844,0.04284081872695844,0.04284081872695844,0.9969597507283896,0.9969597507283896,0.04284081872695841,0.04284081872695841,1.0,0.0,0.0,1.0,1.0
0.015547718420411735,1.7817974362806785,gt-order-0,"ap_fixed<16,6,AP_RND,AP_SAT>",False,True,500.0,0.009002685546875,-2.0456279189333144,1.0,1.0,0.46225783228874207,0.0,3.429853916168213,3.429853916168213,3.4357728532992073,3.4357728532992073,0.05341843036503563,0.05341843036503563,0.05341843036503563,0.05341843036503563,0.9962090980323476,0.9962090980323476,0.05341843036503559,0.05341843036503559,1.0,0.0,0.0,1.0,1.0
0.019386526359522076,1.7817974362806785,gt-order-0,"ap_fixed<16,6,AP_RND,AP_SAT>",False,True,500.0,0.0066986083984375,-2.1740154103167444,1.0,1.0,0.39784732460975647,0.0,3.43009090423584,3.43009090423584,3.4357728532992073,3.4357728532992073,0.06660770042809668,0.06660770042809668,0.06660770042809668,0.06660770042809668,0.9952731059132925,0.9952731059132925,0.06660770042809665,0.06660770042809665,1.0,0.0,0.0,1.0,1.0
0.024173154808041036,1.7817974362806785,gt-order-0,"ap_fixed<16,6,AP_RND,AP_SAT>",False,True,500.0,0.004638671875,-2.3336063469213206,1.0,1.0,0.37168869376182556,0.0,3.427194356918335,3.427194356918335,3.435772853299207,3.435772853299207,0.08305347119459706,0.08305347119459706,0.08305347119459706,0.08305347119459706,0.994106012377742,0.994106012377742,0.08305347119459701,0.08305347119459701,1.0,0.0,0.0,1.0,1.0
0.03014162529877389,1.7817974362806785,gt-order-0,"ap_fixed<16,6,AP_RND,AP_SAT>",False,True,500.0,0.0031280517578125,-2.5047260694291062,1.0,1.0,0.36448803544044495,0.0,3.4269936084747314,3.4269936084747314,3.435772853299207,3.435772853299207,0.1035597788305767,0.1035597788305767,0.1035597788305767,0.1035597788305767,0.9926507580500632,0.9926507580500632,0.1035597788305766,0.1035597788305766,1.0,0.0,0.0,1.0,1.0
0.037583740428844416,1.7817974362806785,gt-order-0,"ap_fixed<16,6,AP_RND,AP_SAT>",False,True,500.0,0.001983642578125,-2.7025365780979245,1.0,1.0,0.38851961493492126,0.0,3.4266631603240967,3.4266631603240967,3.4357728532992073,3.4357728532992073,0.12912920148790152,0.12912920148790152,0.12912920148790152,0.12912920148790152,0.9908361937882342,0.9908361937882342,0.12912920148790144,0.12912920148790144,1.0,0.0,0.0,1.0,1.0
0.046863350287889544,1.7817974362806785,gt-order-0,"ap_fixed<16,6,AP_RND,AP_SAT>",False,True,500.0,0.001220703125,-2.9133899432759813,1.0,1.0,0.35224542021751404,0.0,3.4264583587646484,3.4264583587646484,3.435772853299208,3.435772853299208,0.1610118292396537,0.1610118292396537,0.1610118292396537,0.1610118292396537,0.9885736054745727,0.9885736054745727,0.16101182923965354,0.16101182923965354,1.0,0.0,0.0,1.0,1.0
0.05843414133735175,1.7817974362806785,gt-order-0,"ap_fixed<16,6,AP_RND,AP_SAT>",False,True,500.0,0.0008087158203125,-3.0922040604858925,1.0,1.0,0.44375550746917725,0.0,3.4254543781280518,3.4254543781280518,3.4357728532992073,3.4357728532992073,0.20076643170198963,0.20076643170198963,0.20076643170198963,0.20076643170198963,0.985752373183248,0.985752373183248,0.20076643170198946,0.20076643170198946,1.0,0.0,0.0,1.0,1.0
0.07286181745132274,1.7817974362806785,gt-order-0,"ap_fixed<16,6,AP_RND,AP_SAT>",False,True,500.0,0.0004425048828125,-3.3540819317432975,1.0,1.0,0.3714664578437805,0.0,3.4254519939422607,3.4254519939422607,3.435772853299207,3.435772853299207,0.25033666477624994,0.25033666477624994,0.25033666477624994,0.25033666477624994,0.9822345630788685,0.9822345630788685,0.25033666477624983,0.25033666477624983,1.0,0.0,0.0,1.0,1.0
0.09085175756516867,1.7817974362806785,gt-order-0,"ap_fixed<16,6,AP_RND,AP_SAT>",False,True,500.0,0.0002899169921875,-3.5377263281728744,1.0,1.0,0.42119544744491577,0.0,3.424673318862915,3.424673318862915,3.435772853299207,3.435772853299207,0.31214598989643794,0.31214598989643794,0.31214598989643794,0.31214598989643794,0.9778481913600398,0.9778481913600398,0.3121459898964378,0.3121459898964378,1.0,0.0,0.0,1.0,1.0
0.11328350213326084,1.7817974362806785,gt-order-0,"ap_fixed<16,6,AP_RND,AP_SAT>",False,True,500.0,0.00018310546875,-3.7372986822042473,1.0,1.0,0.41451528668403625,0.0,3.425121784210205,3.425121784210205,3.4357728532992073,3.4357728532992073,0.3892163742855728,0.3892163742855728,0.3892163742855728,0.3892163742855728,0.9723788005555551,0.9723788005555551,0.38921637428557243,0.38921637428557243,1.0,0.0,0.0,1.0,1.0
0.1412537544622754,1.7817974362806785,gt-order-0,"ap_fixed<16,6,AP_RND,AP_SAT>",False,True,500.0,0.0001220703125,-3.913389940074015,1.0,1.0,0.44892558455467224,0.0,3.424860715866089,3.424860715866089,3.4357728532992073,3.4357728532992073,0.48531581512592115,0.48531581512592115,0.48531581512592115,0.48531581512592115,0.9655589902975126,0.9655589902975126,0.485315815125921,0.485315815125921,1.0,0.0,0.0,1.0,1.0
0.17612999928460507,1.7817974362806785,gt-order-0,"ap_fixed<16,6,AP_RND,AP_SAT>",False,True,500.0,6.103515625e-05,-4.214419932180256,1.0,1.0,0.3764122724533081,0.0,3.424283027648926,3.424283027648926,3.435772853299207,3.435772853299207,0.6051426615766532,0.6051426615766532,0.6051426615766532,0.6051426615766532,0.9570553366917519,0.9570553366917519,0.6051426615766526,0.6051426615766526,1.0,0.0,0.0,1.0,1.0
0.21961736002054355,1.7817974362806785,gt-order-0,"ap_fixed<16,6,AP_RND,AP_SAT>",False,True,500.0,3.0517578125e-05,-4.515449920728757,1.0,1.0,0.4461134672164917,0.0,3.4239015579223633,3.4239015579223633,3.435772853299207,3.435772853299207,0.7545553869327875,0.7545553869327875,0.7545553869327875,0.7545553869327875,0.9464520862653659,0.9464520862653659,0.7545553869327868,0.7545553869327868,1.0,0.0,0.0,1.0,1.0
0.27384196342643613,1.7817974362806785,gt-order-0,"ap_fixed<16,6,AP_RND,AP_SAT>",False,True,500.0,1.52587890625e-05,-4.816479902161777,1.0,1.0,0.44997701048851013,0.0,3.42401385307312,3.42401385307312,3.4357728532992073,3.4357728532992073,0.9408588310807745,0.9408588310807745,0.9408588310807745,0.9408588310807745,0.9332308424329494,0.9332308424329494,0.940858831080774,0.940858831080774,1.0,0.0,0.0,1.0,1.0
0.34145488738336005,1.7817974362806785,gt-order-0,"ap_fixed<16,6,AP_RND,AP_SAT>",False,True,500.0,1.52587890625e-05,-4.816479902161777,1.0,0.8552849292755127,0.5743665099143982,0.0,3.4241740703582764,3.4241740703582764,3.435772853299207,3.435772853299207,1.1731614532001715,1.1731614532001715,1.1731614532001715,1.1731614532001715,0.9167452126369132,0.9287934350783141,1.1731614532001706,1.1731614532001706,1.0,0.0,0.0,1.0,1.0
0.42576177390469155,1.7817974362806785,gt-order-0,"ap_fixed<16,6,AP_RND,AP_SAT>",False,True,500.0,0.0,-12.0,1.0,0.6859495639801025,0.5812381505966187,0.0,3.424058437347412,3.424058437347412,3.435772853299207,3.435772853299207,1.4628206945111157,1.4628206945111157,1.4628206945111157,1.4628206945111157,0.8961892026543885,0.9287910288243509,1.4628206945111153,1.4628206945111153,1.0,0.0,0.0,1.0,1.0
0.5308844442309882,1.7817974362806785,gt-order-0,"ap_fixed<16,6,AP_RND,AP_SAT>",False,True,500.0,1.52587890625e-05,-4.816479902161777,1.0,0.5501306056976318,0.5812382102012634,0.0,3.4240036010742188,3.4240036010742188,3.4357728532992065,3.4357728532992065,1.8239983633857846,1.8239983633857846,1.8239983633857846,1.8239983633857846,0.8705578030371994,0.928789885782022,1.8239983633857841,1.8239983633857841,1.0,0.0,0.0,1.0,1.0
0.6619624174845152,1.7817974362806785,gt-order-0,"ap_fixed<16,6,AP_RND,AP_SAT>",False,True,500.0,0.0,-12.0,1.0,0.44033101201057434,0.5669467449188232,0.0,3.430736780166626,3.430736780166626,3.4357728532992073,3.4357728532992073,2.2743524092814758,2.2743524092814758,2.2743524092814758,2.2743524092814758,1.2743524092814755,1.2743524092814755,2.274352409281475,2.274352409281475,1.0,0.0,0.0,1.0,1.0
0.8254041852680182,1.7817974362806785,gt-order-0,"ap_fixed<16,6,AP_RND,AP_SAT>",False,True,500.0,0.0,-12.0,1.0,0.35284334421157837,0.6123723983764648,0.0,3.4336133003234863,3.4336133003234863,3.4357728532992073,3.4357728532992073,2.8359012305809124,2.8359012305809124,2.8359012305809124,2.8359012305809124,1.8359012305809121,1.8359012305809121,2.83590123058091,2.83590123058091,1.0,0.0,0.0,1.0,1.0
1.0292005271944276,1.7817974362806785,gt-order-0,"ap_fixed<16,6,AP_RND,AP_SAT>",False,True,500.0,0.0,-12.0,0.9716284871101379,0.28287020325660706,0.42640140652656555,0.0,3.434889554977417,3.434889554977417,3.435772853299207,3.435772853299207,3.53609932366966,3.5360993236696596,3.53609932366966,3.5360993236696596,2.536099323669662,2.5360993236696596,3.5360993236696574,3.4357748361283313,1.0,0.0,0.0,1.0,1.0
1.2833151855576512,1.7817974362806785,gt-order-0,"ap_fixed<16,6,AP_RND,AP_SAT>",False,True,500.0,0.0,-12.0,0.7792322635650635,0.2268240600824356,0.42640143632888794,0.0,3.435401678085327,3.435401678085327,3.4357728532992073,3.4357728532992073,4.409179463622155,4.409179463622153,4.409179463622155,4.409179463622153,3.4091794636221553,3.4091794636221535,4.40917946362215,3.435774893902881,1.0,0.0,0.0,1.0,1.0
1.600171999495828,1.7817974362806785,gt-order-0,"ap_fixed<16,6,AP_RND,AP_SAT>",False,True,500.0,0.0,-12.0,0.6249331831932068,0.18189352750778198,0.6123724579811096,0.0,3.435706615447998,3.435706615447998,3.4357728532992073,3.4357728532992073,5.497827665420958,5.497827665420956,5.497827665420958,5.497827665420956,4.497827665420959,4.497827665420956,5.497827665420954,3.4357749435991933,1.0,0.0,0.0,1.0,1.0
1.9952623149688795,1.7817974362806785,gt-order-0,"ap_fixed<16,6,AP_RND,AP_SAT>",False,True,500.0,0.0,-12.0,0.5011875629425049,0.14587217569351196,0.6285393834114075,0.0,3.4357974529266357,3.4357974529266357,3.435772853299207,3.435772853299207,6.855267926004939,6.855267926004936,6.855267926004939,6.855267926004936,5.855267926004939,5.855267926004935,6.8552679260049345,3.4357750251523327,1.0,0.0,0.0,1.0,1.0
0.01,1.8877486253633868,gt-order-0,"ap_fixed<16,6,AP_RND,AP_SAT>",False,True,500.0,0.021331787109375,-1.6709727591936776,1.0,1.0,0.8062630891799927,0.0,3.8494884967803955,3.8494884967803955,3.8565246392558548,3.8565246392558548,0.038565245530558116,0.038565245530558116,0.038565245530558116,0.038565245530558116,0.9972631718297482,0.9972631718297482,0.0385652455305581,0.0385652455305581,1.0,0.0,0.0,1.0,1.0
0.012469049049711741,1.8877486253633868,gt-order-0,"ap_fixed<16,6,AP_RND,AP_SAT>",False,True,500.0,0.01263427734375,-1.8984495938044446,1.0,1.0,0.7150483727455139,0.0,3.8485817909240723,3.8485817909240723,3.8565246392558548,3.8565246392558548,0.04808719319956185,0.04808719319956185,0.04808719319956185,0.04808719319956185,0.9965874355740164,0.9965874355740164,0.04808719319956182,0.04808719319956182,1.0,0.0,0.0,1.0,1.0
0.015547718420411735,1.8877486253633868,gt-order-0,"ap_fixed<16,6,AP_RND,AP_SAT>",False,True,500.0,0.0084686279296875,-2.0721869474497403,1.0,1.0,0.4405873417854309,0.0,3.848115921020508,3.848115921020508,3.8565246392558543,3.8565246392558543,0.05996016083988556,0.05996016083988556,0.05996016083988556,0.05996016083988556,0.9957448564109516,0.9957448564109516,0.05996016083988553,0.05996016083988553,1.0,0.0,0.0,1.0,1.0
0.019386526359522076,1.8877486253633868,gt-order-0,"ap_fixed<16,6,AP_RND,AP_SAT>",False,True,500.0,0.0064697265625,-2.1891140739638395,1.0,1.0,0.40918272733688354,0.0,3.8472018241882324,3.8472018241882324,3.8565246392558548,3.8565246392558548,0.07476461594906184,0.07476461594906184,0.07476461594906184,0.07476461594906184,0.9946942407794259,0.9946942407794259,0.07476461594906178,0.07476461594906178,1.0,0.0,0.0,1.0,1.0
0.024173154808041036,1.8877486253633868,gt-order-0,"ap_fixed<16,6,AP_RND,AP_SAT>",False,True,500.0,0.004150390625,-2.381911026484861,1.0,1.0,0.38855981826782227,0.0,3.8486924171447754,3.8486924171447754,3.856524639255854,3.856524639255854,0.09322436951270613,0.09322436951270613,0.09322436951270613,0.09322436951270613,0.9933842225784821,0.9933842225784821,0.0932243695127061,0.0932243695127061,1.0,0.0,0.0,1.0,1.0
0.03014162529877389,1.8877486253633868,gt-order-0,"ap_fixed<16,6,AP_RND,AP_SAT>",False,True,500.0,0.00262451171875,-2.580951483550674,1.0,1.0,0.36074721813201904,0.0,3.8466053009033203,3.8466053009033203,3.856524639255854,3.856524639255854,0.11624192161379342,0.11624192161379342,0.11624192161379342,0.11624192161379342,0.99175075482445,0.99175075482445,0.11624192161379335,0.11624192161379335,1.0,0.0,0.0,1.0,1.0
0.037583740428844416,1.8877486253633868,gt-order-0,"ap_fixed<16,6,AP_RND,AP_SAT>",False,True,500.0,0.0016632080078125,-2.779053432421957,1.0,1.0,0.36249539256095886,0.0,3.8468265533447266,3.8468265533447266,3.8565246392558543,3.8565246392558543,0.14494262817966275,0.14494262817966275,0.14494262817966275,0.14494262817966275,0.9897139753056114,0.9897139753056114,0.14494262817966264,0.14494262817966264,1.0,0.0,0.0,1.0,1.0
0.046863350287889544,1.8877486253633868,gt-order-0,"ap_fixed<16,6,AP_RND,AP_SAT>",False,True,500.0,0.0011138916015625,-2.953157070113354,1.0,1.0,0.42753785848617554,0.0,3.8453032970428467,3.8453032970428467,3.8565246392558548,3.8565246392558548,0.18072966787606928,0.18072966787606928,0.18072966787606928,0.18072966787606928,0.9871743057916849,0.9871743057916849,0.18072966787606912,0.18072966787606912,1.0,0.0,0.0,1.0,1.0
0.05843414133735175,1.8877486253633868,gt-order-0,"ap_fixed<16,6,AP_RND,AP_SAT>",False,True,500.0,0.000701904296875,-3.153722098323388,1.0,1.0,0.3648011088371277,0.0,3.845078706741333,3.845078706741333,3.856524639255854,3.856524639255854,0.2253527004413913,0.2253527004413913,0.2253527004413913,0.2253527004413913,0.9840075796140936,0.9840075796140936,0.22535270044139125,0.22535270044139125,1.0,0.0,0.0,1.0,1.0
0.07286181745132274,1.8877486253633868,gt-order-0,"ap_fixed<16,6,AP_RND,AP_SAT>",False,True,500.0,0.00042724609375,-3.3693218982649826,1.0,1.0,0.3989023268222809,0.0,3.8452916145324707,3.8452916145324707,3.8565246392558543,3.8565246392558543,0.2809934058625807,0.2809934058625807,0.2809934058625807,0.2809934058625807,0.9800589712773788,0.9800589712773788,0.28099340586258054,0.28099340586258054,1.0,0.0,0.0,1.0,1.0
0.09085175756516867,1.8877486253633868,gt-order-0,"ap_fixed<16,6,AP_RND,AP_SAT>",False,True,500.0,0.0002593994140625,-3.5860310075711945,1.0,1.0,0.3654523491859436,0.0,3.843810558319092,3.843810558319092,3.8565246392558543,3.8565246392558543,0.3503720276282444,0.3503720276282444,0.3503720276282444,0.3503720276282444,0.9751354354914836,0.9751354354914836,0.35037202762824404,0.35037202762824404,1.0,0.0,0.0,1.0,1.0
0.11328350213326084,1.8877486253633868,gt-order-0,"ap_fixed<16,6,AP_RND,AP_SAT>",False,True,500.0,0.0001373291015625,-3.8622374180219383,1.0,1.0,0.4299139678478241,0.0,3.844013214111328,3.844013214111328,3.856524639255854,3.856524639255854,0.43688060926169214,0.43688060926169214,0.43688060926169214,0.43688060926169214,0.968996251883917,0.968996251883917,0.4368806092616918,0.4368806092616918,1.0,0.0,0.0,1.0,1.0
0.1412537544622754,1.8877486253633868,gt-order-0,"ap_fixed<16,6,AP_RND,AP_SAT>",False,True,500.0,0.0001068115234375,-3.9713818865434534,1.0,1.0,0.4520062506198883,0.0,3.8435819149017334,3.8435819149017334,3.8565246392558548,3.8565246392558548,0.5447485846034367,0.5447485846034367,0.5447485846034367,0.5447485846034367,0.9613412736898996,0.9613412736898996,0.5447485846034363,0.5447485846034363,1.0,0.0,0.0,1.0,1.0
0.17612999928460507,1.8877486253633868,gt-order-0,"ap_fixed<16,6,AP_RND,AP_SAT>",False,True,500.0,6.103515625e-05,-4.214419932180256,1.0,1.0,0.3874584436416626,0.0,3.8437585830688477,3.8437585830688477,3.856524639255854,3.856524639255854,0.679249672280938,0.679249672280938,0.679249672280938,0.679249672280938,0.9517962452421055,0.9517962452421055,0.6792496722809378,0.6792496722809378,1.0,0.0,0.0,1.0,1.0
0.21961736002054355,1.8877486253633868,gt-order-0,"ap_fixed<16,6,AP_RND,AP_SAT>",False,True,500.0,3.0517578125e-05,-4.515449920728757,1.0,1.0,0.49147316813468933,0.0,3.8436367511749268,3.8436367511749268,3.856524639255854,3.856524639255854,0.8469597862371006,0.8469597862371006,0.8469597862371006,0.8469597862371006,0.9398944990455792,0.9398944990455792,0.8469597862371,0.8469597862371,1.0,0.0,0.0,1.0,1.0
0.27384196342643613,1.8877486253633868,gt-order-0,"ap_fixed<16,6,AP_RND,AP_SAT>",False,True,500.0,1.52587890625e-05,-4.816479902161777,1.0,0.9501042366027832,0.6461623311042786,0.0,3.8435161113739014,3.8435161113739014,3.8565246392558543,3.8565246392558543,1.0560783320236806,1.0560783320236806,1.0560783320236806,1.0560783320236806,0.9250541546070252,0.9287936347763568,1.0560783320236802,1.0560783320236802,1.0,0.0,0.0,1.0,1.0
0.34145488738336005,1.8877486253633868,gt-order-0,"ap_fixed<16,6,AP_RND,AP_SAT>",False,True,500.0,1.52587890625e-05,-4.816479902161777,1.0,0.7620253562927246,0.6236095428466797,0.0,3.8432376384735107,3.8432376384735107,3.8565246392558543,3.8565246392558543,1.3168292094010734,1.3168292094010734,1.3168292094010734,1.3168292094010734,0.906549660811985,0.9287884719845769,1.3168292094010727,1.3168292094010727,1.0,0.0,0.0,1.0,1.0
0.42576177390469155,1.8877486253633868,gt-order-0,"ap_fixed<16,6,AP_RND,AP_SAT>",False,True,500.0,0.0,-12.0,1.0,0.6111235618591309,0.6396021842956543,0.0,3.8433001041412354,3.8433001041412354,3.856524639255854,3.856524639255854,1.6419607151207072,1.6419607151207072,1.6419607151207072,1.6419607151207072,0.8834763197338136,0.928789633474793,1.641960715120707,1.641960715120707,1.0,0.0,0.0,1.0,1.0
0.5308844442309882,1.8877486253633868,gt-order-0,"ap_fixed<16,6,AP_RND,AP_SAT>",False,True,500.0,0.0,-12.0,1.0,0.48957499861717224,0.6804137825965881,0.0,3.8475189208984375,3.8475189208984375,3.8565246392558548,3.8565246392558548,2.047368941635632,2.047368941635632,2.047368941635632,2.047368941635632,1.0473689416356318,1.0473689416356318,2.04736894163563,2.04736894163563,1.0,0.0,0.0,1.0,1.0
0.6619624174845152,1.8877486253633868,gt-order-0,"ap_fixed<16,6,AP_RND,AP_SAT>",False,True,500.0,0.0,-12.0,1.0,0.39209601283073425,0.6565321683883667,0.0,3.85278058052063,3.85278058052063,3.8565246392558548,3.8565246392558548,2.552874267087379,2.552874267087379,2.552874267087379,2.552874267087379,1.5528742670873787,1.5528742670873787,2.5528742670873767,2.5528742670873767,1.0,0.0,0.0,1.0,1.0
0.8254041852680182,1.8877486253633868,gt-order-0,"ap_fixed<16,6,AP_RND,AP_SAT>",False,True,500.0,0.0,-12.0,1.0,0.3124898076057434,0.7372097373008728,0.0,3.8770151138305664,3.8770151138305664,3.8565246392558543,3.8565246392558543,3.1831915080559754,3.1831915080559754,3.1831915080559754,3.1831915080559754,2.183191508055975,2.183191508055975,3.183191508055973,3.183191508055973,1.0,0.0,0.0,1.0,1.0
1.0292005271944276,1.8877486253633868,gt-order-0,"ap_fixed<16,6,AP_RND,AP_SAT>",False,True,500.0,0.0,-12.0,0.9716284871101379,0.25198906660079956,0.6761233806610107,0.0,3.8558337688446045,3.8558337688446045,3.8565246392558548,3.8565246392558548,3.96913729482815,3.969137294828148,3.96913729482815,3.969137294828148,2.9691372948281485,2.9691372948281476,3.9691372948281463,3.8565268649062974,1.0,0.0,0.0,1.0,1.0
1.2833151855576512,1.8877486253633868,gt-order-0,"ap_fixed<16,6,AP_RND,AP_SAT>",False,True,500.0,0.0,-12.0,0.32150059938430786,0.19782541692256927,0.5494422912597656,0.0,3.9389872550964355,3.9389872550964355,3.8565246392558548,3.8565246392558548,4.949136618281249,4.949136618281246,4.949136618281249,4.949136618281246,3.949136618281246,3.9491366182812446,4.949136618281244,1.5911503892122463,1.0,0.0,0.0,1.0,1.0
1.600171999495828,1.8877486253633868,gt-order-0,"ap_fixed<16,6,AP_RND,AP_SAT>",False,True,500.0,0.0,-12.0,0.6249331831932068,0.16204895079135895,0.4364357888698578,0.0,3.8564445972442627,3.8564445972442627,3.8565246392558543,3.8565246392558543,6.171102910286595,6.171102910286594,6.171102910286595,6.171102910286594,5.171102910286595,5.1711029102865895,6.171102910286593,3.8565269855382627,1.0,0.0,0.0,1.0,1.0
1.9952623149688795,1.8877486253633868,gt-order-0,"ap_fixed<16,6,AP_RND,AP_SAT>",True,False,,119.41641235351562,,0.1304119974374771,0.1304119974374771,1.0,0.0,3.843106985092163,3.843106985092163,3.856524639255853,3.856524639255853,7.694778087542007,7.694778087542007,7.694778087542007,7.694778087542007,6.694778087542004,6.694778087541999,7.694778087542003,1.0034913802344827,1.0,0.0,0.0,1.0,1.0
0.01,2.0,gt-order-0,"ap_fixed<16,6,AP_RND,AP_SAT>",False,True,500.0,0.0180511474609375,-1.7434951859717096,1.0,1.0,0.7479783892631531,0.0,4.322088718414307,4.322088718414307,4.328802538629095,4.328802538629095,0.04328802441872818,0.04328802441872818,0.04328802441872818,0.04328802441872818,0.9969280142327634,0.9969280142327634,0.043288024418728165,0.043288024418728165,1.0,0.0,0.0,1.0,1.0
0.012469049049711741,2.0,gt-order-0,"ap_fixed<16,6,AP_RND,AP_SAT>",False,True,500.0,0.010406494140625,-1.982695555925487,1.0,1.0,0.45926332473754883,0.0,4.319056034088135,4.319056034088135,4.328802538629095,4.328802538629095,0.0539760492851349,0.0539760492851349,0.0539760492851349,0.0539760492851349,0.9961695259277331,0.9961695259277331,0.053976049285134865,0.053976049285134865,1.0,0.0,0.0,1.0,1.0
0.015547718420411735,2.0,gt-order-0,"ap_fixed<16,6,AP_RND,AP_SAT>",False,True,500.0,0.007720947265625,-2.112329413727651,1.0,1.0,0.4196525514125824,0.0,4.317896842956543,4.317896842956543,4.328802538629096,4.328802538629096,0.06730300483971205,0.06730300483971205,0.06730300483971205,0.06730300483971205,0.9952237627903757,0.9952237627903757,0.06730300483971197,0.06730300483971197,1.0,0.0,0.0,1.0,1.0
0.019386526359522076,2.0,gt-order-0,"ap_fixed<16,6,AP_RND,AP_SAT>",False,True,500.0,0.005340576171875,-2.2724118861921037,1.0,1.0,0.3895868957042694,0.0,4.3177361488342285,4.3177361488342285,4.328802538629095,4.328802538629095,0.0839204438176174,0.0839204438176174,0.0839204438176174,0.0839204438176174,0.9940444866114896,0.9940444866114896,0.08392044381761737,0.08392044381761737,1.0,0.0,0.0,1.0,1.0
0.024173154808041036,2.0,gt-order-0,"ap_fixed<16,6,AP_RND,AP_SAT>",False,True,500.0,0.0033721923828125,-2.4720876568098014,1.0,1.0,0.380549818277359,0.0,4.318610191345215,4.318610191345215,4.328802538629095,4.328802538629095,0.10464081657898265,0.10464081657898265,0.10464081657898265,0.10464081657898265,0.9925740408919289,0.9925740408919289,0.10464081657898257,0.10464081657898257,1.0,0.0,0.0,1.0,1.0
0.03014162529877389,2.0,gt-order-0,"ap_fixed<16,6,AP_RND,AP_SAT>",False,True,500.0,0.002197265625,-2.6581174383307973,1.0,1.0,0.37852349877357483,0.0,4.3155951499938965,4.3155951499938965,4.328802538629096,4.328802538629096,0.1304771452138336,0.1304771452138336,0.1304771452138336,0.1304771452138336,0.9907405353229018,0.9907405353229018,0.13047714521383347,0.13047714521383347,1.0,0.0,0.0,1.0,1.0
0.037583740428844416,2.0,gt-order-0,"ap_fixed<16,6,AP_RND,AP_SAT>",False,True,500.0,0.001556396484375,-2.807879758582743,1.0,1.0,0.42421990633010864,0.0,4.314884662628174,4.314884662628174,4.328802538629095,4.328802538629095,0.1626925990393164,0.1626925990393164,0.1626925990393164,0.1626925990393164,0.9884543276022708,0.9884543276022708,0.16269259903931632,0.16269259903931632,1.0,0.0,0.0,1.0,1.0
0.046863350287889544,2.0,gt-order-0,"ap_fixed<16,6,AP_RND,AP_SAT>",False,True,500.0,0.0009002685546875,-3.0456279184991493,1.0,1.0,0.39221668243408203,0.0,4.314995765686035,4.314995765686035,4.328802538629095,4.328802538629095,0.20286219285208063,0.20286219285208063,0.20286219285208063,0.20286219285208063,0.9856036449452192,0.9856036449452192,0.20286219285208051,0.20286219285208051,1.0,0.0,0.0,1.0,1.0
0.05843414133735175,2.0,gt-order-0,"ap_fixed<16,6,AP_RND,AP_SAT>",False,True,500.0,0.000579833984375,-3.236696333257891,1.0,1.0,0.4077273905277252,0.0,4.315923690795898,4.315923690795898,4.328802538629096,4.328802538629096,0.2529498533025964,0.2529498533025964,0.2529498533025964,0.2529498533025964,0.982049114977998,0.982049114977998,0.25294985330259606,0.25294985330259606,1.0,0.0,0.0,1.0,1.0
0.07286181745132274,2.0,gt-order-0,"ap_fixed<16,6,AP_RND,AP_SAT>",False,True,500.0,0.0003509521484375,-3.4547520933686315,1.0,1.0,0.41333332657814026,0.0,4.31497859954834,4.31497859954834,4.328802538629095,4.328802538629095,0.31540443337364016,0.31540443337364016,0.31540443337364016,0.31540443337364016,0.9776169519570864,0.9776169519570864,0.31540443337363994,0.31540443337363994,1.0,0.0,0.0,1.0,1.0
0.09085175756516867,2.0,gt-order-0,"ap_fixed<16,6,AP_RND,AP_SAT>",False,True,500.0,0.0002288818359375,-3.6403886696705565,1.0,1.0,0.38945677876472473,0.0,4.314401626586914,4.314401626586914,4.328802538629096,4.328802538629096,0.39327930313818116,0.39327930313818116,0.39327930313818116,0.39327930313818116,0.9720904698698468,0.9720904698698468,0.39327930313818077,0.39327930313818077,1.0,0.0,0.0,1.0,1.0
0.11328350213326084,2.0,gt-order-0,"ap_fixed<16,6,AP_RND,AP_SAT>",False,True,500.0,0.0001220703125,-3.913389940074015,1.0,1.0,0.3835020065307617,0.0,4.314613342285156,4.314613342285156,4.328802538629095,4.328802538629095,0.4903819027109222,0.4903819027109222,0.4903819027109222,0.4903819027109222,0.9651994692327259,0.9651994692327259,0.4903819027109219,0.4903819027109219,1.0,0.0,0.0,1.0,1.0
0.1412537544622754,2.0,gt-order-0,"ap_fixed<16,6,AP_RND,AP_SAT>",False,True,500.0,9.1552734375e-05,-4.038328675496402,1.0,1.0,0.4274653494358063,0.0,4.313847541809082,4.313847541809082,4.328802538629096,4.328802538629096,0.6114596110556623,0.6114596110556623,0.6114596110556623,0.6114596110556623,0.9566070466918679,0.9566070466918679,0.6114596110556617,0.6114596110556617,1.0,0.0,0.0,1.0,1.0
0.17612999928460507,2.0,gt-order-0,"ap_fixed<16,6,AP_RND,AP_SAT>",False,True,500.0,4.57763671875e-05,-4.339358666416729,1.0,1.0,0.43825048208236694,0.0,4.313877105712891,4.313877105712891,4.328802538629096,4.328802538629096,0.7624319771751974,0.7624319771751974,0.7624319771751974,0.7624319771751974,0.9458931144625047,0.9458931144625047,0.762431977175197,0.762431977175197,1.0,0.0,0.0,1.0,1.0
0.21961736002054355,2.0,gt-order-0,"ap_fixed<16,6,AP_RND,AP_SAT>",False,True,500.0,3.0517578125e-05,-4.515449920728757,1.0,1.0,0.4719291925430298,0.0,4.313820838928223,4.313820838928223,4.328802538629095,4.328802538629095,0.9506802148909287,0.9506802148909287,0.9506802148909287,0.9506802148909287,0.9325338559900863,0.9325338559900863,0.9506802148909285,0.9506802148909285,1.0,0.0,0.0,1.0,1.0
0.27384196342643613,2.0,gt-order-0,"ap_fixed<16,6,AP_RND,AP_SAT>",False,True,500.0,1.52587890625e-05,-4.816479902161777,1.0,0.8465370535850525,0.40414515137672424,0.0,4.3137407302856445,4.3137407302856445,4.328802538629095,4.328802538629095,1.1854078457378674,1.1854078457378674,1.1854078457378674,1.1854078457378674,0.9158761325013921,0.9287860290715488,1.1854078457378665,1.1854078457378665,1.0,0.0,0.0,1.0,1.0
0.34145488738336005,2.0,gt-order-0,"ap_fixed<16,6,AP_RND,AP_SAT>",False,True,500.0,1.52587890625e-05,-4.816479902161777,1.0,0.6789323091506958,0.559502899646759,0.0,4.313602924346924,4.313602924346924,4.328802538629095,4.328802538629095,1.4780908091634093,1.4780908091634093,1.4780908091634093,1.4780908091634093,0.8951055404027844,0.9287837623285478,1.478090809163408,1.478090809163408,1.0,0.0,0.0,1.0,1.0
0.42576177390469155,2.0,gt-order-0,"ap_fixed<16,6,AP_RND,AP_SAT>",False,True,500.0,0.0,-12.0,1.0,0.5444905161857605,0.6063390970230103,0.0,4.313631057739258,4.313631057739258,4.328802538629096,4.328802538629096,1.8430385844274686,1.8430385844274686,1.8430385844274686,1.8430385844274686,0.8692065906019965,0.928784229003185,1.8430385844274675,1.8430385844274675,1.0,0.0,0.0,1.0,1.0
0.5308844442309882,2.0,gt-order-0,"ap_fixed<16,6,AP_RND,AP_SAT>",False,True,500.0,0.0,-12.0,1.0,0.43578922748565674,0.5892556309700012,0.0,4.322385787963867,4.322385787963867,4.328802538629095,4.328802538629095,2.2980939319948965,2.2980939319948965,2.2980939319948965,2.2980939319948965,1.2980939319948965,1.2980939319948965,2.298093931994895,2.298093931994895,1.0,0.0,0.0,1.0,1.0
0.6619624174845152,2.0,gt-order-0,"ap_fixed<16,6,AP_RND,AP_SAT>",False,True,500.0,0.0,-12.0,1.0,0.3492155969142914,0.6488856673240662,0.0,4.325865745544434,4.325865745544434,4.328802538629095,4.328802538629095,2.865504474075158,2.865504474075158,2.865504474075158,2.865504474075158,1.865504474075158,1.865504474075158,2.8655044740751556,2.8655044740751556,1.0,0.0,0.0,1.0,1.0
0.8254041852680182,2.0,gt-order-0,"ap_fixed<16,6,AP_RND,AP_SAT>",False,True,500.0,0.0,-12.0,1.0,0.2799631953239441,0.6024640798568726,0.0,4.32745361328125,4.32745361328125,4.328802538629096,4.328802538629096,3.5730116542634427,3.5730116542634427,3.5730116542634427,3.5730116542634427,2.5730116542634427,2.5730116542634427,3.5730116542634396,3.5730116542634396,1.0,0.0,0.0,1.0,1.0
1.0292005271944276,2.0,gt-order-0,"ap_fixed<16,6,AP_RND,AP_SAT>",False,True,500.0,0.0,-12.0,0.9716284871101379,0.2244940996170044,0.6024640798568726,0.0,4.328077793121338,4.328077793121338,4.328802538629095,4.328802538629095,4.455205970455004,4.455205970455002,4.455205970455004,4.455205970455002,3.455205970455004,3.4552059704550024,4.455205970455,4.328805036837245,1.0,0.0,0.0,1.0,1.0
1.2833151855576512,2.0,gt-order-0,"ap_fixed<16,6,AP_RND,AP_SAT>",False,True,500.0,0.0,-12.0,0.7792322635650635,0.18002597987651825,0.6024640798568726,0.0,4.3284406661987305,4.3284406661987305,4.328802538629095,4.328802538629095,5.555218016543509,5.555218016543507,5.555218016543509,5.555218016543507,4.555218016543512,4.555218016543509,5.555218016543507,4.328805109628619,1.0,0.0,0.0,1.0,1.0
1.600171999495828,2.0,gt-order-0,"ap_fixed<16,6,AP_RND,AP_SAT>",True,False,,102.17828369140625,,0.1448773294687271,0.1448773294687271,0.9999998807907104,0.0,4.313530445098877,4.313530445098877,4.328802538629093,4.328802538629093,6.926828801318009,6.926828801318009,6.926828801318009,6.926828801318009,5.926828801318011,5.926828801318009,6.926828801318007,1.0035404584220171,1.0,0.0,0.0,1.0,1.0
1.9952623149688795,2.0,gt-order-0,"ap_fixed<16,6,AP_RND,AP_SAT>",True,False,,169.5306396484375,,0.11619089543819427,0.11619089543819427,1.0,0.0,4.313481330871582,4.313481330871582,4.328802538629094,4.328802538629094,8.637096358851899,8.637096358851899,8.637096358851899,8.637096358851899,7.6370963588519,7.637096358851899,8.637096358851899,1.0035519599209695,1.0,0.0,0.0,1.0,1.0
0.01,2.11892618871859,gt-order-0,"ap_fixed<16,6,AP_RND,AP_SAT>",False,True,500.0,0.0146026611328125,-1.8355679928171147,1.0,1.0,0.4971674382686615,0.0,4.8497748374938965,4.8497748374938965,4.858916566607182,4.858916566607182,0.048589164580019335,0.048589164580019335,0.048589164580019335,0.048589164580019335,0.9965518125843053,0.9965518125843053,0.0485891645800193,0.0485891645800193,1.0,0.0,0.0,1.0,1.0
0.012469049049711741,2.11892618871859,gt-order-0,"ap_fixed<16,6,AP_RND,AP_SAT>",False,True,500.0,0.00970458984375,-2.0130228149305336,1.0,1.0,0.44806021451950073,0.0,4.845530033111572,4.845530033111572,4.858916566607183,4.858916566607183,0.06058606686980125,0.06058606686980125,0.06058606686980125,0.06058606686980125,0.9957004382530009,0.9957004382530009,0.06058606686980122,0.06058606686980122,1.0,0.0,0.0,1.0,1.0
0.015547718420411735,2.11892618871859,gt-order-0,"ap_fixed<16,6,AP_RND,AP_SAT>",False,True,500.0,0.00732421875,-2.1352386931888163,1.0,1.0,0.44447994232177734,0.0,4.844052791595459,4.844052791595459,4.858916566607182,4.858916566607182,0.07554506870661865,0.07554506870661865,0.07554506870661865,0.07554506870661865,0.9946388550310847,0.9946388550310847,0.0755450687066186,0.0755450687066186,1.0,0.0,0.0,1.0,1.0
0.019386526359522076,2.11892618871859,gt-order-0,"ap_fixed<16,6,AP_RND,AP_SAT>",False,True,500.0,0.0046844482421875,-2.329341555053803,1.0,1.0,0.4225926995277405,0.0,4.842408657073975,4.842408657073975,4.858916566607183,4.858916566607183,0.0941975133085152,0.0941975133085152,0.0941975133085152,0.0941975133085152,0.9933151622838615,0.9933151622838615,0.09419751330851513,0.09419751330851513,1.0,0.0,0.0,1.0,1.0
0.024173154808041036,2.11892618871859,gt-order-0,"ap_fixed<16,6,AP_RND,AP_SAT>",False,True,500.0,0.0030517578125,-2.515449934817408,1.0,1.0,0.42272770404815674,0.0,4.843115329742432,4.843115329742432,4.858916566607183,4.858916566607183,0.11745534537131891,0.11745534537131891,0.11745534537131891,0.11745534537131891,0.9916646427795955,0.9916646427795955,0.11745534537131878,0.11745534537131878,1.0,0.0,0.0,1.0,1.0
0.03014162529877389,2.11892618871859,gt-order-0,"ap_fixed<16,6,AP_RND,AP_SAT>",False,True,500.0,0.0019989013671875,-2.699208634750668,1.0,1.0,0.44715166091918945,0.0,4.8431549072265625,4.8431549072265625,4.858916566607182,4.858916566607182,0.14645564374573755,0.14645564374573755,0.14645564374573755,0.14645564374573755,0.9896066023755176,0.9896066023755176,0.14645564374573738,0.14645564374573738,1.0,0.0,0.0,1.0,1.0
0.037583740428844416,2.11892618871859,gt-order-0,"ap_fixed<16,6,AP_RND,AP_SAT>",False,True,500.0,0.001129150390625,-2.947248210508102,1.0,1.0,0.3721041977405548,0.0,4.844550609588623,4.844550609588623,4.858916566607183,4.858916566607183,0.18261626805154849,0.18261626805154849,0.18261626805154849,0.18261626805154849,0.9870404209901672,0.9870404209901672,0.18261626805154835,0.18261626805154835,1.0,0.0,0.0,1.0,1.0
0.046863350287889544,2.11892618871859,gt-order-0,"ap_fixed<16,6,AP_RND,AP_SAT>",False,True,500.0,0.00079345703125,-3.1004765864415553,1.0,1.0,0.4091515839099884,0.0,4.843320369720459,4.843320369720459,4.858916566607181,4.858916566607181,0.22770511262437895,0.22770511262437895,0.22770511262437895,0.22770511262437895,0.9838406379153167,0.9838406379153167,0.22770511262437879,0.22770511262437879,1.0,0.0,0.0,1.0,1.0
0.05843414133735175,2.11892618871859,gt-order-0,"ap_fixed<16,6,AP_RND,AP_SAT>",False,True,500.0,0.00048828125,-3.311329951414358,1.0,1.0,0.4053630828857422,0.0,4.843273162841797,4.843273162841797,4.858916566607182,4.858916566607182,0.28392661059612073,0.28392661059612073,0.28392661059612073,0.28392661059612073,0.9798508129518021,0.9798508129518021,0.28392661059612045,0.28392661059612045,1.0,0.0,0.0,1.0,1.0
0.07286181745132274,2.11892618871859,gt-order-0,"ap_fixed<16,6,AP_RND,AP_SAT>",False,True,500.0,0.0002899169921875,-3.5377263281728744,1.0,1.0,0.39457398653030396,0.0,4.8423357009887695,4.8423357009887695,4.858916566607182,4.858916566607182,0.35402950650317083,0.35402950650317083,0.35402950650317083,0.35402950650317083,0.9748758781991704,0.9748758781991704,0.35402950650317067,0.35402950650317067,1.0,0.0,0.0,1.0,1.0
0.09085175756516867,2.11892618871859,gt-order-0,"ap_fixed<16,6,AP_RND,AP_SAT>",False,True,500.0,0.0001678466796875,-3.7750872428780267,1.0,1.0,0.44108596444129944,0.0,4.843020439147949,4.843020439147949,4.858916566607181,4.858916566607181,0.4414410923735527,0.4414410923735527,0.4414410923735527,0.4414410923735527,0.968672611833316,0.968672611833316,0.44144109237355267,0.44144109237355267,1.0,0.0,0.0,1.0,1.0
0.11328350213326084,2.11892618871859,gt-order-0,"ap_fixed<16,6,AP_RND,AP_SAT>",False,True,500.0,9.1552734375e-05,-4.038328675496402,1.0,1.0,0.5065320730209351,0.0,4.842545032501221,4.842545032501221,4.858916566607183,4.858916566607183,0.5504350752393169,0.5504350752393169,0.5504350752393169,0.5504350752393169,0.9609377251903223,0.9609377251903223,0.5504350752393162,0.5504350752393162,1.0,0.0,0.0,1.0,1.0
0.1412537544622754,2.11892618871859,gt-order-0,"ap_fixed<16,6,AP_RND,AP_SAT>",False,True,500.0,6.103515625e-05,-4.214419932180256,1.0,1.0,0.40601035952568054,0.0,4.842413902282715,4.842413902282715,4.858916566607182,4.858916566607182,0.6863402078188692,0.6863402078188692,0.6863402078188692,0.6863402078188692,0.9512930570438383,0.9512930570438383,0.6863402078188687,0.6863402078188687,1.0,0.0,0.0,1.0,1.0
0.17612999928460507,2.11892618871859,gt-order-0,"ap_fixed<16,6,AP_RND,AP_SAT>",False,True,500.0,4.57763671875e-05,-4.339358666416729,1.0,1.0,0.4534270763397217,0.0,4.842030048370361,4.842030048370361,4.858916566607182,4.858916566607182,0.8558009592141981,0.8558009592141981,0.8558009592141981,0.8558009592141981,0.9392670748013716,0.9392670748013716,0.8558009592141976,0.8558009592141976,1.0,0.0,0.0,1.0,1.0
0.21961736002054355,2.11892618871859,gt-order-0,"ap_fixed<16,6,AP_RND,AP_SAT>",False,True,500.0,1.52587890625e-05,-4.816479902161777,1.0,0.940317690372467,0.49446818232536316,0.0,4.84237813949585,4.84237813949585,4.858916566607181,4.858916566607181,1.0671024618143254,1.0671024618143254,1.0671024618143254,1.0671024618143254,0.9242718142637406,0.9287914472923828,1.0671024618143246,1.0671024618143246,1.0,0.0,0.0,1.0,1.0
0.27384196342643613,2.11892618871859,gt-order-0,"ap_fixed<16,6,AP_RND,AP_SAT>",False,True,500.0,1.52587890625e-05,-4.816479902161777,1.0,0.7541358470916748,0.5132648944854736,0.0,4.842285633087158,4.842285633087158,4.858916566607182,4.858916566607182,1.3305753192581402,1.3305753192581402,1.3305753192581402,1.3305753192581402,0.9055741519501848,0.9287900830936026,1.3305753192581398,1.3305753192581398,1.0,0.0,0.0,1.0,1.0
0.34145488738336005,2.11892618871859,gt-order-0,"ap_fixed<16,6,AP_RND,AP_SAT>",False,True,500.0,0.0,-12.0,1.0,0.6048140525817871,0.5222329497337341,0.0,4.842223167419434,4.842223167419434,4.858916566607183,4.858916566607183,1.6591008380503252,1.6591008380503252,1.6591008380503252,1.6591008380503252,0.8822599507404003,0.9287891636561222,1.6591008380503236,1.6591008380503236,1.0,0.0,0.0,1.0,1.0
0.42576177390469155,2.11892618871859,gt-order-0,"ap_fixed<16,6,AP_RND,AP_SAT>",False,True,500.0,0.0,-12.0,1.0,0.4844294488430023,0.8642416596412659,0.0,4.848448753356934,4.848448753356934,4.858916566607182,4.858916566607182,2.06874086559904,2.06874086559904,2.06874086559904,2.06874086559904,1.0687408655990394,1.0687408655990394,2.0687408655990387,2.0687408655990387,1.0,0.0,0.0,1.0,1.0
0.5308844442309882,2.11892618871859,gt-order-0,"ap_fixed<16,6,AP_RND,AP_SAT>",False,True,500.0,0.0,-12.0,1.0,0.3880018889904022,0.4472135901451111,0.0,4.854742050170898,4.854742050170898,4.858916566607182,4.858916566607182,2.5795232233729295,2.5795232233729295,2.5795232233729295,2.5795232233729295,1.5795232233729286,1.5795232233729286,2.5795232233729273,2.5795232233729273,1.0,0.0,0.0,1.0,1.0
0.6619624174845152,2.11892618871859,gt-order-0,"ap_fixed<16,6,AP_RND,AP_SAT>",False,True,500.0,0.0,-12.0,1.0,0.3058829605579376,0.7071067690849304,0.0,4.938685894012451,4.938685894012451,4.858916566607182,4.858916566607182,3.216420022979425,3.216420022979425,3.216420022979425,3.216420022979425,2.2164200229794244,2.2164200229794244,3.216420022979423,3.216420022979423,1.0,0.0,0.0,1.0,1.0
0.8254041852680182,2.11892618871859,gt-order-0,"ap_fixed<16,6,AP_RND,AP_SAT>",False,True,500.0,0.0,-12.0,1.0,0.24843686819076538,0.5669467449188232,0.0,4.876601696014404,4.876601696014404,4.858916566607182,4.858916566607182,4.010569982034635,4.010569982034635,4.010569982034635,4.010569982034635,3.010569982034635,3.010569982034635,4.010569982034633,4.010569982034633,1.0,0.0,0.0,1.0,1.0
1.0292005271944276,2.11892618871859,gt-order-0,"ap_fixed<16,6,AP_RND,AP_SAT>",False,True,500.0,0.0,-12.0,0.9716284871101379,0.19996988773345947,0.7276068925857544,0.0,4.858870983123779,4.858870983123779,4.858916566607183,4.858916566607183,5.0007996216770545,5.000799621677053,5.0007996216770545,5.000799621677053,4.000799621677053,4.000799621677051,5.000799621677051,4.858919370751023,1.0,0.0,0.0,1.0,1.0
1.2833151855576512,2.11892618871859,gt-order-0,"ap_fixed<16,6,AP_RND,AP_SAT>",False,True,500.0,0.0,-12.0,0.1829271912574768,0.1577811986207962,0.6488856673240662,0.0,4.938685894012451,4.938685894012451,4.858916566607183,4.858916566607183,6.235521396696987,6.235521396696983,6.235521396696987,6.235521396696983,5.235521396696986,5.2355213966969805,6.235521396696984,1.1406464151236781,1.0,0.0,0.0,1.0,1.0
1.600171999495828,2.11892618871859,gt-order-0,"ap_fixed<16,6,AP_RND,AP_SAT>",True,False,,145.96920776367188,,0.12906089425086975,0.12906089425086975,0.9999999403953552,0.0,4.842154502868652,4.842154502868652,4.858916566607178,4.858916566607178,7.775102448409383,7.77510244840938,7.775102448409383,7.77510244840938,6.775102448409386,6.775102448409381,7.775102448409383,1.0034616748838419,1.0,0.0,0.0,1.0,1.0
1.9952623149688795,2.11892618871859,gt-order-0,"ap_fixed<16,6,AP_RND,AP_SAT>",True,False,,240.32659912109375,,0.103505939245224,0.103505939245224,0.9999999403953552,0.0,4.842111110687256,4.842111110687256,4.858916566607179,4.858916566607179,9.694812875132603,9.6948128751326,9.694812875132603,9.6948128751326,8.6948128751326,8.694812875132596,9.694812875132603,1.0034707124472906,1.0,0.0,0.0,1.0,1.0
0.01,2.244924096618746,gt-order-0,"ap_fixed<16,6,AP_RND,AP_SAT>",False,True,500.0,0.01275634765625,-1.8942736531506374,1.0,1.0,0.4437077045440674,0.0,5.438907623291016,5.438907623291016,5.453949439811904,5.453949439811904,0.054539493179066346,0.054539493179066346,0.054539493179066346,0.054539493179066346,0.9961295404738504,0.9961295404738504,0.054539493179066326,0.054539493179066326,1.0,0.0,0.0,1.0,1.0
0.012469049049711741,2.244924096618746,gt-order-0,"ap_fixed<16,6,AP_RND,AP_SAT>",False,True,500.0,0.009552001953125,-2.0199055973678033,1.0,1.0,0.4170815348625183,0.0,5.442898750305176,5.442898750305176,5.453949439811904,5.453949439811904,0.06800556069142169,0.06800556069142169,0.06800556069142169,0.06800556069142169,0.9951739050939643,0.9951739050939643,0.06800556069142166,0.06800556069142166,1.0,0.0,0.0,1.0,1.0
0.015547718420411735,2.244924096618746,gt-order-0,"ap_fixed<16,6,AP_RND,AP_SAT>",False,True,500.0,0.0065155029296875,-2.1860520555320195,1.0,1.0,0.42539986968040466,0.0,5.440336227416992,5.440336227416992,5.453949439811904,5.453949439811904,0.0847964725273547,0.0847964725273547,0.0847964725273547,0.0847964725273547,0.9939823182111387,0.9939823182111387,0.08479647252735464,0.08479647252735464,1.0,0.0,0.0,1.0,1.0
0.019386526359522076,2.244924096618746,gt-order-0,"ap_fixed<16,6,AP_RND,AP_SAT>",False,True,500.0,0.003997802734375,-2.3981786391953204,1.0,1.0,0.4186861515045166,0.0,5.436923027038574,5.436923027038574,5.453949439811904,5.453949439811904,0.10573313369309076,0.10573313369309076,0.10573313369309076,0.10573313369309076,0.9924965233323957,0.9924965233323957,0.10573313369309069,0.10573313369309069,1.0,0.0,0.0,1.0,1.0
0.024173154808041036,2.244924096618746,gt-order-0,"ap_fixed<16,6,AP_RND,AP_SAT>",False,True,500.0,0.0025787353515625,-2.588593225841612,1.0,1.0,0.4265211522579193,0.0,5.439162254333496,5.439162254333496,5.453949439811903,5.453949439811903,0.13183916749945854,0.13183916749945854,0.13183916749945854,0.13183916749945854,0.9906438778209294,0.9906438778209294,0.1318391674994584,0.1318391674994584,1.0,0.0,0.0,1.0,1.0
0.03014162529877389,2.244924096618746,gt-order-0,"ap_fixed<16,6,AP_RND,AP_SAT>",False,True,500.0,0.0015411376953125,-2.8121585565592553,1.0,1.0,0.40632694959640503,0.0,5.436593532562256,5.436593532562256,5.453949439811904,5.453949439811904,0.16439090180181987,0.16439090180181987,0.16439090180181987,0.16439090180181987,0.9883338055635723,0.9883338055635723,0.16439090180181973,0.16439090180181973,1.0,0.0,0.0,1.0,1.0
0.037583740428844416,2.244924096618746,gt-order-0,"ap_fixed<16,6,AP_RND,AP_SAT>",False,True,500.0,0.0010833740234375,-2.9652215815037515,1.0,1.0,0.42412665486335754,0.0,5.436506748199463,5.436506748199463,5.453949439811904,5.453949439811904,0.20497983021259045,0.20497983021259045,0.20497983021259045,0.20497983021259045,0.9854533643371037,0.9854533643371037,0.2049798302125902,0.2049798302125902,1.0,0.0,0.0,1.0,1.0
0.046863350287889544,2.244924096618746,gt-order-0,"ap_fixed<16,6,AP_RND,AP_SAT>",False,True,500.0,0.0006103515625,-3.2144199385841885,1.0,1.0,0.3816472887992859,0.0,5.435750484466553,5.435750484466553,5.453949439811904,5.453949439811904,0.2555903470281668,0.2555903470281668,0.2555903470281668,0.2555903470281668,0.9818617292573811,0.9818617292573811,0.2555903470281665,0.2555903470281665,1.0,0.0,0.0,1.0,1.0
0.05843414133735175,2.244924096618746,gt-order-0,"ap_fixed<16,6,AP_RND,AP_SAT>",False,True,500.0,0.0004425048828125,-3.3540819317432975,1.0,1.0,0.4179106056690216,0.0,5.435952663421631,5.435952663421631,5.453949439811904,5.453949439811904,0.31869684477617727,0.31869684477617727,0.31869684477617727,0.31869684477617727,0.977383302137261,0.977383302137261,0.31869684477617694,0.31869684477617694,1.0,0.0,0.0,1.0,1.0
0.07286181745132274,2.244924096618746,gt-order-0,"ap_fixed<16,6,AP_RND,AP_SAT>",False,True,500.0,0.0002593994140625,-3.5860310075711945,1.0,1.0,0.39254507422447205,0.0,5.434900760650635,5.434900760650635,5.453949439811904,5.453949439811904,0.39738468487803386,0.39738468487803386,0.39738468487803386,0.39738468487803386,0.9717991266607039,0.9717991266607039,0.39738468487803347,0.39738468487803347,1.0,0.0,0.0,1.0,1.0
0.09085175756516867,2.244924096618746,gt-order-0,"ap_fixed<16,6,AP_RND,AP_SAT>",False,True,500.0,0.0001678466796875,-3.7750872428780267,1.0,1.0,0.386772483587265,0.0,5.435022830963135,5.435022830963135,5.453949439811903,5.453949439811903,0.49550087256218045,0.49550087256218045,0.49550087256218045,0.49550087256218045,0.9648361955596613,0.9648361955596613,0.4955008725621802,0.4955008725621802,1.0,0.0,0.0,1.0,1.0
0.11328350213326084,2.244924096618746,gt-order-0,"ap_fixed<16,6,AP_RND,AP_SAT>",False,True,500.0,9.1552734375e-05,-4.038328675496402,1.0,1.0,0.5018855929374695,0.0,5.435177803039551,5.435177803039551,5.453949439811904,5.453949439811904,0.6178424817758339,0.6178424817758339,0.6178424817758339,0.6178424817758339,0.9561540788177468,0.9561540788177468,0.6178424817758335,0.6178424817758335,1.0,0.0,0.0,1.0,1.0
0.1412537544622754,2.244924096618746,gt-order-0,"ap_fixed<16,6,AP_RND,AP_SAT>",False,True,500.0,6.103515625e-05,-4.214419932180256,1.0,1.0,0.48472607135772705,0.0,5.434667587280273,5.434667587280273,5.453949439811904,5.453949439811904,0.7703908352079202,0.7703908352079202,0.7703908352079202,0.7703908352079202,0.9453283048084217,0.9453283048084217,0.7703908352079198,0.7703908352079198,1.0,0.0,0.0,1.0,1.0
0.17612999928460507,2.244924096618746,gt-order-0,"ap_fixed<16,6,AP_RND,AP_SAT>",False,True,500.0,4.57763671875e-05,-4.339358666416729,1.0,1.0,0.6184417009353638,0.0,5.4349470138549805,5.4349470138549805,5.453949439811903,5.453949439811903,0.9606040972537052,0.9606040972537052,0.9606040972537052,0.9606040972537052,0.9318295960898058,0.9318295960898058,0.9606040972537048,0.9606040972537048,1.0,0.0,0.0,1.0,1.0
0.21961736002054355,2.244924096618746,gt-order-0,"ap_fixed<16,6,AP_RND,AP_SAT>",False,True,500.0,1.52587890625e-05,-4.816479902161777,1.0,0.8378397226333618,0.5177803635597229,0.0,5.434659957885742,5.434659957885742,5.453949439811903,5.453949439811903,1.1977820145814935,1.1977820145814935,1.1977820145814935,1.1977820145814935,0.9149979851597269,0.9287819354629477,1.1977820145814926,1.1977820145814926,1.0,0.0,0.0,1.0,1.0
0.27384196342643613,2.244924096618746,gt-order-0,"ap_fixed<16,6,AP_RND,AP_SAT>",False,True,500.0,1.52587890625e-05,-4.816479902161777,1.0,0.6718997955322266,0.5309786200523376,0.0,5.434948921203613,5.434948921203613,5.453949439811904,5.453949439811904,1.4935202977075857,1.4935202977075857,1.4935202977075857,1.4935202977075857,0.8940105687307831,0.9287857228016356,1.4935202977075848,1.4935202977075848,1.0,0.0,0.0,1.0,1.0
0.34145488738336005,2.244924096618746,gt-order-0,"ap_fixed<16,6,AP_RND,AP_SAT>",False,True,500.0,0.0,-12.0,1.0,0.538879930973053,0.6510307788848877,0.0,5.434688568115234,5.434688568115234,5.453949439811904,5.453949439811904,1.8622777243105448,1.8622777243105448,1.8622777243105448,1.8622777243105448,0.8678412625740882,0.9287823086984388,1.8622777243105442,1.8622777243105442,1.0,0.0,0.0,1.0,1.0
0.42576177390469155,2.244924096618746,gt-order-0,"ap_fixed<16,6,AP_RND,AP_SAT>",False,True,500.0,0.0,-12.0,1.0,0.4312533736228943,0.7431681752204895,0.0,5.446290969848633,5.446290969848633,5.453949439811904,5.453949439811904,2.322083108524805,2.322083108524805,2.322083108524805,2.322083108524805,1.3220831085248042,1.3220831085248042,2.3220831085248035,2.3220831085248035,1.0,0.0,0.0,1.0,1.0
0.5308844442309882,2.244924096618746,gt-order-0,"ap_fixed<16,6,AP_RND,AP_SAT>",False,True,500.0,0.0,-12.0,1.0,0.34559622406959534,0.7399516701698303,0.0,5.450433254241943,5.450433254241943,5.453949439811904,5.453949439811904,2.8954169198505517,2.8954169198505517,2.8954169198505517,2.8954169198505517,1.8954169198505508,1.8954169198505508,2.89541691985055,2.89541691985055,1.0,0.0,0.0,1.0,1.0
0.6619624174845152,2.244924096618746,gt-order-0,"ap_fixed<16,6,AP_RND,AP_SAT>",False,True,500.0,0.0,-12.0,1.0,0.27706068754196167,0.6201736927032471,0.0,5.452451229095459,5.452451229095459,5.453949439811904,5.453949439811904,3.610309405822448,3.610309405822448,3.610309405822448,3.610309405822448,2.610309405822447,2.610309405822447,3.610309405822443,3.610309405822443,1.0,0.0,0.0,1.0,1.0
0.8254041852680182,2.244924096618746,gt-order-0,"ap_fixed<16,6,AP_RND,AP_SAT>",False,True,500.0,0.0,-12.0,1.0,0.22216932475566864,0.6201736927032471,0.0,5.45317268371582,5.45317268371582,5.453949439811903,5.453949439811903,4.5017125951841,4.5017125951841,4.5017125951841,4.5017125951841,3.5017125951840997,3.5017125951840997,4.501712595184098,4.501712595184098,1.0,0.0,0.0,1.0,1.0
1.0292005271944276,2.244924096618746,gt-order-0,"ap_fixed<16,6,AP_RND,AP_SAT>",False,True,500.0,0.0,-12.0,0.8533729910850525,0.17816297709941864,0.4714045226573944,0.0,5.453590393066406,5.453590393066406,5.453949439811904,5.453949439811904,5.6132077843645165,5.613207784364512,5.6132077843645165,5.613207784364512,4.613207784364516,4.613207784364514,5.613207784364512,4.790159916525044,1.0,0.0,0.0,1.0,1.0
1.2833151855576512,2.244924096618746,gt-order-0,"ap_fixed<16,6,AP_RND,AP_SAT>",True,False,,125.32763671875,,0.1433868706226349,0.1433868706226349,1.0,0.0,5.434471130371094,5.434471130371094,5.4539494398118995,5.4539494398118995,6.999136116510317,6.999136116510317,6.999136116510317,6.999136116510317,5.999136116510319,5.999136116510318,6.999136116510314,1.0035842248082756,1.0,0.0,0.0,1.0,1.0
1.600171999495828,2.244924096618746,gt-order-0,"ap_fixed<16,6,AP_RND,AP_SAT>",True,False,,207.84437561035156,,0.11499397456645966,0.11499397456645966,1.0,0.0,5.434483051300049,5.434483051300049,5.4539494398118995,5.4539494398118995,8.727257416686312,8.727257416686312,8.727257416686312,8.727257416686312,7.72725741668631,7.72725741668631,8.727257416686308,1.0035820174093717,1.0,0.0,0.0,1.0,1.0
1.9952623149688795,2.244924096618746,gt-order-0,"ap_fixed<16,6,AP_RND,AP_SAT>",True,False,,339.8475646972656,,0.09222399443387985,0.09222399443387985,1.0,0.0,5.4344563484191895,5.4344563484191895,5.453949439811902,5.453949439811902,10.882059513594728,10.882059513594719,10.882059513594728,10.882059513594719,9.88205951359471,9.88205951359471,10.882059513594728,1.0035869960109094,1.0,0.0,0.0,1.0,1.0
0.01,2.378414230005442,gt-order-0,"ap_fixed<16,6,AP_RND,AP_SAT>",False,True,500.0,0.0133514404296875,-1.874471877568858,1.0,1.0,0.4336274564266205,0.0,6.108737468719482,6.108737468719482,6.121851249871462,6.121851249871462,0.061218511130374235,0.061218511130374235,0.061218511130374235,0.061218511130374235,0.995655556095269,0.995655556095269,0.06121851113037418,0.06121851113037418,1.0,0.0,0.0,1.0,1.0
0.012469049049711741,2.378414230005442,gt-order-0,"ap_fixed<16,6,AP_RND,AP_SAT>",False,True,500.0,0.0090789794921875,-2.0419629648473143,1.0,1.0,0.39717918634414673,0.0,6.106469631195068,6.106469631195068,6.121851249871462,6.121851249871462,0.07633366082897672,0.07633366082897672,0.07633366082897672,0.07633366082897672,0.9945828916549767,0.9945828916549767,0.07633366082897668,0.07633366082897668,1.0,0.0,0.0,1.0,1.0
0.015547718420411735,2.378414230005442,gt-order-0,"ap_fixed<16,6,AP_RND,AP_SAT>",False,True,500.0,0.00616455078125,-2.2100985654426437,1.0,1.0,0.4143041670322418,0.0,6.104948043823242,6.104948043823242,6.121851249871462,6.121851249871462,0.09518082209140914,0.09518082209140914,0.09518082209140914,0.09518082209140914,0.9932453806087888,0.9932453806087888,0.09518082209140906,0.09518082209140906,1.0,0.0,0.0,1.0,1.0
0.019386526359522076,2.378414230005442,gt-order-0,"ap_fixed<16,6,AP_RND,AP_SAT>",False,True,500.0,0.0038604736328125,-2.4133594093353836,1.0,1.0,0.42860135436058044,0.0,6.103711128234863,6.103711128234863,6.121851249871462,6.121851249871462,0.11868142963096437,0.11868142963096437,0.11868142963096437,0.11868142963096437,0.991577632254614,0.991577632254614,0.11868142963096429,0.11868142963096429,1.0,0.0,0.0,1.0,1.0
0.024173154808041036,2.378414230005442,gt-order-0,"ap_fixed<16,6,AP_RND,AP_SAT>",False,True,500.0,0.0023345947265625,-2.631788499620075,1.0,1.0,0.3700945973396301,0.0,6.101518630981445,6.101518630981445,6.121851249871461,6.121851249871461,0.14798446176398888,0.14798446176398888,0.14798446176398888,0.14798446176398888,0.9894981079899787,0.9894981079899787,0.1479844617639888,0.1479844617639888,1.0,0.0,0.0,1.0,1.0
0.03014162529877389,2.378414230005442,gt-order-0,"ap_fixed<16,6,AP_RND,AP_SAT>",False,True,500.0,0.0015716552734375,-2.8036427056421975,1.0,1.0,0.4181102514266968,0.0,6.099705219268799,6.099705219268799,6.121851249871462,6.121851249871462,0.1845225480670528,0.1845225480670528,0.1845225480670528,0.1845225480670528,0.9869051395659045,0.9869051395659045,0.18452254806705265,0.18452254806705265,1.0,0.0,0.0,1.0,1.0
0.037583740428844416,2.378414230005442,gt-order-0,"ap_fixed<16,6,AP_RND,AP_SAT>",False,True,500.0,0.0009765625,-3.0102999561950945,1.0,1.0,0.4014259874820709,0.0,6.101008415222168,6.101008415222168,6.121851249871462,6.121851249871462,0.23008207971738448,0.23008207971738448,0.23008207971738448,0.23008207971738448,0.9836719536238423,0.9836719536238423,0.23008207971738437,0.23008207971738437,1.0,0.0,0.0,1.0,1.0
0.046863350287889544,2.378414230005442,gt-order-0,"ap_fixed<16,6,AP_RND,AP_SAT>",False,True,500.0,0.0006866455078125,-3.1632674162158683,1.0,1.0,0.41411080956459045,0.0,6.101248741149902,6.101248741149902,6.121851249871462,6.121851249871462,0.2868904639980356,0.2868904639980356,0.2868904639980356,0.2868904639980356,0.9796404795767178,0.9796404795767178,0.28689046399803536,0.28689046399803536,1.0,0.0,0.0,1.0,1.0
0.05843414133735175,2.378414230005442,gt-order-0,"ap_fixed<16,6,AP_RND,AP_SAT>",False,True,500.0,0.0003662109375,-3.4362686877261797,1.0,1.0,0.41878145933151245,0.0,6.101253032684326,6.101253032684326,6.121851249871462,6.121851249871462,0.35772511260948153,0.35772511260948153,0.35772511260948153,0.35772511260948153,0.9746136151247483,0.9746136151247483,0.3577251126094813,0.3577251126094813,1.0,0.0,0.0,1.0,1.0
0.07286181745132274,2.378414230005442,gt-order-0,"ap_fixed<16,6,AP_RND,AP_SAT>",False,True,500.0,0.0002288818359375,-3.6403886696705565,1.0,1.0,0.4767969250679016,0.0,6.100624084472656,6.100624084472656,6.121851249871461,6.121851249871461,0.44604922664707874,0.44604922664707874,0.44604922664707874,0.44604922664707874,0.9683455901142373,0.9683455901142373,0.4460492266470787,0.4460492266470787,1.0,0.0,0.0,1.0,1.0
0.09085175756516867,2.378414230005442,gt-order-0,"ap_fixed<16,6,AP_RND,AP_SAT>",False,True,500.0,0.000152587890625,-3.816479927777507,1.0,1.0,0.4479515552520752,0.0,6.100464820861816,6.100464820861816,6.121851249871462,6.121851249871462,0.5561809234725507,0.5561809234725507,0.5561809234725507,0.5561809234725507,0.960529964249502,0.960529964249502,0.5561809234725501,0.5561809234725501,1.0,0.0,0.0,1.0,1.0
0.11328350213326084,2.378414230005442,gt-order-0,"ap_fixed<16,6,AP_RND,AP_SAT>",False,True,500.0,9.1552734375e-05,-4.038328675496402,1.0,1.0,0.40380674600601196,0.0,6.099830627441406,6.099830627441406,6.121851249871461,6.121851249871461,0.6935047365260356,0.6935047365260356,0.6935047365260356,0.6935047365260356,0.9507846177590569,0.9507846177590569,0.6935047365260353,0.6935047365260353,1.0,0.0,0.0,1.0,1.0
0.1412537544622754,2.378414230005442,gt-order-0,"ap_fixed<16,6,AP_RND,AP_SAT>",False,True,500.0,4.57763671875e-05,-4.339358666416729,1.0,1.0,0.608862578868866,0.0,6.099972724914551,6.099972724914551,6.121851249871463,6.121851249871463,0.8647344735138908,0.8647344735138908,0.8647344735138908,0.8647344735138908,0.9386330973540378,0.9386330973540378,0.8647344735138901,0.8647344735138901,1.0,0.0,0.0,1.0,1.0
0.17612999928460507,2.378414230005442,gt-order-0,"ap_fixed<16,6,AP_RND,AP_SAT>",False,True,500.0,3.0517578125e-05,-4.515449920728757,1.0,0.9307175278663635,0.5773503184318542,0.0,6.100266456604004,6.100266456604004,6.121851249871462,6.121851249871462,1.0782416409065678,1.0782416409065678,1.0782416409065678,1.0782416409065678,0.9234813091960383,0.9287827132593656,1.0782416409065667,1.0782416409065667,1.0,0.0,0.0,1.0,1.0
0.21961736002054355,2.378414230005442,gt-order-0,"ap_fixed<16,6,AP_RND,AP_SAT>",False,True,500.0,1.52587890625e-05,-4.816479902161777,1.0,0.746433675289154,0.5163977742195129,0.0,6.100172519683838,6.100172519683838,6.121851249871462,6.121851249871462,1.3444648513815636,1.3444648513815636,1.3444648513815636,1.3444648513815636,0.9045884648146557,0.9287816171266227,1.3444648513815631,1.3444648513815631,1.0,0.0,0.0,1.0,1.0
0.27384196342643613,2.378414230005442,gt-order-0,"ap_fixed<16,6,AP_RND,AP_SAT>",False,True,500.0,1.52587890625e-05,-4.816479902161777,1.0,0.5986566543579102,0.4824506342411041,0.0,6.0998921394348145,6.0998921394348145,6.121851249871462,6.121851249871462,1.6764198498959515,1.6764198498959515,1.6764198498959515,1.6764198498959515,0.8810308865052192,0.9287783485432876,1.67641984989595,1.67641984989595,1.0,0.0,0.0,1.0,1.0
0.34145488738336005,2.378414230005442,gt-order-0,"ap_fixed<16,6,AP_RND,AP_SAT>",False,True,500.0,0.0,-12.0,1.0,0.46858319640159607,0.49446815252304077,0.0,6.249999046325684,6.249999046325684,6.121851249871462,6.121851249871462,2.0903360656331045,2.0903360656331045,2.0903360656331045,2.0903360656331045,1.0903360656331038,1.0903360656331038,2.0903360656331023,2.0903360656331023,1.0,0.0,0.0,1.0,1.0
0.42576177390469155,2.378414230005442,gt-order-0,"ap_fixed<16,6,AP_RND,AP_SAT>",False,True,500.0,0.0,-12.0,1.0,0.38401085138320923,0.650791347026825,0.0,6.116314888000488,6.116314888000488,6.121851249871463,6.121851249871463,2.6064501582028328,2.6064501582028328,2.6064501582028328,2.6064501582028328,1.6064501582028323,1.6064501582028323,2.6064501582028297,2.6064501582028297,1.0,0.0,0.0,1.0,1.0
0.5308844442309882,2.378414230005442,gt-order-0,"ap_fixed<16,6,AP_RND,AP_SAT>",False,True,500.0,0.0,-12.0,1.0,0.301383912563324,0.43905705213546753,0.0,6.249999046325684,6.249999046325684,6.121851249871461,6.121851249871461,3.249995601407223,3.249995601407223,3.249995601407223,3.249995601407223,2.249995601407223,2.249995601407223,3.249995601407221,3.249995601407221,1.0,0.0,0.0,1.0,1.0
0.6619624174845152,2.378414230005442,gt-order-0,"ap_fixed<16,6,AP_RND,AP_SAT>",False,True,500.0,0.0,-12.0,0.7255327105522156,0.24170561134815216,0.43905705213546753,0.0,6.249999046325684,6.249999046325684,6.121851249871462,6.121851249871462,4.0524352842587215,4.052435284258721,4.0524352842587215,4.052435284258721,3.05243528425872,3.0524352842587175,4.052435284258718,2.9401743561256657,1.0,0.0,0.0,1.0,1.0
0.8254041852680182,2.378414230005442,gt-order-0,"ap_fixed<16,6,AP_RND,AP_SAT>",False,True,500.0,0.0,-12.0,0.5663742423057556,0.19384445250034332,0.5897678136825562,0.0,6.249999046325684,6.249999046325684,6.121851249871461,6.121851249871461,5.053001532471179,5.0530015324711774,5.053001532471179,5.0530015324711774,4.0530015324711774,4.053001532471173,5.053001532471174,2.8618899143231835,1.0,0.0,0.0,1.0,1.0
1.0292005271944276,2.378414230005442,gt-order-0,"ap_fixed<16,6,AP_RND,AP_SAT>",True,False,,107.35011291503906,,0.1592891365289688,0.1592891365289688,1.0,0.0,6.099775314331055,6.099775314331055,6.121851249871456,6.121851249871456,6.300612697224642,6.300612697224642,6.300612697224642,6.300612697224642,5.3006126972246435,5.300612697224639,6.300612697224642,1.0036191561443704,1.0,0.0,0.0,1.0,1.0
1.2833151855576512,2.378414230005442,gt-order-0,"ap_fixed<16,6,AP_RND,AP_SAT>",True,False,,179.46286010742188,,0.12774764001369476,0.12774764001369476,1.0,0.0,6.099774360656738,6.099774360656738,6.121851249871459,6.121851249871459,7.8562646492661505,7.8562646492661505,7.8562646492661505,7.8562646492661505,6.8562646492661505,6.8562646492661505,7.856264649266149,1.003619268266768,1.0,0.0,0.0,1.0,1.0
1.600171999495828,2.378414230005442,gt-order-0,"ap_fixed<16,6,AP_RND,AP_SAT>",True,False,,295.3115539550781,,0.10245251655578613,0.10245251655578613,1.0,0.0,6.099730968475342,6.099730968475342,6.121851249871458,6.121851249871458,9.796015220510311,9.79601522051031,9.796015220510311,9.79601522051031,8.796015220510302,8.796015220510302,9.796015220510311,1.0036264115600655,1.0,0.0,0.0,1.0,1.0
1.9952623149688795,2.378414230005442,gt-order-0,"ap_fixed<16,6,AP_RND,AP_SAT>",True,False,,479.9842224121094,,0.08216532319784164,0.08216532319784164,0.9999999403953552,0.0,6.0997419357299805,6.0997419357299805,6.121851249871456,6.121851249871456,12.21469879206893,12.21469879206893,12.21469879206893,12.21469879206893,11.214698792068926,11.21469879206892,12.21469879206893,1.0036246740146295,1.0,0.0,0.0,1.0,1.0
0.01,2.5198420997897464,gt-order-0,"ap_fixed<16,6,AP_RND,AP_SAT>",False,True,500.0,0.0130462646484375,-1.8845138158622377,1.0,1.0,0.38719236850738525,0.0,6.849979877471924,6.849979877471924,6.871545710751614,6.871545710751614,0.068715455571606,0.068715455571606,0.068715455571606,0.068715455571606,0.9951235265848666,0.9951235265848666,0.06871545557160591,0.06871545557160591,1.0,0.0,0.0,1.0,1.0
0.012469049049711741,2.5198420997897464,gt-order-0,"ap_fixed<16,6,AP_RND,AP_SAT>",False,True,500.0,0.008819580078125,-2.0545520921539278,1.0,1.0,0.4000330865383148,0.0,6.8511247634887695,6.8511247634887695,6.871545710751613,6.871545710751613,0.08568163750570332,0.08568163750570332,0.08568163750570332,0.08568163750570332,0.9939195014573358,0.9939195014573358,0.0856816375057033,0.0856816375057033,1.0,0.0,0.0,1.0,1.0
0.015547718420411735,2.5198420997897464,gt-order-0,"ap_fixed<16,6,AP_RND,AP_SAT>",False,True,500.0,0.00567626953125,-2.245936990665291,1.0,1.0,0.38921624422073364,0.0,6.854560375213623,6.854560375213623,6.871545710751614,6.871545710751614,0.10683686079464405,0.10683686079464405,0.10683686079464405,0.10683686079464405,0.9924181960653888,0.9924181960653888,0.10683686079464398,0.10683686079464398,1.0,0.0,0.0,1.0,1.0
0.019386526359522076,2.5198420997897464,gt-order-0,"ap_fixed<16,6,AP_RND,AP_SAT>",False,True,500.0,0.00360107421875,-2.443567927532991,1.0,1.0,0.38259512186050415,0.0,6.8508076667785645,6.8508076667785645,6.871545710751613,6.871545710751613,0.13321540093670944,0.13321540093670944,0.13321540093670944,0.13321540093670944,0.9905462118274502,0.9905462118274502,0.13321540093670936,0.13321540093670936,1.0,0.0,0.0,1.0,1.0
0.024173154808041036,2.5198420997897464,gt-order-0,"ap_fixed<16,6,AP_RND,AP_SAT>",False,True,500.0,0.00213623046875,-2.670351894742162,1.0,1.0,0.36234337091445923,0.0,6.847853183746338,6.847853183746338,6.871545710751613,6.871545710751613,0.16610694248959007,0.16610694248959007,0.16610694248959007,0.16610694248959007,0.9882120247565627,0.9882120247565627,0.16610694248959,0.16610694248959,1.0,0.0,0.0,1.0,1.0
0.03014162529877389,2.5198420997897464,gt-order-0,"ap_fixed<16,6,AP_RND,AP_SAT>",False,True,500.0,0.0015869140625,-2.7994465910512463,1.0,1.0,0.4397759437561035,0.0,6.8488898277282715,6.8488898277282715,6.871545710751613,6.871545710751613,0.20711955778633756,0.20711955778633756,0.20711955778633756,0.20711955778633756,0.9853015161014714,0.9853015161014714,0.20711955778633748,0.20711955778633748,1.0,0.0,0.0,1.0,1.0
0.037583740428844416,2.5198420997897464,gt-order-0,"ap_fixed<16,6,AP_RND,AP_SAT>",False,True,500.0,0.0009002685546875,-3.0456279184991493,1.0,1.0,0.3809528946876526,0.0,6.847085475921631,6.847085475921631,6.871545710751615,6.871545710751615,0.25825840313189585,0.25825840313189585,0.25825840313189585,0.25825840313189585,0.9816723875781455,0.9816723875781455,0.2582584031318956,0.2582584031318956,1.0,0.0,0.0,1.0,1.0
0.046863350287889544,2.5198420997897464,gt-order-0,"ap_fixed<16,6,AP_RND,AP_SAT>",False,True,500.0,0.0005645751953125,-3.248278205787463,1.0,1.0,0.37532880902290344,0.0,6.847521781921387,6.847521781921387,6.871545710751613,6.871545710751613,0.32202365867394017,0.32202365867394017,0.32202365867394017,0.32202365867394017,0.9771472109512371,0.9771472109512371,0.3220236586739398,0.3220236586739398,1.0,0.0,0.0,1.0,1.0
0.05843414133735175,2.5198420997897464,gt-order-0,"ap_fixed<16,6,AP_RND,AP_SAT>",False,True,500.0,0.000335693359375,-3.474057248507769,1.0,1.0,0.36585453152656555,0.0,6.84740686416626,6.84740686416626,6.871545710751613,6.871545710751613,0.40153286364666785,0.40153286364666785,0.40153286364666785,0.40153286364666785,0.971504746369104,0.971504746369104,0.4015328636466675,0.4015328636466675,1.0,0.0,0.0,1.0,1.0
0.07286181745132274,2.5198420997897464,gt-order-0,"ap_fixed<16,6,AP_RND,AP_SAT>",False,True,500.0,0.000244140625,-3.612359946188904,1.0,1.0,0.5021089315414429,0.0,6.847433567047119,6.847433567047119,6.871545710751613,6.871545710751613,0.5006733298551095,0.5006733298551095,0.5006733298551095,0.5006733298551095,0.9644691261609889,0.9644691261609889,0.5006733298551094,0.5006733298551094,1.0,0.0,0.0,1.0,1.0
0.09085175756516867,2.5198420997897464,gt-order-0,"ap_fixed<16,6,AP_RND,AP_SAT>",False,True,500.0,0.0001373291015625,-3.8622374180219383,1.0,1.0,0.42987561225891113,0.0,6.846880912780762,6.846880912780762,6.871545710751614,6.871545710751614,0.6242919801702014,0.6242919801702014,0.6242919801702014,0.6242919801702014,0.9556963827241346,0.9556963827241346,0.6242919801702009,0.6242919801702009,1.0,0.0,0.0,1.0,1.0
0.11328350213326084,2.5198420997897464,gt-order-0,"ap_fixed<16,6,AP_RND,AP_SAT>",False,True,500.0,6.103515625e-05,-4.214419932180256,1.0,1.0,0.40305188298225403,0.0,6.8470916748046875,6.8470916748046875,6.871545710751614,6.871545710751614,0.7784327490416346,0.7784327490416346,0.7784327490416346,0.7784327490416346,0.9447576011161666,0.9447576011161666,0.7784327490416341,0.7784327490416341,1.0,0.0,0.0,1.0,1.0
0.1412537544622754,2.5198420997897464,gt-order-0,"ap_fixed<16,6,AP_RND,AP_SAT>",False,True,500.0,3.0517578125e-05,-4.515449920728757,1.0,1.0,0.49518758058547974,0.0,6.846932411193848,6.846932411193848,6.871545710751613,6.871545710751613,0.9706316308384972,0.9706316308384972,0.9706316308384972,0.9706316308384972,0.93111798060133,0.93111798060133,0.9706316308384966,0.9706316308384966,1.0,0.0,0.0,1.0,1.0
0.17612999928460507,2.5198420997897464,gt-order-0,"ap_fixed<16,6,AP_RND,AP_SAT>",False,True,500.0,3.0517578125e-05,-4.515449920728757,1.0,0.8292394876480103,0.7723748683929443,0.0,6.846785545349121,6.846785545349121,6.871545710751614,6.871545710751614,1.2102853238848095,1.2102853238848095,1.2102853238848095,1.2102853238848095,0.9141106733913654,0.9287771788086229,1.210285323884809,1.210285323884809,1.0,0.0,0.0,1.0,1.0
0.21961736002054355,2.5198420997897464,gt-order-0,"ap_fixed<16,6,AP_RND,AP_SAT>",False,True,500.0,1.52587890625e-05,-4.816479902161777,1.0,0.665054976940155,0.6696495413780212,0.0,6.846612453460693,6.846612453460693,6.871545710751613,6.871545710751613,1.5091107747776895,1.5091107747776895,1.5091107747776895,1.5091107747776895,0.8929041725405347,0.9287753869385579,1.5091107747776888,1.5091107747776888,1.0,0.0,0.0,1.0,1.0
0.27384196342643613,2.5198420997897464,gt-order-0,"ap_fixed<16,6,AP_RND,AP_SAT>",False,True,500.0,1.52587890625e-05,-4.816479902161777,1.0,0.5333157777786255,0.4815434217453003,0.0,6.847239971160889,6.847239971160889,6.871545710751613,6.871545710751613,1.8817176632988692,1.8817176632988692,1.8817176632988692,1.8817176632988692,0.8817176632988688,0.9287819096075284,1.8817176632988688,1.8817176632988688,1.0,0.0,0.0,1.0,1.0
0.34145488738336005,2.5198420997897464,gt-order-0,"ap_fixed<16,6,AP_RND,AP_SAT>",False,True,500.0,0.0,-12.0,1.0,0.42680394649505615,0.5996253490447998,0.0,6.86180305480957,6.86180305480957,6.871545710751613,6.871545710751613,2.346322907818473,2.346322907818473,2.346322907818473,2.346322907818473,1.3463229078184722,1.3463229078184722,2.3463229078184713,2.3463229078184713,1.0,0.0,0.0,1.0,1.0
0.42576177390469155,2.5198420997897464,gt-order-0,"ap_fixed<16,6,AP_RND,AP_SAT>",False,True,500.0,0.0,-12.0,1.0,0.34201064705848694,0.6108472347259521,0.0,6.867421627044678,6.867421627044678,6.871545710751613,6.871545710751613,2.9256413907905054,2.9256413907905054,2.9256413907905054,2.9256413907905054,1.9256413907905048,1.9256413907905048,2.9256413907905037,2.9256413907905037,1.0,0.0,0.0,1.0,1.0
0.5308844442309882,2.5198420997897464,gt-order-0,"ap_fixed<16,6,AP_RND,AP_SAT>",False,True,500.0,0.0,-12.0,0.7505345344543457,0.2742020785808563,0.43685200810432434,0.0,6.869565010070801,6.869565010070801,6.871545710751613,6.871545710751613,3.647996728976439,3.647996728976438,3.647996728976439,3.647996728976438,2.6479967289764383,2.6479967289764366,3.647996728976436,2.737947526673305,1.0,0.0,0.0,1.0,1.0
0.6619624174845152,2.5198420997897464,gt-order-0,"ap_fixed<16,6,AP_RND,AP_SAT>",False,True,500.0,0.0,-12.0,0.21772629022598267,0.21772629022598267,0.6108472347259521,0.0,6.938343524932861,6.938343524932861,6.871545710751613,6.871545710751613,4.548704821312213,4.548704821312212,4.548704821312213,4.548704821312212,3.548704821312212,3.548704821312211,4.548704821312207,0.9903726260773483,1.0,0.0,0.0,1.0,1.0
0.8254041852680182,2.5198420997897464,gt-order-0,"ap_fixed<16,6,AP_RND,AP_SAT>",False,True,500.0,0.0,-12.0,0.17302025854587555,0.17302025854587555,0.7001399993896484,0.0,7.002230644226074,7.002230644226074,6.871545710751614,6.871545710751614,5.671802464589892,5.671802464589889,5.671802464589892,5.671802464589889,4.671802464589893,4.671802464589888,5.671802464589891,0.981336728844477,1.0,0.0,0.0,1.0,1.0
1.0292005271944276,2.5198420997897464,gt-order-0,"ap_fixed<16,6,AP_RND,AP_SAT>",True,False,,154.66323852539062,,0.1419164389371872,0.1419164389371872,1.0,0.0,6.8464789390563965,6.8464789390563965,6.871545710751608,6.871545710751608,7.07219865161379,7.07219865161379,7.07219865161379,7.07219865161379,6.07219865161379,6.07219865161379,7.07219865161379,1.003661248093406,1.0,0.0,0.0,1.0,1.0
1.2833151855576512,2.5198420997897464,gt-order-0,"ap_fixed<16,6,AP_RND,AP_SAT>",True,False,,256.2655944824219,,0.11381536722183228,0.11381536722183228,1.0,0.0,6.846455097198486,6.846455097198486,6.871545710751612,6.871545710751612,8.81835893257417,8.818358932574169,8.81835893257417,8.818358932574169,7.8183589325741645,7.8183589325741645,8.81835893257417,1.003664760204854,1.0,0.0,0.0,1.0,1.0
1.600171999495828,2.5198420997897464,gt-order-0,"ap_fixed<16,6,AP_RND,AP_SAT>",True,False,,418.76971435546875,,0.09127912670373917,0.09127912670373917,1.0,0.0,6.846393585205078,6.846393585205078,6.87154571075161,6.87154571075161,10.995655337487744,10.995655337487742,10.995655337487744,10.995655337487742,9.995655337487731,9.995655337487731,10.995655337487744,1.0036738167411896,1.0,0.0,0.0,1.0,1.0
1.9952623149688795,2.5198420997897464,gt-order-0,"ap_fixed<16,6,AP_RND,AP_SAT>",True,False,,677.136474609375,,0.07320430874824524,0.07320430874824524,1.0,0.0,6.84641695022583,6.84641695022583,6.871545710751612,6.871545710751612,13.710535860296597,13.71053586029659,13.710535860296597,13.71053586029659,12.710535860296593,12.710535860296593,13.710535860296597,1.00367030022104,1.0,0.0,0.0,1.0,1.0
0.01,2.6696797083400687,gt-order-0,"ap_fixed<16,6,AP_RND,AP_SAT>",False,True,500.0,0.0125885009765625,-1.9000259820392746,1.0,1.0,0.35726192593574524,0.0,7.689119338989258,7.689119338989258,7.713049266006543,7.713049266006543,0.07713049093606457,0.07713049093606457,0.07713049093606457,0.07713049093606457,0.9945263436717126,0.9945263436717126,0.07713049093606449,0.07713049093606449,1.0,0.0,0.0,1.0,1.0
0.012469049049711741,2.6696797083400687,gt-order-0,"ap_fixed<16,6,AP_RND,AP_SAT>",False,True,500.0,0.008270263671875,-2.0824806440327994,1.0,1.0,0.3765872120857239,0.0,7.687375545501709,7.687375545501709,7.713049266006542,7.713049266006542,0.09617438624319617,0.09617438624319617,0.09617438624319617,0.09617438624319617,0.9931748711632653,0.9931748711632653,0.09617438624319607,0.09617438624319607,1.0,0.0,0.0,1.0,1.0
0.015547718420411735,2.6696797083400687,gt-order-0,"ap_fixed<16,6,AP_RND,AP_SAT>",False,True,500.0,0.005462646484375,-2.262596903900322,1.0,1.0,0.4092649817466736,0.0,7.685301780700684,7.685301780700684,7.713049266006541,7.713049266006541,0.1199203214853443,0.1199203214853443,0.1199203214853443,0.1199203214853443,0.9914897128408965,0.9914897128408965,0.11992032148534422,0.11992032148534422,1.0,0.0,0.0,1.0,1.0
0.019386526359522076,2.6696797083400687,gt-order-0,"ap_fixed<16,6,AP_RND,AP_SAT>",False,True,500.0,0.0032958984375,-2.482026179341,1.0,1.0,0.39614760875701904,0.0,7.688164234161377,7.688164234161377,7.713049266006541,7.713049266006541,0.14952923165569187,0.14952923165569187,0.14952923165569187,0.14952923165569187,0.989388481582535,0.989388481582535,0.1495292316556918,0.1495292316556918,1.0,0.0,0.0,1.0,1.0
0.024173154808041036,2.6696797083400687,gt-order-0,"ap_fixed<16,6,AP_RND,AP_SAT>",False,True,500.0,0.0019989013671875,-2.699208634750668,1.0,1.0,0.3496518135070801,0.0,7.688039302825928,7.688039302825928,7.713049266006542,7.713049266006542,0.18644873872312293,0.18644873872312293,0.18644873872312293,0.18644873872312293,0.986768445186495,0.986768445186495,0.18644873872312281,0.18644873872312281,1.0,0.0,0.0,1.0,1.0
0.03014162529877389,2.6696797083400687,gt-order-0,"ap_fixed<16,6,AP_RND,AP_SAT>",False,True,500.0,0.0011749267578125,-2.929989205081582,1.0,1.0,0.4188997149467468,0.0,7.687811374664307,7.687811374664307,7.713049266006541,7.713049266006541,0.2324838428506608,0.2324838428506608,0.2324838428506608,0.2324838428506608,0.983501509685722,0.983501509685722,0.23248384285066062,0.23248384285066062,1.0,0.0,0.0,1.0,1.0
0.037583740428844416,2.6696797083400687,gt-order-0,"ap_fixed<16,6,AP_RND,AP_SAT>",False,True,500.0,0.0008392333984375,-3.076117240611966,1.0,1.0,0.3957414925098419,0.0,7.685852527618408,7.685852527618408,7.713049266006543,7.713049266006543,0.28988525588933456,0.28988525588933456,0.28988525588933456,0.28988525588933456,0.979427950657137,0.979427950657137,0.28988525588933434,0.28988525588933434,1.0,0.0,0.0,1.0,1.0
0.046863350287889544,2.6696797083400687,gt-order-0,"ap_fixed<16,6,AP_RND,AP_SAT>",False,True,500.0,0.0005340576171875,-3.2724118854602255,1.0,1.0,0.4071912467479706,0.0,7.685676097869873,7.685676097869873,7.713049266006541,7.713049266006541,0.3614593351661045,0.3614593351661045,0.3614593351661045,0.3614593351661045,0.9743486116406198,0.9743486116406198,0.3614593351661044,0.3614593351661044,1.0,0.0,0.0,1.0,1.0
0.05843414133735175,2.6696797083400687,gt-order-0,"ap_fixed<16,6,AP_RND,AP_SAT>",False,True,500.0,0.0002899169921875,-3.5377263281728744,1.0,1.0,0.420590341091156,0.0,7.685257911682129,7.685257911682129,7.713049266006543,7.713049266006543,0.45070540015205407,0.45070540015205407,0.45070540015205407,0.45070540015205407,0.9680151592995728,0.9680151592995728,0.45070540015205374,0.45070540015205374,1.0,0.0,0.0,1.0,1.0
0.07286181745132274,2.6696797083400687,gt-order-0,"ap_fixed<16,6,AP_RND,AP_SAT>",False,True,500.0,0.000213623046875,-3.6703518929124668,1.0,1.0,0.5071428418159485,0.0,7.685124397277832,7.685124397277832,7.713049266006543,7.713049266006543,0.5619868108140122,0.5619868108140122,0.5619868108140122,0.5619868108140122,0.9601179426437688,0.9601179426437688,0.5619868108140117,0.5619868108140117,1.0,0.0,0.0,1.0,1.0
0.09085175756516867,2.6696797083400687,gt-order-0,"ap_fixed<16,6,AP_RND,AP_SAT>",False,True,500.0,0.0001220703125,-3.913389940074015,1.0,1.0,0.47509074211120605,0.0,7.684822082519531,7.684822082519531,7.713049266006543,7.713049266006543,0.7007440541203726,0.7007440541203726,0.7007440541203726,0.7007440541203726,0.9502708710939558,0.9502708710939558,0.700744054120372,0.700744054120372,1.0,0.0,0.0,1.0,1.0
0.11328350213326084,2.6696797083400687,gt-order-0,"ap_fixed<16,6,AP_RND,AP_SAT>",False,True,500.0,7.62939453125e-05,-4.117509920595296,1.0,1.0,0.6940011382102966,0.0,7.684640884399414,7.684640884399414,7.713049266006543,7.713049266006543,0.8737612171067555,0.8737612171067555,0.8737612171067555,0.8737612171067555,0.9379925039062265,0.9379925039062265,0.8737612171067549,0.8737612171067549,1.0,0.0,0.0,1.0,1.0
0.1412537544622754,2.6696797083400687,gt-order-0,"ap_fixed<16,6,AP_RND,AP_SAT>",False,True,500.0,4.57763671875e-05,-4.339358666416729,1.0,0.9212412238121033,0.49447759985923767,0.0,7.684694766998291,7.684694766998291,7.713049266006541,7.713049266006541,1.0894971674404714,1.0894971674404714,1.0894971674404714,1.0894971674404714,0.9226825475523615,0.9287719754851027,1.0894971674404703,1.0894971674404703,1.0,0.0,0.0,1.0,1.0
0.17612999928460507,2.6696797083400687,gt-order-0,"ap_fixed<16,6,AP_RND,AP_SAT>",False,True,500.0,1.52587890625e-05,-4.816479902161777,1.0,0.7388317584991455,0.43686583638191223,0.0,7.684597015380859,7.684597015380859,7.713049266006542,7.713049266006542,1.3584993423593412,1.3584993423593412,1.3584993423593412,1.3584993423593412,0.9035924906993796,0.9287710703708995,1.3584993423593408,1.3584993423593408,1.0,0.0,0.0,1.0,1.0
0.21961736002054355,2.6696797083400687,gt-order-0,"ap_fixed<16,6,AP_RND,AP_SAT>",False,True,500.0,1.52587890625e-05,-4.816479902161777,1.0,0.5925652384757996,0.4914437532424927,0.0,7.684173107147217,7.684173107147217,7.713049266006541,7.713049266006541,1.6939195697278493,1.6939195697278493,1.6939195697278493,1.6939195697278493,0.8797889983594532,0.9287671391454538,1.6939195697278484,1.6939195697278484,1.0,0.0,0.0,1.0,1.0
0.27384196342643613,2.6696797083400687,gt-order-0,"ap_fixed<16,6,AP_RND,AP_SAT>",False,True,500.0,0.0,-12.0,1.0,0.4745076894760132,0.7085723280906677,0.0,7.695851802825928,7.695851802825928,7.713049266006541,7.713049266006541,2.1121566606229214,2.1121566606229214,2.1121566606229214,2.1121566606229214,1.1121566606229207,1.1121566606229207,2.1121566606229205,2.1121566606229205,1.0,0.0,0.0,1.0,1.0
0.34145488738336005,2.6696797083400687,gt-order-0,"ap_fixed<16,6,AP_RND,AP_SAT>",False,True,500.0,0.0,-12.0,1.0,0.3800632357597351,0.6348109841346741,0.0,7.705677032470703,7.705677032470703,7.713049266006543,7.713049266006543,2.633658414532197,2.633658414532197,2.633658414532197,2.633658414532197,1.633658414532196,1.633658414532196,2.633658414532195,2.633658414532195,1.0,0.0,0.0,1.0,1.0
0.42576177390469155,2.6696797083400687,gt-order-0,"ap_fixed<16,6,AP_RND,AP_SAT>",False,True,500.0,0.0,-12.0,0.3006087839603424,0.3006087839603424,0.566138505935669,0.0,7.813249111175537,7.813249111175537,7.713049266006543,7.713049266006543,3.2839214249171937,3.283921424917193,3.2839214249171937,3.283921424917193,2.2839214249171933,2.283921424917192,3.283921424917191,0.9871756261656718,1.0,0.0,0.0,1.0,1.0
0.5308844442309882,2.6696797083400687,gt-order-0,"ap_fixed<16,6,AP_RND,AP_SAT>",False,True,500.0,0.0,-12.0,0.24108396470546722,0.24108396470546722,0.5812382102012634,0.0,7.813249111175537,7.813249111175537,7.713049266006543,7.713049266006543,4.094737876632466,4.094737876632465,4.094737876632466,4.094737876632465,3.0947378766324647,3.094737876632463,4.094737876632464,0.9871756417282007,1.0,0.0,0.0,1.0,1.0
0.6619624174845152,2.6696797083400687,gt-order-0,"ap_fixed<16,6,AP_RND,AP_SAT>",False,True,500.0,0.0,-12.0,0.19334591925144196,0.19334591925144196,0.5661385655403137,0.0,7.813249111175537,7.813249111175537,7.713049266006543,7.713049266006543,5.105748525896808,5.1057485258968045,5.105748525896808,5.1057485258968045,4.105748525896808,4.105748525896804,5.1057485258968045,0.9871756422062123,1.0,0.0,0.0,1.0,1.0
0.8254041852680182,2.6696797083400687,gt-order-0,"ap_fixed<16,6,AP_RND,AP_SAT>",True,False,,132.85704040527344,,0.15766753256320953,0.15766753256320953,0.9999999403953552,0.0,7.684066295623779,7.684066295623779,7.713049266006538,7.713049266006538,6.366383005790132,6.366383005790132,6.366383005790132,6.366383005790132,5.366383005790129,5.366383005790129,6.366383005790131,1.0037718998752791,1.0,0.0,0.0,1.0,1.0
1.0292005271944276,2.6696797083400687,gt-order-0,"ap_fixed<16,6,AP_RND,AP_SAT>",True,False,,221.95150756835938,,0.12644679844379425,0.12644679844379425,1.0,0.0,7.684084415435791,7.684084415435791,7.713049266006541,7.713049266006541,7.9382745767859735,7.9382745767859735,7.9382745767859735,7.9382745767859735,6.9382745767859655,6.938274576785963,7.93827457678597,1.0037694054023516,1.0,0.0,0.0,1.0,1.0
1.2833151855576512,2.6696797083400687,gt-order-0,"ap_fixed<16,6,AP_RND,AP_SAT>",True,False,,364.9743957519531,,0.10140937566757202,0.10140937566757202,0.9999999403953552,0.0,7.684021472930908,7.684021472930908,7.713049266006539,7.713049266006539,9.898273220514422,9.89827322051442,9.898273220514422,9.89827322051442,8.898273220514412,8.898273220514405,9.898273220514422,1.003777707479415,1.0,0.0,0.0,1.0,1.0
1.600171999495828,2.6696797083400687,gt-order-0,"ap_fixed<16,6,AP_RND,AP_SAT>",True,False,,592.8878173828125,,0.08132871240377426,0.08132871240377426,1.0,0.0,7.6840362548828125,7.6840362548828125,7.7130492660065375,7.7130492660065375,12.342205800562764,12.342205800562764,12.342205800562764,12.342205800562764,11.342205800562757,11.34220580056275,12.342205800562764,1.0037757059821635,1.0,0.0,0.0,1.0,1.0
1.9952623149688795,2.6696797083400687,gt-order-0,"ap_fixed<16,6,AP_RND,AP_SAT>",True,False,,954.1805419921875,,0.06522465497255325,0.06522465497255325,1.0,0.0,7.684015274047852,7.684015274047852,7.713049266006539,7.713049266006539,15.389556150132927,15.389556150132924,15.389556150132927,15.389556150132924,14.389556150132922,14.389556150132922,15.389556150132927,1.003778490073155,1.0,0.0,0.0,1.0,1.0
0.01,2.82842712474619,gt-order-0,"ap_fixed<16,6,AP_RND,AP_SAT>",False,True,500.0,0.011627197265625,-1.934524959246747,1.0,1.0,0.3610171675682068,0.0,8.632899284362793,8.632899284362793,8.657605080786244,8.657605080786244,0.0865760488727369,0.0865760488727369,0.0865760488727369,0.0865760488727369,0.9938560285233412,0.9938560285233412,0.08657604887273683,0.08657604887273683,1.0,0.0,0.0,1.0,1.0
0.012469049049711741,2.82842712474619,gt-order-0,"ap_fixed<16,6,AP_RND,AP_SAT>",False,True,500.0,0.007476806640625,-2.1262838505371,1.0,1.0,0.35486242175102234,0.0,8.630420684814453,8.630420684814453,8.657605080786244,8.657605080786244,0.10795209861426128,0.10795209861426128,0.10795209861426128,0.10795209861426128,0.9923390519275551,0.9923390519275551,0.10795209861426124,0.10795209861426124,1.0,0.0,0.0,1.0,1.0
0.015547718420411735,2.82842712474619,gt-order-0,"ap_fixed<16,6,AP_RND,AP_SAT>",False,True,500.0,0.00482177734375,-2.316792847915226,1.0,1.0,0.34067973494529724,0.0,8.630014419555664,8.630014419555664,8.657605080786244,8.657605080786244,0.13460600973427725,0.13460600973427725,0.13460600973427725,0.13460600973427725,0.9904475256706393,0.9904475256706393,0.1346060097342771,0.1346060097342771,1.0,0.0,0.0,1.0,1.0
0.019386526359522076,2.82842712474619,gt-order-0,"ap_fixed<16,6,AP_RND,AP_SAT>",False,True,500.0,0.003082275390625,-2.5111285610361747,1.0,1.0,0.40904444456100464,0.0,8.629427909851074,8.629427909851074,8.657605080786242,8.657605080786242,0.16784088770363148,0.16784088770363148,0.16784088770363148,0.16784088770363148,0.9880889733350608,0.9880889733350608,0.16784088770363131,0.16784088770363131,1.0,0.0,0.0,1.0,1.0
0.024173154808041036,2.82842712474619,gt-order-0,"ap_fixed<16,6,AP_RND,AP_SAT>",False,True,500.0,0.001556396484375,-2.807879758582743,1.0,1.0,0.36468732357025146,0.0,8.627052307128906,8.627052307128906,8.657605080786244,8.657605080786244,0.20928163324324953,0.20928163324324953,0.20928163324324953,0.20928163324324953,0.9851480819236129,0.9851480819236129,0.2092816332432494,0.2092816332432494,1.0,0.0,0.0,1.0,1.0
0.03014162529877389,2.82842712474619,gt-order-0,"ap_fixed<16,6,AP_RND,AP_SAT>",False,True,500.0,0.001220703125,-2.9133899432759813,1.0,1.0,0.39953914284706116,0.0,8.62759017944336,8.62759017944336,8.657605080786242,8.657605080786242,0.26095429053400837,0.26095429053400837,0.26095429053400837,0.26095429053400837,0.9814810708200654,0.9814810708200654,0.26095429053400826,0.26095429053400826,1.0,0.0,0.0,1.0,1.0
0.037583740428844416,2.82842712474619,gt-order-0,"ap_fixed<16,6,AP_RND,AP_SAT>",False,True,500.0,0.0005950927734375,-3.225415322867407,1.0,1.0,0.41373929381370544,0.0,8.626967430114746,8.626967430114746,8.657605080786242,8.657605080786242,0.3253851982112302,0.3253851982112302,0.3253851982112302,0.3253851982112302,0.9769086554218295,0.9769086554218295,0.3253851982112301,0.3253851982112301,1.0,0.0,0.0,1.0,1.0
0.046863350287889544,2.82842712474619,gt-order-0,"ap_fixed<16,6,AP_RND,AP_SAT>",False,True,500.0,0.00042724609375,-3.3693218982649826,1.0,1.0,0.42940735816955566,0.0,8.62692642211914,8.62692642211914,8.657605080786244,8.657605080786244,0.4057243858694977,0.4057243858694977,0.4057243858694977,0.4057243858694977,0.9712072901613756,0.9712072901613756,0.40572438586949733,0.40572438586949733,1.0,0.0,0.0,1.0,1.0
0.05843414133735175,2.82842712474619,gt-order-0,"ap_fixed<16,6,AP_RND,AP_SAT>",False,True,500.0,0.00030517578125,-3.5154499335366216,1.0,1.0,0.348606675863266,0.0,8.626306533813477,8.626306533813477,8.657605080786242,8.657605080786242,0.5058997068113514,0.5058997068113514,0.5058997068113514,0.5058997068113514,0.9640982302938289,0.9640982302938289,0.5058997068113511,0.5058997068113511,1.0,0.0,0.0,1.0,1.0
0.07286181745132274,2.82842712474619,gt-order-0,"ap_fixed<16,6,AP_RND,AP_SAT>",False,True,500.0,0.000152587890625,-3.816479927777507,1.0,1.0,0.42345917224884033,0.0,8.625720024108887,8.625720024108887,8.657605080786244,8.657605080786244,0.6308088670043408,0.6308088670043408,0.6308088670043408,0.6308088670043408,0.9552339043354187,0.9552339043354187,0.6308088670043402,0.6308088670043402,1.0,0.0,0.0,1.0,1.0
0.09085175756516867,2.82842712474619,gt-order-0,"ap_fixed<16,6,AP_RND,AP_SAT>",False,True,500.0,7.62939453125e-05,-4.117509920595296,1.0,1.0,0.4984356462955475,0.0,8.625534057617188,8.625534057617188,8.657605080786242,8.657605080786242,0.7865586065968919,0.7865586065968919,0.7865586065968919,0.7865586065968919,0.9441809402649473,0.9441809402649473,0.7865586065968918,0.7865586065968918,1.0,0.0,0.0,1.0,1.0
0.11328350213326084,2.82842712474619,gt-order-0,"ap_fixed<16,6,AP_RND,AP_SAT>",False,True,500.0,4.57763671875e-05,-4.339358666416729,1.0,1.0,0.44342201948165894,0.0,8.625903129577637,8.625903129577637,8.657605080786244,8.657605080786244,0.9807638058215148,0.9807638058215148,0.9807638058215148,0.9807638058215148,0.9303989391203934,0.9303989391203934,0.9807638058215139,0.9807638058215139,1.0,0.0,0.0,1.0,1.0
0.1412537544622754,2.82842712474619,gt-order-0,"ap_fixed<16,6,AP_RND,AP_SAT>",False,True,500.0,3.0517578125e-05,-4.515449920728757,1.0,0.820755124092102,0.4559755325317383,0.0,8.625542640686035,8.625542640686035,8.657605080786242,8.657605080786242,1.222919222609675,1.222919222609675,1.222919222609675,1.222919222609675,0.9132140942003856,0.9287700231159915,1.2229192226096743,1.2229192226096743,1.0,0.0,0.0,1.0,1.0
0.17612999928460507,2.82842712474619,gt-order-0,"ap_fixed<16,6,AP_RND,AP_SAT>",False,True,500.0,1.52587890625e-05,-4.816479902161777,1.0,0.6582512259483337,0.5075647234916687,0.0,8.62531566619873,8.62531566619873,8.657605080786242,8.657605080786242,1.5248639549717904,1.5248639549717904,1.5248639549717904,1.5248639549717904,0.8917862299432936,0.9287681531956815,1.5248639549717888,1.5248639549717888,1.0,0.0,0.0,1.0,1.0
0.21961736002054355,2.82842712474619,gt-order-0,"ap_fixed<16,6,AP_RND,AP_SAT>",False,True,500.0,1.52587890625e-05,-4.816479902161777,1.0,0.5277578234672546,0.6227523684501648,0.0,8.627771377563477,8.627771377563477,8.657605080786244,8.657605080786244,1.9013604305566794,1.9013604305566794,1.9013604305566794,1.9013604305566794,0.9013604305566785,0.9287884300292949,1.9013604305566778,1.9013604305566778,1.0,0.0,0.0,1.0,1.0
0.27384196342643613,2.82842712474619,gt-order-0,"ap_fixed<16,6,AP_RND,AP_SAT>",False,True,500.0,0.0,-12.0,1.0,0.4223681390285492,0.6227991580963135,0.0,8.645872116088867,8.645872116088867,8.657605080786242,8.657605080786242,2.3708156924418637,2.3708156924418637,2.3708156924418637,2.3708156924418637,1.370815692441862,1.370815692441862,2.3708156924418624,2.3708156924418624,1.0,0.0,0.0,1.0,1.0
0.34145488738336005,2.82842712474619,gt-order-0,"ap_fixed<16,6,AP_RND,AP_SAT>",False,True,500.0,0.0,-12.0,1.0,0.3346339762210846,0.4660413861274719,0.0,8.751784324645996,8.751784324645996,8.657605080786242,8.657605080786242,2.956181619531489,2.956181619531489,2.956181619531489,2.956181619531489,1.9561816195314878,1.9561816195314878,2.9561816195314874,2.9561816195314874,1.0,0.0,0.0,1.0,1.0
0.42576177390469155,2.82842712474619,gt-order-0,"ap_fixed<16,6,AP_RND,AP_SAT>",False,True,500.0,0.0,-12.0,0.38667985796928406,0.26650264859199524,0.4695962965488434,0.0,8.813163757324219,8.813163757324219,8.657605080786244,8.657605080786244,3.686077170357047,3.686077170357045,3.686077170357047,3.686077170357045,2.686077170357046,2.6860771703570445,3.6860771703570454,1.4253317966974828,1.0,0.0,0.0,1.0,1.0
0.5308844442309882,2.82842712474619,gt-order-0,"ap_fixed<16,6,AP_RND,AP_SAT>",False,True,500.0,0.0,-12.0,0.2137313187122345,0.2137313187122345,0.6285393834114075,0.0,8.813163757324219,8.813163757324219,8.657605080786244,8.657605080786244,4.596187865862782,4.596187865862779,4.596187865862782,4.596187865862779,3.5961878658627824,3.59618786586278,4.5961878658627775,0.9823492936200222,1.0,0.0,0.0,1.0,1.0
0.6619624174845152,2.82842712474619,gt-order-0,"ap_fixed<16,6,AP_RND,AP_SAT>",True,False,,113.76895141601562,,0.1751486361026764,0.1751486361026764,0.9999998807907104,0.0,8.625016212463379,8.625016212463379,8.657605080786238,8.657605080786238,5.7310089504857515,5.7310089504857515,5.7310089504857515,5.7310089504857515,4.731008950485744,4.73100895048574,5.731008950485749,1.0037784011698099,1.0,0.0,0.0,1.0,1.0
0.8254041852680182,2.82842712474619,gt-order-0,"ap_fixed<16,6,AP_RND,AP_SAT>",True,False,,191.77737426757812,,0.14046670496463776,0.14046670496463776,1.0,0.0,8.625017166137695,8.625017166137695,8.657605080786238,8.657605080786238,7.14602331143895,7.146023311438949,7.14602331143895,7.146023311438949,6.146023311438949,6.146023311438948,7.14602331143895,1.0037783481583187,1.0,0.0,0.0,1.0,1.0
1.0292005271944276,2.82842712474619,gt-order-0,"ap_fixed<16,6,AP_RND,AP_SAT>",True,False,,317.6094970703125,,0.11265192180871964,0.11265192180871964,1.0,0.0,8.625045776367188,8.625045776367188,8.657605080786237,8.657605080786237,8.910411944541075,8.910411944541075,8.910411944541075,8.910411944541075,7.910411944541073,7.910411944541071,8.910411944541075,1.0037750296599226,1.0,0.0,0.0,1.0,1.0
1.2833151855576512,2.82842712474619,gt-order-0,"ap_fixed<16,6,AP_RND,AP_SAT>",True,False,,518.7813720703125,,0.09034520387649536,0.09034520387649536,1.0,0.0,8.625048637390137,8.625048637390137,8.65760508078624,8.65760508078624,11.110436037614619,11.110436037614619,11.110436037614619,11.110436037614619,10.11043603761461,10.110436037614607,11.110436037614614,1.0037746089750537,1.0,0.0,0.0,1.0,1.0
1.600171999495828,2.82842712474619,gt-order-0,"ap_fixed<16,6,AP_RND,AP_SAT>",True,False,,838.3658447265625,,0.07245591282844543,0.07245591282844543,1.0,0.0,8.625007629394531,8.625007629394531,8.657605080786238,8.657605080786238,13.853657608281509,13.853657608281509,13.853657608281509,13.853657608281509,12.853657608281503,12.8536576082815,13.853657608281503,1.0037794080207745,1.0,0.0,0.0,1.0,1.0
1.9952623149688795,2.82842712474619,gt-order-0,"ap_fixed<16,6,AP_RND,AP_SAT>",True,False,,1344.0107421875,,0.05810859054327011,0.05810859054327011,1.0,0.0,8.625011444091797,8.625011444091797,8.657605080786237,8.657605080786237,17.27419272474318,17.27419272474318,17.27419272474318,17.27419272474318,16.274192724743177,16.274192724743177,17.27419272474318,1.003778992007637,1.0,0.0,0.0,1.0,1.0
0.01,2.996614153753363,gt-order-0,"ap_fixed<16,6,AP_RND,AP_SAT>",False,True,500.0,0.010528564453125,-1.9776308398451947,1.0,1.0,0.38309577107429504,0.0,9.686302185058594,9.686302185058594,9.717833137986547,9.717833137986547,0.0971783292077605,0.0971783292077605,0.0971783292077605,0.0971783292077605,0.9931036251192084,0.9931036251192084,0.09717832920776043,0.09717832920776043,1.0,0.0,0.0,1.0,1.0
0.012469049049711741,2.996614153753363,gt-order-0,"ap_fixed<16,6,AP_RND,AP_SAT>",False,True,500.0,0.0062255859375,-2.2058197674640594,1.0,1.0,0.3834837079048157,0.0,9.685132026672363,9.685132026672363,9.717833137986545,9.717833137986545,0.12117213379910705,0.12117213379910705,0.12117213379910705,0.12117213379910705,0.9914008764444023,0.9914008764444023,0.12117213379910693,0.12117213379910693,1.0,0.0,0.0,1.0,1.0
0.015547718420411735,2.996614153753363,gt-order-0,"ap_fixed<16,6,AP_RND,AP_SAT>",False,True,500.0,0.004241943359375,-2.3724351346032417,1.0,1.0,0.4035530090332031,0.0,9.682073593139648,9.682073593139648,9.717833137986547,9.717833137986547,0.15109013748743383,0.15109013748743383,0.15109013748743383,0.15109013748743383,0.9892777099853607,0.9892777099853607,0.15109013748743377,0.15109013748743377,1.0,0.0,0.0,1.0,1.0
0.019386526359522076,2.996614153753363,gt-order-0,"ap_fixed<16,6,AP_RND,AP_SAT>",False,True,500.0,0.00250244140625,-2.601636082402453,1.0,1.0,0.3463461995124817,0.0,9.684671401977539,9.684671401977539,9.717833137986547,9.717833137986547,0.18839502670954641,0.18839502670954641,0.18839502670954641,0.18839502670954641,0.9866303244719496,0.9866303244719496,0.1883950267095463,0.1883950267095463,1.0,0.0,0.0,1.0,1.0
0.024173154808041036,2.996614153753363,gt-order-0,"ap_fixed<16,6,AP_RND,AP_SAT>",False,True,500.0,0.0015411376953125,-2.8121585565592553,1.0,1.0,0.37906041741371155,0.0,9.6802396774292,9.6802396774292,9.717833137986547,9.717833137986547,0.2349106908579965,0.2349106908579965,0.2349106908579965,0.2349106908579965,0.9833292854397709,0.9833292854397709,0.23491069085799637,0.23491069085799637,1.0,0.0,0.0,1.0,1.0
0.03014162529877389,2.996614153753363,gt-order-0,"ap_fixed<16,6,AP_RND,AP_SAT>",False,True,500.0,0.0009307861328125,-3.031150095146343,1.0,1.0,0.38243961334228516,0.0,9.681838989257812,9.681838989257812,9.717833137986545,9.717833137986545,0.2929112876353164,0.2929112876353164,0.2929112876353164,0.2929112876353164,0.97921320460213,0.97921320460213,0.29291128763531615,0.29291128763531615,1.0,0.0,0.0,1.0,1.0
0.037583740428844416,2.996614153753363,gt-order-0,"ap_fixed<16,6,AP_RND,AP_SAT>",False,True,500.0,0.0006256103515625,-3.2036960732097706,1.0,1.0,0.4652157425880432,0.0,9.682397842407227,9.682397842407227,9.717833137986549,9.717833137986549,0.36523253628245345,0.36523253628245345,0.36523253628245345,0.36523253628245345,0.9740808417946636,0.9740808417946636,0.36523253628245317,0.36523253628245317,1.0,0.0,0.0,1.0,1.0
0.046863350287889544,2.996614153753363,gt-order-0,"ap_fixed<16,6,AP_RND,AP_SAT>",False,True,500.0,0.0004119873046875,-3.3851161654105666,1.0,1.0,0.39864581823349,0.0,9.682090759277344,9.682090759277344,9.717833137986549,9.717833137986549,0.45541022547239857,0.45541022547239857,0.45541022547239857,0.45541022547239857,0.96768127559912,0.96768127559912,0.45541022547239807,0.45541022547239807,1.0,0.0,0.0,1.0,1.0
0.05843414133735175,2.996614153753363,gt-order-0,"ap_fixed<16,6,AP_RND,AP_SAT>",False,True,500.0,0.0002593994140625,-3.5860310075711945,1.0,1.0,0.4671344459056854,0.0,9.681565284729004,9.681565284729004,9.717833137986549,9.717833137986549,0.5678532214711,0.5678532214711,0.5678532214711,0.5678532214711,0.9597016256149287,0.9597016256149287,0.5678532214710996,0.5678532214710996,1.0,0.0,0.0,1.0,1.0
0.07286181745132274,2.996614153753363,gt-order-0,"ap_fixed<16,6,AP_RND,AP_SAT>",False,True,500.0,0.0001373291015625,-3.8622374180219383,1.0,1.0,0.45634496212005615,0.0,9.680960655212402,9.680960655212402,9.717833137986547,9.717833137986547,0.7080590133540516,0.7080590133540516,0.7080590133540516,0.7080590133540516,0.9497517560383903,0.9497517560383903,0.7080590133540512,0.7080590133540512,1.0,0.0,0.0,1.0,1.0
0.09085175756516867,2.996614153753363,gt-order-0,"ap_fixed<16,6,AP_RND,AP_SAT>",False,True,500.0,7.62939453125e-05,-4.117509920595296,1.0,1.0,0.4637247920036316,0.0,9.681061744689941,9.681061744689941,9.717833137986547,9.717833137986547,0.8828821851806667,0.8828821851806667,0.8828821851806667,0.8828821851806667,0.9373452232178079,0.9373452232178079,0.882882185180666,0.882882185180666,1.0,0.0,0.0,1.0,1.0
0.11328350213326084,2.996614153753363,gt-order-0,"ap_fixed<16,6,AP_RND,AP_SAT>",False,True,500.0,4.57763671875e-05,-4.339358666416729,1.0,0.9118074774742126,0.4551495611667633,0.0,9.681221961975098,9.681221961975098,9.717833137986549,9.717833137986549,1.1008701510192433,1.1008701510192433,1.1008701510192433,1.1008701510192433,0.9218754498210039,0.9287654509724813,1.1008701510192425,1.1008701510192425,1.0,0.0,0.0,1.0,1.0
0.1412537544622754,2.996614153753363,gt-order-0,"ap_fixed<16,6,AP_RND,AP_SAT>",False,True,500.0,3.0517578125e-05,-4.515449920728757,1.0,0.731273889541626,0.5085476636886597,0.0,9.680994033813477,9.680994033813477,9.717833137986547,9.717833137986547,1.372680416311827,1.372680416311827,1.372680416311827,1.372680416311827,0.9025861133898576,0.9287637682432335,1.3726804163118258,1.3726804163118258,1.0,0.0,0.0,1.0,1.0
0.17612999928460507,2.996614153753363,gt-order-0,"ap_fixed<16,6,AP_RND,AP_SAT>",False,True,500.0,1.52587890625e-05,-4.816479902161777,1.0,0.5864541530609131,0.6057482361793518,0.0,9.681276321411133,9.681276321411133,9.717833137986547,9.717833137986547,1.7116019192689207,1.7116019192689207,1.7116019192689207,1.7116019192689207,0.8785341487326294,0.9287658470691709,1.7116019192689196,1.7116019192689196,1.0,0.0,0.0,1.0,1.0
0.21961736002054355,2.996614153753363,gt-order-0,"ap_fixed<16,6,AP_RND,AP_SAT>",False,True,500.0,0.0,-12.0,1.0,0.4670127332210541,0.5393487215042114,0.0,9.749999046325684,9.749999046325684,9.717833137986547,9.717833137986547,2.1342049246767054,2.1342049246767054,2.1342049246767054,2.1342049246767054,1.1342049246767048,1.1342049246767048,2.134204924676704,2.134204924676704,1.0,0.0,0.0,1.0,1.0
0.27384196342643613,2.996614153753363,gt-order-0,"ap_fixed<16,6,AP_RND,AP_SAT>",False,True,500.0,0.0,-12.0,1.0,0.3697669506072998,0.6195855140686035,0.0,9.8757905960083,9.8757905960083,9.717833137986547,9.717833137986547,2.6611506398231044,2.6611506398231044,2.6611506398231044,2.6611506398231044,1.6611506398231042,1.6611506398231042,2.661150639823103,2.661150639823103,1.0,0.0,0.0,1.0,1.0
0.34145488738336005,2.996614153753363,gt-order-0,"ap_fixed<16,6,AP_RND,AP_SAT>",False,True,500.0,0.0,-12.0,1.0,0.29654785990715027,0.7011803984642029,0.0,9.8757905960083,9.8757905960083,9.717833137986547,9.717833137986547,3.318201677730135,3.318201677730135,3.318201677730135,3.318201677730135,2.3182016777301335,2.3182016777301335,3.3182016777301326,3.3182016777301326,1.0,0.0,0.0,1.0,1.0
0.42576177390469155,2.996614153753363,gt-order-0,"ap_fixed<16,6,AP_RND,AP_SAT>",False,True,500.0,0.0,-12.0,1.0,0.24173060059547424,0.48099640011787415,0.0,9.716318130493164,9.716318130493164,9.717833137986547,9.717833137986547,4.137481733229893,4.137481733229893,4.137481733229893,4.137481733229893,3.137481733229892,3.137481733229892,4.13748173322989,4.13748173322989,1.0,0.0,0.0,1.0,1.0
0.5308844442309882,2.996614153753363,gt-order-0,"ap_fixed<16,6,AP_RND,AP_SAT>",False,True,500.0,0.0,-12.0,1.0,0.19073399901390076,0.5252256989479065,0.0,9.8757905960083,9.8757905960083,9.717833137986549,9.717833137986549,5.159046449279337,5.159046449279337,5.159046449279337,5.159046449279337,4.159046449279336,4.159046449279336,5.159046449279333,5.159046449279333,1.0,0.0,0.0,1.0,1.0
0.6619624174845152,2.996614153753363,gt-order-0,"ap_fixed<16,6,AP_RND,AP_SAT>",True,False,,165.25608825683594,,0.15604591369628906,0.15604591369628906,1.0,0.0,9.680868148803711,9.680868148803711,9.717833137986544,9.717833137986544,6.432840049117853,6.432840049117853,6.432840049117853,6.432840049117853,5.43284004911785,5.43284004911785,6.432840049117849,1.0038184031266757,1.0,0.0,0.0,1.0,1.0
0.8254041852680182,2.996614153753363,gt-order-0,"ap_fixed<16,6,AP_RND,AP_SAT>",True,False,,275.8509521484375,,0.12514734268188477,0.12514734268188477,1.0,0.0,9.680810928344727,9.680810928344727,9.71783313798654,9.71783313798654,8.021139968008244,8.021139968008244,8.021139968008244,8.021139968008244,7.0211399680082405,7.0211399680082405,8.021139968008244,1.00382435227569,1.0,0.0,0.0,1.0,1.0
1.0292005271944276,2.996614153753363,gt-order-0,"ap_fixed<16,6,AP_RND,AP_SAT>",True,False,,453.3199157714844,,0.10036620497703552,0.10036620497703552,0.9999999403953552,0.0,9.680828094482422,9.680828094482422,9.717833137986545,9.717833137986545,10.001599248265638,10.001599248265638,10.001599248265638,10.001599248265638,9.00159924826564,9.001599248265629,10.001599248265633,1.003822560249593,1.0,0.0,0.0,1.0,1.0
1.2833151855576512,2.996614153753363,gt-order-0,"ap_fixed<16,6,AP_RND,AP_SAT>",True,False,,736.01611328125,,0.08049221336841583,0.08049221336841583,1.0,0.0,9.680834770202637,9.680834770202637,9.71783313798654,9.71783313798654,12.471042799518175,12.471042799518175,12.471042799518175,12.471042799518175,11.471042799518171,11.471042799518171,12.471042799518173,1.0038218379454626,1.0,0.0,0.0,1.0,1.0
1.600171999495828,2.996614153753363,gt-order-0,"ap_fixed<16,6,AP_RND,AP_SAT>",True,False,,1184.3497314453125,,0.06455370038747787,0.06455370038747787,1.0,0.0,9.68082046508789,9.68082046508789,9.71783313798654,9.71783313798654,15.550204904455082,15.550204904455082,15.550204904455082,15.550204904455082,14.550204904455086,14.550204904455086,15.550204904455079,1.0038232683660822,1.0,0.0,0.0,1.0,1.0
1.9952623149688795,2.996614153753363,gt-order-0,"ap_fixed<16,6,AP_RND,AP_SAT>",True,False,,1891.7882080078125,,0.051771100610494614,0.051771100610494614,1.0,0.0,9.680830955505371,9.680830955505371,9.717833137986549,9.717833137986549,19.38962575978698,19.389625759786966,19.38962575978698,19.389625759786966,18.389625759786963,18.38962575978695,19.38962575978698,1.0038222660097698,1.0,0.0,0.0,1.0,1.0
0.01,3.174802103936399,gt-order-0,"ap_fixed<16,6,AP_RND,AP_SAT>",False,True,500.0,0.0090484619140625,-2.04342523721144,1.0,1.0,0.3776918351650238,0.0,10.86963176727295,10.86963176727295,10.907898879686885,10.907898879686885,0.10907898635876345,0.10907898635876345,0.10907898635876345,0.10907898635876345,0.9922590809307126,0.9922590809307126,0.10907898635876338,0.10907898635876338,1.0,0.0,0.0,1.0,1.0
0.012469049049711741,3.174802103936399,gt-order-0,"ap_fixed<16,6,AP_RND,AP_SAT>",False,True,500.0,0.0057525634765625,-2.2401385803424105,1.0,1.0,0.41060924530029297,0.0,10.872148513793945,10.872148513793945,10.907898879686885,10.907898879686885,0.1360111213836299,0.1360111213836299,0.1360111213836299,0.1360111213836299,0.9903478101667459,0.9903478101667459,0.13601112138362975,0.13601112138362975,1.0,0.0,0.0,1.0,1.0
0.015547718420411735,3.174802103936399,gt-order-0,"ap_fixed<16,6,AP_RND,AP_SAT>",False,True,500.0,0.0036163330078125,-2.441731584493503,1.0,1.0,0.3728336691856384,0.0,10.867486000061035,10.867486000061035,10.907898879686885,10.907898879686885,0.1695929450556901,0.1695929450556901,0.1695929450556901,0.1695929450556901,0.9879646363958648,0.9879646363958648,0.16959294505569003,0.16959294505569003,1.0,0.0,0.0,1.0,1.0
0.019386526359522076,3.174802103936399,gt-order-0,"ap_fixed<16,6,AP_RND,AP_SAT>",False,True,500.0,0.002227783203125,-2.6521270746443175,1.0,1.0,0.37379926443099976,0.0,10.867681503295898,10.867681503295898,10.907898879686885,10.907898879686885,0.21146626738740434,0.21146626738740434,0.21146626738740434,0.21146626738740434,0.9849930466318576,0.9849930466318576,0.21146626738740418,0.21146626738740418,1.0,0.0,0.0,1.0,1.0
0.024173154808041036,3.174802103936399,gt-order-0,"ap_fixed<16,6,AP_RND,AP_SAT>",False,True,500.0,0.0012969970703125,-2.8870610045745604,1.0,1.0,0.3588346242904663,0.0,10.865735054016113,10.865735054016113,10.907898879686885,10.907898879686885,0.26367833500044185,0.26367833500044185,0.26367833500044185,0.26367833500044185,0.9812877556007932,0.9812877556007932,0.2636783350004417,0.2636783350004417,1.0,0.0,0.0,1.0,1.0
0.03014162529877389,3.174802103936399,gt-order-0,"ap_fixed<16,6,AP_RND,AP_SAT>",False,True,500.0,0.0008697509765625,-3.0606050744518756,1.0,1.0,0.39212766289711,0.0,10.868816375732422,10.868816375732422,10.907898879686885,10.907898879686885,0.328781803605541,0.328781803605541,0.328781803605541,0.328781803605541,0.97666761107594,0.97666761107594,0.3287818036055407,0.3287818036055407,1.0,0.0,0.0,1.0,1.0
0.037583740428844416,3.174802103936399,gt-order-0,"ap_fixed<16,6,AP_RND,AP_SAT>",False,True,500.0,0.00054931640625,-3.260177429065803,1.0,1.0,0.36091184616088867,0.0,10.866162300109863,10.866162300109863,10.907898879686886,10.907898879686886,0.4099596604275516,0.4099596604275516,0.4099596604275516,0.4099596604275516,0.9709067286103603,0.9709067286103603,0.40995966042755144,0.40995966042755144,1.0,0.0,0.0,1.0,1.0
0.046863350287889544,3.174802103936399,gt-order-0,"ap_fixed<16,6,AP_RND,AP_SAT>",False,True,500.0,0.0003204345703125,-3.49426063453445,1.0,1.0,0.42463141679763794,0.0,10.865729331970215,10.865729331970215,10.907898879686885,10.907898879686885,0.5111806940592896,0.5111806940592896,0.5111806940592896,0.5111806940592896,0.9637234584351513,0.9637234584351513,0.5111806940592892,0.5111806940592892,1.0,0.0,0.0,1.0,1.0
0.05843414133735175,3.174802103936399,gt-order-0,"ap_fixed<16,6,AP_RND,AP_SAT>",False,True,500.0,0.0001983642578125,-3.7025365761274838,1.0,1.0,0.4307626187801361,0.0,10.866133689880371,10.866133689880371,10.907898879686885,10.907898879686885,0.6373936895560404,0.6373936895560404,0.6373936895560404,0.6373936895560404,0.9547666041752545,0.9547666041752545,0.63739368955604,0.63739368955604,1.0,0.0,0.0,1.0,1.0
0.07286181745132274,3.174802103936399,gt-order-0,"ap_fixed<16,6,AP_RND,AP_SAT>",False,True,500.0,0.0001373291015625,-3.8622374180219383,1.0,1.0,0.6610949635505676,0.0,10.865371704101562,10.865371704101562,10.907898879686886,10.907898879686886,0.7947693697606637,0.7947693697606637,0.7947693697606637,0.7947693697606637,0.9435982531976308,0.9435982531976308,0.7947693697606631,0.7947693697606631,1.0,0.0,0.0,1.0,1.0
0.09085175756516867,3.174802103936399,gt-order-0,"ap_fixed<16,6,AP_RND,AP_SAT>",False,True,500.0,7.62939453125e-05,-4.117509920595296,1.0,1.0,0.47169816493988037,0.0,10.865289688110352,10.865289688110352,10.907898879686886,10.907898879686886,0.9910017451300919,0.9910017451300919,0.9910017451300919,0.9910017451300919,0.9296723909649847,0.9296723909649847,0.9910017451300911,0.9910017451300911,1.0,0.0,0.0,1.0,1.0
0.11328350213326084,3.174802103936399,gt-order-0,"ap_fixed<16,6,AP_RND,AP_SAT>",False,True,500.0,3.0517578125e-05,-4.515449920728757,1.0,0.8124020099639893,0.5033223032951355,0.0,10.865816116333008,10.865816116333008,10.907898879686885,10.907898879686885,1.2356849635588132,1.2356849635588132,1.2356849635588132,1.2356849635588132,0.9123081574430492,0.9287589708492872,1.2356849635588125,1.2356849635588125,1.0,0.0,0.0,1.0,1.0
0.1412537544622754,3.174802103936399,gt-order-0,"ap_fixed<16,6,AP_RND,AP_SAT>",False,True,500.0,1.52587890625e-05,-4.816479902161777,1.0,0.6515653729438782,0.5858501195907593,0.0,10.865307807922363,10.865307807922363,10.907898879686885,10.907898879686885,1.5407816704247501,1.5407816704247501,1.5407816704247501,1.5407816704247501,0.8906566093768832,0.9287556329097006,1.5407816704247494,1.5407816704247494,1.0,0.0,0.0,1.0,1.0
0.17612999928460507,3.174802103936399,gt-order-0,"ap_fixed<16,6,AP_RND,AP_SAT>",False,True,500.0,1.52587890625e-05,-4.816479902161777,1.0,0.5222566723823547,0.522625744342804,0.0,10.871330261230469,10.871330261230469,10.907898879686885,10.907898879686885,1.9212081945185204,1.9212081945185204,1.9212081945185204,1.9212081945185204,0.9212081945185201,0.9287951032415378,1.9212081945185195,1.9212081945185195,1.0,0.0,0.0,1.0,1.0
0.21961736002054355,3.174802103936399,gt-order-0,"ap_fixed<16,6,AP_RND,AP_SAT>",False,True,500.0,0.0,-12.0,0.7974706292152405,0.4115847647190094,0.5003548264503479,0.0,11.063028335571289,11.063028335571289,10.907898879686885,10.907898879686885,2.39556402917684,2.3955640291768394,2.39556402917684,2.3955640291768394,1.3955640291768403,1.3955640291768396,2.3955640291768376,1.9103919536730494,1.0,0.0,0.0,1.0,1.0
0.27384196342643613,3.174802103936399,gt-order-0,"ap_fixed<16,6,AP_RND,AP_SAT>",False,True,500.0,0.0,-12.0,0.38881704211235046,0.3300851285457611,0.5072432160377502,0.0,11.063028335571289,11.063028335571289,10.907898879686885,10.907898879686885,2.987040595432444,2.9870405954324437,2.987040595432444,2.9870405954324437,1.9870405954324442,1.9870405954324437,2.987040595432443,1.1614122889855565,1.0,0.0,0.0,1.0,1.0
0.34145488738336005,3.174802103936399,gt-order-0,"ap_fixed<16,6,AP_RND,AP_SAT>",False,True,500.0,1.52587890625e-05,-4.816479902161777,0.3118257224559784,0.2647235691547394,0.5051591396331787,0.0,11.063028335571289,11.063028335571289,10.907898879686886,10.907898879686886,3.724555448642628,3.724555448642626,3.724555448642628,3.724555448642626,2.724555448642629,2.724555448642628,3.724555448642625,1.1614121936003372,1.0,0.0,0.0,1.0,1.0
0.42576177390469155,3.174802103936399,gt-order-0,"ap_fixed<16,6,AP_RND,AP_SAT>",False,True,500.0,0.0,-12.0,0.4315125048160553,0.21230454742908478,0.5066275596618652,0.0,11.063028335571289,11.063028335571289,10.907898879686883,10.907898879686883,4.644166217076465,4.644166217076463,4.644166217076465,4.644166217076463,3.6441662170764655,3.6441662170764633,4.644166217076463,2.0040157971127686,1.0,0.0,0.0,1.0,1.0
0.5308844442309882,3.174802103936399,gt-order-0,"ap_fixed<16,6,AP_RND,AP_SAT>",True,False,,141.89158630371094,,0.17336468398571014,0.17336468398571014,1.0,0.0,10.865241050720215,10.865241050720215,10.907898879686876,10.907898879686876,5.790833839734585,5.790833839734585,5.790833839734585,5.790833839734585,4.790833839734589,4.790833839734588,5.790833839734585,1.0039260786393427,1.0,0.0,0.0,1.0,1.0
0.6619624174845152,3.174802103936399,gt-order-0,"ap_fixed<16,6,AP_RND,AP_SAT>",True,False,,238.98228454589844,,0.13903659582138062,0.13903659582138062,0.9999998807907104,0.0,10.865196228027344,10.865196228027344,10.907898879686877,10.907898879686877,7.220618811686646,7.220618811686646,7.220618811686646,7.220618811686646,6.2206188116866485,6.220618811686645,7.220618811686646,1.0039302593007338,1.0,0.0,0.0,1.0,1.0
0.8254041852680182,3.174802103936399,gt-order-0,"ap_fixed<16,6,AP_RND,AP_SAT>",True,False,,395.4071960449219,,0.11150648444890976,0.11150648444890976,1.0,0.0,10.865087509155273,10.865087509155273,10.907898879686877,10.907898879686877,9.00342519042026,9.003425190420257,9.00342519042026,9.003425190420257,8.003425190420263,8.003425190420263,9.00342519042026,1.003940290982519,1.0,0.0,0.0,1.0,1.0
1.0292005271944276,3.174802103936399,gt-order-0,"ap_fixed<16,6,AP_RND,AP_SAT>",True,False,,645.5031127929688,,0.08942632377147675,0.08942632377147675,0.9999998807907104,0.0,10.865121841430664,10.865121841430664,10.907898879686881,10.907898879686881,11.226415568793948,11.226415568793946,11.226415568793948,11.226415568793946,10.226415568793946,10.226415568793943,11.226415568793948,1.003937073448115,1.0,0.0,0.0,1.0,1.0
1.2833151855576512,3.174802103936399,gt-order-0,"ap_fixed<16,6,AP_RND,AP_SAT>",True,False,,1042.8477783203125,,0.07171840220689774,0.07171840220689774,1.0,0.0,10.865158081054688,10.865158081054688,10.907898879686877,10.907898879686877,13.998272233101583,13.998272233101583,13.998272233101583,13.998272233101583,12.998272233101583,12.998272233101583,13.998272233101579,1.0039337182152275,1.0,0.0,0.0,1.0,1.0
1.600171999495828,3.174802103936399,gt-order-0,"ap_fixed<16,6,AP_RND,AP_SAT>",True,False,,1671.130615234375,,0.057517316192388535,0.057517316192388535,1.0,0.0,10.865124702453613,10.865124702453613,10.907898879686876,10.907898879686876,17.454514833473556,17.454514833473556,17.454514833473556,17.454514833473556,16.45451483347357,16.45451483347357,17.454514833473553,1.0039368486616342,1.0,0.0,0.0,1.0,1.0
1.9952623149688795,3.174802103936399,gt-order-0,"ap_fixed<16,6,AP_RND,AP_SAT>",True,False,,2660.27490234375,,0.046137839555740356,0.046137839555740356,1.0,0.0,10.862824440002441,10.862824440002441,10.907898879686877,10.907898879686877,21.764119027315303,21.764119027315296,21.764119027315303,21.764119027315296,20.7641190273153,20.76411902731528,21.764119027315303,1.0041494317543094,1.0,0.0,0.0,1.0,1.0
0.01,3.363585661014858,gt-order-0,"ap_fixed<16,6,AP_RND,AP_SAT>",False,True,500.0,0.00750732421875,-2.1245148277984893,1.0,1.0,0.3749273717403412,0.0,12.202264785766602,12.202264785766602,12.24370253431659,12.24370253431659,0.12243702260648512,0.12243702260648512,0.12243702260648512,0.12243702260648512,0.9913111120780914,0.9913111120780914,0.12243702260648505,0.12243702260648505,1.0,0.0,0.0,1.0,1.0
0.012469049049711741,3.363585661014858,gt-order-0,"ap_fixed<16,6,AP_RND,AP_SAT>",False,True,500.0,0.0048065185546875,-2.3181693767437435,1.0,1.0,0.36379948258399963,0.0,12.204428672790527,12.204428672790527,12.24370253431659,12.24370253431659,0.15266732208905415,0.15266732208905415,0.15266732208905415,0.15266732208905415,0.9891657831697431,0.9891657831697431,0.15266732208905404,0.15266732208905404,1.0,0.0,0.0,1.0,1.0
0.015547718420411735,3.363585661014858,gt-order-0,"ap_fixed<16,6,AP_RND,AP_SAT>",False,True,500.0,0.0028076171875,-2.551662107459478,1.0,1.0,0.40349841117858887,0.0,12.200624465942383,12.200624465942383,12.24370253431659,12.24370253431659,0.19036164472035993,0.19036164472035993,0.19036164472035993,0.19036164472035993,0.9864907610427486,0.9864907610427486,0.19036164472035982,0.19036164472035982,1.0,0.0,0.0,1.0,1.0
0.019386526359522076,3.363585661014858,gt-order-0,"ap_fixed<16,6,AP_RND,AP_SAT>",False,True,500.0,0.0018157958984375,-2.7409329689919923,1.0,1.0,0.3962365686893463,0.0,12.198258399963379,12.198258399963379,12.243702534316592,12.243702534316592,0.23736285993219208,0.23736285993219208,0.23736285993219208,0.23736285993219208,0.9831552642912332,0.9831552642912332,0.2373628599321919,0.2373628599321919,1.0,0.0,0.0,1.0,1.0
0.024173154808041036,3.363585661014858,gt-order-0,"ap_fixed<16,6,AP_RND,AP_SAT>",False,True,500.0,0.0012664794921875,-2.8974018379047104,1.0,1.0,0.4203415513038635,0.0,12.198007583618164,12.198007583618164,12.24370253431659,12.24370253431659,0.2959689243637324,0.2959689243637324,0.2959689243637324,0.2959689243637324,0.9789962157081387,0.9789962157081387,0.2959689243637323,0.2959689243637323,1.0,0.0,0.0,1.0,1.0
0.03014162529877389,3.363585661014858,gt-order-0,"ap_fixed<16,6,AP_RND,AP_SAT>",False,True,500.0,0.000762939453125,-3.117509925718442,1.0,1.0,0.38079723715782166,0.0,12.195891380310059,12.195891380310059,12.243702534316592,12.243702534316592,0.36904509717621214,0.36904509717621214,0.36904509717621214,0.36904509717621214,0.9738102787928773,0.9738102787928773,0.3690450971762119,0.3690450971762119,1.0,0.0,0.0,1.0,1.0
0.037583740428844416,3.363585661014858,gt-order-0,"ap_fixed<16,6,AP_RND,AP_SAT>",False,True,500.0,0.0004119873046875,-3.3851161654105666,1.0,1.0,0.3676220178604126,0.0,12.196065902709961,12.196065902709961,12.24370253431659,12.24370253431659,0.4601641607341767,0.4601641607341767,0.4601641607341767,0.4601641607341767,0.9673439068250692,0.9673439068250692,0.4601641607341762,0.4601641607341762,1.0,0.0,0.0,1.0,1.0
0.046863350287889544,3.363585661014858,gt-order-0,"ap_fixed<16,6,AP_RND,AP_SAT>",False,True,500.0,0.00030517578125,-3.5154499335366216,1.0,1.0,0.400971382856369,0.0,12.196096420288086,12.196096420288086,12.243702534316592,12.243702534316592,0.5737809296163091,0.5737809296163091,0.5737809296163091,0.5737809296163091,0.9592809586264742,0.9592809586264742,0.5737809296163086,0.5737809296163086,1.0,0.0,0.0,1.0,1.0
0.05843414133735175,3.363585661014858,gt-order-0,"ap_fixed<16,6,AP_RND,AP_SAT>",False,True,500.0,0.0001373291015625,-3.8622374180219383,1.0,1.0,0.4851107895374298,0.0,12.195956230163574,12.195956230163574,12.24370253431659,12.24370253431659,0.7154502272392456,0.7154502272392456,0.7154502272392456,0.7154502272392456,0.949227229592426,0.949227229592426,0.7154502272392451,0.7154502272392451,1.0,0.0,0.0,1.0,1.0
0.07286181745132274,3.363585661014858,gt-order-0,"ap_fixed<16,6,AP_RND,AP_SAT>",False,True,500.0,7.62939453125e-05,-4.117509920595296,1.0,1.0,0.4841229319572449,0.0,12.19573974609375,12.19573974609375,12.24370253431659,12.24370253431659,0.892098455813258,0.892098455813258,0.892098455813258,0.892098455813258,0.93669117940917,0.93669117940917,0.8920984558132578,0.8920984558132578,1.0,0.0,0.0,1.0,1.0
0.09085175756516867,3.363585661014858,gt-order-0,"ap_fixed<16,6,AP_RND,AP_SAT>",False,True,500.0,7.62939453125e-05,-4.117509920595296,1.0,0.9025377035140991,0.6978518962860107,0.0,12.195548057556152,12.195548057556152,12.243702534316592,12.243702534316592,1.1123618500861796,1.1123618500861796,1.1123618500861796,1.1123618500861796,0.9210599274774094,0.928753608230224,1.112361850086179,1.112361850086179,1.0,0.0,0.0,1.0,1.0
0.11328350213326084,3.363585661014858,gt-order-0,"ap_fixed<16,6,AP_RND,AP_SAT>",False,True,500.0,3.0517578125e-05,-4.515449920728757,1.0,0.7238444089889526,0.498290091753006,0.0,12.195178031921387,12.195178031921387,12.24370253431659,12.24370253431659,1.3870094769686974,1.3870094769686974,1.3870094769686974,1.3870094769686974,0.9015692342442823,0.9287514405352221,1.387009476968696,1.387009476968696,1.0,0.0,0.0,1.0,1.0
0.1412537544622754,3.363585661014858,gt-order-0,"ap_fixed<16,6,AP_RND,AP_SAT>",False,True,500.0,1.52587890625e-05,-4.816479902161777,1.0,0.5805153250694275,0.4864143431186676,0.0,12.195127487182617,12.195127487182617,12.243702534316592,12.243702534316592,1.7294689519114417,1.7294689519114417,1.7294689519114417,1.7294689519114417,0.877266193119729,0.9287511442018909,1.729468951911441,1.729468951911441,1.0,0.0,0.0,1.0,1.0
0.17612999928460507,3.363585661014858,gt-order-0,"ap_fixed<16,6,AP_RND,AP_SAT>",False,True,500.0,0.0,-12.0,1.0,0.4647054970264435,0.532413899898529,0.0,12.217683792114258,12.217683792114258,12.243702534316593,12.243702534316593,2.156483287902596,2.156483287902596,2.156483287902596,2.156483287902596,1.1564832879025948,1.1564832879025948,2.1564832879025944,2.1564832879025944,1.0,0.0,0.0,1.0,1.0
0.21961736002054355,3.363585661014858,gt-order-0,"ap_fixed<16,6,AP_RND,AP_SAT>",False,True,500.0,0.0,-12.0,1.0,0.36980295181274414,0.5595028400421143,0.0,12.312973976135254,12.312973976135254,12.243702534316592,12.243702534316592,2.6889297103561054,2.6889297103561054,2.6889297103561054,2.6889297103561054,1.6889297103561054,1.6889297103561054,2.688929710356103,2.688929710356103,1.0,0.0,0.0,1.0,1.0
0.27384196342643613,3.363585661014858,gt-order-0,"ap_fixed<16,6,AP_RND,AP_SAT>",False,True,500.0,0.0,-12.0,1.0,0.2983766496181488,0.5855400562286377,0.0,12.238696098327637,12.238696098327637,12.243702534316592,12.243702534316592,3.3528397092596247,3.3528397092596247,3.3528397092596247,3.3528397092596247,2.3528397092596256,2.3528397092596256,3.3528397092596207,3.3528397092596207,1.0,0.0,0.0,1.0,1.0
0.34145488738336005,3.363585661014858,gt-order-0,"ap_fixed<16,6,AP_RND,AP_SAT>",False,True,500.0,0.0,-12.0,0.23907306790351868,0.23904818296432495,0.5291502475738525,0.0,12.251273155212402,12.251273155212402,12.24370253431659,12.24370253431659,4.180672143071557,4.180672143071556,4.180672143071557,4.180672143071556,3.1806721430715585,3.1806721430715568,4.180672143071556,0.999486115142895,1.0,0.0,0.0,1.0,1.0
0.42576177390469155,3.363585661014858,gt-order-0,"ap_fixed<16,6,AP_RND,AP_SAT>",True,False,,121.3067626953125,,0.1925998032093048,0.1925998032093048,0.9999998807907104,0.0,12.194879531860352,12.194879531860352,12.243702534316583,12.243702534316583,5.212900331125806,5.212900331125805,5.212900331125806,5.212900331125805,4.212900331125805,4.212900331125805,5.212900331125806,1.0040035779245502,1.0,0.0,0.0,1.0,1.0
0.5308844442309882,3.363585661014858,gt-order-0,"ap_fixed<16,6,AP_RND,AP_SAT>",True,False,,206.46499633789062,,0.1544625461101532,0.1544625461101532,0.9999999403953552,0.0,12.194860458374023,12.194860458374023,12.243702534316588,12.243702534316588,6.499991221169068,6.499991221169067,6.499991221169068,6.499991221169067,5.499991221169069,5.499991221169064,6.499991221169068,1.0040051937154182,1.0,0.0,0.0,1.0,1.0
0.6619624174845152,3.363585661014858,gt-order-0,"ap_fixed<16,6,AP_RND,AP_SAT>",True,False,,344.33026123046875,,0.12387728691101074,0.12387728691101074,1.0,0.0,12.194808959960938,12.194808959960938,12.243702534316586,12.243702534316586,8.104870591403907,8.104870591403907,8.104870591403907,8.104870591403907,7.104870591403907,7.104870591403905,8.104870591403902,1.0040093796279543,1.0,0.0,0.0,1.0,1.0
0.8254041852680182,3.363585661014858,gt-order-0,"ap_fixed<16,6,AP_RND,AP_SAT>",True,False,,565.4811401367188,,0.09934784471988678,0.09934784471988678,0.9999999403953552,0.0,12.194806098937988,12.194806098937988,12.243702534316588,12.243702534316588,10.106003093479607,10.106003093479607,10.106003093479607,10.106003093479607,9.106003093479607,9.106003093479606,10.106003093479602,1.0040096260697071,1.0,0.0,0.0,1.0,1.0
1.0292005271944276,3.363585661014858,gt-order-0,"ap_fixed<16,6,AP_RND,AP_SAT>",True,False,,917.7012329101562,,0.07967574894428253,0.07967574894428253,1.0,0.0,12.19477653503418,12.19477653503418,12.243702534316585,12.243702534316585,12.601225430032526,12.601225430032526,12.601225430032526,12.601225430032526,11.601225430032535,11.601225430032535,12.601225430032521,1.0040120737535798,1.0,0.0,0.0,1.0,1.0
1.2833151855576512,3.363585661014858,gt-order-0,"ap_fixed<16,6,AP_RND,AP_SAT>",True,False,,1475.96240234375,,0.0638989508152008,0.0638989508152008,1.0,0.0,12.194750785827637,12.194750785827637,12.243702534316585,12.243702534316585,15.712529342901213,15.712529342901211,15.712529342901213,15.712529342901211,14.712529342901215,14.712529342901215,15.712529342901213,1.004014139664444,1.0,0.0,0.0,1.0,1.0
1.600171999495828,3.363585661014858,gt-order-0,"ap_fixed<16,6,AP_RND,AP_SAT>",True,False,,2357.158935546875,,0.05124591290950775,0.05124591290950775,1.0,0.0,12.194784164428711,12.194784164428711,12.243702534316588,12.243702534316588,19.592030496344446,19.59203049634444,19.592030496344446,19.59203049634444,18.592030496344453,18.592030496344453,19.592030496344446,1.0040114885360873,1.0,0.0,0.0,1.0,1.0
1.9952623149688795,3.363585661014858,gt-order-0,"ap_fixed<16,6,AP_RND,AP_SAT>",True,False,,3702.389892578125,,0.04812782630324364,0.04812782630324364,0.9999999403953552,0.5,10.413668632507324,10.413668632507324,12.243702534316586,12.243702534316586,24.429397653121406,24.4293976531214,24.429397653121406,24.4293976531214,23.429397653121388,23.429397653121384,24.429397653121406,1.1757338069422947,1.0,0.0,0.0,1.0,1.0
0.01,3.563594872561357,gt-order-0,"ap_fixed<16,6,AP_RND,AP_SAT>",False,True,500.0,0.006683349609375,-2.175005820054618,1.0,1.0,0.392462819814682,0.0,13.687443733215332,13.687443733215332,13.743091413196828,13.743091413196828,0.13743091106014796,0.13743091106014796,0.13743091106014796,0.13743091106014796,0.9902470531688401,0.9902470531688401,0.1374309110601479,0.1374309110601479,1.0,0.0,0.0,1.0,1.0
0.012469049049711741,3.563594872561357,gt-order-0,"ap_fixed<16,6,AP_RND,AP_SAT>",False,True,500.0,0.004150390625,-2.381911026484861,1.0,1.0,0.42435526847839355,0.0,13.687203407287598,13.687203407287598,13.74309141319683,13.74309141319683,0.17136327490783376,0.17136327490783376,0.17136327490783376,0.17136327490783376,0.9878390029135579,0.9878390029135579,0.17136327490783365,0.17136327490783365,1.0,0.0,0.0,1.0,1.0
0.015547718420411735,3.563594872561357,gt-order-0,"ap_fixed<16,6,AP_RND,AP_SAT>",False,True,500.0,0.00250244140625,-2.601636082402453,1.0,1.0,0.4006173610687256,0.0,13.68994140625,13.68994140625,13.743091413196828,13.743091413196828,0.2136737214601425,0.2136737214601425,0.2136737214601425,0.2136737214601425,0.9848363921293891,0.9848363921293891,0.21367372146014238,0.21367372146014238,1.0,0.0,0.0,1.0,1.0
0.019386526359522076,3.563594872561357,gt-order-0,"ap_fixed<16,6,AP_RND,AP_SAT>",False,True,500.0,0.0016632080078125,-2.779053432421957,1.0,1.0,0.4375036656856537,0.0,13.691402435302734,13.691402435302734,13.743091413196828,13.743091413196828,0.2664308017123867,0.2664308017123867,0.2664308017123867,0.2664308017123867,0.9810924236531693,0.9810924236531693,0.2664308017123864,0.2664308017123864,1.0,0.0,0.0,1.0,1.0
0.024173154808041036,3.563594872561357,gt-order-0,"ap_fixed<16,6,AP_RND,AP_SAT>",False,True,500.0,0.0009765625,-3.0102999561950945,1.0,1.0,0.4393373131752014,0.0,13.689301490783691,13.689301490783691,13.74309141319683,13.74309141319683,0.3322138847783883,0.3322138847783883,0.3322138847783883,0.3322138847783883,0.976424049510967,0.976424049510967,0.33221388477838815,0.33221388477838815,1.0,0.0,0.0,1.0,1.0
0.03014162529877389,3.563594872561357,gt-order-0,"ap_fixed<16,6,AP_RND,AP_SAT>",False,True,500.0,0.0006256103515625,-3.2036960732097706,1.0,1.0,0.4199206233024597,0.0,13.687110900878906,13.687110900878906,13.743091413196828,13.743091413196828,0.4142391153223068,0.4142391153223068,0.4142391153223068,0.4142391153223068,0.9706030322002515,0.9706030322002515,0.41423911532230656,0.41423911532230656,1.0,0.0,0.0,1.0,1.0
0.037583740428844416,3.563594872561357,gt-order-0,"ap_fixed<16,6,AP_RND,AP_SAT>",False,True,500.0,0.000396728515625,-3.4015065815581917,1.0,1.0,0.4841856062412262,0.0,13.687381744384766,13.687381744384766,13.74309141319683,13.74309141319683,0.5165168059516061,0.5165168059516061,0.5165168059516061,0.5165168059516061,0.9633447751529353,0.9633447751529353,0.5165168059516058,0.5165168059516058,1.0,0.0,0.0,1.0,1.0
0.046863350287889544,3.563594872561357,gt-order-0,"ap_fixed<16,6,AP_RND,AP_SAT>",False,True,500.0,0.000213623046875,-3.6703518929124668,1.0,1.0,0.41175371408462524,0.0,13.688621520996094,13.688621520996094,13.743091413196828,13.743091413196828,0.6440473169586146,0.6440473169586146,0.6440473169586146,0.6440473169586146,0.9542944218982901,0.9542944218982901,0.6440473169586145,0.6440473169586145,1.0,0.0,0.0,1.0,1.0
0.05843414133735175,3.563594872561357,gt-order-0,"ap_fixed<16,6,AP_RND,AP_SAT>",False,True,500.0,0.000152587890625,-3.816479927777507,1.0,1.0,0.6345459222793579,0.0,13.68707275390625,13.68707275390625,13.743091413196828,13.743091413196828,0.8030657268079584,0.8030657268079584,0.8030657268079584,0.8030657268079584,0.9430094927329911,0.9430094927329911,0.8030657268079576,0.8030657268079576,1.0,0.0,0.0,1.0,1.0
0.07286181745132274,3.563594872561357,gt-order-0,"ap_fixed<16,6,AP_RND,AP_SAT>",False,True,500.0,7.62939453125e-05,-4.117509920595296,1.0,1.0,0.5001221299171448,0.0,13.687524795532227,13.687524795532227,13.743091413196828,13.743091413196828,1.0013466591049998,1.0013466591049998,1.0013466591049998,1.0013466591049998,0.9289382523154727,0.9289382523154727,1.001346659104999,1.001346659104999,1.0,0.0,0.0,1.0,1.0
0.09085175756516867,3.563594872561357,gt-order-0,"ap_fixed<16,6,AP_RND,AP_SAT>",False,True,500.0,3.0517578125e-05,-4.515449920728757,1.0,0.8042076826095581,0.5482409596443176,0.0,13.686691284179688,13.686691284179688,13.743091413196828,13.743091413196828,1.2485839595857517,1.2485839595857517,1.2485839595857517,1.2485839595857517,0.9113927654401579,0.9287413812321873,1.2485839595857515,1.2485839595857515,1.0,0.0,0.0,1.0,1.0
0.11328350213326084,3.563594872561357,gt-order-0,"ap_fixed<16,6,AP_RND,AP_SAT>",False,True,500.0,3.0517578125e-05,-4.515449920728757,1.0,0.6449368000030518,0.5991131067276001,0.0,13.687249183654785,13.687249183654785,13.74309141319683,13.74309141319683,1.5568654971422913,1.5568654971422913,1.5568654971422913,1.5568654971422913,0.8895152022222197,0.9287442880722134,1.5568654971422904,1.5568654971422904,1.0,0.0,0.0,1.0,1.0
0.1412537544622754,3.563594872561357,gt-order-0,"ap_fixed<16,6,AP_RND,AP_SAT>",False,True,500.0,1.52587890625e-05,-4.816479902161777,1.0,0.516893744468689,0.5050762891769409,0.0,13.696157455444336,13.696157455444336,13.743091413196828,13.743091413196828,1.9412632605036844,1.9412632605036844,1.9412632605036844,1.9412632605036844,0.941263260503684,0.941263260503684,1.941263260503684,1.941263260503684,1.0,0.0,0.0,1.0,1.0
0.17612999928460507,3.563594872561357,gt-order-0,"ap_fixed<16,6,AP_RND,AP_SAT>",False,True,500.0,1.52587890625e-05,-4.816479902161777,1.0,0.4137129783630371,0.5159202814102173,0.0,13.723583221435547,13.723583221435547,13.743091413196831,13.743091413196831,2.4205706463066132,2.4205706463066132,2.4205706463066132,2.4205706463066132,1.4205706463066134,1.4205706463066134,2.4205706463066115,2.4205706463066115,1.0,0.0,0.0,1.0,1.0
0.21961736002054355,3.563594872561357,gt-order-0,"ap_fixed<16,6,AP_RND,AP_SAT>",False,True,500.0,1.52587890625e-05,-4.816479902161777,1.0,0.331537127494812,0.7616060972213745,0.0,13.734129905700684,13.734129905700684,13.74309141319683,13.74309141319683,3.0182215477311503,3.0182215477311503,3.0182215477311503,3.0182215477311503,2.0182215477311503,2.0182215477311503,3.0182215477311463,3.0182215477311463,1.0,0.0,0.0,1.0,1.0
0.27384196342643613,3.563594872561357,gt-order-0,"ap_fixed<16,6,AP_RND,AP_SAT>",False,True,500.0,0.0,-12.0,1.0,0.2658001780509949,0.4984447956085205,0.0,13.73867130279541,13.73867130279541,13.743091413196831,13.743091413196831,3.763435324323099,3.763435324323099,3.763435324323099,3.763435324323099,2.763435324323099,2.763435324323099,3.7634353243230954,3.7634353243230954,1.0,0.0,0.0,1.0,1.0
0.34145488738336005,3.563594872561357,gt-order-0,"ap_fixed<16,6,AP_RND,AP_SAT>",True,False,,103.18231201171875,,0.21397800743579865,0.21397800743579865,0.9999998211860657,0.0,13.686661720275879,13.686661720275879,13.743091413196824,13.743091413196824,4.692645812800684,4.692645812800684,4.692645812800684,4.692645812800684,3.6926458128006843,3.6926458128006825,4.6926458128006825,1.004123000625034,1.0,0.0,0.0,1.0,1.0
0.42576177390469155,3.563594872561357,gt-order-0,"ap_fixed<16,6,AP_RND,AP_SAT>",True,False,,177.70932006835938,,0.1716068983078003,0.1716068983078003,1.0,0.0,13.686695098876953,13.686695098876953,13.743091413196819,13.743091413196819,5.851282778044459,5.8512827780444585,5.851282778044459,5.8512827780444585,4.851282778044462,4.85128277804446,5.851282778044459,1.0041204886620587,1.0,0.0,0.0,1.0,1.0
0.5308844442309882,3.563594872561357,gt-order-0,"ap_fixed<16,6,AP_RND,AP_SAT>",True,False,,298.9925537109375,,0.13762733340263367,0.13762733340263367,1.0,0.0,13.686591148376465,13.686591148376465,13.743091413196826,13.743091413196826,7.295993453543138,7.295993453543138,7.295993453543138,7.295993453543138,6.295993453543136,6.295993453543136,7.295993453543135,1.0041281235342137,1.0,0.0,0.0,1.0,1.0
0.6619624174845152,3.563594872561357,gt-order-0,"ap_fixed<16,6,AP_RND,AP_SAT>",True,False,,494.36407470703125,,0.11037462204694748,0.11037462204694748,0.9999998807907104,0.0,13.686659812927246,13.686659812927246,13.743091413196817,13.743091413196817,9.097409637125894,9.097409637125894,9.097409637125894,9.097409637125894,8.097409637125898,8.097409637125898,9.097409637125892,1.004123150304028,1.0,0.0,0.0,1.0,1.0
0.8254041852680182,3.563594872561357,gt-order-0,"ap_fixed<16,6,AP_RND,AP_SAT>",True,False,,806.5595092773438,,0.0885191261768341,0.0885191261768341,0.9999998807907104,0.0,13.686619758605957,13.686619758605957,13.74309141319682,13.74309141319682,11.343604922323642,11.343604922323642,11.343604922323642,11.343604922323642,10.343604922323642,10.343604922323642,11.343604922323642,1.004125995419323,1.0,0.0,0.0,1.0,1.0
1.0292005271944276,3.563594872561357,gt-order-0,"ap_fixed<16,6,AP_RND,AP_SAT>",True,False,,1302.396240234375,,0.07099104672670364,0.07099104672670364,0.9999999403953552,0.0,13.686626434326172,13.686626434326172,13.74309141319682,13.74309141319682,14.144397294678633,14.144397294678631,14.144397294678633,14.144397294678631,13.144397294678633,13.144397294678633,14.144397294678633,1.0041255692675914,1.0,0.0,0.0,1.0,1.0
1.2833151855576512,3.563594872561357,gt-order-0,"ap_fixed<16,6,AP_RND,AP_SAT>",True,False,,2086.674072265625,,0.05693385750055313,0.05693385750055313,1.0,0.0,13.686614990234375,13.686614990234375,13.74309141319682,13.74309141319682,17.63671785448861,17.63671785448861,17.63671785448861,17.63671785448861,16.636717854488612,16.6367178544886,17.6367178544886,1.0041263811049153,1.0,0.0,0.0,1.0,1.0
1.600171999495828,3.563594872561357,gt-order-0,"ap_fixed<16,6,AP_RND,AP_SAT>",True,False,,3306.70458984375,,0.05328453332185745,0.05328453332185745,1.0,0.5,11.728221893310547,11.728221893310547,13.743091413196819,13.743091413196819,21.991310661683816,21.991310661683816,21.991310661683816,21.991310661683816,20.99131066168383,20.991310661683826,21.99131066168381,1.17179672574381,1.0,0.0,0.0,1.0,1.0
1.9952623149688795,3.563594872561357,gt-order-0,"ap_fixed<16,6,AP_RND,AP_SAT>",True,False,,4926.830078125,,0.05318543314933777,0.05318543314933777,0.9999997615814209,0.5,9.423393249511719,9.423393249511719,13.743091413196819,13.743091413196819,27.421071704019738,27.421071704019738,27.421071704019738,27.421071704019738,26.42107170401976,26.421071704019752,27.421071704019738,1.4584015759973392,1.0,0.0,0.0,1.0,1.0
0.01,3.7754972507267732,gt-order-0,"ap_fixed<16,6,AP_RND,AP_SAT>",False,True,500.0,0.0062103271484375,-2.206885521328548,1.0,1.0,0.36604374647140503,0.0,15.368765830993652,15.368765830993652,15.426098557023415,15.426098557023415,0.15426098212223244,0.15426098212223244,0.15426098212223244,0.15426098212223244,0.9890526873189918,0.9890526873189918,0.15426098212223235,0.15426098212223235,1.0,0.0,0.0,1.0,1.0
0.012469049049711741,3.7754972507267732,gt-order-0,"ap_fixed<16,6,AP_RND,AP_SAT>",False,True,500.0,0.00396728515625,-2.401506582543412,1.0,1.0,0.4136451184749603,0.0,15.359233856201172,15.359233856201172,15.426098557023417,15.426098557023417,0.19234877279824739,0.19234877279824739,0.19234877279824739,0.19234877279824739,0.9863497422960645,0.9863497422960645,0.19234877279824725,0.19234877279824725,1.0,0.0,0.0,1.0,1.0
0.015547718420411735,3.7754972507267732,gt-order-0,"ap_fixed<16,6,AP_RND,AP_SAT>",False,True,500.0,0.0022430419921875,-2.6491625956819047,1.0,1.0,0.3833370804786682,0.0,15.363856315612793,15.363856315612793,15.426098557023417,15.426098557023417,0.23984064335954225,0.23984064335954225,0.23984064335954225,0.23984064335954225,0.9829794256438049,0.9829794256438049,0.23984064335954214,0.23984064335954214,1.0,0.0,0.0,1.0,1.0
0.019386526359522076,3.7754972507267732,gt-order-0,"ap_fixed<16,6,AP_RND,AP_SAT>",False,True,500.0,0.0014190673828125,-2.8479969817637216,1.0,1.0,0.3978845775127411,0.0,15.365296363830566,15.365296363830566,15.426098557023415,15.426098557023415,0.29905846379624723,0.29905846379624723,0.29905846379624723,0.29905846379624723,0.9787769631177025,0.9787769631177025,0.2990584637962472,0.2990584637962472,1.0,0.0,0.0,1.0,1.0
0.024173154808041036,3.7754972507267732,gt-order-0,"ap_fixed<16,6,AP_RND,AP_SAT>",False,True,500.0,0.0010986328125,-2.959147433797126,1.0,1.0,0.46928927302360535,0.0,15.363530158996582,15.363530158996582,15.426098557023417,15.426098557023417,0.3728974780508245,0.3728974780508245,0.3728974780508245,0.3728974780508245,0.9735368903139275,0.9735368903139275,0.37289747805082435,0.37289747805082435,1.0,0.0,0.0,1.0,1.0
0.03014162529877389,3.7754972507267732,gt-order-0,"ap_fixed<16,6,AP_RND,AP_SAT>",False,True,500.0,0.000640869140625,-3.193230639548134,1.0,1.0,0.45152363181114197,0.0,15.361433982849121,15.361433982849121,15.426098557023415,15.426098557023415,0.46496768645517367,0.46496768645517367,0.46496768645517367,0.46496768645517367,0.9670030192977986,0.9670030192977986,0.4649676864551736,0.4649676864551736,1.0,0.0,0.0,1.0,1.0
0.037583740428844416,3.7754972507267732,gt-order-0,"ap_fixed<16,6,AP_RND,AP_SAT>",False,True,500.0,0.0002899169921875,-3.5377263281728744,1.0,1.0,0.3985525667667389,0.0,15.363554954528809,15.363554954528809,15.426098557023415,15.426098557023415,0.5797705127186509,0.5797705127186509,0.5797705127186509,0.5797705127186509,0.9588559012224455,0.9588559012224455,0.5797705127186508,0.5797705127186508,1.0,0.0,0.0,1.0,1.0
0.046863350287889544,3.7754972507267732,gt-order-0,"ap_fixed<16,6,AP_RND,AP_SAT>",False,True,500.0,0.0002288818359375,-3.6403886696705565,1.0,1.0,0.4729119837284088,0.0,15.362980842590332,15.362980842590332,15.426098557023419,15.426098557023419,0.7229186715042771,0.7229186715042771,0.7229186715042771,0.7229186715042771,0.9486972231667383,0.9486972231667383,0.7229186715042768,0.7229186715042768,1.0,0.0,0.0,1.0,1.0
0.05843414133735175,3.7754972507267732,gt-order-0,"ap_fixed<16,6,AP_RND,AP_SAT>",False,True,500.0,0.0001068115234375,-3.9713818865434534,1.0,1.0,0.45962071418762207,0.0,15.362519264221191,15.362519264221191,15.426098557023415,15.426098557023415,0.9014108017655652,0.9014108017655652,0.9014108017655652,0.9014108017655652,0.9360303184563732,0.9360303184563732,0.901410801765565,0.901410801765565,1.0,0.0,0.0,1.0,1.0
0.07286181745132274,3.7754972507267732,gt-order-0,"ap_fixed<16,6,AP_RND,AP_SAT>",False,True,500.0,9.1552734375e-05,-4.038328675496402,1.0,0.8933802247047424,0.6422348618507385,0.0,15.36256217956543,15.36256217956543,15.426098557023417,15.426098557023417,1.1239736234503228,1.1239736234503228,1.1239736234503228,1.1239736234503228,0.9202358851095142,0.9287403171157621,1.1239736234503217,1.1239736234503217,1.0,0.0,0.0,1.0,1.0
0.09085175756516867,3.7754972507267732,gt-order-0,"ap_fixed<16,6,AP_RND,AP_SAT>",False,True,500.0,3.0517578125e-05,-4.515449920728757,1.0,0.7164981961250305,0.475084513425827,0.0,15.362135887145996,15.362135887145996,15.426098557023419,15.426098557023419,1.4014881105129777,1.4014881105129777,1.4014881105129777,1.4014881105129777,0.9005417419659333,0.9287383375288529,1.4014881105129764,1.4014881105129764,1.0,0.0,0.0,1.0,1.0
0.11328350213326084,3.7754972507267732,gt-order-0,"ap_fixed<16,6,AP_RND,AP_SAT>",False,True,500.0,1.52587890625e-05,-4.816479902161777,1.0,0.5745989084243774,0.5280432105064392,0.0,15.3627347946167,15.3627347946167,15.426098557023417,15.426098557023417,1.7475224370467688,1.7475224370467688,1.7475224370467688,1.7475224370467688,0.8759850075356674,0.9287411207017366,1.7475224370467672,1.7475224370467672,1.0,0.0,0.0,1.0,1.0
0.1412537544622754,3.7754972507267732,gt-order-0,"ap_fixed<16,6,AP_RND,AP_SAT>",False,True,500.0,1.52587890625e-05,-4.816479902161777,1.0,0.4598925709724426,0.6540069580078125,0.0,15.393720626831055,15.393720626831055,15.426098557023415,15.426098557023415,2.1789943384137462,2.1789943384137462,2.1789943384137462,2.1789943384137462,1.1789943384137453,1.1789943384137453,2.1789943384137445,2.1789943384137445,1.0,0.0,0.0,1.0,1.0
0.17612999928460507,3.7754972507267732,gt-order-0,"ap_fixed<16,6,AP_RND,AP_SAT>",False,True,500.0,0.0,-12.0,1.0,0.36838456988334656,0.6416889429092407,0.0,15.412221908569336,15.412221908569336,15.426098557023417,15.426098557023417,2.7169986891237525,2.7169986891237525,2.7169986891237525,2.7169986891237525,1.7169986891237519,1.7169986891237519,2.7169986891237516,2.7169986891237516,1.0,0.0,0.0,1.0,1.0
0.21961736002054355,3.7754972507267732,gt-order-0,"ap_fixed<16,6,AP_RND,AP_SAT>",False,True,500.0,0.0,-12.0,1.0,0.2952958047389984,0.48953545093536377,0.0,15.41970443725586,15.41970443725586,15.426098557023415,15.426098557023415,3.387839144948402,3.387839144948402,3.387839144948402,3.387839144948402,2.3878391449484018,2.3878391449484018,3.3878391449484004,3.3878391449484004,1.0,0.0,0.0,1.0,1.0
0.27384196342643613,3.7754972507267732,gt-order-0,"ap_fixed<16,6,AP_RND,AP_SAT>",False,True,500.0,0.0,-12.0,0.35330718755722046,0.23464438319206238,0.48953548073768616,0.0,15.562874794006348,15.562874794006348,15.426098557023415,15.426098557023415,4.224313328094722,4.224313328094721,4.224313328094722,4.224313328094721,3.2243133280947216,3.2243133280947216,4.22431332809472,1.4924802613096275,1.0,0.0,0.0,1.0,1.0
0.34145488738336005,3.7754972507267732,gt-order-0,"ap_fixed<16,6,AP_RND,AP_SAT>",True,False,,152.33387756347656,,0.19064098596572876,0.19064098596572876,1.0,0.0,15.362093925476074,15.362093925476074,15.426098557023415,15.426098557023415,5.267316837604294,5.26731683760429,5.267316837604294,5.26731683760429,4.267316837604292,4.267316837604292,5.267316837604294,1.0041664753147668,1.0,0.0,0.0,1.0,1.0
0.42576177390469155,3.7754972507267732,gt-order-0,"ap_fixed<16,6,AP_RND,AP_SAT>",True,False,,258.9377136230469,,0.15289102494716644,0.15289102494716644,1.0,0.0,15.362126350402832,15.362126350402832,15.426098557023415,15.426098557023415,6.567842860482829,6.567842860482829,6.567842860482829,6.567842860482829,5.567842860482825,5.567842860482825,6.567842860482827,1.0041642266311488,1.0,0.0,0.0,1.0,1.0
0.5308844442309882,3.7754972507267732,gt-order-0,"ap_fixed<16,6,AP_RND,AP_SAT>",True,False,,431.48175048828125,,0.12261595577001572,0.12261595577001572,0.9999998807907104,0.0,15.36218547821045,15.36218547821045,15.42609855702341,15.42609855702341,8.189475766542524,8.189475766542524,8.189475766542524,8.189475766542524,7.189475766542517,7.189475766542517,8.189475766542524,1.0041603983699936,1.0,0.0,0.0,1.0,1.0
0.6619624174845152,3.7754972507267732,gt-order-0,"ap_fixed<16,6,AP_RND,AP_SAT>",True,False,,708.1167602539062,,0.09833668917417526,0.09833668917417526,1.0,0.0,15.3621187210083,15.3621187210083,15.426098557023407,15.426098557023407,10.211497068349507,10.211497068349507,10.211497068349507,10.211497068349507,9.2114970683495,9.2114970683495,10.211497068349507,1.0041648132132874,1.0,0.0,0.0,1.0,1.0
0.8254041852680182,3.7754972507267732,gt-order-0,"ap_fixed<16,6,AP_RND,AP_SAT>",True,False,,1148.6934814453125,,0.0788649320602417,0.0788649320602417,0.9999999403953552,0.0,15.362058639526367,15.362058639526367,15.426098557023412,15.426098557023412,12.732766032223898,12.732766032223893,12.732766032223898,12.732766032223893,11.732766032223893,11.732766032223893,12.732766032223898,1.004168728070291,1.0,0.0,0.0,1.0,1.0
1.0292005271944276,3.7754972507267732,gt-order-0,"ap_fixed<16,6,AP_RND,AP_SAT>",True,False,,1846.76904296875,,0.06324837356805801,0.06324837356805801,1.0,0.0,15.362101554870605,15.362101554870605,15.426098557023408,15.426098557023408,15.876549179312589,15.876549179312589,15.876549179312589,15.876549179312589,14.876549179312585,14.876549179312585,15.876549179312589,1.0041659134648075,1.0,0.0,0.0,1.0,1.0
1.2833151855576512,3.7754972507267732,gt-order-0,"ap_fixed<16,6,AP_RND,AP_SAT>",True,False,,2943.540283203125,,0.05898325517773628,0.05898325517773628,1.0,0.5,13.211068153381348,13.211068153381348,15.42609855702341,15.42609855702341,19.796546473124984,19.796546473124984,19.796546473124984,19.796546473124984,18.796546473124977,18.796546473124973,19.796546473124977,1.1676647522622459,1.0,0.0,0.0,1.0,1.0
1.600171999495828,3.7754972507267732,gt-order-0,"ap_fixed<16,6,AP_RND,AP_SAT>",True,False,,4503.8544921875,,0.05884409323334694,0.05884409323334694,1.0,0.5,10.620144844055176,10.620144844055176,15.426098557023412,15.426098557023412,24.684411641146372,24.684411641146365,24.684411641146372,24.684411641146365,23.684411641146358,23.684411641146337,24.684411641146372,1.4525318200219315,1.0,0.0,0.0,1.0,1.0
1.9952623149688795,3.7754972507267732,gt-order-0,"ap_fixed<16,6,AP_RND,AP_SAT>",True,False,,6033.02392578125,,0.05862944573163986,0.05862944573163986,1.0,0.5,8.548388481140137,8.548388481140137,15.42609855702341,15.42609855702341,30.779112350168024,30.779112350168024,30.779112350168024,30.779112350168024,29.77911235016803,29.779112350168017,30.779112350168013,1.8045622972022217,1.0,0.0,0.0,1.0,1.0
0.01,4.0,gt-order-0,"ap_fixed<16,6,AP_RND,AP_SAT>",False,True,500.0,0.00543212890625,-2.2650299325708745,1.0,1.0,0.39591285586357117,0.0,17.243785858154297,17.243785858154297,17.315210154516382,17.315210154516382,0.17315209767491277,0.17315209767491277,0.17315209767491277,0.17315209767491277,0.987712056931053,0.987712056931053,0.17315209767491258,0.17315209767491258,1.0,0.0,0.0,1.0,1.0
0.012469049049711741,4.0,gt-order-0,"ap_fixed<16,6,AP_RND,AP_SAT>",False,True,500.0,0.0036468505859375,-2.438082029556474,1.0,1.0,0.3710578382015228,0.0,17.248395919799805,17.248395919799805,17.31521015451638,17.31521015451638,0.2159041971405396,0.2159041971405396,0.2159041971405396,0.2159041971405396,0.9846781037109316,0.9846781037109316,0.2159041971405394,0.2159041971405394,1.0,0.0,0.0,1.0,1.0
0.015547718420411735,4.0,gt-order-0,"ap_fixed<16,6,AP_RND,AP_SAT>",False,True,500.0,0.0022125244140625,-2.655111928192435,1.0,1.0,0.395357608795166,0.0,17.244556427001953,17.244556427001953,17.31521015451638,17.31521015451638,0.26921201935884814,0.26921201935884814,0.26921201935884814,0.26921201935884814,0.980895051161502,0.980895051161502,0.26921201935884803,0.26921201935884803,1.0,0.0,0.0,1.0,1.0
0.019386526359522076,4.0,gt-order-0,"ap_fixed<16,6,AP_RND,AP_SAT>",False,True,500.0,0.001434326171875,-2.843352076721214,1.0,1.0,0.4775446653366089,0.0,17.24449348449707,17.24449348449707,17.315210154516382,17.315210154516382,0.33568177527046966,0.33568177527046966,0.33568177527046966,0.33568177527046966,0.976177946445957,0.976177946445957,0.33568177527046944,0.33568177527046944,1.0,0.0,0.0,1.0,1.0
0.024173154808041036,4.0,gt-order-0,"ap_fixed<16,6,AP_RND,AP_SAT>",False,True,500.0,0.0008544921875,-3.06829190310925,1.0,1.0,0.423824667930603,0.0,17.243038177490234,17.243038177490234,17.315210154516382,17.315210154516382,0.4185632663159307,0.4185632663159307,0.4185632663159307,0.4185632663159307,0.9702961635677143,0.9702961635677143,0.4185632663159304,0.4185632663159304,1.0,0.0,0.0,1.0,1.0
0.03014162529877389,4.0,gt-order-0,"ap_fixed<16,6,AP_RND,AP_SAT>",False,True,500.0,0.0005340576171875,-3.2724118854602255,1.0,1.0,0.439457505941391,0.0,17.24150848388672,17.24150848388672,17.315210154516382,17.315210154516382,0.5219085808553344,0.5219085808553344,0.5219085808553344,0.5219085808553344,0.9629621412916064,0.9629621412916064,0.521908580855334,0.521908580855334,1.0,0.0,0.0,1.0,1.0
0.037583740428844416,4.0,gt-order-0,"ap_fixed<16,6,AP_RND,AP_SAT>",False,True,500.0,0.00030517578125,-3.5154499335366216,1.0,1.0,0.5155524015426636,0.0,17.242719650268555,17.242719650268555,17.31521015451638,17.31521015451638,0.6507703961572656,0.6507703961572656,0.6507703961572656,0.6507703961572656,0.9538173104090825,0.9538173104090825,0.6507703961572653,0.6507703961572653,1.0,0.0,0.0,1.0,1.0
0.046863350287889544,4.0,gt-order-0,"ap_fixed<16,6,AP_RND,AP_SAT>",False,True,500.0,0.00018310546875,-3.7372986822042473,1.0,1.0,0.497909814119339,0.0,17.242401123046875,17.242401123046875,17.31521015451638,17.31521015451638,0.8114487714083225,0.8114487714083225,0.8114487714083225,0.8114487714083225,0.9424145797808758,0.9424145797808758,0.8114487714083222,0.8114487714083222,1.0,0.0,0.0,1.0,1.0
0.05843414133735175,4.0,gt-order-0,"ap_fixed<16,6,AP_RND,AP_SAT>",False,True,500.0,0.0001220703125,-3.913389940074015,1.0,0.9925537705421448,0.6593490839004517,0.0,17.241668701171875,17.241668701171875,17.315210154516382,17.315210154516382,1.0117994132103856,1.0117994132103856,1.0117994132103856,1.0117994132103856,0.9281964599119907,0.9287311255473719,1.011799413210385,1.011799413210385,1.0,0.0,0.0,1.0,1.0
0.07286181745132274,4.0,gt-order-0,"ap_fixed<16,6,AP_RND,AP_SAT>",False,True,500.0,6.103515625e-05,-4.214419932180256,1.0,0.7960072755813599,0.43959781527519226,0.0,17.24181365966797,17.24181365966797,17.315210154516382,17.315210154516382,1.261617733494561,1.261617733494561,1.261617733494561,1.261617733494561,0.9104678078283447,0.9287317236326134,1.26161773349456,1.26161773349456,1.0,0.0,0.0,1.0,1.0
0.09085175756516867,4.0,gt-order-0,"ap_fixed<16,6,AP_RND,AP_SAT>",False,True,500.0,1.52587890625e-05,-4.816479902161777,1.0,0.6383880376815796,0.7799223065376282,0.0,17.24177360534668,17.24177360534668,17.31521015451638,17.31521015451638,1.5731172125527244,1.5731172125527244,1.5731172125527244,1.5731172125527244,0.8883618794793865,0.9287315593103855,1.573117212552723,1.573117212552723,1.0,0.0,0.0,1.0,1.0
0.11328350213326084,4.0,gt-order-0,"ap_fixed<16,6,AP_RND,AP_SAT>",False,True,500.0,1.52587890625e-05,-4.816479902161777,1.0,0.5115275979042053,0.6594996452331543,0.0,17.2569580078125,17.2569580078125,17.315210154516382,17.315210154516382,1.9615276108436892,1.9615276108436892,1.9615276108436892,1.9615276108436892,0.9615276108436889,0.9615276108436889,1.9615276108436863,1.9615276108436863,1.0,0.0,0.0,1.0,1.0
0.1412537544622754,4.0,gt-order-0,"ap_fixed<16,6,AP_RND,AP_SAT>",False,True,500.0,0.0,-12.0,1.0,0.40942683815956116,0.6776309013366699,0.0,17.2911434173584,17.2911434173584,17.31521015451638,17.31521015451638,2.4458384442226486,2.4458384442226486,2.4458384442226486,2.4458384442226486,1.4458384442226484,1.4458384442226484,2.445838444222647,2.445838444222647,1.0,0.0,0.0,1.0,1.0
0.17612999928460507,4.0,gt-order-0,"ap_fixed<16,6,AP_RND,AP_SAT>",False,True,500.0,0.0,-12.0,1.0,0.32809945940971375,0.7009130120277405,0.0,17.304584503173828,17.304584503173828,17.31521015451638,17.31521015451638,3.049727908700789,3.049727908700789,3.049727908700789,3.049727908700789,2.0497279087007905,2.0497279087007905,3.0497279087007865,3.0497279087007865,1.0,0.0,0.0,1.0,1.0
0.21961736002054355,4.0,gt-order-0,"ap_fixed<16,6,AP_RND,AP_SAT>",False,True,500.0,0.0,-12.0,1.0,0.2629782259464264,0.5679534673690796,0.0,17.31464195251465,17.31464195251465,17.31521015451638,17.31521015451638,3.8027208595637148,3.8027208595637148,3.8027208595637148,3.8027208595637148,2.802720859563715,2.802720859563715,3.802720859563714,3.802720859563714,1.0,0.0,0.0,1.0,1.0
0.27384196342643613,4.0,gt-order-0,"ap_fixed<16,6,AP_RND,AP_SAT>",True,False,,129.8604278564453,,0.21179719269275665,0.21179719269275665,0.9999999403953552,0.0,17.241687774658203,17.241687774658203,17.31521015451637,17.31521015451637,4.741631382951468,4.741631382951464,4.741631382951468,4.741631382951464,3.741631382951469,3.7416313829514674,4.741631382951468,1.0042642156929942,1.0,0.0,0.0,1.0,1.0
0.34145488738336005,4.0,gt-order-0,"ap_fixed<16,6,AP_RND,AP_SAT>",True,False,,223.39349365234375,,0.1698591709136963,0.1698591709136963,0.9999998807907104,0.0,17.24160385131836,17.24160385131836,17.315210154516368,17.315210154516368,5.912363236653634,5.912363236653632,5.912363236653634,5.912363236653632,4.912363236653636,4.912363236653636,5.912363236653634,1.004269117518604,1.0,0.0,0.0,1.0,1.0
0.42576177390469155,4.0,gt-order-0,"ap_fixed<16,6,AP_RND,AP_SAT>",True,False,,375.5208740234375,,0.1362244337797165,0.1362244337797165,1.0,0.0,17.24163055419922,17.24163055419922,17.315210154516368,17.315210154516368,7.372154337709868,7.372154337709868,7.372154337709868,7.372154337709868,6.37215433770987,6.37215433770987,7.372154337709868,1.0042675503912077,1.0,0.0,0.0,1.0,1.0
0.5308844442309882,4.0,gt-order-0,"ap_fixed<16,6,AP_RND,AP_SAT>",True,False,,620.44189453125,,0.10925061255693436,0.10925061255693436,1.0,0.0,17.24154281616211,17.24154281616211,17.315210154516368,17.315210154516368,9.19237572797958,9.192375727979579,9.19237572797958,9.192375727979579,8.192375727979579,8.192375727979575,9.19237572797958,1.0042726791352645,1.0,0.0,0.0,1.0,1.0
0.6619624174845152,4.0,gt-order-0,"ap_fixed<16,6,AP_RND,AP_SAT>",True,False,,1011.6589965820312,,0.08761683851480484,0.08761683851480484,1.0,0.0,17.241661071777344,17.241661071777344,17.315210154516368,17.315210154516368,11.462017896300624,11.462017896300624,11.462017896300624,11.462017896300624,10.462017896300624,10.462017896300624,11.462017896300624,1.0042657710739749,1.0,0.0,0.0,1.0,1.0
0.8254041852680182,4.0,gt-order-0,"ap_fixed<16,6,AP_RND,AP_SAT>",True,False,,1632.9063720703125,,0.07026790827512741,0.07026790827512741,1.0,0.0,17.24155044555664,17.24155044555664,17.31521015451637,17.31521015451637,14.292046617053762,14.292046617053762,14.292046617053762,14.292046617053762,13.292046617053764,13.292046617053757,14.292046617053757,1.0042722207509782,1.0,0.0,0.0,1.0,1.0
1.0292005271944276,4.0,gt-order-0,"ap_fixed<16,6,AP_RND,AP_SAT>",True,False,,2614.489013671875,,0.06527025997638702,0.06527025997638702,0.9999997615814209,0.5,14.88622760772705,14.88622760772705,17.315210154516375,17.315210154516375,17.82082388182001,17.82082388182001,17.82082388182001,17.82082388182001,16.820823881820004,16.820823881820004,17.820823881820008,1.1631698077597985,1.0,0.0,0.0,1.0,1.0
1.2833151855576512,4.0,gt-order-0,"ap_fixed<16,6,AP_RND,AP_SAT>",True,False,,4082.221923828125,,0.06508144736289978,0.06508144736289978,0.9999998807907104,0.5,11.97317886352539,11.97317886352539,17.315210154516375,17.315210154516375,22.22087206617403,22.220872066174028,22.22087206617403,22.220872066174028,21.22087206617403,21.22087206617402,22.22087206617403,1.4461665157324353,1.0,0.0,0.0,1.0,1.0
1.600171999495828,4.0,gt-order-0,"ap_fixed<16,6,AP_RND,AP_SAT>",True,False,,5697.2431640625,,0.06478852033615112,0.06478852033615112,1.0,0.5,9.645733833312988,9.645733833312988,17.31521015451637,17.31521015451637,27.707315205272035,27.707315205272035,27.707315205272035,27.707315205272035,26.70731520527203,26.70731520527203,27.707315205272025,1.7951159546369158,1.0,0.0,0.0,1.0,1.0
1.9952623149688795,4.0,gt-order-0,"ap_fixed<16,6,AP_RND,AP_SAT>",True,False,,6894.2548828125,,0.06434167921543121,0.06434167921543121,0.9999998807907104,0.5,7.789464950561523,7.789464950561523,17.315210154516375,17.315210154516375,34.548385435407596,34.548385435407596,34.548385435407596,34.548385435407596,33.5483854354076,33.5483854354076,34.548385435407575,2.22290113309607,1.0,0.0,0.0,1.0,1.0
